[
  {
    "//": "Used in Sunset Bikers drugmaker's mission line",
    "type": "mapgen",
    "method": "json",
    "nested_mapgen_id": "nest_narc_farm1",
    "object": {
      "mapgensize": [
        20,
        20
      ],
      "rows": [
        "♥♥♥♥♥♥♥♥♥♥♥♥♥♥♥♥♥♥♥♥",
        "````````````````````",
        "♥♥♥♥♥♥♥♥♥♥♥``♥♥♥♥♥♥♥",
        "````````````````````",
        "♥♥♥♥♥♥♥♥♥♥♥``♥♥♥♥♥♥♥",
        "````````````````````",
        "♥♥♥♥♥♥♥♥♥♥♥``♥♥♥♥♥♥♥",
        "````````````````````",
        "♥♥♥♥♥♥♥♥♥♥♥``♥♥♥♥♥♥♥",
        "````````````````````",
        "````````````````````",
        "````````````````````",
        "````````````````````",
        "````````````````````",
        "````````````````````",
        "````````````````````",
        "````````````````````",
        "````````````````````",
        "````````````````````",
        "````````````````````"
      ],
      "terrain": {
        "`": "t_null",
        "♥": "t_dirtmound"
      },
      "sealed_item": {
        "♥": {
          "item": {
            "item": "seed_weed"
          },
          "furniture": "f_plant_seed",
          "chance": 100
        }
      }
    }
  },
  {
    "//": "Used in Sunset Bikers drugmaker's mission line",
    "type": "mapgen",
    "method": "json",
    "nested_mapgen_id": "nest_narc_farm2",
    "object": {
      "mapgensize": [
        20,
        20
      ],
      "rows": [
        "♥♥♥♥♥♥♥♥♥♥♥``♥♥♥♥♥♥♥",
        "````````````````````",
        "♥♥♥♥♥♥♥♥♥♥♥``♥♥♥♥♥♥♥",
        "````````````````````",
        "♥♥♥♥♥♥♥♥♥♥♥``♥♥♥♥♥♥♥",
        "````````````````````",
        "♥♥♥♥♥♥♥♥♥♥♥``♥♥♥♥♥♥♥",
        "````````````````````",
        "♥♥♥♥♥♥♥♥♥♥♥``♥♥♥♥♥♥♥",
        "````````````````````",
        "♥♥♥♥♥♥♥♥♥♥♥``♥♥♥♥♥♥♥",
        "````````````````````",
        "♥♥♥♥♥♥♥♥♥♥♥``♥♥♥♥♥♥♥",
        "````````````````````",
        "````````````````````",
        "````````````````````",
        "````````````````````",
        "````````````````````",
        "````````````````````",
        "````````````````````"
      ],
      "terrain": {
        "`": "t_null",
        "♥": "t_dirtmound"
      },
      "sealed_item": {
        "♥": {
          "item": {
            "item": "seed_weed"
          },
          "furniture": "f_plant_seed",
          "chance": 100
        }
      }
    }
  },
  {
    "//": "Used in Sunset Bikers drugmaker's mission line",
    "type": "mapgen",
    "method": "json",
    "nested_mapgen_id": "nest_narc_farm_burn1",
    "object": {
      "mapgensize": [
        20,
        20
      ],
      "rows": [
        "♥♥♥♥♥♥♥♥♥♥♥♥♥♥♥♥♥♥♥♥",
        "````````````````````",
        "♥♥♥♥♥♥♥♥♥♥♥``♥♥♥♥♥♥♥",
        "````````````````````",
        "♥♥♥♥♥♥♥♥♥♥♥``♥♥♥♥♥♥♥",
        "````````````````````",
        "♥♥♥♥♥♥♥♥♥♥♥``♥♥♥♥♥♥♥",
        "````````````````````",
        "♥♥♥♥♥♥♥♥♥♥♥``♥♥♥♥♥♥♥",
        "````````````````````",
        "````````````````````",
        "````````````````````",
        "````````````````````",
        "````````````````````",
        "````````````````````",
        "````````````````````",
        "````````````````````",
        "````````````````````",
        "````````````````````",
        "````````````````````"
      ],
      "terrain": {
        "`": "t_null"
      },
      "nested": {
        "♥": {
          "chunks": [
            [
              "null",
              35
            ],
            [
              "nest_place_fire",
              65
            ]
          ]
        }
      }
    }
  },
  {
    "//": "Used in Sunset Bikers drugmaker's mission line",
    "type": "mapgen",
    "method": "json",
    "nested_mapgen_id": "nest_narc_farm_burn2",
    "object": {
      "mapgensize": [
        20,
        20
      ],
      "rows": [
        "♥♥♥♥♥♥♥♥♥♥♥``♥♥♥♥♥♥♥",
        "````````````````````",
        "♥♥♥♥♥♥♥♥♥♥♥``♥♥♥♥♥♥♥",
        "````````````````````",
        "♥♥♥♥♥♥♥♥♥♥♥``♥♥♥♥♥♥♥",
        "````````````````````",
        "♥♥♥♥♥♥♥♥♥♥♥``♥♥♥♥♥♥♥",
        "````````````````````",
        "♥♥♥♥♥♥♥♥♥♥♥``♥♥♥♥♥♥♥",
        "````````````````````",
        "♥♥♥♥♥♥♥♥♥♥♥``♥♥♥♥♥♥♥",
        "````````````````````",
        "♥♥♥♥♥♥♥♥♥♥♥``♥♥♥♥♥♥♥",
        "````````````````````",
        "````````````````````",
        "````````````````````",
        "````````````````````",
        "````````````````````",
        "````````````````````",
        "````````````````````"
      ],
      "terrain": {
        "`": "t_null"
      },
      "nested": {
        "♥": {
          "chunks": [
            [
              "null",
              35
            ],
            [
              "nest_place_fire",
              65
            ]
          ]
        }
      }
    }
  },
  {
    "//": "Used in Sunset Bikers drugmaker's mission line, may be used somewhere else",
    "//2": "no 'chance' for fields?!  also planted plants don't fucking burn lol",
    "type": "mapgen",
    "method": "json",
    "nested_mapgen_id": "nest_place_fire",
    "object": {
      "mapgensize": [
        1,
        1
      ],
      "place_fields": [
        {
          "field": "fd_fire",
          "x": 0,
          "y": 0,
          "intensity": 2
        }
      ]
    }
  }
]