[
  {
    "type": "mapgen",
    "method": "json",
    "nested_mapgen_id": "NPC_bandit_gs_leader_spawn",
    "object": {
      "mapgensize": [
        1,
        1
      ],
      "place_npcs": [
        {
          "class": "NPC_bandit_gs_leader",
          "x": 0,
          "y": 0
        }
      ]
    }
  },
  {
    "type": "mapgen",
    "method": "json",
    "nested_mapgen_id": "NPC_bandit_gs_slave_spawn",
    "object": {
      "mapgensize": [
        1,
        1
      ],
      "place_npcs": [
        {
          "class": "NPC_bandit_gs_slave",
          "x": 0,
          "y": 0
        }
      ]
    }
  }
]