[
  {
    "type": "mapgen",
    "method": "json",
    "nested_mapgen_id": "nest_evac_center_basement_12_h",
    "object": {
      "mapgensize": [
        24,
        24
      ],
      "faction_owner": [
        {
          "id": "free_merchants",
          "x": [
            0,
            23
          ],
          "y": [
            0,
            23
          ]
        }
      ],
      "rows": [
        "########################",
        "#t w twZZZvvvvvvvuuuuuww",
        "#w9w9wwZZZ            ww",
        "#2                  2   ",
        "#D  @ @ @ @  @ @ @ @    ",
        "#D  @ @ @ @  @ @ @ @  bT",
        "#D  q q q q  q q q q  bT",
        "#                     bT",
        "#W  @ @ @ @  @ @ @ @  bT",
        "#W  @ @ @ @  @ @ @ @  bT",
        "#W  q q q q  q q q q  bT",
        "#                       ",
        "#                       ",
        "#W  @ @ @ @  @ @ @ @  bT",
        "#W  @ @ @ @  @ @ @ @  bT",
        "#W  q q q q  q q q q  bT",
        "#                     bT",
        "#D  @ @ @ @  @ @ @ @  bT",
        "#D  @ @ @ @  @ @ @ @  bT",
        "#D  q q q q  q q q q    ",
        "#2                  2   ",
        "#w9w9wwZZZ              ",
        "#t w twZZZvvvvvvvvuuuuuu",
        "########################"
      ],
      "palettes": [
        "evac_center"
      ],
      "terrain": {
        "9": "t_floor",
        "*": "t_rock",
        "t": "t_floor",
        "@": "t_floor",
        "q": "t_floor",
        "Z": "t_floor",
        "u": "t_floor",
        "v": "t_floor",
        "b": "t_floor",
        "w": "t_floor",
        "W": "t_water_dispenser",
        "D": "t_floor",
        "T": "t_floor"
      },
      "furniture": {
        "9": "f_beaded_door",
        "q": [
          [
            "f_crate_o",
            2
          ],
          "f_crate_c"
        ],
        "w": "f_cardboard_wall",
        "Z": [
          [
            "f_crate_o",
            2
          ],
          "f_crate_c"
        ]
      },
      "items": {
        "D": {
          "item": "trash",
          "chance": 85,
          "repeat": [
            5,
            7
          ]
        },
        "@": {
          "item": "bed",
          "chance": 80
        },
        "q": {
          "item": "allclothes",
          "chance": 90,
          "repeat": [
            1,
            5
          ]
        },
        "u": [
          {
            "item": "cannedfood",
            "chance": 80,
            "repeat": [
              2,
              8
            ]
          },
          {
            "item": "snacks",
            "chance": 25,
            "repeat": [
              1,
              3
            ]
          }
        ],
        "Z": {
          "item": "shelter",
          "chance": 90,
          "repeat": [
            1,
            3
          ]
        },
        "T": {
          "item": "dishes_dining",
          "chance": 35
        },
        "v": [
          {
            "item": "pasta",
            "chance": 80,
            "repeat": [
              2,
              8
            ]
          },
          {
            "item": "kitchen",
            "chance": 50,
            "repeat": [
              1,
              3
            ]
          },
          {
            "item": "snacks",
            "chance": 25,
            "repeat": [
              1,
              3
            ]
          }
        ]
      },
      "place_npcs": [
        {
          "class": "guard_fm",
          "x": [
            5,
            18
          ],
          "y": [
            5,
            18
          ],
          "repeat": [
            6,
            10
          ]
        },
        {
          "class": "NPC_random_fm",
          "x": [
            5,
            18
          ],
          "y": [
            5,
            18
          ],
          "repeat": [
            12,
            20
          ]
        }
      ]
    }
  },
  {
    "type": "mapgen",
    "method": "json",
    "nested_mapgen_id": "nest_evac_center_basement_13_h",
    "object": {
      "mapgensize": [
        24,
        24
      ],
      "faction_owner": [
        {
          "id": "free_merchants",
          "x": [
            0,
            23
          ],
          "y": [
            0,
            23
          ]
        }
      ],
      "rows": [
        "########################",
        "<<<wwDZZZZZZZZZZZZDww<<<",
        "w9www ZZZZZZZZZZZZ www9w",
        "   2                2   ",
        "    @ @ @ @  @ @ @ @    ",
        "Tb  @ @ @ @  @ @ @ @  bT",
        "Tb  q q q q  q q q q  bT",
        "Tb                    bT",
        "Tb  @ @ @ @  @ @ @ @  bT",
        "Tb  @ @ @ @  @ @ @ @  bT",
        "Tb  q q q q  q q q q  bT",
        "                        ",
        "                        ",
        "Tb  @ @ @ @  @ @ @ @  bT",
        "Tb  @ @ @ @  @ @ @ @  bT",
        "Tb  q q q q  q q q q  bT",
        "Tb                    bT",
        "Tb  @ @ @ @  @ @ @ @  bT",
        "Tb  @ @ @ @  @ @ @ @  bT",
        "    q q q q  q q q q    ",
        "   2                2   ",
        "    ww9ww9ww9ww9ww9w    ",
        "uuuDw~ w~ w~ w~ w~ wDuuu",
        "########################"
      ],
      "palettes": [
        "evac_center"
      ],
      "terrain": {
        "9": "t_floor",
        "<": "t_stairs_up",
        "*": "t_rock",
        "t": "t_floor",
        "@": "t_floor",
        "q": "t_floor",
        "Z": "t_floor",
        "~": "t_floor",
        "u": "t_floor",
        "v": "t_floor",
        "b": "t_floor",
        "w": "t_floor",
        "W": "t_water_dispenser",
        "D": "t_floor",
        "T": "t_floor"
      },
      "furniture": {
        "9": "f_beaded_door",
        "q": [
          [
            "f_crate_o",
            2
          ],
          "f_crate_c"
        ],
        "w": "f_cardboard_wall",
        "Z": [
          [
            "f_crate_o",
            2
          ],
          "f_crate_c"
        ]
      },
      "items": {
        "D": {
          "item": "trash",
          "chance": 85,
          "repeat": [
            5,
            7
          ]
        },
        "@": {
          "item": "bed",
          "chance": 80
        },
        "q": {
          "item": "allclothes",
          "chance": 90,
          "repeat": [
            1,
            5
          ]
        },
        "u": [
          {
            "item": "cannedfood",
            "chance": 80,
            "repeat": [
              2,
              8
            ]
          },
          {
            "item": "snacks",
            "chance": 25,
            "repeat": [
              1,
              3
            ]
          }
        ],
        "Z": {
          "item": "shelter",
          "chance": 90,
          "repeat": [
            1,
            3
          ]
        },
        "T": {
          "item": "dishes_dining",
          "chance": 35
        },
        "v": [
          {
            "item": "pasta",
            "chance": 80,
            "repeat": [
              2,
              8
            ]
          },
          {
            "item": "kitchen",
            "chance": 50,
            "repeat": [
              1,
              3
            ]
          },
          {
            "item": "snacks",
            "chance": 25,
            "repeat": [
              1,
              3
            ]
          }
        ]
      },
      "place_npcs": [
        {
          "class": "guard_fm",
          "x": [
            5,
            18
          ],
          "y": [
            5,
            18
          ],
          "repeat": [
            6,
            10
          ]
        },
        {
          "class": "NPC_random_fm",
          "x": [
            5,
            18
          ],
          "y": [
            5,
            18
          ],
          "repeat": [
            12,
            20
          ]
        }
      ]
    }
  },
  {
    "type": "mapgen",
    "method": "json",
    "nested_mapgen_id": "nest_evac_center_basement_14_h",
    "object": {
      "mapgensize": [
        24,
        24
      ],
      "faction_owner": [
        {
          "id": "free_merchants",
          "x": [
            0,
            23
          ],
          "y": [
            0,
            23
          ]
        }
      ],
      "rows": [
        "########################",
        "wwuuuuuvvvvvvvZZZwt w t#",
        "ww            ZZZww9w9w#",
        "   2                  2#",
        "    @ @ @ @  @ @ @ @  D#",
        "Tb  @ @ @ @  @ @ @ @  D#",
        "Tb  q q q q  q q q q  D#",
        "Tb                     #",
        "Tb  @ @ @ @  @ @ @ @  W#",
        "Tb  @ @ @ @  @ @ @ @  W#",
        "Tb  q q q q  q q q q  W#",
        "                       #",
        "                       #",
        "Tb  @ @ @ @  @ @ @ @  W#",
        "Tb  @ @ @ @  @ @ @ @  W#",
        "Tb  q q q q  q q q q  W#",
        "Tb                     #",
        "Tb  @ @ @ @  @ @ @ @  D#",
        "Tb  @ @ @ @  @ @ @ @  D#",
        "    q q q q  q q q q  D#",
        "   2                  2#",
        "              ZZZww9w9w#",
        "uuuuuuvvvvvvvvZZZwt w t#",
        "########################"
      ],
      "palettes": [
        "evac_center"
      ],
      "terrain": {
        "9": "t_floor",
        "*": "t_rock",
        "t": "t_floor",
        "@": "t_floor",
        "q": "t_floor",
        "Z": "t_floor",
        "u": "t_floor",
        "v": "t_floor",
        "b": "t_floor",
        "w": "t_floor",
        "W": "t_water_dispenser",
        "D": "t_floor",
        "T": "t_floor"
      },
      "furniture": {
        "9": "f_beaded_door",
        "q": [
          [
            "f_crate_o",
            2
          ],
          "f_crate_c"
        ],
        "w": "f_cardboard_wall",
        "Z": [
          [
            "f_crate_o",
            2
          ],
          "f_crate_c"
        ]
      },
      "items": {
        "D": {
          "item": "trash",
          "chance": 85,
          "repeat": [
            5,
            7
          ]
        },
        "@": {
          "item": "bed",
          "chance": 80
        },
        "q": {
          "item": "allclothes",
          "chance": 90,
          "repeat": [
            1,
            5
          ]
        },
        "u": [
          {
            "item": "cannedfood",
            "chance": 80,
            "repeat": [
              2,
              8
            ]
          },
          {
            "item": "snacks",
            "chance": 25,
            "repeat": [
              1,
              3
            ]
          }
        ],
        "T": {
          "item": "dishes_dining",
          "chance": 35
        },
        "Z": {
          "item": "shelter",
          "chance": 90,
          "repeat": [
            1,
            3
          ]
        },
        "v": [
          {
            "item": "pasta",
            "chance": 80,
            "repeat": [
              2,
              8
            ]
          },
          {
            "item": "kitchen",
            "chance": 50,
            "repeat": [
              1,
              3
            ]
          },
          {
            "item": "snacks",
            "chance": 25,
            "repeat": [
              1,
              3
            ]
          }
        ]
      },
      "place_npcs": [
        {
          "class": "guard_fm",
          "x": [
            5,
            18
          ],
          "y": [
            5,
            18
          ],
          "repeat": [
            6,
            10
          ]
        },
        {
          "class": "NPC_random_fm",
          "x": [
            5,
            18
          ],
          "y": [
            5,
            18
          ],
          "repeat": [
            12,
            20
          ]
        }
      ]
    }
  },
  {
    "type": "mapgen",
    "method": "json",
    "nested_mapgen_id": "nest_evac_center_basement_12_z",
    "object": {
      "mapgensize": [
        24,
        24
      ],
      "faction_owner": [
        {
          "id": "free_merchants",
          "x": [
            0,
            23
          ],
          "y": [
            0,
            23
          ]
        }
      ],
      "rows": [
        "########################",
        "#t w twZZZvvvvvvvuuuuuww",
        "#w9w9wwZZZ            ww",
        "#2                  2   ",
        "#D  @ @ @ @  @ @ @ @    ",
        "#D  @ @ @ @  @ @ @ @  bT",
        "#D  q q q q  q q q q  bT",
        "#                     bT",
        "#W  @ @ @ @  @ @ @ @  bT",
        "#W  @ @ @ @  @ @ @ @  bT",
        "#W  q q q q  q q q q  bT",
        "#                       ",
        "#                       ",
        "#W  @ @ @ @  @ @ @ @  bT",
        "#W  @ @ @ @  @ @ @ @  bT",
        "#W  q q q q  q q q q  bT",
        "#                     bT",
        "#D  @ @ @ @  @ @ @ @  bT",
        "#D  @ @ @ @  @ @ @ @  bT",
        "#D  q q q q  q q q q    ",
        "#2                  2   ",
        "#w9w9wwZZZ              ",
        "#t w twZZZvvvvvvvvuuuuuu",
        "########################"
      ],
      "palettes": [
        "evac_center"
      ],
      "terrain": {
        "9": "t_floor",
        "*": "t_rock",
        "t": "t_floor",
        "@": "t_floor",
        "q": "t_floor",
        "Z": "t_floor",
        "u": "t_floor",
        "v": "t_floor",
        "b": "t_floor",
        "w": "t_floor",
        "W": "t_water_dispenser",
        "D": "t_floor",
        "T": "t_floor"
      },
      "furniture": {
        "9": "f_beaded_door",
        "q": [
          [
            "f_crate_o",
            2
          ],
          "f_crate_c",
          "f_null"
        ],
        "w": "f_cardboard_wall",
        "Z": [
          [
            "f_crate_o",
            2
          ],
          "f_crate_c",
          "f_null"
        ]
      },
      "items": {
        "D": {
          "item": "trash",
          "chance": 85,
          "repeat": [
            5,
            7
          ]
        },
        "@": {
          "item": "bed",
          "chance": 80
        },
        "q": {
          "item": "allclothes",
          "chance": 90,
          "repeat": [
            1,
            5
          ]
        },
        "Z": {
          "item": "shelter",
          "chance": 20,
          "repeat": [
            1,
            3
          ]
        },
        "T": {
          "item": "dishes_dining",
          "chance": 15
        }
      },
      "place_monsters": [
        {
          "monster": "GROUP_MALL",
          "x": [
            5,
            18
          ],
          "y": [
            5,
            18
          ],
          "density": 0.6
        }
      ]
    }
  },
  {
    "type": "mapgen",
    "method": "json",
    "nested_mapgen_id": "nest_evac_center_basement_13_z",
    "object": {
      "mapgensize": [
        24,
        24
      ],
      "faction_owner": [
        {
          "id": "free_merchants",
          "x": [
            0,
            23
          ],
          "y": [
            0,
            23
          ]
        }
      ],
      "rows": [
        "########################",
        "<<<wwDZZZZZZZZZZZZDww<<<",
        "w9www ZZZZZZZZZZZZ www9w",
        "   2                2   ",
        "    @ @ @ @  @ @ @ @    ",
        "Tb  @ @ @ @  @ @ @ @  bT",
        "Tb  q q q q  q q q q  bT",
        "Tb                    bT",
        "Tb  @ @ @ @  @ @ @ @  bT",
        "Tb  @ @ @ @  @ @ @ @  bT",
        "Tb  q q q q  q q q q  bT",
        "                        ",
        "                        ",
        "Tb  @ @ @ @  @ @ @ @  bT",
        "Tb  @ @ @ @  @ @ @ @  bT",
        "Tb  q q q q  q q q q  bT",
        "Tb                    bT",
        "Tb  @ @ @ @  @ @ @ @  bT",
        "Tb  @ @ @ @  @ @ @ @  bT",
        "    q q q q  q q q q    ",
        "   2                2   ",
        "    ww9ww9ww9ww9ww9w    ",
        "uuuDw~ w~ w~ w~ w~ wDuuu",
        "########################"
      ],
      "palettes": [
        "evac_center"
      ],
      "terrain": {
        "9": "t_floor",
        "<": "t_stairs_up",
        "*": "t_rock",
        "t": "t_floor",
        "@": "t_floor",
        "q": "t_floor",
        "Z": "t_floor",
        "~": "t_floor",
        "u": "t_floor",
        "v": "t_floor",
        "b": "t_floor",
        "w": "t_floor",
        "W": "t_water_dispenser",
        "D": "t_floor",
        "T": "t_floor"
      },
      "furniture": {
        "9": "f_beaded_door",
        "q": [
          [
            "f_crate_o",
            2
          ],
          "f_crate_c",
          "f_null"
        ],
        "w": "f_cardboard_wall",
        "Z": [
          [
            "f_crate_o",
            2
          ],
          "f_crate_c",
          "f_null"
        ]
      },
      "items": {
        "D": {
          "item": "trash",
          "chance": 85,
          "repeat": [
            5,
            7
          ]
        },
        "@": {
          "item": "bed",
          "chance": 80
        },
        "q": {
          "item": "allclothes",
          "chance": 90,
          "repeat": [
            1,
            5
          ]
        },
        "Z": {
          "item": "shelter",
          "chance": 20,
          "repeat": [
            1,
            3
          ]
        },
        "T": {
          "item": "dishes_dining",
          "chance": 15
        }
      },
      "place_monsters": [
        {
          "monster": "GROUP_MALL",
          "x": [
            5,
            18
          ],
          "y": [
            5,
            18
          ],
          "density": 0.6
        }
      ]
    }
  },
  {
    "type": "mapgen",
    "method": "json",
    "nested_mapgen_id": "nest_evac_center_basement_14_z",
    "object": {
      "mapgensize": [
        24,
        24
      ],
      "faction_owner": [
        {
          "id": "free_merchants",
          "x": [
            0,
            23
          ],
          "y": [
            0,
            23
          ]
        }
      ],
      "rows": [
        "########################",
        "wwuuuuuvvvvvvvZZZwt w t#",
        "ww            ZZZww9w9w#",
        "   2                  2#",
        "    @ @ @ @  @ @ @ @  D#",
        "Tb  @ @ @ @  @ @ @ @  D#",
        "Tb  q q q q  q q q q  D#",
        "Tb                     #",
        "Tb  @ @ @ @  @ @ @ @  W#",
        "Tb  @ @ @ @  @ @ @ @  W#",
        "Tb  q q q q  q q q q  W#",
        "                       #",
        "                       #",
        "Tb  @ @ @ @  @ @ @ @  W#",
        "Tb  @ @ @ @  @ @ @ @  W#",
        "Tb  q q q q  q q q q  W#",
        "Tb                     #",
        "Tb  @ @ @ @  @ @ @ @  D#",
        "Tb  @ @ @ @  @ @ @ @  D#",
        "    q q q q  q q q q  D#",
        "   2                  2#",
        "              ZZZww9w9w#",
        "uuuuuuvvvvvvvvZZZwt w t#",
        "########################"
      ],
      "palettes": [
        "evac_center"
      ],
      "terrain": {
        "9": "t_floor",
        "*": "t_rock",
        "t": "t_floor",
        "@": "t_floor",
        "q": "t_floor",
        "Z": "t_floor",
        "u": "t_floor",
        "v": "t_floor",
        "b": "t_floor",
        "w": "t_floor",
        "W": "t_water_dispenser",
        "D": "t_floor",
        "T": "t_floor"
      },
      "furniture": {
        "9": "f_beaded_door",
        "q": [
          [
            "f_crate_o",
            2
          ],
          "f_crate_c",
          "f_null"
        ],
        "w": "f_cardboard_wall",
        "Z": [
          [
            "f_crate_o",
            2
          ],
          "f_crate_c",
          "f_null"
        ]
      },
      "items": {
        "D": {
          "item": "trash",
          "chance": 85,
          "repeat": [
            5,
            7
          ]
        },
        "@": {
          "item": "bed",
          "chance": 80
        },
        "q": {
          "item": "allclothes",
          "chance": 90,
          "repeat": [
            1,
            5
          ]
        },
        "T": {
          "item": "dishes_dining",
          "chance": 15
        },
        "Z": {
          "item": "shelter",
          "chance": 20,
          "repeat": [
            1,
            3
          ]
        }
      },
      "place_monsters": [
        {
          "monster": "GROUP_MALL",
          "x": [
            5,
            18
          ],
          "y": [
            5,
            18
          ],
          "density": 0.6
        }
      ]
    }
  }
]