[
  {
    "id": "mon_giant_mantis",
    "type": "MONSTER",
    "name": {
      "str": "巨螳螂"
    },
    "description": "一种体型像小狗的变异螳螂，从西海岸带过来处理害虫问题。",
    "default_faction": "mantis",
    "species": [
      "INSECT"
    ],
    "diff": 7,
    "volume": "30000 ml",
    "weight": "40750 g",
    "hp": 40,
    "speed": 200,
    "material": [
      "iflesh"
    ],
    "symbol": "a",
    "color": "brown",
    "aggression": 30,
    "morale": 60,
    "melee_skill": 5,
    "melee_dice": 1,
    "melee_dice_sides": 6,
    "melee_cut": 10,
    "dodge": 3,
    "armor_bash": 5,
    "armor_cut": 10,
    "vision_day": 5,
    "vision_night": 5,
    "harvest": "arachnid",
    "reproduction": {
      "baby_egg": "egg_mantis",
      "baby_count": 1,
      "baby_timer": 7
    },
    "baby_flags": [
      "SPRING",
      "SUMMER",
      "AUTUMN"
    ],
    "anger_triggers": [
      "PLAYER_WEAK"
    ],
    "death_function": [
      "NORMAL"
    ],
    "special_attacks": [
      [
        "EAT_FOOD",
        60
      ]
    ],
    "flags": [
      "SEES",
      "HEARS",
      "SMELLS",
      "CHITIN",
      "CLIMBS",
      "DOGFOOD"
    ]
  },
  {
    "id": "mon_giant_mantis_nymph",
    "type": "MONSTER",
    "name": {
      "str": "巨型螳螂幼虫"
    },
    "description": "一只老鼠大小的变异螳螂宝宝。",
    "default_faction": "mantis",
    "species": [
      "INSECT"
    ],
    "diff": 3,
    "volume": "750 ml",
    "weight": "1000 g",
    "hp": 10,
    "speed": 50,
    "material": [
      "iflesh"
    ],
    "symbol": "a",
    "color": "brown",
    "aggression": 100,
    "morale": 100,
    "melee_skill": 3,
    "melee_dice": 2,
    "melee_dice_sides": 3,
    "melee_cut": 0,
    "vision_day": 10,
    "vision_night": 3,
    "harvest": "arachnid",
    "upgrades": {
      "age_grow": 7,
      "into": "mon_giant_mantis"
    },
    "death_function": [
      "NORMAL"
    ],
    "special_attacks": [
      [
        "EAT_FOOD",
        120
      ]
    ],
    "flags": [
      "SEES",
      "HEARS",
      "SMELLS",
      "CHITIN",
      "CLIMBS",
      "DOGFOOD"
    ]
  },
  {
    "id": "mon_radscorpion",
    "type": "MONSTER",
    "name": {
      "str": "蝎子"
    },
    "description": "一只巨大的变异天蝎。剧毒的梦魇出现在现实中了。",
    "default_faction": "radscorpion",
    "species": [
      "SPIDER"
    ],
    "diff": 20,
    "volume": "30000 ml",
    "weight": "40750 g",
    "hp": 60,
    "speed": 90,
    "material": [
      "iflesh"
    ],
    "symbol": "s",
    "color": "black",
    "aggression": -10,
    "morale": 100,
    "melee_skill": 6,
    "melee_dice": 1,
    "melee_dice_sides": 6,
    "melee_cut": 2,
    "dodge": 2,
    "armor_bash": 2,
    "armor_cut": 4,
    "vision_day": 5,
    "vision_night": 5,
    "harvest": "arachnid",
    "reproduction": {
      "baby_egg": "egg_radscorpion",
      "baby_count": 3,
      "baby_timer": 7
    },
    "baby_flags": [
      "SPRING",
      "SUMMER",
      "AUTUMN"
    ],
    "anger_triggers": [
      "PLAYER_WEAK",
      "PLAYER_CLOSE"
    ],
    "death_function": [
      "NORMAL"
    ],
    "flags": [
      "SEES",
      "SMELLS",
      "HEARS",
      "BADVENOM",
      "CHITIN",
      "CLIMBS"
    ]
  },
  {
    "id": "mon_radscorpion_small",
    "type": "MONSTER",
    "name": {
      "str": "辐射蝎幼体"
    },
    "description": "一只辐射蝎的可怕的卵。即使是刚出生的时候，这种肮脏的生物也只会杀人。",
    "default_faction": "radscorpion",
    "species": [
      "SPIDER"
    ],
    "diff": 10,
    "volume": "30000 ml",
    "weight": "40750 g",
    "hp": 30,
    "speed": 90,
    "material": [
      "iflesh"
    ],
    "symbol": "c",
    "color": "black",
    "aggression": -10,
    "morale": 100,
    "melee_skill": 4,
    "melee_dice": 1,
    "melee_dice_sides": 3,
    "melee_cut": 2,
    "dodge": 1,
    "armor_bash": 2,
    "armor_cut": 4,
    "vision_day": 5,
    "vision_night": 5,
    "harvest": "arachnid",
    "upgrades": {
      "age_grow": 7,
      "into": "mon_radscorpion"
    },
    "anger_triggers": [
      "PLAYER_WEAK",
      "PLAYER_CLOSE"
    ],
    "death_function": [
      "NORMAL"
    ],
    "flags": [
      "SEES",
      "SMELLS",
      "HEARS",
      "VENOM",
      "CHITIN",
      "CLIMBS"
    ]
  }
]