[
  {
    "id": "mon_fish_horseshoe",
    "type": "MONSTER",
    "name": {
      "str": "马蹄蟹"
    },
    "description": "它们早在我们之前就存在了。而且看起来，他们也可能比我们更长寿。",
    "default_faction": "fish",
    "categories": [
      "WILDLIFE"
    ],
    "species": [
      "FISH"
    ],
    "volume": "20000 ml",
    "weight": "40750 g",
    "hp": 20,
    "speed": 150,
    "material": [
      "flesh"
    ],
    "symbol": "f",
    "color": "red",
    "aggression": -50,
    "morale": 5,
    "melee_dice": 1,
    "melee_dice_sides": 4,
    "melee_cut": 1,
    "luminance": 0,
    "harvest": "shellfish",
    "reproduction": {
      "baby_egg": "egg_fish",
      "baby_count": 2,
      "baby_timer": 21
    },
    "baby_flags": [
      "SUMMER"
    ],
    "fear_triggers": [
      "PLAYER_CLOSE",
      "SOUND"
    ],
    "death_function": [
      "NORMAL"
    ],
    "flags": [
      "FISHABLE",
      "SEES",
      "SMELLS",
      "WARM",
      "SWIMS",
      "AQUATIC"
    ]
  },
  {
    "id": "mon_mirelurk_baby",
    "type": "MONSTER",
    "name": {
      "str": "小米勒鲁克"
    },
    "description": "这只马蹄蟹变异得很严重。它比普通体型大了一点。",
    "default_faction": "razorclaw",
    "categories": [
      "MUTANT"
    ],
    "species": [
      "FISH"
    ],
    "volume": "30000 ml",
    "weight": "40750 g",
    "hp": 30,
    "speed": 150,
    "material": [
      "flesh"
    ],
    "symbol": "f",
    "color": "red",
    "aggression": -50,
    "morale": 5,
    "melee_dice": 1,
    "melee_dice_sides": 4,
    "melee_cut": 1,
    "luminance": 0,
    "harvest": "mirelurk",
    "upgrades": {
      "age_grow": 3,
      "into": "mon_mirelurk_softshell"
    },
    "fear_triggers": [
      "PLAYER_CLOSE",
      "SOUND"
    ],
    "death_function": [
      "NORMAL"
    ],
    "flags": [
      "FISHABLE",
      "SEES",
      "SMELLS",
      "WARM",
      "SWIMS",
      "AQUATIC",
      "CATFOOD"
    ]
  },
  {
    "id": "mon_mirelurk_softshell",
    "type": "MONSTER",
    "name": {
      "str": "软壳泥沼蟹"
    },
    "description": "一种成人大小的甲壳类动物，披着柔软、还不成熟的几丁质甲壳。经常在水中被发现。",
    "default_faction": "razorclaw",
    "species": [
      "MUTANT"
    ],
    "volume": "62500 ml",
    "weight": "81500 g",
    "hp": 80,
    "speed": 85,
    "material": [
      "flesh"
    ],
    "symbol": "Y",
    "color": "green",
    "aggression": 4,
    "morale": 100,
    "melee_skill": 6,
    "melee_dice": 4,
    "melee_dice_sides": 6,
    "melee_cut": 7,
    "dodge": 2,
    "armor_bash": 5,
    "armor_cut": 9,
    "vision_day": 30,
    "vision_night": 15,
    "harvest": "mirelurk",
    "path_settings": {
      "max_dist": 50
    },
    "upgrades": {
      "age_grow": 5,
      "into": "mon_mirelurk"
    },
    "anger_triggers": [
      "PLAYER_CLOSE",
      "FRIEND_DIED",
      "FRIEND_ATTACKED",
      "HURT"
    ],
    "fear_triggers": [
      "FIRE"
    ],
    "death_function": [
      "NORMAL"
    ],
    "flags": [
      "SMELLS",
      "HEARS",
      "SEES",
      "SWIMS",
      "GRABS",
      "ARTHROPOD_BLOOD",
      "PATH_AVOID_DANGER_2",
      "CATFOOD"
    ]
  },
  {
    "id": "mon_mirelurk",
    "type": "MONSTER",
    "name": {
      "str": "米勒鲁克"
    },
    "description": "一种体型如人的甲壳类动物，全身包裹着坚硬如铁的甲壳，生活在沼泽和河流中他们的肉深受末世渔民的喜爱。有传言说一些幸存者甚至试图为他们建立农场。",
    "default_faction": "razorclaw",
    "species": [
      "MUTANT"
    ],
    "volume": "62500 ml",
    "weight": "81500 g",
    "hp": 80,
    "speed": 85,
    "material": [
      "flesh"
    ],
    "symbol": "Y",
    "color": "green",
    "aggression": 4,
    "morale": 100,
    "melee_skill": 6,
    "melee_dice": 4,
    "melee_dice_sides": 6,
    "melee_cut": 7,
    "dodge": 2,
    "armor_bash": 10,
    "armor_cut": 18,
    "vision_day": 30,
    "vision_night": 15,
    "harvest": "mirelurk",
    "path_settings": {
      "max_dist": 50
    },
    "upgrades": {
      "age_grow": 15,
      "into": "mon_mirelurk_queen"
    },
    "anger_triggers": [
      "PLAYER_CLOSE",
      "FRIEND_DIED",
      "FRIEND_ATTACKED",
      "HURT"
    ],
    "fear_triggers": [
      "FIRE"
    ],
    "death_function": [
      "NORMAL"
    ],
    "flags": [
      "SMELLS",
      "HEARS",
      "SEES",
      "SWIMS",
      "GRABS",
      "ARTHROPOD_BLOOD",
      "PATH_AVOID_DANGER_2"
    ]
  },
  {
    "id": "mon_mirelurk_queen",
    "type": "MONSTER",
    "name": {
      "str": "米勒鲁克女王"
    },
    "description": "最大的泥沼蟹品种，同时，它们也是最稀有的。他们的肉被许多人视若珍宝，它们的蛋也同样如此。另外，它们的力量无与伦比。",
    "default_faction": "razorclaw",
    "species": [
      "MUTANT"
    ],
    "diff": 2,
    "volume": "122500 ml",
    "weight": "120000 g",
    "hp": 120,
    "speed": 95,
    "material": [
      "flesh"
    ],
    "symbol": "Y",
    "color": "green",
    "aggression": 15,
    "morale": 100,
    "melee_skill": 6,
    "melee_dice": 4,
    "melee_dice_sides": 10,
    "melee_cut": 15,
    "dodge": 2,
    "armor_bash": 30,
    "armor_cut": 40,
    "vision_day": 30,
    "vision_night": 20,
    "harvest": "mirelurk",
    "reproduction": {
      "baby_egg": "mirelurk_egg",
      "baby_count": 7,
      "baby_timer": 7
    },
    "baby_flags": [
      "SUMMER"
    ],
    "path_settings": {
      "max_dist": 50
    },
    "anger_triggers": [
      "PLAYER_CLOSE",
      "HURT"
    ],
    "fear_triggers": [
      "FIRE"
    ],
    "death_function": [
      "NORMAL"
    ],
    "flags": [
      "SMELLS",
      "HEARS",
      "SEES",
      "SWIMS",
      "GRABS",
      "ARTHROPOD_BLOOD",
      "PATH_AVOID_DANGER_2",
      "QUEEN"
    ]
  }
]