[
  {
    "id": "mon_gecko_young",
    "type": "MONSTER",
    "name": {
      "str": "幼年变种壁虎"
    },
    "description": "一只年轻的变异壁虎",
    "default_faction": "gator",
    "categories": [
      "WILDLIFE"
    ],
    "species": [
      "REPTILE"
    ],
    "diff": 22,
    "volume": "46250 ml",
    "weight": "60000 g",
    "hp": 30,
    "speed": 90,
    "material": [
      "flesh"
    ],
    "symbol": "G",
    "color": "light_gray",
    "aggression": 30,
    "morale": 50,
    "melee_skill": 4,
    "melee_dice": 1,
    "melee_dice_sides": 10,
    "melee_cut": 12,
    "dodge": 2,
    "armor_bash": 6,
    "armor_cut": 8,
    "vision_day": 3,
    "vision_night": 35,
    "harvest": "gecko",
    "path_settings": {
      "max_dist": 8
    },
    "special_attacks": [
      {
        "type": "bite",
        "cooldown": 20,
        "accuracy": 6,
        "damage_max_instance": [
          {
            "damage_type": "stab",
            "amount": 9,
            "armor_multiplier": 0.5
          },
          {
            "damage_type": "bash",
            "amount": 27,
            "armor_multiplier": 0.5
          }
        ],
        "effects": [
          {
            "id": "grabbed",
            "duration": 1000,
            "bp": "torso"
          }
        ],
        "no_infection_chance": 2
      }
    ],
    "anger_triggers": [
      "PLAYER_CLOSE",
      "PLAYER_WEAK"
    ],
    "fear_triggers": [
      "FIRE",
      "HURT"
    ],
    "placate_triggers": [
      "MEAT"
    ],
    "death_function": [
      "NORMAL"
    ],
    "upgrades": {
      "age_grow": 5,
      "into": "mon_gecko"
    },
    "flags": [
      "DOGFOOD",
      "SEES",
      "HEARS",
      "GOODHEARING",
      "SMELLS",
      "KEENNOSE",
      "PATH_AVOID_DANGER_1",
      "ANIMAL",
      "ATTACKMON",
      "BONES",
      "LEATHER",
      "SWIMS"
    ]
  },
  {
    "id": "mon_gecko",
    "type": "MONSTER",
    "name": {
      "str": "壁虎"
    },
    "description": "一种巨大的变异壁虎。",
    "default_faction": "gator",
    "categories": [
      "WILDLIFE"
    ],
    "species": [
      "REPTILE"
    ],
    "diff": 22,
    "volume": "92500 ml",
    "weight": "120000 g",
    "hp": 90,
    "speed": 90,
    "material": [
      "flesh"
    ],
    "symbol": "G",
    "color": "light_gray",
    "aggression": 30,
    "morale": 50,
    "melee_skill": 4,
    "melee_dice": 1,
    "melee_dice_sides": 10,
    "melee_cut": 12,
    "dodge": 2,
    "armor_bash": 6,
    "armor_cut": 8,
    "vision_day": 35,
    "vision_night": 35,
    "harvest": "gecko",
    "path_settings": {
      "max_dist": 8
    },
    "special_attacks": [
      {
        "type": "bite",
        "cooldown": 20,
        "accuracy": 6,
        "damage_max_instance": [
          {
            "damage_type": "stab",
            "amount": 9,
            "armor_multiplier": 0.5
          },
          {
            "damage_type": "bash",
            "amount": 27,
            "armor_multiplier": 0.5
          }
        ],
        "effects": [
          {
            "id": "grabbed",
            "duration": 1000,
            "bp": "torso"
          }
        ],
        "no_infection_chance": 2
      }
    ],
    "anger_triggers": [
      "PLAYER_CLOSE",
      "PLAYER_WEAK"
    ],
    "fear_triggers": [
      "FIRE",
      "HURT"
    ],
    "placate_triggers": [
      "MEAT"
    ],
    "death_function": [
      "NORMAL"
    ],
    "reproduction": {
      "baby_egg": "egg_gecko",
      "baby_count": 3,
      "baby_timer": 10
    },
    "flags": [
      "SEES",
      "HEARS",
      "GOODHEARING",
      "SMELLS",
      "KEENNOSE",
      "PATH_AVOID_DANGER_1",
      "ANIMAL",
      "ATTACKMON",
      "BONES",
      "LEATHER",
      "SWIMS"
    ]
  },
  {
    "id": "mon_gecko_gold_young",
    "type": "MONSTER",
    "name": {
      "str": "小金壁虎"
    },
    "description": "一只年轻的变异壁虎。它会留下一道酸性的口水。",
    "default_faction": "gator",
    "categories": [
      "WILDLIFE"
    ],
    "species": [
      "REPTILE"
    ],
    "diff": 22,
    "volume": "66250 ml",
    "weight": "80000 g",
    "hp": 30,
    "speed": 90,
    "material": [
      "flesh"
    ],
    "symbol": "G",
    "color": "light_green",
    "aggression": 30,
    "morale": 50,
    "melee_skill": 4,
    "melee_dice": 1,
    "melee_dice_sides": 10,
    "melee_cut": 12,
    "dodge": 2,
    "armor_bash": 6,
    "armor_cut": 8,
    "vision_day": 3,
    "vision_night": 35,
    "harvest": "gecko_gold",
    "path_settings": {
      "max_dist": 8
    },
    "special_attacks": [
      {
        "type": "bite",
        "cooldown": 20,
        "accuracy": 6,
        "damage_max_instance": [
          {
            "damage_type": "stab",
            "amount": 9,
            "armor_multiplier": 0.5
          },
          {
            "damage_type": "bash",
            "amount": 27,
            "armor_multiplier": 0.5
          }
        ],
        "effects": [
          {
            "id": "grabbed",
            "duration": 1000,
            "bp": "torso"
          }
        ],
        "no_infection_chance": 2
      }
    ],
    "anger_triggers": [
      "PLAYER_CLOSE",
      "PLAYER_WEAK"
    ],
    "fear_triggers": [
      "FIRE",
      "HURT"
    ],
    "placate_triggers": [
      "MEAT"
    ],
    "death_function": [
      "ACID",
      "NORMAL"
    ],
    "upgrades": {
      "age_grow": 5,
      "into": "mon_gecko_gold"
    },
    "flags": [
      "ACIDPROOF",
      "POISON",
      "DOGFOOD",
      "SEES",
      "HEARS",
      "GOODHEARING",
      "SMELLS",
      "KEENNOSE",
      "PATH_AVOID_DANGER_1",
      "ANIMAL",
      "ATTACKMON",
      "BONES",
      "LEATHER",
      "SWIMS"
    ]
  },
  {
    "id": "mon_gecko_gold",
    "type": "MONSTER",
    "name": {
      "str": "黄金蜥蜴"
    },
    "description": "一种巨大的变异壁虎。它会留下一道酸性唾液。",
    "default_faction": "gator",
    "categories": [
      "WILDLIFE"
    ],
    "species": [
      "REPTILE"
    ],
    "diff": 22,
    "volume": "112500 ml",
    "weight": "160000 g",
    "hp": 90,
    "speed": 90,
    "material": [
      "flesh"
    ],
    "symbol": "G",
    "color": "light_green",
    "aggression": 30,
    "morale": 50,
    "melee_skill": 4,
    "melee_dice": 1,
    "melee_dice_sides": 10,
    "melee_cut": 12,
    "dodge": 2,
    "armor_bash": 6,
    "armor_cut": 8,
    "vision_day": 35,
    "vision_night": 35,
    "harvest": "gecko_gold",
    "path_settings": {
      "max_dist": 8
    },
    "special_attacks": [
      {
        "type": "bite",
        "cooldown": 20,
        "accuracy": 6,
        "damage_max_instance": [
          {
            "damage_type": "stab",
            "amount": 9,
            "armor_multiplier": 0.5
          },
          {
            "damage_type": "bash",
            "amount": 27,
            "armor_multiplier": 0.5
          }
        ],
        "effects": [
          {
            "id": "grabbed",
            "duration": 1000,
            "bp": "torso"
          }
        ],
        "no_infection_chance": 2
      }
    ],
    "anger_triggers": [
      "PLAYER_CLOSE",
      "PLAYER_WEAK"
    ],
    "fear_triggers": [
      "FIRE",
      "HURT"
    ],
    "placate_triggers": [
      "MEAT"
    ],
    "death_function": [
      "ACID",
      "NORMAL"
    ],
    "reproduction": {
      "baby_egg": "egg_gecko",
      "baby_count": 3,
      "baby_timer": 10
    },
    "flags": [
      "ACIDPROOF",
      "POISON",
      "SEES",
      "HEARS",
      "GOODHEARING",
      "SMELLS",
      "KEENNOSE",
      "PATH_AVOID_DANGER_1",
      "ANIMAL",
      "ATTACKMON",
      "BONES",
      "LEATHER",
      "SWIMS"
    ]
  },
  {
    "id": "mon_deathclaw_young",
    "type": "MONSTER",
    "name": {
      "str": "幼年死亡爪"
    },
    "description": "一种年轻的变异变色龙。它不能再伪装自己了，但这与它有多危险无关。",
    "default_faction": "gator",
    "categories": [
      "WILDLIFE"
    ],
    "species": [
      "REPTILE"
    ],
    "diff": 22,
    "volume": "46250 ml",
    "weight": "60000 g",
    "hp": 60,
    "speed": 120,
    "material": [
      "flesh"
    ],
    "symbol": "d",
    "color": "brown",
    "aggression": 30,
    "morale": 50,
    "melee_skill": 4,
    "melee_dice": 3,
    "melee_dice_sides": 6,
    "melee_cut": 12,
    "dodge": 2,
    "armor_bash": 6,
    "armor_cut": 8,
    "vision_day": 70,
    "vision_night": 70,
    "harvest": "animal_large_noskin",
    "path_settings": {
      "max_dist": 8
    },
    "special_attacks": [
      {
        "type": "bite",
        "cooldown": 20,
        "accuracy": 6,
        "damage_max_instance": [
          {
            "damage_type": "stab",
            "amount": 9,
            "armor_multiplier": 0.5
          },
          {
            "damage_type": "bash",
            "amount": 27,
            "armor_multiplier": 0.5
          }
        ],
        "effects": [
          {
            "id": "grabbed",
            "duration": 1000,
            "bp": "torso"
          }
        ],
        "no_infection_chance": 2
      }
    ],
    "anger_triggers": [
      "PLAYER_CLOSE",
      "PLAYER_WEAK"
    ],
    "fear_triggers": [
      "FIRE",
      "HURT"
    ],
    "placate_triggers": [
      "MEAT"
    ],
    "death_function": [
      "NORMAL"
    ],
    "upgrades": {
      "age_grow": 5,
      "into": "mon_deathclaw"
    },
    "flags": [
      "SEES",
      "HEARS",
      "DOGFOOD",
      "GOODHEARING",
      "SMELLS",
      "KEENNOSE",
      "PATH_AVOID_DANGER_1",
      "ANIMAL",
      "ATTACKMON",
      "BONES",
      "LEATHER",
      "SWIMS"
    ]
  },
  {
    "id": "mon_deathclaw",
    "type": "MONSTER",
    "name": {
      "str": "死亡爪"
    },
    "description": "变色龙一种变异的大型变色龙。无法隐藏自己，但致命的力量。",
    "default_faction": "gator",
    "categories": [
      "WILDLIFE"
    ],
    "species": [
      "REPTILE"
    ],
    "diff": 22,
    "volume": "92500 ml",
    "weight": "120000 g",
    "hp": 180,
    "speed": 120,
    "material": [
      "flesh"
    ],
    "symbol": "D",
    "color": "brown",
    "aggression": 90,
    "morale": 50,
    "melee_skill": 6,
    "melee_dice": 2,
    "melee_dice_sides": 20,
    "melee_cut": 24,
    "dodge": 2,
    "armor_bash": 12,
    "armor_cut": 12,
    "vision_day": 70,
    "vision_night": 70,
    "harvest": "animal_large_noskin",
    "path_settings": {
      "max_dist": 8
    },
    "special_attacks": [
      {
        "type": "bite",
        "cooldown": 20,
        "accuracy": 6,
        "damage_max_instance": [
          {
            "damage_type": "stab",
            "amount": 9,
            "armor_multiplier": 0.5
          },
          {
            "damage_type": "bash",
            "amount": 27,
            "armor_multiplier": 0.5
          }
        ],
        "effects": [
          {
            "id": "grabbed",
            "duration": 1000,
            "bp": "torso"
          }
        ],
        "no_infection_chance": 2
      }
    ],
    "anger_triggers": [
      "PLAYER_CLOSE",
      "PLAYER_WEAK"
    ],
    "fear_triggers": [
      "FIRE",
      "HURT"
    ],
    "placate_triggers": [
      "MEAT"
    ],
    "death_function": [
      "NORMAL"
    ],
    "upgrades": {
      "age_grow": 5,
      "into": "mon_deathclaw_mother"
    },
    "flags": [
      "SEES",
      "HEARS",
      "GOODHEARING",
      "SMELLS",
      "KEENNOSE",
      "PATH_AVOID_DANGER_1",
      "ANIMAL",
      "ATTACKMON",
      "BONES",
      "LEATHER",
      "SWIMS"
    ]
  },
  {
    "id": "mon_deathclaw_mother",
    "type": "MONSTER",
    "name": {
      "str": "雌性死亡爪"
    },
    "description": "一种巨大的、卵子膨胀的变异变色龙。无法隐藏自己，但有着致命的力量。这个好像是蜥蜴妈妈。",
    "default_faction": "gator",
    "categories": [
      "WILDLIFE"
    ],
    "species": [
      "REPTILE"
    ],
    "diff": 22,
    "volume": "92500 ml",
    "weight": "120000 g",
    "hp": 500,
    "speed": 240,
    "material": [
      "flesh"
    ],
    "symbol": "M",
    "color": "brown",
    "aggression": 100,
    "morale": 100,
    "melee_skill": 10,
    "melee_dice": 3,
    "melee_dice_sides": 20,
    "melee_cut": 24,
    "dodge": 2,
    "armor_bash": 12,
    "armor_cut": 12,
    "vision_day": 70,
    "vision_night": 70,
    "harvest": "animal_large_noskin",
    "path_settings": {
      "max_dist": 8
    },
    "special_attacks": [
      {
        "type": "bite",
        "cooldown": 20,
        "accuracy": 6,
        "damage_max_instance": [
          {
            "damage_type": "stab",
            "amount": 9,
            "armor_multiplier": 0.5
          },
          {
            "damage_type": "bash",
            "amount": 27,
            "armor_multiplier": 0.5
          }
        ],
        "effects": [
          {
            "id": "grabbed",
            "duration": 1000,
            "bp": "torso"
          }
        ],
        "no_infection_chance": 2
      }
    ],
    "anger_triggers": [
      "PLAYER_CLOSE",
      "PLAYER_WEAK"
    ],
    "fear_triggers": [
      "FIRE",
      "HURT"
    ],
    "placate_triggers": [
      "MEAT"
    ],
    "death_function": [
      "NORMAL"
    ],
    "reproduction": {
      "baby_egg": "egg_deathclaw",
      "baby_count": 3,
      "baby_timer": 3
    },
    "flags": [
      "SEES",
      "HEARS",
      "GOODHEARING",
      "SMELLS",
      "KEENNOSE",
      "PATH_AVOID_DANGER_1",
      "ANIMAL",
      "ATTACKMON",
      "BONES",
      "LEATHER",
      "SWIMS"
    ]
  },
  {
    "id": "mon_deathclaw_albino_young",
    "type": "MONSTER",
    "name": {
      "str": "幼年白化死亡爪"
    },
    "description": "一种年轻的变异变色龙。它不能再伪装自己了，但这与它有多危险无关。它是白化病，但不知何故，更持久，由于这样的。",
    "default_faction": "gator",
    "categories": [
      "WILDLIFE"
    ],
    "species": [
      "REPTILE"
    ],
    "diff": 22,
    "volume": "46250 ml",
    "weight": "60000 g",
    "hp": 90,
    "speed": 120,
    "material": [
      "flesh"
    ],
    "symbol": "d",
    "color": "white",
    "aggression": 30,
    "morale": 50,
    "melee_skill": 4,
    "melee_dice": 4,
    "melee_dice_sides": 6,
    "melee_cut": 12,
    "dodge": 2,
    "armor_bash": 6,
    "armor_cut": 8,
    "vision_day": 70,
    "vision_night": 70,
    "harvest": "animal_large_noskin",
    "path_settings": {
      "max_dist": 8
    },
    "special_attacks": [
      {
        "type": "bite",
        "cooldown": 20,
        "accuracy": 6,
        "damage_max_instance": [
          {
            "damage_type": "stab",
            "amount": 9,
            "armor_multiplier": 0.5
          },
          {
            "damage_type": "bash",
            "amount": 27,
            "armor_multiplier": 0.5
          }
        ],
        "effects": [
          {
            "id": "grabbed",
            "duration": 1000,
            "bp": "torso"
          }
        ],
        "no_infection_chance": 2
      }
    ],
    "anger_triggers": [
      "PLAYER_CLOSE",
      "PLAYER_WEAK"
    ],
    "fear_triggers": [
      "FIRE",
      "HURT"
    ],
    "placate_triggers": [
      "MEAT"
    ],
    "death_function": [
      "NORMAL"
    ],
    "upgrades": {
      "age_grow": 5,
      "into": "mon_deathclaw_albino"
    },
    "flags": [
      "SEES",
      "HEARS",
      "DOGFOOD",
      "GOODHEARING",
      "SMELLS",
      "KEENNOSE",
      "PATH_AVOID_DANGER_1",
      "ANIMAL",
      "ATTACKMON",
      "BONES",
      "LEATHER",
      "SWIMS"
    ]
  },
  {
    "id": "mon_deathclaw_albino",
    "type": "MONSTER",
    "name": {
      "str": "白化死亡爪"
    },
    "description": "变色龙一种变异的大型变色龙。无法隐藏自己，但致命的力量。它更强大",
    "default_faction": "gator",
    "categories": [
      "WILDLIFE"
    ],
    "species": [
      "REPTILE"
    ],
    "diff": 22,
    "volume": "92500 ml",
    "weight": "120000 g",
    "hp": 260,
    "speed": 120,
    "material": [
      "flesh"
    ],
    "symbol": "D",
    "color": "white",
    "aggression": 90,
    "morale": 50,
    "melee_skill": 6,
    "melee_dice": 3,
    "melee_dice_sides": 20,
    "melee_cut": 24,
    "dodge": 2,
    "armor_bash": 12,
    "armor_cut": 12,
    "vision_day": 70,
    "vision_night": 70,
    "harvest": "animal_large_noskin",
    "path_settings": {
      "max_dist": 8
    },
    "special_attacks": [
      {
        "type": "bite",
        "cooldown": 20,
        "accuracy": 6,
        "damage_max_instance": [
          {
            "damage_type": "stab",
            "amount": 9,
            "armor_multiplier": 0.5
          },
          {
            "damage_type": "bash",
            "amount": 27,
            "armor_multiplier": 0.5
          }
        ],
        "effects": [
          {
            "id": "grabbed",
            "duration": 1000,
            "bp": "torso"
          }
        ],
        "no_infection_chance": 2
      }
    ],
    "anger_triggers": [
      "PLAYER_CLOSE",
      "PLAYER_WEAK"
    ],
    "fear_triggers": [
      "FIRE",
      "HURT"
    ],
    "placate_triggers": [
      "MEAT"
    ],
    "death_function": [
      "NORMAL"
    ],
    "reproduction": {
      "baby_egg": "egg_deathclaw",
      "baby_count": 3,
      "baby_timer": 10
    },
    "flags": [
      "SEES",
      "HEARS",
      "GOODHEARING",
      "SMELLS",
      "KEENNOSE",
      "PATH_AVOID_DANGER_1",
      "ANIMAL",
      "ATTACKMON",
      "BONES",
      "LEATHER",
      "SWIMS"
    ]
  },
  {
    "id": "mon_deathclaw_glowing_young",
    "type": "MONSTER",
    "name": {
      "str": "幼年发光死亡爪"
    },
    "description": "一种年轻的变异变色龙。它不能再伪装自己了，但这与它有多危险无关。它在黑暗中发光，有毒。",
    "default_faction": "gator",
    "categories": [
      "WILDLIFE"
    ],
    "species": [
      "REPTILE"
    ],
    "diff": 22,
    "volume": "46250 ml",
    "weight": "60000 g",
    "hp": 90,
    "speed": 120,
    "material": [
      "flesh"
    ],
    "symbol": "d",
    "color": "green",
    "aggression": 30,
    "morale": 50,
    "melee_skill": 4,
    "melee_dice": 3,
    "melee_dice_sides": 6,
    "melee_cut": 12,
    "dodge": 2,
    "armor_bash": 6,
    "armor_cut": 8,
    "luminance": 200,
    "vision_day": 70,
    "vision_night": 70,
    "harvest": "animal_large_noskin",
    "path_settings": {
      "max_dist": 8
    },
    "special_attacks": [
      {
        "type": "bite",
        "cooldown": 20,
        "accuracy": 6,
        "damage_max_instance": [
          {
            "damage_type": "stab",
            "amount": 9,
            "armor_multiplier": 0.5
          },
          {
            "damage_type": "bash",
            "amount": 27,
            "armor_multiplier": 0.5
          }
        ],
        "effects": [
          {
            "id": "grabbed",
            "duration": 1000,
            "bp": "torso"
          }
        ],
        "no_infection_chance": 2
      }
    ],
    "anger_triggers": [
      "PLAYER_CLOSE",
      "PLAYER_WEAK"
    ],
    "fear_triggers": [
      "FIRE",
      "HURT"
    ],
    "placate_triggers": [
      "MEAT"
    ],
    "death_function": [
      "NORMAL"
    ],
    "upgrades": {
      "age_grow": 5,
      "into": "mon_deathclaw_albino"
    },
    "flags": [
      "ACIDPROOF",
      "POISON",
      "SEES",
      "HEARS",
      "GOODHEARING",
      "SMELLS",
      "KEENNOSE",
      "PATH_AVOID_DANGER_1",
      "ANIMAL",
      "ATTACKMON",
      "BONES",
      "LEATHER",
      "SWIMS"
    ]
  },
  {
    "id": "mon_deathclaw_glowing",
    "type": "MONSTER",
    "name": {
      "str": "发光死亡爪"
    },
    "description": "变色龙一种变异的大型变色龙。无法隐藏自己，但致命的力量。它发出辐射。",
    "default_faction": "gator",
    "categories": [
      "WILDLIFE"
    ],
    "species": [
      "REPTILE"
    ],
    "diff": 22,
    "volume": "92500 ml",
    "weight": "120000 g",
    "hp": 360,
    "speed": 120,
    "material": [
      "flesh"
    ],
    "symbol": "D",
    "color": "green",
    "aggression": 90,
    "morale": 50,
    "melee_skill": 6,
    "melee_dice": 2,
    "melee_dice_sides": 20,
    "melee_cut": 24,
    "luminance": 200,
    "dodge": 2,
    "armor_bash": 12,
    "armor_cut": 12,
    "vision_day": 70,
    "vision_night": 70,
    "harvest": "animal_large_noskin",
    "path_settings": {
      "max_dist": 8
    },
    "special_attacks": [
      {
        "type": "bite",
        "cooldown": 20,
        "accuracy": 6,
        "damage_max_instance": [
          {
            "damage_type": "stab",
            "amount": 9,
            "armor_multiplier": 0.5
          },
          {
            "damage_type": "bash",
            "amount": 27,
            "armor_multiplier": 0.5
          }
        ],
        "effects": [
          {
            "id": "grabbed",
            "duration": 1000,
            "bp": "torso"
          }
        ],
        "no_infection_chance": 2
      }
    ],
    "anger_triggers": [
      "PLAYER_CLOSE",
      "PLAYER_WEAK"
    ],
    "fear_triggers": [
      "FIRE",
      "HURT"
    ],
    "placate_triggers": [
      "MEAT"
    ],
    "death_function": [
      "NORMAL"
    ],
    "reproduction": {
      "baby_egg": "egg_deathclaw",
      "baby_count": 3,
      "baby_timer": 10
    },
    "flags": [
      "ACIDPROOF",
      "POISON",
      "SEES",
      "HEARS",
      "GOODHEARING",
      "SMELLS",
      "KEENNOSE",
      "PATH_AVOID_DANGER_1",
      "ANIMAL",
      "ATTACKMON",
      "BONES",
      "LEATHER",
      "SWIMS"
    ]
  },
  {
    "id": "mon_iguana",
    "type": "MONSTER",
    "name": {
      "str": "普通鬣蜥"
    },
    "description": "一种普通的鬣蜥；一种受欢迎的宠物，甚至更受欢迎的食物来源。",
    "default_faction": "gator",
    "bodytype": "gator",
    "categories": [
      "WILDLIFE"
    ],
    "species": [
      "REPTILE"
    ],
    "volume": "2500 ml",
    "weight": "120 kg",
    "hp": 90,
    "speed": 90,
    "material": [
      "flesh"
    ],
    "symbol": "A",
    "color": "light_green",
    "aggression": 0,
    "morale": 50,
    "melee_skill": 4,
    "melee_dice": 1,
    "melee_dice_sides": 10,
    "melee_cut": 12,
    "dodge": 2,
    "armor_bash": 6,
    "armor_cut": 8,
    "vision_day": 3,
    "vision_night": 35,
    "harvest": "animal_large_noskin",
    "path_settings": {
      "max_dist": 8
    },
    "special_attacks": [
      {
        "type": "bite",
        "cooldown": 20,
        "accuracy": 6,
        "damage_max_instance": [
          {
            "damage_type": "stab",
            "amount": 9,
            "armor_multiplier": 0.5
          },
          {
            "damage_type": "bash",
            "amount": 27,
            "armor_multiplier": 0.5
          }
        ],
        "effects": [
          {
            "id": "grabbed",
            "duration": 1000,
            "bp": "torso"
          }
        ]
      }
    ],
    "fear_triggers": [
      "FIRE",
      "HURT",
      "PLAYER_CLOSE"
    ],
    "placate_triggers": [
      "MEAT"
    ],
    "reproduction": {
      "baby_egg": "egg_reptile",
      "baby_count": 3,
      "baby_timer": 10
    },
    "death_function": [
      "NORMAL"
    ],
    "flags": [
      "SEES",
      "HEARS",
      "GOODHEARING",
      "SMELLS",
      "KEENNOSE",
      "PATH_AVOID_DANGER_1",
      "ANIMAL",
      "ATTACKMON",
      "DOGFOOD"
    ]
  }
]