[
  {
    "id": "mon_protectron",
    "type": "MONSTER",
    "name": {
      "str": "保卫机器人"
    },
    "description": "机器人坚固的Protectron模型是在大灾难之前创建的，在私营部门和商业部门都用作安全自动机。多用途和模块化。你可以大量定制这些东西。",
    "default_faction": "cop_bot",
    "species": [
      "ROBOT"
    ],
    "diff": 12,
    "volume": "62500 ml",
    "weight": "81500 g",
    "hp": 80,
    "speed": 60,
    "material": [
      "steel"
    ],
    "symbol": "P",
    "color": "light_gray",
    "aggression": 60,
    "morale": 100,
    "melee_skill": 4,
    "melee_dice": 3,
    "melee_dice_sides": 2,
    "melee_cut": 0,
    "dodge": 2,
    "revert_to_itype": "bot_protectron_inactive",
    "armor_bash": 12,
    "armor_cut": 8,
    "vision_day": 50,
    "special_attacks": [
      [
        "PARROT",
        0
      ],
      {
        "type": "gun",
        "cooldown": 6,
        "gun_type": "mon_laser_pistol_aep",
        "ranges": [
          [
            0,
            12,
            "DEFAULT"
          ]
        ]
      }
    ],
    "path_settings": {
      "max_dist": 5
    },
    "death_drops": {
      "groups": [
        [
          "robots",
          4
        ]
      ]
    },
    "death_function": [
      "BROKEN"
    ],
    "flags": [
      "SEES",
      "HEARS",
      "BASHES",
      "ELECTRONIC",
      "NO_BREATHE",
      "PRIORITIZE_TARGETS",
      "PATH_AVOID_DANGER_1"
    ]
  },
  {
    "id": "mon_protectron_construction",
    "type": "MONSTER",
    "name": {
      "str": "施工保卫机器人"
    },
    "description": "机器人坚固的Protectron模型是在大灾难之前创建的，在私营部门和商业部门都用作安全自动机。建筑模型有一把射钉枪。",
    "default_faction": "cop_bot",
    "species": [
      "ROBOT"
    ],
    "diff": 12,
    "volume": "62500 ml",
    "weight": "81500 g",
    "hp": 80,
    "speed": 60,
    "material": [
      "steel"
    ],
    "symbol": "P",
    "color": "yellow",
    "aggression": 20,
    "morale": 100,
    "melee_skill": 4,
    "melee_dice": 3,
    "melee_dice_sides": 2,
    "melee_cut": 0,
    "dodge": 2,
    "revert_to_itype": "bot_protectron_construction_inactive",
    "armor_bash": 12,
    "armor_cut": 8,
    "vision_day": 50,
    "starting_ammo": {
      "nail": 1000
    },
    "special_attacks": [
      [
        "PARROT",
        0
      ],
      {
        "type": "gun",
        "move_cost": 150,
        "gun_type": "nailgun",
        "fake_skills": [
          [
            "gun",
            0
          ],
          [
            "pistol",
            2
          ]
        ],
        "fake_dex": 8,
        "ranges": [
          [
            0,
            3,
            "DEFAULT"
          ]
        ]
      }
    ],
    "path_settings": {
      "max_dist": 5
    },
    "death_drops": {
      "groups": [
        [
          "robots",
          4
        ]
      ]
    },
    "death_function": [
      "BROKEN"
    ],
    "flags": [
      "SEES",
      "HEARS",
      "BASHES",
      "ELECTRONIC",
      "NO_BREATHE",
      "PRIORITIZE_TARGETS",
      "PATH_AVOID_DANGER_1"
    ]
  },
  {
    "id": "mon_protectron_fire",
    "type": "MONSTER",
    "name": {
      "str": "消防保卫机器人"
    },
    "description": "机器人坚固的Protectron模型是在大灾难之前创建的，在私营部门和商业部门都用作安全自动机。这个建筑模型有一个水炮和斧头。",
    "default_faction": "cop_bot",
    "species": [
      "ROBOT"
    ],
    "diff": 12,
    "volume": "62500 ml",
    "weight": "81500 g",
    "hp": 180,
    "speed": 60,
    "material": [
      "steel"
    ],
    "symbol": "P",
    "color": "red",
    "aggression": 20,
    "morale": 100,
    "melee_skill": 4,
    "melee_dice": 3,
    "melee_dice_sides": 2,
    "melee_cut": 10,
    "dodge": 2,
    "revert_to_itype": "bot_protectron_fire_inactive",
    "armor_bash": 12,
    "armor_cut": 8,
    "vision_day": 50,
    "starting_ammo": {
      "water": 1000
    },
    "special_attacks": [
      [
        "PARROT",
        0
      ],
      {
        "type": "gun",
        "move_cost": 100,
        "gun_type": "watercannon",
        "fake_skills": [
          [
            "gun",
            2
          ],
          [
            "launcher",
            2
          ]
        ],
        "fake_dex": 8,
        "ranges": [
          [
            0,
            5,
            "BURST"
          ]
        ]
      }
    ],
    "path_settings": {
      "max_dist": 5
    },
    "death_drops": {
      "groups": [
        [
          "robots",
          4
        ]
      ]
    },
    "death_function": [
      "BROKEN"
    ],
    "flags": [
      "SEES",
      "HEARS",
      "BASHES",
      "FIREPROOF",
      "ELECTRONIC",
      "NO_BREATHE",
      "PRIORITIZE_TARGETS",
      "PATH_AVOID_DANGER_1"
    ]
  },
  {
    "id": "mon_protectron_wattz",
    "type": "MONSTER",
    "name": {
      "str": "瓦茨克里尔"
    },
    "description": "机器人坚固的Protectron模型是在大灾难之前创建的，在私营部门和商业部门都用作安全自动机。多用途和模块化。你可以大量定制这些东西。这一个被编程为Wattz crier，它的激光器被取代。",
    "default_faction": "cop_bot",
    "species": [
      "ROBOT"
    ],
    "diff": 12,
    "volume": "62500 ml",
    "weight": "81500 g",
    "hp": 80,
    "speed": 60,
    "material": [
      "steel"
    ],
    "symbol": "P",
    "color": "light_gray",
    "aggression": 100,
    "morale": 100,
    "melee_skill": 4,
    "melee_dice": 3,
    "melee_dice_sides": 2,
    "melee_cut": 0,
    "dodge": 2,
    "revert_to_itype": "bot_protectron_wattz_inactive",
    "armor_bash": 12,
    "armor_cut": 8,
    "vision_day": 50,
    "special_attacks": [
      [
        "PARROT",
        0
      ],
      {
        "type": "gun",
        "cooldown": 2,
        "gun_type": "mon_wattz_1000",
        "ranges": [
          [
            0,
            12,
            "DEFAULT"
          ]
        ]
      }
    ],
    "path_settings": {
      "max_dist": 5
    },
    "death_drops": {
      "groups": [
        [
          "robots",
          4
        ]
      ]
    },
    "death_function": [
      "BROKEN"
    ],
    "flags": [
      "SEES",
      "HEARS",
      "BASHES",
      "ELECTRONIC",
      "NO_BREATHE",
      "PRIORITIZE_TARGETS",
      "PATH_AVOID_DANGER_1"
    ]
  },
  {
    "id": "mon_protectron_takahashi",
    "type": "MONSTER",
    "name": {
      "str": "厨师长Protectron"
    },
    "description": "机器人坚固的Protectron模型是在大灾难之前创建的，在私营部门和商业部门都用作安全自动机。这个有厨师帽，只会说日语。",
    "default_faction": "cop_bot",
    "species": [
      "ROBOT"
    ],
    "diff": 12,
    "volume": "62500 ml",
    "weight": "81500 g",
    "hp": 80,
    "speed": 60,
    "material": [
      "steel"
    ],
    "symbol": "P",
    "color": "yellow",
    "aggression": 0,
    "morale": 100,
    "melee_skill": 4,
    "melee_dice": 3,
    "melee_dice_sides": 2,
    "melee_cut": 0,
    "dodge": 2,
    "revert_to_itype": "bot_protectron_takahashi_inactive",
    "armor_bash": 12,
    "armor_cut": 8,
    "vision_day": 50,
    "special_attacks": [
      [
        "PARROT",
        0
      ],
      {
        "type": "gun",
        "cooldown": 6,
        "gun_type": "mon_laser_pistol_aep",
        "ranges": [
          [
            0,
            12,
            "DEFAULT"
          ]
        ]
      }
    ],
    "path_settings": {
      "max_dist": 5
    },
    "death_drops": {
      "groups": [
        [
          "robots",
          4
        ]
      ]
    },
    "death_function": [
      "BROKEN"
    ],
    "flags": [
      "SEES",
      "HEARS",
      "BASHES",
      "ELECTRONIC",
      "NO_BREATHE",
      "PRIORITIZE_TARGETS",
      "PATH_AVOID_DANGER_1"
    ]
  },
  {
    "id": "mon_protectron_subway",
    "type": "MONSTER",
    "name": {
      "str": "地铁管家"
    },
    "description": "机器人坚固的Protectron模型是在大灾难之前创建的，在私营部门和商业部门都用作安全自动机。多用途和模块化。这个人强烈要求地铁代币。",
    "default_faction": "cop_bot",
    "species": [
      "ROBOT"
    ],
    "diff": 12,
    "volume": "62500 ml",
    "weight": "81500 g",
    "hp": 80,
    "speed": 60,
    "material": [
      "steel"
    ],
    "symbol": "P",
    "color": "light_gray",
    "aggression": 60,
    "morale": 100,
    "melee_skill": 4,
    "melee_dice": 3,
    "melee_dice_sides": 2,
    "melee_cut": 0,
    "dodge": 2,
    "revert_to_itype": "bot_protectron_subway_inactive",
    "armor_bash": 12,
    "armor_cut": 8,
    "vision_day": 50,
    "special_attacks": [
      [
        "PARROT",
        0
      ],
      {
        "type": "gun",
        "cooldown": 6,
        "gun_type": "mon_laser_pistol_aep",
        "ranges": [
          [
            0,
            12,
            "DEFAULT"
          ]
        ]
      }
    ],
    "path_settings": {
      "max_dist": 5
    },
    "death_drops": {
      "groups": [
        [
          "robots",
          4
        ]
      ]
    },
    "death_function": [
      "BROKEN"
    ],
    "flags": [
      "SEES",
      "HEARS",
      "BASHES",
      "ELECTRONIC",
      "NO_BREATHE",
      "PRIORITIZE_TARGETS",
      "PATH_AVOID_DANGER_1"
    ]
  },
  {
    "id": "mon_protectron_fisto",
    "type": "MONSTER",
    "name": {
      "str": "Protectron？"
    },
    "description": "机器人坚固的Protectron模型是在大灾难之前创建的，在私营部门和商业部门都用作安全自动机。这个说的是…WWWWWWWWWWWWWWWWWWWWWWWWWWWW",
    "default_faction": "cop_bot",
    "species": [
      "ROBOT"
    ],
    "diff": 12,
    "volume": "62500 ml",
    "weight": "81500 g",
    "hp": 80,
    "speed": 60,
    "material": [
      "steel"
    ],
    "symbol": "P",
    "color": "light_gray",
    "aggression": 60,
    "morale": 100,
    "melee_skill": 4,
    "melee_dice": 3,
    "melee_dice_sides": 2,
    "dodge": 2,
    "revert_to_itype": "bot_protectron_fisto_inactive",
    "armor_bash": 12,
    "armor_cut": 8,
    "vision_day": 50,
    "starting_ammo": {
      "battery": 1000
    },
    "special_attacks": [
      [
        "PARROT",
        0
      ]
    ],
    "path_settings": {
      "max_dist": 5
    },
    "death_drops": {
      "groups": [
        [
          "robots",
          4
        ]
      ]
    },
    "death_function": [
      "BROKEN"
    ],
    "flags": [
      "SEES",
      "HEARS",
      "BASHES",
      "ELECTRONIC",
      "NO_BREATHE",
      "PRIORITIZE_TARGETS",
      "PATH_AVOID_DANGER_1"
    ]
  },
  {
    "id": "mon_eyebot_enclave",
    "type": "MONSTER",
    "name": {
      "str": "飞地无线电眼球无人机"
    },
    "description": "一个漂浮的眼球机器人，没有攻击性。它播放的是一个爱国电台，有约翰·亨利·伊登总统的最新消息。",
    "default_faction": "cop_bot",
    "species": [
      "ROBOT"
    ],
    "diff": 2,
    "volume": "30000 ml",
    "weight": "40750 g",
    "hp": 20,
    "speed": 120,
    "material": [
      "steel"
    ],
    "symbol": "e",
    "color": "light_gray",
    "morale": 100,
    "melee_cut": 0,
    "dodge": 3,
    "armor_bash": 8,
    "armor_cut": 10,
    "revert_to_itype": "bot_eyebot_enclave_inactive",
    "special_attacks": [
      [
        "PARROT",
        0
      ]
    ],
    "death_drops": {
      "groups": [
        [
          "robots",
          4
        ],
        [
          "eyebot",
          1
        ]
      ]
    },
    "death_function": [
      "BROKEN"
    ],
    "flags": [
      "SEES",
      "FLIES",
      "ELECTRONIC",
      "NO_BREATHE",
      "NOHEAD",
      "PRIORITIZE_TARGETS"
    ]
  },
  {
    "id": "mon_eyebot_minutemen",
    "type": "MONSTER",
    "name": {
      "str": "无线电自由眼点"
    },
    "description": "一个深蓝色的眼球机器人，电台播放着小提琴的演奏声，偶尔会有新闻报道。你不知道它们到底是自动播放的录音，还是义勇军真的在某个地方占据着一处据点。",
    "default_faction": "cop_bot",
    "species": [
      "ROBOT"
    ],
    "diff": 2,
    "volume": "30000 ml",
    "weight": "40750 g",
    "hp": 20,
    "speed": 120,
    "material": [
      "steel"
    ],
    "symbol": "e",
    "color": "blue",
    "morale": 100,
    "melee_cut": 0,
    "dodge": 3,
    "armor_bash": 8,
    "armor_cut": 10,
    "revert_to_itype": "bot_eyebot_minutemen_inactive",
    "special_attacks": [
      [
        "PARROT",
        0
      ]
    ],
    "death_drops": {
      "groups": [
        [
          "robots",
          4
        ],
        [
          "eyebot",
          1
        ]
      ]
    },
    "death_function": [
      "BROKEN"
    ],
    "flags": [
      "SEES",
      "FLIES",
      "ELECTRONIC",
      "NO_BREATHE",
      "NOHEAD",
      "PRIORITIZE_TARGETS"
    ]
  },
  {
    "id": "mon_eyebot_mrnewvegas",
    "type": "MONSTER",
    "name": {
      "str": "新维加斯电视台"
    },
    "description": "从遥远的西部播放广播的眼点。它有很多乡村歌曲，你会在罪恶之城听到的歌曲。电台主持人有一种你无法抗拒的魅力。",
    "default_faction": "cop_bot",
    "species": [
      "ROBOT"
    ],
    "diff": 2,
    "volume": "30000 ml",
    "weight": "40750 g",
    "hp": 20,
    "speed": 120,
    "material": [
      "steel"
    ],
    "symbol": "e",
    "color": "yellow",
    "morale": 100,
    "melee_cut": 0,
    "dodge": 3,
    "armor_bash": 8,
    "armor_cut": 10,
    "revert_to_itype": "bot_eyebot_mrnewvegas_inactive",
    "special_attacks": [
      [
        "PARROT",
        0
      ]
    ],
    "death_drops": {
      "groups": [
        [
          "robots",
          4
        ],
        [
          "eyebot",
          1
        ]
      ]
    },
    "death_function": [
      "BROKEN"
    ],
    "flags": [
      "SEES",
      "FLIES",
      "ELECTRONIC",
      "NO_BREATHE",
      "NOHEAD",
      "PRIORITIZE_TARGETS"
    ]
  },
  {
    "id": "mon_eyebot_gnr",
    "type": "MONSTER",
    "name": {
      "str": "银河新闻电台"
    },
    "description": "从华盛顿废墟中调到电台的眼点。电视台有一位夸夸其谈的主持人，他让你充满活力。",
    "default_faction": "cop_bot",
    "species": [
      "ROBOT"
    ],
    "diff": 2,
    "volume": "30000 ml",
    "weight": "40750 g",
    "hp": 20,
    "speed": 120,
    "material": [
      "steel"
    ],
    "symbol": "e",
    "color": "blue",
    "morale": 100,
    "melee_cut": 0,
    "dodge": 3,
    "armor_bash": 8,
    "armor_cut": 10,
    "revert_to_itype": "bot_eyebot_gnr_inactive",
    "special_attacks": [
      [
        "PARROT",
        0
      ]
    ],
    "death_drops": {
      "groups": [
        [
          "robots",
          4
        ],
        [
          "eyebot",
          1
        ]
      ]
    },
    "death_function": [
      "BROKEN"
    ],
    "flags": [
      "SEES",
      "FLIES",
      "ELECTRONIC",
      "NO_BREATHE",
      "NOHEAD",
      "PRIORITIZE_TARGETS"
    ]
  },
  {
    "id": "mon_eyebot_gnr_numbers",
    "type": "MONSTER",
    "name": {
      "str": "银河新闻电台？"
    },
    "description": "从华盛顿废墟中调到电台的眼点。那是GNR的三条狗吗？不…他听起来太沮丧了…",
    "default_faction": "cop_bot",
    "species": [
      "ROBOT"
    ],
    "diff": 2,
    "volume": "30000 ml",
    "weight": "40750 g",
    "hp": 20,
    "speed": 120,
    "material": [
      "steel"
    ],
    "symbol": "e",
    "color": "blue",
    "morale": 100,
    "melee_cut": 0,
    "dodge": 3,
    "armor_bash": 8,
    "armor_cut": 10,
    "revert_to_itype": "bot_eyebot_gnr_inactive",
    "special_attacks": [
      [
        "PARROT",
        0
      ]
    ],
    "death_drops": {
      "groups": [
        [
          "robots",
          4
        ],
        [
          "eyebot",
          1
        ]
      ]
    },
    "death_function": [
      "BROKEN"
    ],
    "flags": [
      "SEES",
      "FLIES",
      "ELECTRONIC",
      "NO_BREATHE",
      "NOHEAD",
      "PRIORITIZE_TARGETS"
    ]
  }
]