[
  {
    "type": "overmap_special",
    "id": "Prison_GS",
    "overmaps": [
      {
        "point": [
          0,
          -1,
          0
        ],
        "overmap": "road_end_north"
      },
      {
        "point": [
          -1,
          0,
          0
        ],
        "overmap": "prison_1_gs_3_north"
      },
      {
        "point": [
          0,
          0,
          0
        ],
        "overmap": "prison_1_gs_2_north"
      },
      {
        "point": [
          1,
          0,
          0
        ],
        "overmap": "prison_1_gs_1_north"
      },
      {
        "point": [
          -1,
          1,
          0
        ],
        "overmap": "prison_1_gs_6_north"
      },
      {
        "point": [
          0,
          1,
          0
        ],
        "overmap": "prison_1_gs_5_north"
      },
      {
        "point": [
          1,
          1,
          0
        ],
        "overmap": "prison_1_gs_4_north"
      },
      {
        "point": [
          -1,
          2,
          0
        ],
        "overmap": "prison_1_gs_9_north"
      },
      {
        "point": [
          0,
          2,
          0
        ],
        "overmap": "prison_1_gs_8_north"
      },
      {
        "point": [
          1,
          2,
          0
        ],
        "overmap": "prison_1_gs_7_north"
      },
      {
        "point": [
          -1,
          0,
          -1
        ],
        "overmap": "prison_1_gs_b_3_north"
      },
      {
        "point": [
          0,
          0,
          -1
        ],
        "overmap": "prison_1_gs_b_2_north"
      },
      {
        "point": [
          1,
          0,
          -1
        ],
        "overmap": "prison_1_gs_b_1_north"
      },
      {
        "point": [
          -1,
          1,
          -1
        ],
        "overmap": "prison_1_gs_b_6_north"
      },
      {
        "point": [
          0,
          1,
          -1
        ],
        "overmap": "prison_1_gs_b_5_north"
      },
      {
        "point": [
          1,
          1,
          -1
        ],
        "overmap": "prison_1_gs_b_4_north"
      },
      {
        "point": [
          -1,
          2,
          -1
        ],
        "overmap": "prison_1_gs_b_9_north"
      },
      {
        "point": [
          0,
          2,
          -1
        ],
        "overmap": "prison_1_gs_b_8_north"
      },
      {
        "point": [
          1,
          2,
          -1
        ],
        "overmap": "prison_1_gs_b_7_north"
      },
      {
        "point": [
          -1,
          0,
          1
        ],
        "overmap": "prison_1_gs_2f_3_north"
      },
      {
        "point": [
          0,
          0,
          1
        ],
        "overmap": "prison_1_gs_2f_2_north"
      },
      {
        "point": [
          1,
          0,
          1
        ],
        "overmap": "prison_1_gs_2f_1_north"
      },
      {
        "point": [
          -1,
          1,
          1
        ],
        "overmap": "prison_1_gs_2f_6_north"
      },
      {
        "point": [
          0,
          1,
          1
        ],
        "overmap": "prison_1_gs_2f_5_north"
      },
      {
        "point": [
          1,
          1,
          1
        ],
        "overmap": "prison_1_gs_2f_4_north"
      },
      {
        "point": [
          -1,
          2,
          1
        ],
        "overmap": "prison_1_gs_2f_9_north"
      },
      {
        "point": [
          0,
          2,
          1
        ],
        "overmap": "prison_1_gs_2f_8_north"
      },
      {
        "point": [
          1,
          2,
          1
        ],
        "overmap": "prison_1_gs_2f_7_north"
      },
      {
        "point": [
          -1,
          0,
          2
        ],
        "overmap": "prison_1_3f_3_north"
      },
      {
        "point": [
          0,
          0,
          2
        ],
        "overmap": "prison_1_3f_2_north"
      },
      {
        "point": [
          1,
          0,
          2
        ],
        "overmap": "prison_1_3f_1_north"
      },
      {
        "point": [
          -1,
          1,
          2
        ],
        "overmap": "prison_1_3f_6_north"
      },
      {
        "point": [
          0,
          1,
          2
        ],
        "overmap": "prison_1_3f_5_north"
      },
      {
        "point": [
          1,
          1,
          2
        ],
        "overmap": "prison_1_3f_4_north"
      },
      {
        "point": [
          -1,
          2,
          2
        ],
        "overmap": "prison_1_3f_9_north"
      },
      {
        "point": [
          0,
          2,
          2
        ],
        "overmap": "prison_1_3f_8_north"
      },
      {
        "point": [
          1,
          2,
          2
        ],
        "overmap": "prison_1_3f_7_north"
      }
    ],
    "connections": [
      {
        "point": [
          0,
          -1,
          0
        ]
      }
    ],
    "locations": [
      "land"
    ],
    "city_distance": [
      5,
      40
    ],
    "city_sizes": [
      4,
      -1
    ],
    "occurrences": [
      10,
      100
    ],
    "flags": [
      "CLASSIC",
      "UNIQUE"
    ]
  },
  {
    "type": "overmap_terrain",
    "id": [
      "prison_1_gs_1",
      "prison_1_gs_2",
      "prison_1_gs_3",
      "prison_1_gs_4",
      "prison_1_gs_5",
      "prison_1_gs_6",
      "prison_1_gs_7",
      "prison_1_gs_8",
      "prison_1_gs_9"
    ],
    "name": "监狱",
    "sym": "p",
    "color": "i_light_blue",
    "see_cost": 5,
    "flags": [
      "SIDEWALK",
      "RISK_HIGH"
    ]
  },
  {
    "type": "overmap_terrain",
    "id": [
      "prison_1_gs_b_1",
      "prison_1_gs_b_2",
      "prison_1_gs_b_3",
      "prison_1_gs_b_4",
      "prison_1_gs_b_5",
      "prison_1_gs_b_6",
      "prison_1_gs_b_7",
      "prison_1_gs_b_8",
      "prison_1_gs_b_9",
      "prison_1_gs_2f_1",
      "prison_1_gs_2f_2",
      "prison_1_gs_2f_3",
      "prison_1_gs_2f_4",
      "prison_1_gs_2f_5",
      "prison_1_gs_2f_6",
      "prison_1_gs_2f_7",
      "prison_1_gs_2f_8",
      "prison_1_gs_2f_9"
    ],
    "name": "监狱",
    "sym": "p",
    "color": "i_light_blue",
    "see_cost": 5
  }
]