[
  {
    "type": "mapgen",
    "om_terrain": [
      [
        "ws_biker_dump_0_0",
        "ws_biker_dump_1_0",
        "ws_biker_dump_2_0",
        "ws_biker_dump_3_0"
      ]
    ],
    "method": "json",
    "weight": 250000000,
    "object": {
      "faction_owner": [
        {
          "id": "sunset_bikers",
          "x": [
            0,
            23
          ],
          "y": [
            0,
            23
          ]
        },
        {
          "id": "sunset_bikers",
          "x": [
            24,
            47
          ],
          "y": [
            0,
            23
          ]
        },
        {
          "id": "sunset_bikers",
          "x": [
            48,
            71
          ],
          "y": [
            0,
            23
          ]
        },
        {
          "id": "sunset_bikers",
          "x": [
            72,
            95
          ],
          "y": [
            0,
            23
          ]
        }
      ],
      "fill_ter": "t_dirt",
      "rows": [
        "..,..,.....,...,..,..,.,2,.,.,..,..,...,,..,....2,,..'..XXX..XXX.'.,..,.2.,.,..,.,....,....,..,,",
        ".-------------------------------------------------,.XXX'.H.'.'H''XXX..-------------------------.",
        ".|,,..,....,...,..,,..,.,.,..,...,.....,.,,..,..,,.,.'.''.',''''.''.,.,,..,.,.,.,.....,..,.,.,|,",
        ".|.-----------------------------------------------,.H''',.''''.''''H..-----------------------.|.",
        ",|.|.,..,..,..,,..,...,..,..,..,...,...,..,.,..,.,..''''''',''''''''.,.,.,.....,,...,.UUUU.,|,|.",
        ".|,|.yyyyyyyyyyyyyyyyyyyyyyyyyyyyyyyyyyyyyyyyyyyyyyy''''''''''''''''...,.,##ooo##.....UUUU.,|.|,",
        ".|.|,y''''''''''''''''''''''''''''''''''''''''''''''''''''''''''''''.H....#ddd  #...,..,,.,,|,|.",
        ".|,|.y''''''''''''''''''''''''''''''''''''''''''''''''''''''''''''''......od h  +.....UUUU..|.|.",
        ",|.|,y''''''''''''''''''''''''''''''''''''''''''''''''''''''''''''''.....,od   L#.UU..UUUU.,|.|,",
        ".|.|.y''''''''''''''''''''''''''''''''''''''''''''''''''''''''''''''......odh  L#.UU...,.,..|,|.",
        ",|,|,y''''''''''''''''''''''''''''''''''''''''''''''''''''''''''''''.H....#ddddd#,UU.,UUUU.,|.|.",
        ".|.|.yyyyyyyyy''''''''yyyyyyyy''''''''''''''''''''''''''''''''''''''.....,##ooo##,UU..UUUU..|,|,",
        ".|,|,y''''''''''''''''''''''''''''''''''''''''''''''''''''''''''''''.....,.,,,.,....,..,..,.|.|,",
        ".|.|.y''''''''''''''''''''''''''''''''''''''''''''''''''''''''''''''......,....,.,..,.UUUU..|,|.",
        ".|,|.y''''''''''''''''''''''''''''''''''''''''''''''''''''''''''''''......,..,...,....UUUU.,|.|,",
        ",|.|,y''''''''''''''''''''''''''''''''''''''''''''''''''''''''''''''...r..r....,....,...,..,|.|,",
        ".|,|.y''''''''''''''''''''''''''''''''''''''''''''''''''''''''''''''..........r.......r.....|,|.",
        ".|.|,yyyyyyyyy''''''''yyyyyyyy''''''''yyyyyyyyyyyyyy''''''''''''''''.......,...r.,...,...,..|.|,",
        ",|.|.y''''''''''''''''''''''''''''''''''''''''''....''''''''''''''''..........r..r...r......|,|.",
        ",|,|.y''''''''''''''''''''''''''''''''''''''''''.X..''''''''''''''''.r...........,...r....r.|.|,",
        ".|.|,y''''''''''''''''''''''''''''''''''''''''''.X..''''''''''''''''........r....r...r.,..,.|,|.",
        ",|.|.y''''''''''''''''''''''''''''''''''''''''''....''''''''''''''''.............,...,.,....|.|,",
        ".|,|.y''''''''''''''''''''''''''''''''''''''''''.X..''''''''''''''''...rr...r........r...,..|,|,",
        ",|.|,yyyyyyyyy''''''''yy2yyyyy''''''''yyyyyyyyy.2X..''''''''''''''''....2......r.,.,...,..r.|.|."
      ],
      "palettes": [
        "regional_dump"
      ],
      "place_zones": [
        {
          "type": "NPC_INVESTIGATE_ONLY",
          "faction": "sunset_bikers",
          "x": [
            0,
            23
          ],
          "y": [
            0,
            23
          ]
        },
        {
          "type": "NPC_INVESTIGATE_ONLY",
          "faction": "sunset_bikers",
          "x": [
            24,
            47
          ],
          "y": [
            0,
            23
          ]
        },
        {
          "type": "NPC_INVESTIGATE_ONLY",
          "faction": "sunset_bikers",
          "x": [
            48,
            71
          ],
          "y": [
            0,
            23
          ]
        },
        {
          "type": "NPC_INVESTIGATE_ONLY",
          "faction": "sunset_bikers",
          "x": [
            72,
            95
          ],
          "y": [
            0,
            23
          ]
        }
      ],
      "furniture": {
        "H": "f_55gal_firebarrel"
      },
      "items": {
        ".": {
          "item": "trash",
          "chance": 5
        },
        "r": {
          "item": "oa_ig_rd_metal_trash",
          "chance": 15
        },
        "U": {
          "item": "oa_discarded_news",
          "chance": 20
        },
        "d": {
          "item": "oa_ig_rd_desks",
          "chance": 20
        },
        "L": {
          "item": "oa_ig_rd_lockers",
          "chance": 90
        }
      },
      "place_vehicles": [
        {
          "vehicle": "motorcycle",
          "x": 8,
          "y": 9,
          "rotation": 180,
          "chance": 10
        },
        {
          "vehicle": "motorcycle",
          "x": 14,
          "y": 7,
          "rotation": 0,
          "chance": 10
        },
        {
          "vehicle": "motorcycle",
          "x": 8,
          "y": 15,
          "rotation": 180,
          "chance": 10
        },
        {
          "vehicle": "motorcycle",
          "x": 14,
          "y": 13,
          "rotation": 0,
          "chance": 10
        },
        {
          "vehicle": "motorcycle",
          "x": 8,
          "y": 21,
          "rotation": 180,
          "chance": 10
        },
        {
          "vehicle": "motorcycle",
          "x": 14,
          "y": 19,
          "rotation": 0,
          "chance": 10
        },
        {
          "vehicle": "motorcycle",
          "x": 37,
          "y": 21,
          "rotation": 180,
          "chance": 10
        },
        {
          "vehicle": "motorcycle",
          "x": 43,
          "y": 19,
          "rotation": 0,
          "chance": 10
        }
      ]
    }
  },
  {
    "type": "mapgen",
    "om_terrain": [
      [
        "ws_biker_dump_0_1",
        "ws_biker_dump_1_1",
        "ws_biker_dump_2_1",
        "ws_biker_dump_3_1"
      ]
    ],
    "method": "json",
    "weight": 250000000,
    "object": {
      "faction_owner": [
        {
          "id": "sunset_bikers",
          "x": [
            0,
            23
          ],
          "y": [
            0,
            23
          ]
        },
        {
          "id": "sunset_bikers",
          "x": [
            24,
            47
          ],
          "y": [
            0,
            23
          ]
        },
        {
          "id": "sunset_bikers",
          "x": [
            48,
            71
          ],
          "y": [
            0,
            23
          ]
        },
        {
          "id": "sunset_bikers",
          "x": [
            72,
            95
          ],
          "y": [
            0,
            23
          ]
        }
      ],
      "fill_ter": "t_dirt",
      "rows": [
        ".|.|,y''''''''''''''''''2'''''''''''''''''''''y.2.,.''H''''''''''H'',..,2.r.....r.....,...r,|.|.",
        ",|,|.y''''''''''''''''''''''''''''''''''''''''y.,...''''''''''''''''........r...r.r...r.,r.,|,|,",
        ".|,|,y''''''''''''''''''''''''''''''''''''''''y..X,.''''''''''''''''.,..r....rR.r.r.r,.,.r..|.|,",
        ",|.|.y''''''''''''''''''''''''''''''''''''''''y..X..''''''''''''.'''........r.Rr.rR,r...,.r.|.|.",
        ".|,|.y''''''''''''''''''''''''''''''''''''''''y.,.,.''''''.'''''''''.,......r.r,Rrrr.wrr.r.,|,|,",
        ".|.|,yyyyyyyyy''''''''yyyyyyyy''''''''yyyyyyyyy.....'''.''''''''''''...,..r.R.,rrrw.rRrr.,r.|.|.",
        ",|,|.y''''''''''''''''''''''''''''''''''''''''y..X,.'.''''''''.''''.......r..r.r.rwr,r,rrrr.|,|,",
        ".|.|.y''''''''''''''''''''''''''''''''''''''''y.,X....'''''''''''.'..,......rr.Rrwr,rRrwrr,.|,|.",
        ",|.|,y''''''''''''''''''''''''''''''''''''''''y..,.'.''.'''''''''''...,....r.r.r.r.,r.r,.r,r|.|,",
        ",|.|.y''''''''''''''''''''''''''''''''''''''''y..,..''H'''H'''H''.H..,....r...RR.wRr,wR,Rr..|,|.",
        ",|,|.y''''''''''''''''''''''''''''''''''''''''y..X..'XXX'XXX.XXX'XXX.......,.r.R.r.r.R.r.r.r|.|.",
        ".|.|,yyyyyyyyyyyyyyyyyyyyyyyyyyyyyyyyyyyyyyyyyy.X.X..'.'.'''''''''...X...,r..r,.w.R.r..w.R.r|.|,",
        ",|,|,....,.....,....,.,..,..,.,......,....,.....|...''''.'.''''.''''...|.,.,..,...,..,.r..rr|,|.",
        ".|.|--------------------------------------------|...'''.'''.'''''.''...|--------------------|.|,",
        ",|.|.,..,....,...,..,....t.BB.,^..p.^F,E^E.pE,..|.....'.'.''''.'''.....|,.,..w..w.,......,..|.|.",
        ",|,|.,.....,..,...,..,...1D,EF.E2,.1W1.t.,1.2.D.....'.'.'.'.''.'..'......,R.w..,..w.r.,.w.,.|,|,",
        ",|.|..,.,................,.SO^^^p2St^E.FW.2p2EB......'....'.''...'..........,.R.w.,w...w..w.|.|.",
        ".|,|..,..................,t.Wp^^pp^^D^DEB^.CBB.........'...'..............w.w.,w.,w.r,Rww,..|,|.",
        ".|.|,...,.................11SE^W^^B^^D^WD.EOBB.................'..'......wR..r.w.w.,.r,,..w,|.|,",
        ",|.|..,.,.................p.W1EfO^BWDU23W3^.tO.......'...'...'..............w..w.wrRr.w.w,..|.|.",
        ".|,|,...,.................D1OtS^f1WtSp^S.BSB.^..................'........w.R.r.w.wrwwr.w.,w,|,|,",
        ".|.|..,...................^.BBS^.E.S^.SEp3^.fS..............'...............w..w..R.ww.r...,|.|.",
        ",|,|,.,.,.................U.3.D3.t.S.E.D.3.............'..................R..r...w..r...w.,.|,|,",
        ".|.|,..,..,.............2.U....^.3..1..^.S...^..2.......................2........w........,.|.|."
      ],
      "palettes": [
        "regional_dump"
      ],
      "place_zones": [
        {
          "type": "NPC_INVESTIGATE_ONLY",
          "faction": "sunset_bikers",
          "x": [
            0,
            23
          ],
          "y": [
            0,
            23
          ]
        },
        {
          "type": "NPC_INVESTIGATE_ONLY",
          "faction": "sunset_bikers",
          "x": [
            24,
            47
          ],
          "y": [
            0,
            23
          ]
        },
        {
          "type": "NPC_INVESTIGATE_ONLY",
          "faction": "sunset_bikers",
          "x": [
            48,
            71
          ],
          "y": [
            0,
            23
          ]
        },
        {
          "type": "NPC_INVESTIGATE_ONLY",
          "faction": "sunset_bikers",
          "x": [
            72,
            95
          ],
          "y": [
            0,
            23
          ]
        }
      ],
      "furniture": {
        "H": "f_55gal_firebarrel"
      },
      "items": {
        "1": {
          "item": "oa_ig_rd_electronic_trash",
          "chance": 10
        },
        "2": {
          "item": "trash",
          "chance": 10
        },
        "3": {
          "item": "oa_ig_rd_metal_trash",
          "chance": 10
        },
        "B": {
          "item": "oa_custom_trash",
          "chance": 15
        },
        "W": {
          "item": "allclothes",
          "chance": 5
        },
        "D": {
          "item": "allclothes",
          "chance": 5
        },
        "r": {
          "item": "oa_ig_rd_metal_trash",
          "chance": 15
        },
        "R": {
          "item": "oa_ig_rd_metal_trash",
          "chance": 15
        },
        "w": {
          "item": "oa_ig_rd_metal_trash",
          "chance": 45
        }
      },
      "place_npcs": [
        {
          "class": "bandit_sb",
          "x": 50,
          "y": 12
        },
        {
          "class": "thug_sb",
          "x": 54,
          "y": 10
        },
        {
          "class": "bandit_sb",
          "x": 62,
          "y": 14
        },
        {
          "class": "thug_sb",
          "x": 56,
          "y": 16
        },
        {
          "class": "thug_sb",
          "x": 64,
          "y": 18
        },
        {
          "class": "thug_sb",
          "x": 28,
          "y": 12
        }
      ],
      "place_vehicles": [
        {
          "vehicle": "motorcycle",
          "x": 56,
          "y": 16,
          "rotation": 180,
          "chance": 50,
          "status": 0
        },
        {
          "vehicle": "motorcycle_cross",
          "x": 56,
          "y": 18,
          "rotation": 180,
          "chance": 50,
          "status": 0
        },
        {
          "vehicle": "motorcycle_enduro",
          "x": 56,
          "y": 20,
          "rotation": 180,
          "chance": 50,
          "status": 0
        },
        {
          "vehicle": "superbike",
          "x": 56,
          "y": 22,
          "rotation": 180,
          "chance": 50,
          "status": 0
        },
        {
          "vehicle": "motorcycle_sidecart",
          "x": 66,
          "y": 16,
          "rotation": 180,
          "chance": 50,
          "status": 0
        },
        {
          "vehicle": "scooter",
          "x": 64,
          "y": 18,
          "rotation": 180,
          "chance": 50,
          "status": 0
        },
        {
          "vehicle": "motorcycle",
          "x": 64,
          "y": 20,
          "rotation": 180,
          "chance": 50,
          "status": 0
        },
        {
          "vehicle": "motorcycle",
          "x": 64,
          "y": 22,
          "rotation": 180,
          "chance": 50,
          "status": 0
        }
      ]
    }
  },
  {
    "type": "mapgen",
    "om_terrain": [
      [
        "ws_biker_dump_0_2",
        "ws_biker_dump_1_2",
        "ws_biker_dump_2_2",
        "ws_biker_dump_3_2"
      ]
    ],
    "method": "json",
    "weight": 250000000,
    "object": {
      "faction_owner": [
        {
          "id": "sunset_bikers",
          "x": [
            0,
            23
          ],
          "y": [
            0,
            23
          ]
        },
        {
          "id": "sunset_bikers",
          "x": [
            24,
            47
          ],
          "y": [
            0,
            23
          ]
        },
        {
          "id": "sunset_bikers",
          "x": [
            48,
            71
          ],
          "y": [
            0,
            23
          ]
        },
        {
          "id": "sunset_bikers",
          "x": [
            72,
            95
          ],
          "y": [
            0,
            23
          ]
        }
      ],
      "fill_ter": "t_dirt",
      "rows": [
        ".|,|,...,...............2..^.^...WW.....^.......2...%.....%.........%...2.R...r..r..R...,w.w|,|.",
        ",|.|..,....................^..^.p.^.^..D...^p.........H.......%.......H..w..w...R..ww..R,.,.|.|,",
        ",|,|,......................D..^...p.S........^......%......h.....@@.%.......R.r..rR..ww.wr..|.|,",
        ".|.|.,..,.................^..p..B....^.^...p.........5555555557555555555........R.w...R.,.,w|,|.",
        ",|.|.,..........................B....^...,...^.......5FttF       t t@@@5....w.r...w.w..w.r..|.|,",
        ".|,|..,.....................^....^.....^....^........5O   htth   @    @5....,..R.w..rR.,.,.,|.|.",
        ",|.|.,..,......................^.,..^......^p^.......5t   htth   @    @5.......w.r.w..w..,r.|,|.",
        ".|,|..,.............................^.$$$$..^........5StF          tt @5.........r.Rw.wR.R.,|.|,",
        ",|.|...,.............................................5555755555==5555555.......R.w.ww..,....|,|.",
        ".|,|.,.,............................$................5S   l5bL5  5bL b5............Rw.w,.R..|.|.",
        ",|.|.......................^........$.........%%%%%%%5O V l5b =  =   L5..........r..w.w.w...|.|,",
        ".|,|....,.................^p^...,.........,...%......5O Vh 5555  5b  b5.............w.R..,.r|,|.",
        ",|.|.,.....................^...........^......*..H...5O Vh 5LL5  5L  L5.............,..,.R..|.|.",
        ".|.|....,.....................^.............^.%.....h5S Vh 5  =  5b  b5...............R..,w.|,|,",
        ",|,|.,....,...................^p^...$$.....^p^%......7  V l5bb5  5L  L5..............,..,.r,|.|.",
        ".|.|.,.,.......................^.....$......^.%......5l   l5bb5  5b  b5................,w.,.|.|,",
        ",|.|.....,.,......^..................$$$^.....%......5575555555=5555555.................,..r|,|.",
        ".|,|..,....p........p..................^p.....%......5M M5&5    B5KK.a^^.^...............w,.|.|,",
        ",|.|.,..,....^.p..^....p.g..p...,........^....%%%%*%%5M M5 =    B5..a^^paaa..............,.,|,|.",
        ".|.|.,.,..,.......G..p.p.G.g..^......................5MMM5S5BB   5.^aappa^a^............,.w,|,|,",
        ",|,|....,..p.^.gpg.p.g^gg^gG.g..p^.........^.........5555555555555a^aapppa^.a^..........,.,.|,|.",
        ".|.|..,...,.^..,^gG..G.^pg^GgpG^.^..........p^..$................aa^apppppa^.a^......,...,..|.|,",
        ",|.|.,..p.,.^.p,G.^g.^ggGgg^pg^^..g.........^...$$$$.$$$..$$$...a^^apppppppa^a^.a......,..,.|,|,",
        ".|,|.,....,...g.pg.g.Gg.2^Gg.g^.p^.p............2........$$.$..a^^ppppp2ppp^aa^.a......,..,.|.|."
      ],
      "palettes": [
        "regional_dump"
      ],
      "place_zones": [
        {
          "type": "NPC_INVESTIGATE_ONLY",
          "faction": "sunset_bikers",
          "x": [
            0,
            23
          ],
          "y": [
            0,
            23
          ]
        },
        {
          "type": "NPC_INVESTIGATE_ONLY",
          "faction": "sunset_bikers",
          "x": [
            24,
            47
          ],
          "y": [
            0,
            23
          ]
        },
        {
          "type": "NPC_INVESTIGATE_ONLY",
          "faction": "sunset_bikers",
          "x": [
            48,
            71
          ],
          "y": [
            0,
            23
          ]
        },
        {
          "type": "NPC_INVESTIGATE_ONLY",
          "faction": "sunset_bikers",
          "x": [
            72,
            95
          ],
          "y": [
            0,
            23
          ]
        }
      ],
      "place_npcs": [
        {
          "class": "thug_sb",
          "x": 25,
          "y": 41
        },
        {
          "class": "NPC_bandit_sb_drugmaker",
          "x": 40,
          "y": 6
        },
        {
          "class": "thug_sb",
          "x": 40,
          "y": 16
        },
        {
          "class": "bandit_sb",
          "x": 47,
          "y": 13
        },
        {
          "class": "thug_sb",
          "x": 47,
          "y": 15
        },
        {
          "class": "bandit_sb",
          "x": 48,
          "y": 16
        },
        {
          "class": "thug_sb",
          "x": 49,
          "y": 12
        },
        {
          "class": "bandit_sb",
          "x": 51,
          "y": 14
        },
        {
          "class": "bandit_sb",
          "x": 55,
          "y": 5
        },
        {
          "class": "bandit_sb",
          "x": 56,
          "y": 13
        },
        {
          "class": "bandit_sb",
          "x": 56,
          "y": 11
        },
        {
          "class": "NPC_bandit_sb_mechanic",
          "x": 59,
          "y": 2
        },
        {
          "class": "bandit_sb",
          "x": 59,
          "y": 13
        },
        {
          "class": "thug_sb",
          "x": 63,
          "y": 6
        },
        {
          "class": "bandit_sb",
          "x": 63,
          "y": 18
        },
        {
          "class": "thug_sb",
          "x": 66,
          "y": 12
        },
        {
          "class": "thug_sb",
          "x": 64,
          "y": 6
        },
        {
          "class": "thug_sb",
          "x": 67,
          "y": 11
        },
        {
          "class": "thug_sb",
          "x": 75,
          "y": 4
        },
        {
          "class": "thug_sb",
          "x": 75,
          "y": 19
        }
      ],
      "set": [
        {
          "point": "trap",
          "id": "tr_funnel",
          "x": 52,
          "y": 16
        },
        {
          "point": "trap",
          "id": "tr_funnel",
          "x": 52,
          "y": 17
        }
      ],
      "terrain": {
        "5": "t_junk_wall",
        "7": "t_door_makeshift_c",
        "%": "t_pit_spiked",
        "*": "t_pit_spiked_covered",
        "b": "t_junk_floor",
        "h": "t_junk_floor",
        "O": "t_junk_floor",
        "F": "t_junk_floor",
        "t": "t_junk_floor",
        "V": "t_junk_floor",
        "@": "t_junk_floor",
        "M": "t_junk_floor",
        "P": "t_junk_floor",
        " ": "t_junk_floor",
        "l": "t_junk_floor",
        "=": "t_door_curtain_c",
        "$": "t_junk_palisade"
      },
      "furniture": {
        "b": "f_bed",
        "t": "f_table",
        "V": "f_table",
        "l": "f_locker",
        "@": "f_sofa",
        "K": "f_water_heater",
        "M": "f_utility_shelf",
        "H": "f_55gal_firebarrel",
        "P": "f_shower"
      },
      "toilets": {
        "&": {}
      },
      "liquids": {
        "K": {
          "liquid": "water_clean",
          "amount": [
            0,
            100
          ]
        }
      },
      "place_loot": [
        {
          "item": "television",
          "x": 68,
          "y": 7,
          "chance": 100
        },
        {
          "item": "stepladder",
          "x": 68,
          "y": 17,
          "chance": 100
        },
        {
          "item": "55gal_drum",
          "x": 62,
          "y": 19,
          "chance": 100
        },
        {
          "item": "55gal_drum",
          "x": 64,
          "y": 19,
          "chance": 100
        },
        {
          "item": "55gal_drum",
          "x": 52,
          "y": 15,
          "chance": 100
        },
        {
          "item": "55gal_drum",
          "x": 52,
          "y": 17,
          "chance": 100
        }
      ],
      "items": {
        ".": {
          "item": "trash",
          "chance": 5
        },
        "^": {
          "item": "trash",
          "chance": 2
        },
        " ": {
          "item": "trash",
          "chance": 10
        },
        "g": {
          "item": "oa_ig_rd_glass_trash",
          "chance": 10
        },
        "G": {
          "item": "oa_ig_rd_glass_trash",
          "chance": 5
        },
        "W": {
          "item": "allclothes",
          "chance": 5
        },
        "D": {
          "item": "allclothes",
          "chance": 5
        },
        "p": {
          "item": "trash",
          "chance": 5
        },
        "a": {
          "item": "oa_ig_ash_pile",
          "chance": 40
        },
        "b": {
          "item": "bed",
          "chance": 40
        },
        "F": {
          "item": "fridge",
          "chance": 40,
          "repeat": [
            2,
            6
          ]
        },
        "S": {
          "item": "softdrugs",
          "chance": 40,
          "repeat": [
            2,
            6
          ]
        },
        "O": {
          "item": "oven",
          "chance": 40,
          "repeat": [
            2,
            6
          ]
        },
        "l": {
          "item": "methchef",
          "chance": 40,
          "repeat": [
            2,
            6
          ]
        },
        "V": {
          "item": "methlab",
          "chance": 40,
          "repeat": [
            2,
            6
          ]
        },
        "L": [
          {
            "item": "harddrugs",
            "chance": 20,
            "repeat": [
              1,
              2
            ]
          },
          {
            "item": "allclothes",
            "chance": 30,
            "repeat": [
              2,
              3
            ]
          },
          {
            "item": "ammo_common",
            "chance": 20,
            "repeat": [
              1,
              2
            ]
          },
          {
            "item": "flask_liquor",
            "chance": 20
          }
        ],
        "t": [
          {
            "item": "homebooks",
            "chance": 5,
            "repeat": [
              1,
              2
            ]
          },
          {
            "item": "kitchen_counters",
            "chance": 20,
            "repeat": [
              1,
              2
            ]
          },
          {
            "item": "dishes_dining",
            "chance": 20,
            "repeat": [
              1,
              2
            ]
          },
          {
            "item": "dishes_utility",
            "chance": 20
          },
          {
            "item": "kitchen_appliances",
            "chance": 20
          }
        ],
        "M": [
          {
            "item": "gunmod_common",
            "chance": 50,
            "repeat": [
              1,
              2
            ]
          },
          {
            "item": "home_hw",
            "chance": 50,
            "repeat": [
              1,
              2
            ]
          },
          {
            "item": "guns_common",
            "chance": 50,
            "repeat": [
              4,
              6
            ]
          },
          {
            "item": "ammo_common",
            "chance": 20,
            "repeat": [
              6,
              10
            ]
          }
        ]
      }
    }
  },
  {
    "type": "mapgen",
    "om_terrain": [
      [
        "ws_biker_dump_0_3",
        "ws_biker_dump_1_3",
        "ws_biker_dump_2_3",
        "ws_biker_dump_3_3"
      ]
    ],
    "method": "json",
    "weight": 250000000,
    "object": {
      "faction_owner": [
        {
          "id": "sunset_bikers",
          "x": [
            0,
            23
          ],
          "y": [
            0,
            23
          ]
        },
        {
          "id": "sunset_bikers",
          "x": [
            24,
            47
          ],
          "y": [
            0,
            23
          ]
        },
        {
          "id": "sunset_bikers",
          "x": [
            48,
            71
          ],
          "y": [
            0,
            23
          ]
        },
        {
          "id": "sunset_bikers",
          "x": [
            72,
            95
          ],
          "y": [
            0,
            23
          ]
        }
      ],
      "fill_ter": "t_dirt",
      "rows": [
        ".|,|.,.g.p^g.^gGG.g^.g.G^2G.p.g..pg..p.g......^..2...........a.aapppppppp2pa.a.........,.,.,|.|,",
        ",|.|.^.,.gp^g^gp^g.gpg^gpg.g.G.pg.pGp.g.....^..........a...a^apppppppppppppa^a^a........,.,.|,|,",
        ".|,|,.,^..g.p^gpGgG^gg^g^pGpp.g.^g.ggp..............^..a..aapppppppppppppppppa^^........,.,.|.|.",
        ",|,|.^,...g..g^.^p^g..G^p.g.pG.^...G...^....^..............^aapppppppppppppppaa.........,.,.|,|,",
        ".|,|.,..^...p.Gg^g.p.g^.gpgp^.g.^g.g.p...............^...a.^aaappppppppappppa^a........,.,..|.|.",
        ",|.|,.....^..g..^^.gpgp^gp^..G.g.^.G...^............^^......^appppppppppaapa.^.^.........,.,|.|.",
        ".|,|.,,.,^...^..Gg.g..p^..g.^.g..g........................a..^pppppppppa^.a^............,.,.|,|,",
        ",|,|.,.,.^..p..g...p.g^g..Gp.pg^.^g..p.^.....................^pppapppaa^...............,.,.,|.|.",
        ",|.|,.,......^...g..G.^.g.^.g.^.g....................^.....a.apppaapaa^.................,.,.|,|,",
        ",|.|.,.,.^.........^.g....gp^g^.p^gp................^^^....a.^apaaaaa^.a...............,...,|.|.",
        ".|,|..,....^...^.......g..g.g.....p...^..............^........aa^.^a...................,.,,.|,|,",
        ",|,|.,.,,...^......g......g...p....p......................^.....aa....a...............,..,..|.|.",
        ".|.|.,,,......^......^.........^.........................^^^....aa..a..................,.,.,|,|.",
        ",|.|.,..,.................^.^....p........................^.............................,.,.|.|,",
        ".|,|..,......................p...........p...................^^.....^^.................,.,.,|,|.",
        ",|.|..,.,.................p..................p................^....^^^^..................,.,|.|,",
        ".|.|.,,,.................................p...........,....,..,......^^...................,..|,|.",
        ",|.|.,,..,......,...........,.,...,....,...,..,...,.......,....,..,..,....,,.,.,....,..,...,|.|.",
        ".|,|.,.,.,.,.,...,.,.,....,.,.,.,.,.,....,.,.,....,..,.,...,.,.,.,..,.....,.,..,..,.,.,..,..|,|,",
        ",|.|.,.,.,,..,.,.,,,.,,,,.,.,...,.,...,....,.,..,..,.,...,...,...,..,..,.,,.,..,........,.,,|,|.",
        ".|,------------------------------------------------------------------------------------------.|,",
        ",|.,..,..,.,...,,..,..,...,,.,..,...,....,...,.,...,.,.,.,..,...,....,.,.,.,.,..,..,...,.,.,.,|.",
        ",----------------------------------------------------------------------------------------------,",
        "..,....,,..,,..,...,..,..2.,..,,,..,,,,,..,...,.,2,.,.,..,,,...,,,.,,..,2.,..,..,...,...,..,.,.,"
      ],
      "palettes": [
        "regional_dump"
      ],
      "place_zones": [
        {
          "type": "NPC_INVESTIGATE_ONLY",
          "faction": "sunset_bikers",
          "x": [
            0,
            23
          ],
          "y": [
            0,
            23
          ]
        },
        {
          "type": "NPC_INVESTIGATE_ONLY",
          "faction": "sunset_bikers",
          "x": [
            24,
            47
          ],
          "y": [
            0,
            23
          ]
        },
        {
          "type": "NPC_INVESTIGATE_ONLY",
          "faction": "sunset_bikers",
          "x": [
            48,
            71
          ],
          "y": [
            0,
            23
          ]
        },
        {
          "type": "NPC_INVESTIGATE_ONLY",
          "faction": "sunset_bikers",
          "x": [
            72,
            95
          ],
          "y": [
            0,
            23
          ]
        }
      ],
      "items": {
        ".": {
          "item": "trash",
          "chance": 5
        },
        "^": {
          "item": "trash",
          "chance": 2
        },
        "g": {
          "item": "oa_ig_rd_glass_trash",
          "chance": 10
        },
        "G": {
          "item": "oa_ig_rd_glass_trash",
          "chance": 5
        },
        "p": {
          "item": "trash",
          "chance": 5
        },
        "a": {
          "item": "oa_ig_ash_pile",
          "chance": 40
        }
      },
      "place_vehicles": [
        {
          "vehicle": "oa_vg_wreck",
          "x": [
            10,
            16
          ],
          "y": [
            8,
            12
          ],
          "rotation": [
            0,
            90,
            180,
            270
          ],
          "chance": 100
        },
        {
          "vehicle": "oa_vg_wreck",
          "x": [
            10,
            16
          ],
          "y": [
            8,
            12
          ],
          "rotation": [
            0,
            90,
            180,
            270
          ],
          "chance": 100
        },
        {
          "vehicle": "oa_vg_wreck",
          "x": [
            10,
            16
          ],
          "y": [
            8,
            12
          ],
          "rotation": [
            0,
            90,
            180,
            270
          ],
          "chance": 100
        },
        {
          "vehicle": "oa_vg_wreck",
          "x": [
            10,
            16
          ],
          "y": [
            8,
            12
          ],
          "rotation": [
            0,
            90,
            180,
            270
          ],
          "chance": 100
        },
        {
          "vehicle": "oa_vg_wreck",
          "x": [
            10,
            16
          ],
          "y": [
            8,
            12
          ],
          "rotation": [
            0,
            90,
            180,
            270
          ],
          "chance": 100
        },
        {
          "vehicle": "oa_vg_wreck",
          "x": [
            10,
            16
          ],
          "y": [
            8,
            12
          ],
          "rotation": [
            0,
            90,
            180,
            270
          ],
          "chance": 100
        },
        {
          "vehicle": "oa_vg_wreck",
          "x": [
            32,
            16
          ],
          "y": [
            8,
            12
          ],
          "rotation": [
            0,
            90,
            180,
            270
          ],
          "chance": 100
        },
        {
          "vehicle": "oa_vg_wreck",
          "x": [
            32,
            16
          ],
          "y": [
            8,
            12
          ],
          "rotation": [
            0,
            90,
            180,
            270
          ],
          "chance": 100
        },
        {
          "vehicle": "oa_vg_wreck",
          "x": [
            32,
            16
          ],
          "y": [
            8,
            12
          ],
          "rotation": [
            0,
            90,
            180,
            270
          ],
          "chance": 100
        },
        {
          "vehicle": "oa_vg_wreck",
          "x": [
            32,
            16
          ],
          "y": [
            8,
            12
          ],
          "rotation": [
            0,
            90,
            180,
            270
          ],
          "chance": 100
        },
        {
          "vehicle": "oa_vg_wreck",
          "x": [
            32,
            16
          ],
          "y": [
            8,
            12
          ],
          "rotation": [
            0,
            90,
            180,
            270
          ],
          "chance": 100
        },
        {
          "vehicle": "oa_vg_wreck",
          "x": [
            32,
            16
          ],
          "y": [
            8,
            12
          ],
          "rotation": [
            0,
            90,
            180,
            270
          ],
          "chance": 100
        },
        {
          "vehicle": "oa_vg_wreck",
          "x": [
            56,
            16
          ],
          "y": [
            8,
            12
          ],
          "rotation": [
            0,
            90,
            180,
            270
          ],
          "chance": 100
        },
        {
          "vehicle": "oa_vg_wreck",
          "x": [
            56,
            16
          ],
          "y": [
            8,
            12
          ],
          "rotation": [
            0,
            90,
            180,
            270
          ],
          "chance": 100
        },
        {
          "vehicle": "oa_vg_wreck",
          "x": [
            56,
            16
          ],
          "y": [
            8,
            12
          ],
          "rotation": [
            0,
            90,
            180,
            270
          ],
          "chance": 100
        },
        {
          "vehicle": "oa_vg_wreck",
          "x": [
            56,
            16
          ],
          "y": [
            8,
            12
          ],
          "rotation": [
            0,
            90,
            180,
            270
          ],
          "chance": 100
        },
        {
          "vehicle": "oa_vg_wreck",
          "x": [
            56,
            16
          ],
          "y": [
            8,
            12
          ],
          "rotation": [
            0,
            90,
            180,
            270
          ],
          "chance": 100
        },
        {
          "vehicle": "oa_vg_wreck",
          "x": [
            56,
            16
          ],
          "y": [
            8,
            12
          ],
          "rotation": [
            0,
            90,
            180,
            270
          ],
          "chance": 100
        },
        {
          "vehicle": "oa_vg_wreck",
          "x": [
            80,
            12
          ],
          "y": [
            8,
            12
          ],
          "rotation": [
            0,
            90,
            180,
            270
          ],
          "chance": 100
        },
        {
          "vehicle": "oa_vg_wreck",
          "x": [
            80,
            12
          ],
          "y": [
            8,
            12
          ],
          "rotation": [
            0,
            90,
            180,
            270
          ],
          "chance": 100
        },
        {
          "vehicle": "oa_vg_wreck",
          "x": [
            80,
            12
          ],
          "y": [
            8,
            12
          ],
          "rotation": [
            0,
            90,
            180,
            270
          ],
          "chance": 100
        },
        {
          "vehicle": "oa_vg_wreck",
          "x": [
            80,
            12
          ],
          "y": [
            8,
            12
          ],
          "rotation": [
            0,
            90,
            180,
            270
          ],
          "chance": 100
        },
        {
          "vehicle": "oa_vg_wreck",
          "x": [
            80,
            12
          ],
          "y": [
            8,
            12
          ],
          "rotation": [
            0,
            90,
            180,
            270
          ],
          "chance": 100
        },
        {
          "vehicle": "oa_vg_wreck",
          "x": [
            80,
            12
          ],
          "y": [
            8,
            12
          ],
          "rotation": [
            0,
            90,
            180,
            270
          ],
          "chance": 100
        }
      ]
    }
  },
  {
    "type": "mapgen",
    "method": "json",
    "om_terrain": "ws_biker_dump_2_2_roof",
    "object": {
      "fill_ter": "t_tar_flat_roof",
      "rows": [
        "                        ",
        "                        ",
        "                        ",
        "     ...................",
        "     ...................",
        "     ...................",
        "     ...................",
        "     ...................",
        "     ...................",
        "     .................. ",
        "     .................. ",
        "     .................. ",
        "     .................. ",
        "     .................. ",
        "     .................. ",
        "     .................. ",
        "     .................. ",
        "     .............      ",
        "     .............      ",
        "     .............      ",
        "     .............      ",
        "                        ",
        "                        ",
        "                        "
      ],
      "palettes": [
        "roof_palette"
      ],
      "terrain": {
        ".": "t_tar_flat_roof"
      },
      "place_items": [
        {
          "item": "roof_trash",
          "x": [
            6,
            22
          ],
          "y": [
            4,
            16
          ],
          "chance": 50,
          "repeat": [
            9,
            20
          ]
        }
      ]
    }
  }
]