[
  {
    "id": "insulated_jerrycan",
    "type": "GENERIC",
    "category": "container",
    "name": {
      "str": "保温罐"
    },
    "description": "一种有绝缘层的笨重的塑料罐。",
    "weight": "2587 g",
    "volume": "12 L",
    "price": "19 USD",
    "to_hit": -3,
    "material": [
      "plastic"
    ],
    "symbol": ")",
    "color": "light_green",
    "pocket_data": [
      {
        "pocket_type": "CONTAINER",
        "watertight": true,
        "rigid": true,
        "max_contains_volume": "10 L",
        "max_contains_weight": "22 kg"
      }
    ]
  }
]