[
  {
    "id": "mirelurk",
    "type": "harvest",
    "message": "你撕开壁龛，把贝壳尽可能整齐地拆成小块。",
    "entries": [
      {
        "drop": "meat_mirelurk",
        "type": "flesh",
        "mass_ratio": 0.38
      },
      {
        "drop": "meat_scrap",
        "type": "flesh",
        "mass_ratio": 0.02
      },
      {
        "drop": "chitin_piece",
        "type": "skin",
        "mass_ratio": 0.1
      },
      {
        "drop": "claw_mirelurk",
        "base_num": [
          0,
          2
        ],
        "scale_num": [
          0.6,
          0.9
        ],
        "max": 2,
        "type": "offal"
      }
    ]
  },
  {
    "id": "gecko",
    "type": "harvest",
    "entries": [
      {
        "drop": "meat_gecko",
        "type": "flesh",
        "mass_ratio": 0.3
      },
      {
        "drop": "meat_scrap",
        "type": "flesh",
        "mass_ratio": 0.03
      },
      {
        "drop": "lung",
        "type": "flesh",
        "mass_ratio": 0.0035
      },
      {
        "drop": "liver",
        "type": "offal",
        "mass_ratio": 0.01
      },
      {
        "drop": "brain",
        "type": "flesh",
        "mass_ratio": 0.005
      },
      {
        "drop": "sweetbread",
        "type": "flesh",
        "mass_ratio": 0.002
      },
      {
        "drop": "kidney",
        "type": "offal",
        "mass_ratio": 0.002
      },
      {
        "drop": "stomach",
        "scale_num": [
          1,
          1
        ],
        "max": 1,
        "type": "offal"
      },
      {
        "drop": "bone",
        "type": "bone",
        "mass_ratio": 0.15
      },
      {
        "drop": "sinew",
        "type": "bone",
        "mass_ratio": 0.00035
      },
      {
        "drop": "raw_skin_gecko",
        "type": "skin",
        "mass_ratio": 0.02
      },
      {
        "drop": "fat",
        "type": "flesh",
        "mass_ratio": 0.07
      },
      {
        "drop": "eye_gecko",
        "base_num": [
          0,
          2
        ],
        "scale_num": [
          0.6,
          0.9
        ],
        "max": 2,
        "type": "offal"
      }
    ]
  },
  {
    "id": "gecko_gold",
    "type": "harvest",
    "entries": [
      {
        "drop": "meat_gecko",
        "type": "flesh",
        "mass_ratio": 0.3
      },
      {
        "drop": "meat_scrap",
        "type": "flesh",
        "mass_ratio": 0.03
      },
      {
        "drop": "lung",
        "type": "flesh",
        "mass_ratio": 0.0035
      },
      {
        "drop": "liver",
        "type": "offal",
        "mass_ratio": 0.01
      },
      {
        "drop": "brain",
        "type": "flesh",
        "mass_ratio": 0.005
      },
      {
        "drop": "sweetbread",
        "type": "flesh",
        "mass_ratio": 0.002
      },
      {
        "drop": "kidney",
        "type": "offal",
        "mass_ratio": 0.002
      },
      {
        "drop": "stomach",
        "scale_num": [
          1,
          1
        ],
        "max": 1,
        "type": "offal"
      },
      {
        "drop": "bone",
        "type": "bone",
        "mass_ratio": 0.15
      },
      {
        "drop": "sinew",
        "type": "bone",
        "mass_ratio": 0.00035
      },
      {
        "drop": "raw_skin_gecko_gold",
        "type": "skin",
        "mass_ratio": 0.02
      },
      {
        "drop": "fat",
        "type": "flesh",
        "mass_ratio": 0.07
      },
      {
        "drop": "eye_gecko",
        "base_num": [
          0,
          2
        ],
        "scale_num": [
          0.6,
          0.9
        ],
        "max": 2,
        "type": "offal"
      }
    ]
  }
]