[
  {
    "type": "martial_art",
    "id": "style_boxing_newreno",
    "name": {
      "str": "新里诺拳击术"
    },
    "description": "新雷诺的拳击风格。与传统拳击相比，你更专注于肮脏的战斗，如果你继续击球，你就能获得更猛烈的击球能力。虽然通常情况下仍保持克制，但众所周知，战士们会致命地使用这些战术。",
    "initiate": [
      "你低下下巴，把拳头举到与眼睛同高。",
      "%s 举拳齐眉，准备作战。"
    ],
    "learn_difficulty": 1,
    "arm_block": 1,
    "static_buffs": [
      {
        "id": "buff_renoboxing_static",
        "name": "拳击步法",
        "description": "沉稳的站姿可以格挡更多伤害，还能提供额外的冲击力。\n\n钝击伤害+2，所受格挡伤害按力量的 50%% 减少。",
        "unarmed_allowed": true,
        "flat_bonuses": [
          {
            "stat": "block",
            "scaling-stat": "str",
            "scale": 0.5
          },
          {
            "stat": "damage",
            "type": "bash",
            "scale": 2.5
          }
        ]
      }
    ],
    "onmove_buffs": [
      {
        "id": "buff_boxing_onmove",
        "name": "步法",
        "description": "你通过反复移动来变得更加难以击中。\n\n闪避技能+1。\n持续 1 回合，可叠加 2 次。",
        "skill_requirements": [
          {
            "name": "unarmed",
            "level": 3
          }
        ],
        "unarmed_allowed": true,
        "buff_duration": 1,
        "max_stacks": 2,
        "flat_bonuses": [
          {
            "stat": "dodge",
            "scale": 1
          }
        ]
      }
    ],
    "onhit_buffs": [
      {
        "id": "buff_renoboxing_onhit",
        "name": "咀嚼者的愤怒",
        "description": "击中目标会让你充满足够的愤怒，你可以撕掉别人的耳朵。\n\n额外的x2.5伤害的后续命中。\n持续2圈。",
        "skill_requirements": [
          {
            "name": "unarmed",
            "level": 3
          }
        ],
        "unarmed_allowed": true,
        "buff_duration": 2,
        "flat_bonuses": [
          {
            "stat": "damage",
            "type": "bash",
            "scale": 2.5
          }
        ]
      }
    ],
    "ondodge_buffs": [
      {
        "id": "buff_renoboxing_ondodge",
        "name": "Counter Chance",
        "description": "You've seen your chance. Now strike back!\n\n+25% Bash damage.\nLasts for 1 turn.",
        "skill_requirements": [
          {
            "name": "unarmed",
            "level": 5
          }
        ],
        "unarmed_allowed": true,
        "buff_duration": 1,
        "mult_bonuses": [
          {
            "stat": "damage",
            "type": "bash",
            "scale": 1.25
          }
        ]
      }
    ],
    "techniques": [
      "tec_boxing_rapid",
      "tec_renoboxing_haymaker",
      "tec_renoboxing_eyegouge",
      "tec_boxing_counter"
    ],
    "weapons": [
      "gloves_boxing_goldplated",
      "gloves_boxing_doubleplated",
      "gloves_boxing_plated",
      "gloves_boxing"
    ]
  },
  {
    "type": "martial_art",
    "id": "style_chosenone",
    "name": {
      "str": "阿罗由龙形拳"
    },
    "description": "阿罗约风格是由阿罗约的英雄磨练而成的，它将新雷诺拳击的肮脏战术、龙式功夫的荣耀以及荒原人机智的流动性结合成一个单一的风格。",
    "initiate": [
      "你放松身体，如同巨龙一般耐心等待风暴到来。",
      "%s 摆出了一个龙一样的姿势。"
    ],
    "learn_difficulty": 10,
    "arm_block": 2,
    "static_buffs": [
      {
        "id": "buff_dragon_static",
        "name": "龙之识",
        "description": "你提前计划你的攻击依靠你的直觉而不是你的速度来实现。智力增加了准确度而不是灵巧度。\n\n准确度增加25%的智力，但减少25%的灵巧度/n/n+1.5倍冲击",
        "unarmed_allowed": true,
        "flat_bonuses": [
          {
            "stat": "hit",
            "scaling-stat": "int",
            "scale": 0.25
          },
          {
            "stat": "hit",
            "scaling-stat": "dex",
            "scale": -0.25
          },
          {
            "stat": "damage",
            "type": "bash",
            "scale": 1.5
          }
        ]
      }
    ],
    "ondodge_buffs": [
      {
        "id": "buff_renoboxing_ondodge",
        "name": "Counter Chance",
        "description": "You've seen your chance. Now strike back!\n\n+25% Bash damage.\nLasts for 1 turn.",
        "skill_requirements": [
          {
            "name": "unarmed",
            "level": 5
          }
        ],
        "unarmed_allowed": true,
        "buff_duration": 1,
        "mult_bonuses": [
          {
            "stat": "damage",
            "type": "bash",
            "scale": 1.25
          }
        ]
      }
    ],
    "onhit_buffs": [
      {
        "id": "buff_dragon_onhit",
        "name": "龙之怒",
        "description": "龙的狂怒是不可玩弄的。继续进攻。安尼亚尔杀了他们。\n\n+1精准度，+2重击伤害。\n启用“龙漩涡挡”和“龙翼道奇”",
        "unarmed_allowed": true,
        "skill_requirements": [
          {
            "name": "unarmed",
            "level": 1
          }
        ],
        "buff_duration": 1,
        "flat_bonuses": [
          {
            "stat": "hit",
            "scale": 1
          },
          {
            "stat": "damage",
            "type": "bash",
            "scale": 2.5
          }
        ]
      }
    ],
    "techniques": [
      "tec_dragon_claw",
      "tec_dragon_blockcounter",
      "tec_dragon_dodgecounter",
      "tec_dragon_strike",
      "tec_brawl_disarm_unarmed",
      "tec_brawl_feint_unarmed",
      "tec_brawl_counter_unarmed",
      "tec_brawl_break_unarmed",
      "tec_brawl_power",
      "tec_brawl_trip",
      "tec_boxing_rapid",
      "tec_renoboxing_eyegouge"
    ],
    "weapons": [
      "gloves_boxing_goldplated",
      "gloves_boxing_doubleplated",
      "gloves_boxing_plated",
      "gloves_boxing"
    ]
  },
  {
    "type": "martial_art",
    "id": "style_gecko",
    "name": {
      "str": "蜥蜴城狩猎枪术"
    },
    "description": "有点灵长类武术，壁虎狩猎是在克拉马斯发展，以避免壁虎的致命咬伤，并得到他们",
    "initiate": [
      "你举起你的长矛，准备一场伟大的狩猎。",
      "%s凶狠地举起长矛。"
    ],
    "learn_difficulty": 3,
    "primary_skill": "stabbing",
    "strictly_melee": true,
    "static_buffs": [
      {
        "id": "buff_sojutsu_static",
        "name": "猎蜥步法",
        "description": "你随时准备躲避。\n\n增加闪避。",
        "melee_allowed": true,
        "flat_bonuses": [
          {
            "stat": "dodge",
            "scale": 2
          }
        ]
      }
    ],
    "ondodge_buffs": [
      {
        "id": "buff_sojutsu_onmove",
        "name": "Kiting",
        "description": "You have baited the attack, time for the kill.\n\nx3 damage for a turn.",
        "melee_allowed": true,
        "buff_duration": 1,
        "mult_bonuses": [
          {
            "stat": "damage",
            "type": "bash",
            "scale": 3
          },
          {
            "stat": "damage",
            "type": "cut",
            "scale": 3
          },
          {
            "stat": "damage",
            "type": "stab",
            "scale": 3
          }
        ]
      }
    ],
    "techniques": [
      "tec_sojutsu_push",
      "tec_sojutsu_shove",
      "tec_sojutsu_trip"
    ],
    "weapons": [
      "glaive",
      "halberd",
      "halberd_fake",
      "spear_fallout",
      "spear_fallout_replica",
      "ji",
      "naginata",
      "naginata_inferior",
      "naginata_fake",
      "long_pole",
      "makeshift_halberd",
      "pike",
      "pike_inferior",
      "pike_fake",
      "pitchfork",
      "qiang",
      "spear_copper",
      "spear_dory",
      "spear_forked",
      "spear_homemade_halfpike",
      "spear_pipe",
      "spear_knife",
      "spear_knife_superior",
      "spear_spike",
      "spear_rebar",
      "spear_steel",
      "spear_survivor",
      "spear_wood"
    ]
  },
  {
    "type": "mutation",
    "id": "MARTIAL_ARTSFA",
    "name": {
      "str": "废土武侠"
    },
    "points": 2,
    "description": "你在荒野中游荡，学会了在荒野中传授的众多武术之一。",
    "starting_trait": true,
    "initial_ma_styles": [
      "style_gecko",
      "style_boxing_newreno",
      "style_chosenone"
    ],
    "valid": false
  }
]