[
  {
    "type": "mod_tileset",
    "compatibility": [
      "Chibi_Ultica",
      "UltimateCataclysm",
      "MshockXottoplus",
      "UNDEAD_PEOPLE",
      "UNDEAD_PEOPLE_BASE",
      "UNDEAD_PEOPLE_LEGACY",
      "UlticaShell",
      "MshockXottoplus12",
      "MSX++DEAD_PEOPLE",
      "MXplus12_for_cosmetics"
    ],
    "tiles-new": [
      {
        "file": "Fallout_CDDA_normal.png",
        "tiles": [
          {
            "id": "bg_shadow_item",
            "fg": 1,
            "rotates": false
          },
          {
            "id": "bg_shadow_normal",
            "fg": 2,
            "rotates": false
          },
          {
            "id": "mon_ant_antifungal",
            "fg": 3,
            "bg": 2,
            "rotates": false
          },
          {
            "id": "corpse_mon_ant_antifungal",
            "fg": 4,
            "rotates": false
          },
          {
            "id": "mon_ant_antifungal_larva",
            "fg": 5,
            "rotates": false
          },
          {
            "id": "corpse_mon_ant_antifungal_larva",
            "fg": 6,
            "rotates": false
          },
          {
            "id": "mon_ant_antifungal_queen",
            "fg": 7,
            "bg": 2,
            "rotates": false
          },
          {
            "id": "corpse_mon_ant_antifungal_queen",
            "fg": 8,
            "rotates": false
          },
          {
            "id": "mon_ant_antifungal_soldier",
            "fg": 9,
            "bg": 2,
            "rotates": false
          },
          {
            "id": "corpse_mon_ant_antifungal_soldier",
            "fg": 10,
            "rotates": false
          },
          {
            "id": "mon_alpha_razorclaw",
            "fg": 11,
            "bg": 2
          },
          {
            "id": "corpse_mon_alpha_razorclaw",
            "fg": 12
          },
          {
            "id": "mon_ant",
            "fg": 13,
            "bg": 2,
            "rotates": false
          },
          {
            "id": "corpse_mon_ant",
            "fg": 14,
            "rotates": false
          },
          {
            "id": "mon_ant_acid",
            "fg": 15,
            "bg": 2,
            "rotates": false
          },
          {
            "id": "corpse_mon_ant_acid",
            "fg": 16,
            "rotates": false
          },
          {
            "id": "mon_ant_acid_larva",
            "fg": 17,
            "rotates": false
          },
          {
            "id": "corpse_mon_ant_acid_larva",
            "fg": 18,
            "rotates": false
          },
          {
            "id": "mon_ant_acid_queen",
            "fg": 19,
            "bg": 2,
            "rotates": false
          },
          {
            "id": "corpse_mon_ant_acid_queen",
            "fg": 20,
            "rotates": false
          },
          {
            "id": "mon_ant_acid_soldier",
            "fg": 21,
            "bg": 2,
            "rotates": false
          },
          {
            "id": "corpse_mon_ant_acid_soldier",
            "fg": 22,
            "rotates": false
          },
          {
            "id": "mon_ant_larva",
            "fg": 23,
            "rotates": false
          },
          {
            "id": "corpse_mon_ant_larva",
            "fg": 24,
            "rotates": false
          },
          {
            "id": "mon_ant_queen",
            "fg": 25,
            "bg": 2,
            "rotates": false
          },
          {
            "id": "corpse_mon_ant_queen",
            "fg": 26,
            "rotates": false
          },
          {
            "id": "mon_ant_soldier",
            "fg": 27,
            "bg": 2,
            "rotates": false
          },
          {
            "id": "corpse_mon_ant_soldier",
            "fg": 28,
            "rotates": false
          },
          {
            "id": "mon_bee",
            "fg": 29,
            "bg": 2,
            "rotates": false
          },
          {
            "id": "corpse_mon_bee",
            "fg": 30,
            "rotates": false
          },
          {
            "id": "mon_centipede_giant",
            "fg": 31,
            "rotates": false
          },
          {
            "id": "corpse_mon_centipede_giant",
            "fg": 32,
            "rotates": false
          },
          {
            "id": "mon_dermatik",
            "fg": 33,
            "bg": 2,
            "rotates": false
          },
          {
            "id": "corpse_mon_dermatik",
            "fg": 34,
            "rotates": false
          },
          {
            "id": "mon_dermatik_larva",
            "fg": 35,
            "rotates": false
          },
          {
            "id": "corpse_mon_dermatik_larva",
            "fg": 36,
            "rotates": false
          },
          {
            "id": "mon_dragonfly_giant",
            "fg": 37,
            "bg": 2,
            "rotates": false
          },
          {
            "id": "corpse_mon_dragonfly_giant",
            "fg": 38,
            "rotates": false
          },
          {
            "id": "mon_fish_crayfish",
            "fg": 39,
            "rotates": false
          },
          {
            "id": "corpse_mon_fish_crayfish",
            "fg": 40,
            "rotates": false
          },
          {
            "id": "mon_fish_lobster",
            "fg": 41,
            "bg": 2,
            "rotates": false
          },
          {
            "id": "corpse_mon_fish_lobster",
            "fg": 42,
            "rotates": false
          },
          {
            "id": "mon_fly",
            "fg": 43,
            "bg": 2,
            "rotates": false
          },
          {
            "id": "corpse_mon_fly",
            "fg": 44,
            "rotates": false
          },
          {
            "id": "mon_giant_cockroach",
            "fg": 45,
            "bg": 2,
            "rotates": false
          },
          {
            "id": "corpse_mon_giant_cockroach",
            "fg": 46,
            "rotates": false
          },
          {
            "id": "mon_giant_cockroach_nymph",
            "fg": 47,
            "rotates": false
          },
          {
            "id": "corpse_mon_giant_cockroach_nymph",
            "fg": 48,
            "rotates": false
          },
          {
            "id": "mon_giant_crayfish",
            "fg": 49,
            "rotates": false
          },
          {
            "id": "corpse_mon_giant_crayfish",
            "fg": 50,
            "rotates": false
          },
          {
            "id": "mon_graboid",
            "fg": 51,
            "bg": 2,
            "rotates": false
          },
          {
            "id": "mon_halfworm",
            "fg": 52,
            "rotates": false
          },
          {
            "id": "corpse_mon_halfworm",
            "fg": 53,
            "rotates": false
          },
          {
            "id": "mon_locust",
            "fg": 54,
            "bg": 2,
            "rotates": false
          },
          {
            "id": "corpse_mon_locust",
            "fg": 55,
            "rotates": false
          },
          {
            "id": "mon_locust_nymph",
            "fg": 56,
            "rotates": false
          },
          {
            "id": "corpse_mon_locust_nymph",
            "fg": 57,
            "rotates": false
          },
          {
            "id": "mon_mosquito_giant",
            "fg": 58,
            "bg": 2,
            "rotates": false
          },
          {
            "id": "corpse_mon_mosquito_giant",
            "fg": 59,
            "rotates": false
          },
          {
            "id": "mon_pregnant_giant_cockroach",
            "fg": 60,
            "bg": 2,
            "rotates": false
          },
          {
            "id": "corpse_mon_pregnant_giant_cockroach",
            "fg": 61,
            "rotates": false
          },
          {
            "id": "mon_razorclaw",
            "fg": 62,
            "bg": 2
          },
          {
            "id": "corpse_mon_razorclaw",
            "fg": 63
          },
          {
            "id": "mon_slug_giant",
            "fg": 64,
            "rotates": false
          },
          {
            "id": "corpse_mon_slug_giant",
            "fg": 65,
            "rotates": false
          },
          {
            "id": "mon_spider_cellar_giant",
            "fg": 66,
            "bg": 2,
            "rotates": false
          },
          {
            "id": "corpse_mon_spider_cellar_giant",
            "fg": 67,
            "rotates": false
          },
          {
            "id": "mon_spider_cellar_giant_s",
            "fg": 68,
            "bg": 2,
            "rotates": false
          },
          {
            "id": "corpse_mon_spider_cellar_giant_s",
            "fg": 69,
            "rotates": false
          },
          {
            "id": "mon_spider_jumping_giant",
            "fg": 70,
            "bg": 2,
            "rotates": false
          },
          {
            "id": "corpse_mon_spider_jumping_giant",
            "fg": 71,
            "bg": 2,
            "rotates": false
          },
          {
            "id": "mon_spider_trapdoor_giant",
            "fg": 72,
            "bg": 2,
            "rotates": false
          },
          {
            "id": "corpse_mon_spider_trapdoor_giant",
            "fg": 73,
            "bg": 2,
            "rotates": false
          },
          {
            "id": "mon_spider_web",
            "fg": 74,
            "bg": 2,
            "rotates": false
          },
          {
            "id": "corpse_mon_spider_web",
            "fg": 75,
            "rotates": false
          },
          {
            "id": "mon_spider_web_s",
            "fg": 76,
            "rotates": false
          },
          {
            "id": "corpse_mon_spider_web_s",
            "fg": 77,
            "rotates": false
          },
          {
            "id": "mon_spider_widow_giant",
            "fg": 78,
            "bg": 2,
            "rotates": false
          },
          {
            "id": "corpse_mon_spider_widow_giant",
            "fg": 79,
            "rotates": false
          },
          {
            "id": "mon_spider_widow_giant_s",
            "fg": 80,
            "bg": 2,
            "rotates": false
          },
          {
            "id": "corpse_mon_spider_widow_giant_s",
            "fg": 81,
            "rotates": false
          },
          {
            "id": "mon_spider_wolf_giant",
            "fg": 82,
            "bg": 2,
            "rotates": false
          },
          {
            "id": "corpse_mon_spider_wolf_giant",
            "fg": 83,
            "rotates": false
          },
          {
            "id": "mon_wasp",
            "fg": 84,
            "bg": 2,
            "rotates": false
          },
          {
            "id": "corpse_mon_wasp",
            "fg": 85,
            "rotates": false
          },
          {
            "id": "mon_worm",
            "fg": 86,
            "bg": 2,
            "rotates": false
          },
          {
            "id": "belt_gun",
            "fg": 87,
            "bg": 1,
            "rotates": false
          },
          {
            "id": "gunblade",
            "fg": 88,
            "rotates": false
          },
          {
            "id": "overlay_wielded_gunblade",
            "fg": 89,
            "rotates": false
          },
          {
            "id": "rifle_shield",
            "fg": 90
          },
          {
            "id": "cannon_ancient",
            "fg": 91
          },
          {
            "id": "overlay_wielded_cannon_ancient",
            "fg": 92,
            "rotates": false
          },
          {
            "id": "cannon_makeshift",
            "fg": 93
          },
          {
            "id": "overlay_wielded_cannon_makeshift",
            "fg": 94,
            "rotates": false
          },
          {
            "id": "firework_launcher_beggar",
            "fg": 95,
            "rotates": false
          },
          {
            "id": "surv_firework_launcher",
            "fg": 96,
            "rotates": false
          },
          {
            "id": "pistol_duck",
            "fg": 97,
            "rotates": false
          },
          {
            "id": "overlay_wielded_pistol_duck",
            "fg": 98,
            "rotates": false
          },
          {
            "id": "pistol_duck_survivor",
            "fg": 99,
            "rotates": false
          },
          {
            "id": "overlay_wielded_pistol_duck_survivor",
            "fg": 100,
            "rotates": false
          },
          {
            "id": "pistol_flintlock_handmade",
            "fg": 101,
            "rotates": false
          },
          {
            "id": "overlay_wielded_pistol_flintlock_handmade",
            "fg": 102,
            "rotates": false
          },
          {
            "id": "pistol_flintlock_quad",
            "fg": 103,
            "rotates": false
          },
          {
            "id": "overlay_wielded_pistol_flintlock_quad",
            "fg": 104,
            "rotates": false
          },
          {
            "id": "gatling_22_handmade",
            "fg": 105,
            "rotates": false
          },
          {
            "id": "overlay_wielded_gatling_22_handmade",
            "fg": 106,
            "rotates": false
          },
          {
            "id": "gatling_45_handmade",
            "fg": 107,
            "rotates": false
          },
          {
            "id": "overlay_wielded_gatling_45_handmade",
            "fg": 108,
            "rotates": false
          },
          {
            "id": "rifle_bolt_223",
            "fg": 109,
            "rotates": false
          },
          {
            "id": "rifle_bolt_308",
            "fg": 110,
            "rotates": false
          },
          {
            "id": "overlay_wielded_rifle_bolt_308",
            "fg": 111,
            "rotates": false
          },
          {
            "id": "rifle_bolt_50",
            "fg": 112
          },
          {
            "id": "rifle_bolt_762",
            "fg": 113,
            "rotates": false
          },
          {
            "id": "overlay_wielded_rifle_bolt_762",
            "fg": 114,
            "rotates": false
          },
          {
            "id": "rifle_lever_223",
            "fg": 115,
            "rotates": false
          },
          {
            "id": "rifle_lever_308",
            "fg": 116,
            "rotates": false
          },
          {
            "id": "overlay_wielded_rifle_lever_308",
            "fg": 117,
            "rotates": false
          },
          {
            "id": "rifle_lever_50",
            "fg": 118
          },
          {
            "id": "rifle_lever_762",
            "fg": 119,
            "rotates": false
          },
          {
            "id": "overlay_wielded_rifle_lever_762",
            "fg": 120,
            "rotates": false
          },
          {
            "id": "rifle_pump_223",
            "fg": 121,
            "rotates": false
          },
          {
            "id": "rifle_pump_308",
            "fg": 122,
            "rotates": false
          },
          {
            "id": "overlay_wielded_rifle_pump_308",
            "fg": 123,
            "rotates": false
          },
          {
            "id": "rifle_revolver_223",
            "fg": 124,
            "rotates": false
          },
          {
            "id": "rifle_revolver_308",
            "fg": 125,
            "rotates": false
          },
          {
            "id": "overlay_wielded_rifle_revolver_308",
            "fg": 126,
            "rotates": false
          },
          {
            "id": "rifle_revolver_50",
            "fg": 127
          },
          {
            "id": "rifle_revolver_762",
            "fg": 128,
            "rotates": false
          },
          {
            "id": "overlay_wielded_rifle_revolver_762",
            "fg": 129,
            "rotates": false
          },
          {
            "id": "punt_gun",
            "fg": 130,
            "rotates": false
          },
          {
            "id": "overlay_wielded_punt_gun",
            "fg": 131,
            "rotates": false
          },
          {
            "id": "punt_gun_homemade",
            "fg": 132,
            "rotates": false
          },
          {
            "id": "overlay_wielded_punt_gun_homemade",
            "fg": 133,
            "rotates": false
          },
          {
            "id": "shotgun_pump_12",
            "fg": 134
          },
          {
            "id": "shotgun_pump_20",
            "fg": 135
          },
          {
            "id": "zetan_cannon",
            "fg": 136,
            "rotates": false
          },
          {
            "id": "overlay_wielded_zetan_cannon",
            "fg": 137,
            "rotates": false
          },
          {
            "id": "zetan_pistol",
            "fg": 138
          },
          {
            "id": "overlay_wielded_zetan_pistol",
            "fg": 139
          },
          {
            "id": "zetan_pistol_fire",
            "fg": 140
          },
          {
            "id": "zetan_pistol_shot",
            "fg": 141
          },
          {
            "id": "zetan_rifle",
            "fg": 142
          },
          {
            "id": "overlay_wielded_zetan_rifle",
            "fg": 143
          },
          {
            "id": "zetan_smg",
            "fg": 144
          },
          {
            "id": "overlay_wielded_zetan_smg",
            "fg": 145
          },
          {
            "id": "10mm",
            "fg": 146,
            "bg": 1,
            "rotates": false
          },
          {
            "id": "105mm_heat",
            "fg": 147,
            "rotates": false
          },
          {
            "id": "armor_combat_light",
            "fg": 148,
            "rotates": false
          },
          {
            "id": "overlay_worn_armor_combat_light",
            "fg": 149,
            "rotates": false
          },
          {
            "id": "armor_combat_light_winter",
            "fg": 150,
            "rotates": false
          },
          {
            "id": "overlay_worn_armor_combat_light_winter",
            "fg": 151,
            "rotates": false
          },
          {
            "id": "armor_combat_light_winter_medic",
            "fg": 152,
            "rotates": false
          },
          {
            "id": "overlay_worn_armor_combat_light_winter_medic",
            "fg": 153,
            "rotates": false
          },
          {
            "id": "armor_wasteplate",
            "fg": 154,
            "rotates": false
          },
          {
            "id": "overlay_worn_armor_wasteplate",
            "fg": 155,
            "rotates": false
          },
          {
            "id": "balclava_winter",
            "fg": 156,
            "rotates": false
          },
          {
            "id": "overlay_worn_balclava_winter",
            "fg": 157,
            "rotates": false
          },
          {
            "id": "beret_recon",
            "fg": 158,
            "rotates": false
          },
          {
            "id": "overlay_worn_beret_recon",
            "fg": 159,
            "rotates": false
          },
          {
            "id": "cathedralrobe",
            "fg": 160,
            "rotates": false
          },
          {
            "id": "overlay_worn_cathedralrobe",
            "fg": 161,
            "rotates": false
          },
          {
            "id": "coat_frock_red",
            "fg": 162,
            "rotates": false
          },
          {
            "id": "overlay_worn_coat_frock_red",
            "fg": 163,
            "rotates": false
          },
          {
            "id": "dress_shirt_NCR",
            "fg": 164,
            "rotates": false
          },
          {
            "id": "overlay_female_worn_dress_shirt_NCR",
            "fg": 165,
            "rotates": false
          },
          {
            "id": "overlay_male_worn_dress_shirt_NCR",
            "fg": 166,
            "rotates": false
          },
          {
            "id": "duster_minutemen",
            "fg": 167,
            "rotates": false
          },
          {
            "id": "overlay_worn_duster_minutemen",
            "fg": 168,
            "rotates": false
          },
          {
            "id": "duster_minutemen_general",
            "fg": 169,
            "rotates": false
          },
          {
            "id": "overlay_worn_duster_minutemen_general",
            "fg": 170,
            "rotates": false
          },
          {
            "id": "hat_enclave",
            "fg": 171,
            "rotates": false
          },
          {
            "id": "overlay_worn_hat_enclave",
            "fg": 172,
            "rotates": false
          },
          {
            "id": "hat_general_black",
            "fg": 173,
            "rotates": false
          },
          {
            "id": "overlay_worn_hat_general_black",
            "fg": 174,
            "rotates": false
          },
          {
            "id": "hat_general_green",
            "fg": 175,
            "rotates": false
          },
          {
            "id": "overlay_worn_hat_general_green",
            "fg": 176,
            "rotates": false
          },
          {
            "id": "hat_general_white",
            "fg": 177,
            "rotates": false
          },
          {
            "id": "overlay_worn_hat_general_white",
            "fg": 178,
            "rotates": false
          },
          {
            "id": "hat_peoples",
            "fg": 179,
            "rotates": false
          },
          {
            "id": "overlay_worn_hat_peoples",
            "fg": 180,
            "rotates": false
          },
          {
            "id": "hazmat_suit_ghost",
            "fg": 181,
            "rotates": false
          },
          {
            "id": "overlay_worn_hazmat_suit_ghost",
            "fg": 182,
            "rotates": false
          },
          {
            "id": "helmet_biker_retro",
            "fg": 183,
            "rotates": false
          },
          {
            "id": "overlay_worn_helmet_biker_retro",
            "fg": 184,
            "rotates": false
          },
          {
            "id": "helmet_combat_light",
            "fg": 185,
            "rotates": false
          },
          {
            "id": "overlay_worn_helmet_combat_light",
            "fg": 186,
            "rotates": false
          },
          {
            "id": "helmet_combat_light_winter",
            "fg": 187,
            "rotates": false
          },
          {
            "id": "overlay_worn_helmet_combat_light_winter",
            "fg": 188,
            "rotates": false
          },
          {
            "id": "helmet_fiend",
            "fg": 189,
            "rotates": false
          },
          {
            "id": "overlay_worn_helmet_fiend",
            "fg": 190,
            "rotates": false
          },
          {
            "id": "helm_nullifier",
            "fg": 191,
            "rotates": false
          },
          {
            "id": "overlay_worn_helm_nullifier",
            "fg": 192,
            "rotates": false
          },
          {
            "id": "jacket_db_varsity",
            "fg": 193,
            "rotates": false
          },
          {
            "id": "overlay_worn_jacket_db_varsity",
            "fg": 194,
            "rotates": false
          },
          {
            "id": "jacket_leather_atomcat",
            "fg": 195,
            "rotates": false
          },
          {
            "id": "overlay_worn_jacket_leather_atomcat",
            "fg": 196,
            "rotates": false
          },
          {
            "id": "jacket_leather_khan",
            "fg": 197,
            "rotates": false
          },
          {
            "id": "overlay_worn_jacket_leather_khan",
            "fg": 198,
            "rotates": false
          },
          {
            "id": "jacket_leather_king",
            "fg": 199,
            "rotates": false
          },
          {
            "id": "overlay_worn_jacket_leather_king",
            "fg": 200,
            "rotates": false
          },
          {
            "id": "jacket_leather_tunnel",
            "fg": 201,
            "rotates": false
          },
          {
            "id": "overlay_worn_jacket_leather_tunnel",
            "fg": 202,
            "rotates": false
          },
          {
            "id": "jeans_ncr",
            "fg": 203,
            "rotates": false
          },
          {
            "id": "overlay_worn_jeans_ncr",
            "fg": 204,
            "rotates": false
          },
          {
            "id": "jumpsuit_china",
            "fg": 205,
            "rotates": false
          },
          {
            "id": "overlay_female_worn_jumpsuit_china",
            "fg": 206,
            "rotates": false
          },
          {
            "id": "overlay_male_worn_jumpsuit_china",
            "fg": 207,
            "rotates": false
          },
          {
            "id": "jumpsuit_enclave",
            "fg": 208,
            "rotates": false
          },
          {
            "id": "overlay_female_worn_jumpsuit_enclave",
            "fg": 209,
            "rotates": false
          },
          {
            "id": "overlay_male_worn_jumpsuit_enclave",
            "fg": 210,
            "rotates": false
          },
          {
            "id": "jumpsuit_racer",
            "fg": 211,
            "rotates": false
          },
          {
            "id": "overlay_female_worn_jumpsuit_racer",
            "fg": 212,
            "rotates": false
          },
          {
            "id": "overlay_male_worn_jumpsuit_racer",
            "fg": 213,
            "rotates": false
          },
          {
            "id": "jumpsuit_vault",
            "fg": 214,
            "rotates": false
          },
          {
            "id": "overlay_female_worn_jumpsuit_vault",
            "fg": 215,
            "rotates": false
          },
          {
            "id": "overlay_male_worn_jumpsuit_vault",
            "fg": 216,
            "rotates": false
          },
          {
            "id": "jumpsuit_vault_13",
            "fg": 217,
            "rotates": false
          },
          {
            "id": "overlay_female_worn_jumpsuit_vault_13",
            "fg": 218,
            "rotates": false
          },
          {
            "id": "overlay_male_worn_jumpsuit_vault_13",
            "fg": 219,
            "rotates": false
          },
          {
            "id": "jumpsuit_vault_13_armored",
            "fg": 220,
            "rotates": false
          },
          {
            "id": "overlay_female_worn_jumpsuit_vault_13_armored",
            "fg": 221,
            "rotates": false
          },
          {
            "id": "overlay_male_worn_jumpsuit_vault_13_armored",
            "fg": 222,
            "rotates": false
          },
          {
            "id": "jumpsuit_vault_13_utility",
            "fg": 223,
            "rotates": false
          },
          {
            "id": "overlay_female_worn_jumpsuit_vault_13_utility",
            "fg": 224,
            "rotates": false
          },
          {
            "id": "overlay_male_worn_jumpsuit_vault_13_utility",
            "fg": 225,
            "rotates": false
          },
          {
            "id": "jumpsuit_xl_vault",
            "fg": 226,
            "rotates": false
          },
          {
            "id": "overlay_female_worn_jumpsuit_xl_vault",
            "fg": 227,
            "rotates": false
          },
          {
            "id": "overlay_male_worn_jumpsuit_xl_vault",
            "fg": 228,
            "rotates": false
          },
          {
            "id": "mask_pint",
            "fg": 229,
            "rotates": false
          },
          {
            "id": "overlay_worn_mask_pint",
            "fg": 230,
            "rotates": false
          },
          {
            "id": "ncr_armor",
            "fg": 231,
            "rotates": false
          },
          {
            "id": "overlay_worn_ncr_armor",
            "fg": 232,
            "rotates": false
          },
          {
            "id": "nightpants_naughty",
            "fg": 233,
            "rotates": false
          },
          {
            "id": "overlay_worn_nightpants_naughty",
            "fg": 234,
            "rotates": false
          },
          {
            "id": "nightshirt_naughty",
            "fg": 235,
            "rotates": false
          },
          {
            "id": "overlay_female_worn_nightshirt_naughty",
            "fg": 236,
            "rotates": false
          },
          {
            "id": "overlay_male_worn_nightshirt_naughty",
            "fg": 237,
            "rotates": false
          },
          {
            "id": "scrubs_bigmt",
            "fg": 238,
            "rotates": false
          },
          {
            "id": "overlay_female_worn_scrubs_bigmt",
            "fg": 239,
            "rotates": false
          },
          {
            "id": "overlay_male_worn_scrubs_bigmt",
            "fg": 240,
            "rotates": false
          },
          {
            "id": "suit_benny",
            "fg": 241,
            "rotates": false
          },
          {
            "id": "overlay_worn_suit_benny",
            "fg": 242,
            "rotates": false
          },
          {
            "id": "trenchcoat_general_black",
            "fg": 243,
            "rotates": false
          },
          {
            "id": "overlay_worn_trenchcoat_general_black",
            "fg": 244,
            "rotates": false
          },
          {
            "id": "trenchcoat_general_green",
            "fg": 245,
            "rotates": false
          },
          {
            "id": "overlay_worn_trenchcoat_general_green",
            "fg": 246,
            "rotates": false
          },
          {
            "id": "trenchcoat_general_white",
            "fg": 247,
            "rotates": false
          },
          {
            "id": "overlay_worn_trenchcoat_general_white",
            "fg": 248,
            "rotates": false
          },
          {
            "id": "wastehound_mask",
            "fg": 249,
            "rotates": false
          },
          {
            "id": "overlay_worn_wastehound_mask",
            "fg": 250,
            "rotates": false
          },
          {
            "id": "winter_jacket_enclave",
            "fg": 251,
            "rotates": false
          },
          {
            "id": "overlay_worn_winter_jacket_enclave",
            "fg": 252,
            "rotates": false
          },
          {
            "id": "winter_pants_enclave",
            "fg": 253,
            "rotates": false
          },
          {
            "id": "overlay_worn_winter_pants_enclave",
            "fg": 254,
            "rotates": false
          },
          {
            "id": "armor_legate",
            "fg": 255,
            "bg": 1
          },
          {
            "id": "overlay_worn_armor_legate",
            "fg": 256,
            "rotates": false
          },
          {
            "id": "armor_legion_prime",
            "fg": 257,
            "bg": 1
          },
          {
            "id": "overlay_worn_armor_legion_prime",
            "fg": 258,
            "rotates": false
          },
          {
            "id": "armor_legion_recruit",
            "fg": 259,
            "bg": 1
          },
          {
            "id": "overlay_worn_armor_legion_recruit",
            "fg": 260,
            "rotates": false
          },
          {
            "id": "armor_legion_veteran",
            "fg": 261,
            "rotates": false
          },
          {
            "id": "overlay_worn_armor_legion_veteran",
            "fg": 262,
            "rotates": false
          },
          {
            "id": "helmet_legate",
            "fg": 263,
            "bg": 1
          },
          {
            "id": "overlay_worn_helmet_legate",
            "fg": 264,
            "rotates": false
          },
          {
            "id": "helmet_legion_prime",
            "fg": 265,
            "bg": 1
          },
          {
            "id": "overlay_worn_helmet_legion_prime",
            "fg": 266,
            "rotates": false
          },
          {
            "id": "helmet_legion_recruit",
            "fg": 267,
            "bg": 1
          },
          {
            "id": "overlay_worn_helmet_legion_recruit",
            "fg": 268,
            "rotates": false
          },
          {
            "id": "helmet_legion_veteran",
            "fg": 269,
            "bg": 1
          },
          {
            "id": "overlay_worn_helmet_legion_veteran",
            "fg": 270,
            "rotates": false
          },
          {
            "id": "power_armor_helmet_t45",
            "fg": 271,
            "rotates": false
          },
          {
            "id": "overlay_worn_power_armor_helmet_t45",
            "fg": 272,
            "rotates": false
          },
          {
            "id": "power_armor_helmet_t51",
            "fg": 273,
            "rotates": false
          },
          {
            "id": "overlay_worn_power_armor_helmet_t51",
            "fg": 274,
            "rotates": false
          },
          {
            "id": "power_armor_helmet_x01",
            "fg": 275,
            "rotates": false
          },
          {
            "id": "overlay_worn_power_armor_helmet_x01",
            "fg": 276,
            "rotates": false
          },
          {
            "id": "power_armor_helmet_x01_on",
            "fg": 277,
            "rotates": false
          },
          {
            "id": "overlay_worn_power_armor_helmet_x01_on",
            "fg": 278,
            "rotates": false
          },
          {
            "id": "power_armor_t45",
            "fg": 279,
            "rotates": false
          },
          {
            "id": "overlay_worn_power_armor_t45",
            "fg": 280,
            "rotates": false
          },
          {
            "id": "power_armor_t51",
            "fg": 281,
            "rotates": false
          },
          {
            "id": "overlay_worn_power_armor_t51",
            "fg": 282,
            "rotates": false
          },
          {
            "id": "power_armor_x01",
            "fg": 283,
            "rotates": false
          },
          {
            "id": "overlay_worn_power_armor_x01",
            "fg": 284,
            "rotates": false
          },
          {
            "id": "broken_eyebot_enclave",
            "fg": 285,
            "rotates": false
          },
          {
            "id": "broken_eyebot_gnr",
            "fg": 286,
            "rotates": false
          },
          {
            "id": "broken_eyebot_gnr_numbers",
            "fg": 287,
            "rotates": false
          },
          {
            "id": "broken_eyebot_minutemen",
            "fg": 288,
            "rotates": false
          },
          {
            "id": "broken_eyebot_mrnewvegas",
            "fg": 289,
            "rotates": false
          },
          {
            "id": "broken_protectron",
            "fg": 290,
            "rotates": false
          },
          {
            "id": "broken_protectron_construction",
            "fg": 291,
            "rotates": false
          },
          {
            "id": "broken_protectron_fire",
            "fg": 292,
            "rotates": false
          },
          {
            "id": "broken_protectron_fisto",
            "fg": 293,
            "rotates": false
          },
          {
            "id": "broken_protectron_subway",
            "fg": 294,
            "rotates": false
          },
          {
            "id": "broken_protectron_takahashi",
            "fg": 295,
            "rotates": false
          },
          {
            "id": "broken_protectron_wattz",
            "fg": 296,
            "rotates": false
          },
          {
            "id": "10mm_casing",
            "fg": 297,
            "rotates": false
          },
          {
            "id": "4570_casing",
            "fg": 298,
            "rotates": false
          },
          {
            "id": "mutagen",
            "fg": 299,
            "rotates": false
          },
          {
            "id": "14mmpistol",
            "fg": 300,
            "bg": 1,
            "rotates": false
          },
          {
            "id": "14mmsmg",
            "fg": 301,
            "bg": 1,
            "rotates": false
          },
          {
            "id": "22_pistol",
            "fg": 302,
            "bg": 1,
            "rotates": false
          },
          {
            "id": "bozar",
            "fg": 303
          },
          {
            "id": "overlay_wielded_bozar",
            "fg": 304
          },
          {
            "id": "thatgun",
            "fg": 305,
            "bg": 1,
            "rotates": false
          },
          {
            "id": "overlay_wielded_thatgun",
            "fg": 306,
            "rotates": false
          },
          {
            "id": "mauser_9mm",
            "fg": 307,
            "bg": 1,
            "rotates": false
          },
          {
            "id": "overlay_wielded_mauser_9mm",
            "fg": 308,
            "rotates": false
          },
          {
            "id": "357_magnum_revolver",
            "fg": 309,
            "bg": 1,
            "rotates": false
          },
          {
            "id": "overlay_wielded_357_magnum_revolver",
            "fg": 310,
            "rotates": false
          },
          {
            "id": "357_magnum_revolver_lucky",
            "fg": 311,
            "bg": 1,
            "rotates": false
          },
          {
            "id": "overlay_wielded_357_magnum_revolver_lucky",
            "fg": 312,
            "rotates": false
          },
          {
            "id": "brush_gun",
            "fg": 313,
            "rotates": false
          },
          {
            "id": "overlay_wielded_brush_gun",
            "fg": 314,
            "rotates": false
          },
          {
            "id": "brush_gun_medicine",
            "fg": 315,
            "rotates": false
          },
          {
            "id": "overlay_wielded_brush_gun_medicine",
            "fg": 316,
            "rotates": false
          },
          {
            "id": "cowboy_repeater_longue",
            "fg": 317,
            "rotates": false
          },
          {
            "id": "overlay_wielded_cowboy_repeater_longue",
            "fg": 318,
            "rotates": false
          },
          {
            "id": "revolver_ranger",
            "fg": 319,
            "bg": 1,
            "rotates": false
          },
          {
            "id": "overlay_wielded_revolver_ranger",
            "fg": 320,
            "rotates": false
          },
          {
            "id": "aer14_prototype",
            "fg": 321,
            "rotates": false
          },
          {
            "id": "overlay_wielded_aer14_prototype",
            "fg": 322,
            "rotates": false
          },
          {
            "id": "aer9",
            "fg": 323,
            "bg": 1,
            "rotates": false
          },
          {
            "id": "overlay_wielded_aer9",
            "fg": 324,
            "rotates": false
          },
          {
            "id": "aer9_tribeam",
            "fg": 325,
            "rotates": false
          },
          {
            "id": "overlay_wielded_aer9_tribeam",
            "fg": 326,
            "rotates": false
          },
          {
            "id": "laser_pistol_aep",
            "fg": 327,
            "bg": 1,
            "rotates": false
          },
          {
            "id": "overlay_wielded_laser_pistol_aep",
            "fg": 328,
            "rotates": false
          },
          {
            "id": "laser_pistol_aep_pewpew",
            "fg": 329,
            "bg": 1,
            "rotates": false
          },
          {
            "id": "overlay_wielded_laser_pistol_aep_pewpew",
            "fg": 330,
            "rotates": false
          },
          {
            "id": "laser_rcw",
            "fg": 331
          },
          {
            "id": "overlay_wielded_laser_rcw",
            "fg": 332
          },
          {
            "id": "musket_laser",
            "fg": 333
          },
          {
            "id": "p94_caster",
            "fg": 334,
            "rotates": false
          },
          {
            "id": "overlay_wielded_p94_caster",
            "fg": 335,
            "rotates": false
          },
          {
            "id": "p94_rifle",
            "fg": 336,
            "rotates": false
          },
          {
            "id": "wattz_1000",
            "fg": 337,
            "rotates": false
          },
          {
            "id": "overlay_wielded_wattz_1000",
            "fg": 338,
            "rotates": false
          },
          {
            "id": "wattz_1000_magneto",
            "fg": 339,
            "rotates": false
          },
          {
            "id": "overlay_wielded_wattz_1000_magneto",
            "fg": 340,
            "rotates": false
          },
          {
            "id": "wattz_2000",
            "fg": 341,
            "rotates": false
          },
          {
            "id": "overlay_wielded_wattz_2000",
            "fg": 342,
            "rotates": false
          },
          {
            "id": "25mmapw",
            "fg": 343,
            "bg": 1,
            "rotates": false
          },
          {
            "id": "overlay_wielded_25mmapw",
            "fg": 344,
            "rotates": false
          },
          {
            "id": "70mm_autocannon",
            "fg": 345,
            "rotates": false
          },
          {
            "id": "amr50",
            "fg": 346
          },
          {
            "id": "overlay_wielded_amr50",
            "fg": 347
          },
          {
            "id": "avenger",
            "fg": 348,
            "rotates": false
          },
          {
            "id": "overlay_wielded_avenger",
            "fg": 349,
            "rotates": false
          },
          {
            "id": "broadsider",
            "fg": 350
          },
          {
            "id": "overlay_wielded_broadsider",
            "fg": 351,
            "rotates": false
          },
          {
            "id": "cz53minigun",
            "fg": 352,
            "rotates": false
          },
          {
            "id": "overlay_wielded_cz53minigun",
            "fg": 353,
            "rotates": false
          },
          {
            "id": "grenademg",
            "fg": 354
          },
          {
            "id": "l30",
            "fg": 355,
            "rotates": false
          },
          {
            "id": "overlay_wielded_l30",
            "fg": 356,
            "rotates": false
          },
          {
            "id": "rockwell_bigbazooka",
            "fg": 357,
            "bg": 1,
            "rotates": false
          },
          {
            "id": "overlay_wielded_rockwell_bigbazooka",
            "fg": 358,
            "rotates": false
          },
          {
            "id": "vindicator",
            "fg": 359,
            "rotates": false
          },
          {
            "id": "overlay_wielded_vindicator",
            "fg": 360,
            "rotates": false
          },
          {
            "id": "20ga_singleshot",
            "fg": 361,
            "rotates": false
          },
          {
            "id": "overlay_wielded_20ga_singleshot",
            "fg": 362,
            "rotates": false
          },
          {
            "id": "caravan_shotgun",
            "fg": 363,
            "rotates": false
          },
          {
            "id": "overlay_wielded_caravan_shotgun",
            "fg": 364,
            "rotates": false
          },
          {
            "id": "caravan_shotgun_sturdy",
            "fg": 365,
            "rotates": false
          },
          {
            "id": "overlay_wielded_caravan_shotgun_sturdy",
            "fg": 366,
            "rotates": false
          },
          {
            "id": "widowmaker",
            "fg": 367,
            "rotates": false
          },
          {
            "id": "overlay_wielded_widowmaker",
            "fg": 368,
            "rotates": false
          },
          {
            "id": "bot_eyebot_enclave_inactive",
            "fg": 369,
            "rotates": false
          },
          {
            "id": "bot_eyebot_gnr_inactive",
            "fg": 370,
            "rotates": false
          },
          {
            "id": "bot_eyebot_minutemen_inactive",
            "fg": 371,
            "rotates": false
          },
          {
            "id": "bot_eyebot_mrnewvegas_inactive",
            "fg": 372,
            "rotates": false
          },
          {
            "id": "bot_protectron_construction_inactive",
            "fg": 373,
            "rotates": false
          },
          {
            "id": "bot_protectron_fire_inactive",
            "fg": 374,
            "rotates": false
          },
          {
            "id": "bot_protectron_fisto_inactive",
            "fg": 375,
            "rotates": false
          },
          {
            "id": "bot_protectron_inactive",
            "fg": 376,
            "rotates": false
          },
          {
            "id": "bot_protectron_subway_inactive",
            "fg": 377,
            "rotates": false
          },
          {
            "id": "bot_protectron_takahashi_inactive",
            "fg": 378,
            "rotates": false
          },
          {
            "id": "bot_protectron_wattz_inactive",
            "fg": 379,
            "rotates": false
          },
          {
            "id": "flagstaff",
            "fg": 380,
            "rotates": false
          },
          {
            "id": "overlay_wielded_flagstaff",
            "fg": 381,
            "rotates": false
          },
          {
            "id": "sword_chinese",
            "fg": 382,
            "bg": 1,
            "rotates": false
          },
          {
            "id": "overlay_wielded_sword_chinese",
            "fg": 383,
            "rotates": false
          },
          {
            "id": "sword_chinese_shock",
            "fg": 384,
            "rotates": false
          },
          {
            "id": "overlay_wielded_sword_chinese_shock",
            "fg": 385,
            "rotates": false
          },
          {
            "id": "sword_revolutionary",
            "fg": 386,
            "rotates": false
          },
          {
            "id": "overlay_wielded_sword_revolutionary",
            "fg": 387,
            "rotates": false
          },
          {
            "id": "mon_giant_mantis",
            "fg": 388,
            "bg": 2,
            "rotates": false
          },
          {
            "id": "corpse_mon_giant_mantis",
            "fg": 389,
            "rotates": false
          },
          {
            "id": "mon_giant_mantis_nymph",
            "fg": 390,
            "bg": 2,
            "rotates": false
          },
          {
            "id": "corpse_mon_giant_mantis_nymph",
            "fg": 391,
            "rotates": false
          },
          {
            "id": "mon_radscorpion",
            "fg": 392,
            "bg": 2,
            "rotates": false
          },
          {
            "id": "corpse_mon_radscorpion",
            "fg": 393,
            "rotates": false
          },
          {
            "id": "mon_radscorpion_small",
            "fg": 394,
            "bg": 2,
            "rotates": false
          },
          {
            "id": "corpse_mon_radscorpion_small",
            "fg": 395,
            "rotates": false
          },
          {
            "id": "mon_fish_horseshoe",
            "fg": 396,
            "rotates": false
          },
          {
            "id": "corpse_mon_fish_horseshoe",
            "fg": 397,
            "rotates": false
          },
          {
            "id": "mon_mirelurk",
            "fg": 398,
            "bg": 2,
            "rotates": false
          },
          {
            "id": "corpse_mon_mirelurk",
            "fg": 399,
            "rotates": false
          },
          {
            "id": "mon_mirelurk_baby",
            "fg": 400,
            "rotates": false
          },
          {
            "id": "corpse_mon_mirelurk_baby",
            "fg": 401,
            "rotates": false
          },
          {
            "id": "mon_mirelurk_softshell",
            "fg": 402,
            "bg": 2,
            "rotates": false
          },
          {
            "id": "corpse_mon_mirelurk_softshell",
            "fg": 403,
            "rotates": false
          },
          {
            "id": "mon_cave_rat",
            "fg": 404,
            "bg": 2,
            "rotates": false
          },
          {
            "id": "corpse_mon_cave_rat",
            "fg": 405,
            "rotates": false
          },
          {
            "id": "mon_rat_mole_lesser",
            "fg": 406,
            "bg": 2,
            "rotates": false
          },
          {
            "id": "corpse_mon_rat_mole_lesser",
            "fg": 407,
            "rotates": false
          },
          {
            "id": "mon_rat_mole_young",
            "fg": 408,
            "bg": 2,
            "rotates": false
          },
          {
            "id": "corpse_mon_rat_mole_young",
            "fg": 409,
            "rotates": false
          },
          {
            "id": "mon_rat_pig",
            "fg": 410,
            "bg": 2,
            "rotates": false
          },
          {
            "id": "corpse_mon_rat_pig",
            "fg": 411,
            "rotates": false
          },
          {
            "id": "mon_rat_piglet",
            "fg": 412,
            "bg": 2,
            "rotates": false
          },
          {
            "id": "corpse_mon_rat_piglet",
            "fg": 413,
            "rotates": false
          },
          {
            "id": "mon_deathclaw_albino_young",
            "fg": 414,
            "bg": 2,
            "rotates": false
          },
          {
            "id": "corpse_mon_deathclaw_albino_young",
            "fg": 415,
            "rotates": false
          },
          {
            "id": "mon_deathclaw_glowing_young",
            "fg": 416,
            "bg": 2,
            "rotates": false
          },
          {
            "id": "corpse_mon_deathclaw_glowing_young",
            "fg": 417,
            "rotates": false
          },
          {
            "id": "mon_deathclaw_young",
            "fg": 418,
            "bg": 2,
            "rotates": false
          },
          {
            "id": "corpse_mon_deathclaw_young",
            "fg": 419,
            "rotates": false
          },
          {
            "id": "mon_gecko",
            "fg": 420,
            "bg": 2,
            "rotates": false
          },
          {
            "id": "corpse_mon_gecko",
            "fg": 421,
            "rotates": false
          },
          {
            "id": "mon_gecko_gold",
            "fg": 422,
            "bg": 2,
            "rotates": false
          },
          {
            "id": "corpse_mon_gecko_gold",
            "fg": 423,
            "rotates": false
          },
          {
            "id": "mon_gecko_gold_young",
            "fg": 424,
            "bg": 2,
            "rotates": false
          },
          {
            "id": "corpse_mon_gecko_gold_young",
            "fg": 425,
            "rotates": false
          },
          {
            "id": "mon_gecko_young",
            "fg": 426,
            "bg": 2,
            "rotates": false
          },
          {
            "id": "corpse_mon_gecko_young",
            "fg": 427,
            "rotates": false
          },
          {
            "id": "mon_iguana",
            "fg": 428,
            "rotates": false
          },
          {
            "id": "corpse_mon_iguana",
            "fg": 429,
            "rotates": false
          },
          {
            "id": "mon_eyebot_enclave",
            "fg": 430,
            "rotates": false
          },
          {
            "id": "mon_eyebot_gnr",
            "fg": 431,
            "rotates": false
          },
          {
            "id": "mon_eyebot_gnr_numbers",
            "fg": 432,
            "rotates": false
          },
          {
            "id": "mon_eyebot_minutemen",
            "fg": 433,
            "rotates": false
          },
          {
            "id": "mon_eyebot_mrnewvegas",
            "fg": 434,
            "rotates": false
          },
          {
            "id": "mon_protectron",
            "fg": 435,
            "bg": 2,
            "rotates": false
          },
          {
            "id": "mon_protectron_construction",
            "fg": 436,
            "bg": 2,
            "rotates": false
          },
          {
            "id": "mon_protectron_fire",
            "fg": 437,
            "bg": 2,
            "rotates": false
          },
          {
            "id": "mon_protectron_fisto",
            "fg": 438,
            "bg": 2,
            "rotates": false
          },
          {
            "id": "mon_protectron_subway",
            "fg": 439,
            "bg": 2,
            "rotates": false
          },
          {
            "id": "mon_protectron_takahashi",
            "fg": 440,
            "bg": 2,
            "rotates": false
          },
          {
            "id": "mon_protectron_wattz",
            "fg": 441,
            "bg": 2,
            "rotates": false
          },
          {
            "id": "vp_mounted_tank_105",
            "fg": 442,
            "rotates": true
          }
        ],
        "//": "range 1 to 448",
        "sprite_width": 32,
        "sprite_height": 32,
        "sprite_offset_x": 0,
        "sprite_offset_y": 0
      },
      {
        "file": "Fallout_CDDA_large.png",
        "tiles": [
          {
            "id": "mon_mirelurk_queen",
            "fg": 449,
            "rotates": false
          },
          {
            "id": "corpse_mon_mirelurk_queen",
            "fg": 450,
            "rotates": false
          },
          {
            "id": "mon_deathclaw",
            "fg": 451,
            "rotates": false
          },
          {
            "id": "corpse_mon_deathclaw",
            "fg": 452,
            "rotates": false
          },
          {
            "id": "mon_deathclaw_albino",
            "fg": 453,
            "rotates": false
          },
          {
            "id": "corpse_mon_deathclaw_albino",
            "fg": 454,
            "rotates": false
          },
          {
            "id": "mon_deathclaw_glowing",
            "fg": 455,
            "rotates": false
          },
          {
            "id": "corpse_mon_deathclaw_glowing",
            "fg": 456,
            "rotates": false
          },
          {
            "id": "mon_deathclaw_mother",
            "fg": 457,
            "rotates": false
          },
          {
            "id": "corpse_mon_deathclaw_mother",
            "fg": 458,
            "rotates": false
          },
          {
            "id": "television",
            "fg": 459,
            "rotates": false
          },
          {
            "id": "overlay_wielded_television",
            "fg": 460,
            "rotates": false
          }
        ],
        "//": "range 449 to 464",
        "sprite_width": 64,
        "sprite_height": 80,
        "sprite_offset_x": -16,
        "sprite_offset_y": -48
      }
    ]
  }
]