[
  {
    "type": "speech",
    "speaker": "mon_protectron",
    "sound": "“暴力是不能容忍的。”",
    "volume": 40
  },
  {
    "type": "speech",
    "speaker": "mon_protectron",
    "sound": "“正在合法使用致命武力。建议市民避开。”",
    "volume": 40
  },
  {
    "type": "speech",
    "speaker": "mon_protectron",
    "sound": "“保护和服务。”",
    "volume": 40
  },
  {
    "type": "speech",
    "speaker": "mon_protectron_construction",
    "sound": "“这个工作场所零天没有发生事故。”",
    "volume": 40
  },
  {
    "type": "speech",
    "speaker": "mon_protectron_construction",
    "sound": "“请戴上安全帽。”",
    "volume": 40
  },
  {
    "type": "speech",
    "speaker": "mon_protectron_fire",
    "sound": "“保持安全。”",
    "volume": 40
  },
  {
    "type": "speech",
    "speaker": "mon_protectron_fire",
    "sound": "“向当地执法部门报告任何火灾危险。”",
    "volume": 40
  },
  {
    "type": "speech",
    "speaker": "mon_protectron_wattz",
    "sound": "“要找武器吗？沃特兹已经把你掩护起来了。”",
    "volume": 40
  },
  {
    "type": "speech",
    "speaker": "mon_protectron_wattz",
    "sound": "“Wattz激光的威力至少是竞争对手的两倍。”",
    "volume": 40
  },
  {
    "type": "speech",
    "speaker": "mon_protectron_wattz",
    "sound": "“瓦茨消费电子承诺质量高于一切。”",
    "volume": 40
  },
  {
    "type": "speech",
    "speaker": "mon_protectron_takahashi",
    "sound": "“南妮·希马绍卡？”",
    "volume": 40
  },
  {
    "type": "speech",
    "speaker": "mon_protectron_subway",
    "sound": "“出示地铁代币-*BZZT*错误！“数据已损坏。”",
    "volume": 40
  },
  {
    "type": "speech",
    "speaker": "mon_protectron_fisto",
    "sound": "“请担任这个职务。”",
    "volume": 40
  },
  {
    "type": "speech",
    "speaker": "mon_protectron_fisto",
    "sound": "“打我，爸爸！”",
    "volume": 40
  },
  {
    "type": "speech",
    "speaker": "mon_protectron_fisto",
    "sound": "“让我揍你一拳。”",
    "volume": 40
  },
  {
    "type": "speech",
    "speaker": "mon_mi_go",
    "sound": "“非常感谢大家继续关注《辐射：新英格兰》。”",
    "volume": 40
  },
  {
    "type": "speech",
    "speaker": "mon_eyebot_enclave",
    "sound": "“美国人民，这是你们的总统，约翰·亨利·伊登。保持冷静，飞地是来帮忙的。”",
    "volume": 20
  },
  {
    "type": "speech",
    "speaker": "mon_eyebot_enclave",
    "sound": "“你好，美国。又是我。约翰·亨利·伊登。如果你不介意的话，我想和你聊一会儿。”",
    "volume": 20
  },
  {
    "type": "speech",
    "speaker": "mon_eyebot_enclave",
    "sound": "“上帝保佑这块飞地。上帝保佑美国。上帝保佑你的心。”",
    "volume": 20
  },
  {
    "type": "speech",
    "speaker": "mon_eyebot_minutemen",
    "sound": "“谢谢你收听自由电台。没有什么新消息要报道。请继续关注最新消息。”",
    "volume": 20
  },
  {
    "type": "speech",
    "speaker": "mon_eyebot_minutemen",
    "sound": "“这是无线电自由。一切都很安静。在外面保持安全。”",
    "volume": 20
  },
  {
    "type": "speech",
    "speaker": "mon_eyebot_minutemen",
    "sound": "“这是无线电自由。将军，我们城堡有客人。她想见你。”",
    "volume": 20
  },
  {
    "type": "speech",
    "speaker": "mon_eyebot_gnr",
    "sound": "“什么和鞋子押韵，让你忧郁？没错，是时候吃腰果了…不，等等，是时候听新闻了。”",
    "volume": 20
  },
  {
    "type": "speech",
    "speaker": "mon_eyebot_gnr",
    "sound": "“不要喂瑶怪。仅此而已。”",
    "volume": 20
  },
  {
    "type": "speech",
    "speaker": "mon_eyebot_gnr",
    "sound": "“因为一只狗不够，两只太低了，它的三只狗！“哇，有消息了。”",
    "volume": 20
  },
  {
    "type": "speech",
    "speaker": "mon_eyebot_gnr",
    "sound": "“嘿，漂亮的美国，是我，你们的总统约翰·亨利——哈哈，明白了！三狗，大家好吗？”",
    "volume": 20
  },
  {
    "type": "speech",
    "speaker": "mon_eyebot_gnr",
    "sound": "“飞地，包括他们返乡的国王，‘总统’约翰·亨利·伊登和他的大猩猩奥古斯都·秋上校，都不是来帮助你的。”",
    "volume": 20
  },
  {
    "type": "speech",
    "speaker": "mon_eyebot_gnr",
    "sound": "“嘿，各位，这里是三狗，你们友好的街坊唱片骑师。什么是光盘？如果我知道的话，那就见鬼了，不过我还是要继续说下去。”",
    "volume": 20
  },
  {
    "type": "speech",
    "speaker": "mon_eyebot_mrnewvegas",
    "sound": "“这里是新维加斯电台，我希望我不会太过强势。”",
    "volume": 20
  },
  {
    "type": "speech",
    "speaker": "mon_eyebot_mrnewvegas",
    "sound": "“新维加斯的女人问我有没有新维加斯太太。当然有。你就是她。你还是和我们见面那天一样完美。”",
    "volume": 20
  },
  {
    "type": "speech",
    "speaker": "mon_eyebot_mrnewvegas",
    "sound": "“我们回来了。我是新维加斯先生，今晚我感到空气中充满了魔力，我说的不仅仅是伽马射线。”",
    "volume": 20
  },
  {
    "type": "speech",
    "speaker": "mon_eyebot_mrnewvegas",
    "sound": "“又是我，新维加斯先生，提醒你，除非有人爱你，否则你就是无名小卒。那个人就是我。我爱你，伙计。”",
    "volume": 20
  },
  {
    "type": "speech",
    "speaker": "mon_eyebot_mrnewvegas",
    "sound": "“你知道吗，有一次我试着用Vit-o-matic活力测试仪来衡量自己的魅力。机器突然起火。”",
    "volume": 20
  },
  {
    "type": "speech",
    "speaker": "mon_eyebot_gnr_numbers",
    "sound": "“一七三零一零二零二零七七。今天洗车了，也许是中餐。”",
    "volume": 20
  },
  {
    "type": "speech",
    "speaker": "mon_eyebot_gnr_numbers",
    "sound": "“零四零三零七三零一九九。一个伟大的人诞生了。”",
    "volume": 20
  },
  {
    "type": "speech",
    "speaker": "mon_eyebot_gnr_numbers",
    "sound": "“一八三二零一二零二零一九。你看过我的YouTube视频了吗？我上传了我自己踢屁股在坚果。”",
    "volume": 20
  },
  {
    "type": "speech",
    "speaker": "mon_eyebot_gnr_numbers",
    "sound": "“零四零二零三一九二零一-第四个。那个女王今天去世了。全世界都在哀悼，在这样的日子里，我们都是英国人。”",
    "volume": 20
  },
  {
    "type": "speech",
    "speaker": "mon_eyebot_gnr_numbers",
    "sound": "“零九四七一零二三二零七七。我不敢相信他们真的做到了。没多久就走了。噪音。我再也受不了噪音了。我在阁楼上有一把手枪。”",
    "volume": 20
  },
  {
    "type": "speech",
    "speaker": "mon_eyebot_gnr_numbers",
    "sound": "“一二零五五二八二零一零。你在说什么？我们会想念你的。”",
    "volume": 20
  },
  {
    "type": "speech",
    "speaker": "mon_eyebot_gnr_numbers",
    "sound": "“九四五四二零二零一零。墨西哥湾发生事故，数人死亡。石油泄漏显然避免了。”",
    "volume": 20
  }
]