[
  {
    "type": "vehicle_part",
    "id": "minifridge_atomic",
    "name": {
      "str": "原子微型冰箱"
    },
    "symbol": "H",
    "color": "light_blue",
    "broken_symbol": "#",
    "broken_color": "light_blue",
    "looks_like": "minifridge",
    "damage_modifier": 80,
    "durability": 100,
    "description": "一个小冰箱。打开后，它会冷却里面的食物，延长时间，直到食物变质。它是由一个内部核反应堆提供动力，因此不会耗尽你的车辆电力。",
    "//": "Use average consumption, not the max on the appliance rating plate. 30W ~ 260kWh per annum",
    "size": 300,
    "item": "minifridge_atomic",
    "requirements": {
      "install": {
        "skills": [
          [
            "mechanics",
            3
          ],
          [
            "electronics",
            3
          ]
        ],
        "time": "45 m",
        "using": [
          [
            "vehicle_wrench_2",
            1
          ]
        ]
      },
      "removal": {
        "skills": [
          [
            "mechanics",
            2
          ],
          [
            "electronics",
            2
          ]
        ],
        "time": "35 m",
        "using": [
          [
            "vehicle_wrench_2",
            1
          ]
        ]
      },
      "repair": {
        "skills": [
          [
            "mechanics",
            2
          ],
          [
            "electronics",
            2
          ]
        ],
        "time": "15 m",
        "using": [
          [
            "welding_standard",
            5
          ]
        ]
      }
    },
    "location": "center",
    "flags": [
      "CARGO",
      "OBSTACLE",
      "FRIDGE",
      "COVERED",
      "TOOL_WRENCH"
    ],
    "breaks_into": [
      {
        "item": "steel_lump",
        "count": [
          8,
          13
        ]
      },
      {
        "item": "steel_chunk",
        "count": [
          8,
          13
        ]
      },
      {
        "item": "scrap",
        "count": [
          8,
          13
        ]
      },
      {
        "item": "hose",
        "prob": 50
      }
    ]
  },
  {
    "type": "vehicle_part",
    "id": "minifreezer_atomic",
    "name": {
      "str": "原子微型冰箱"
    },
    "symbol": "H",
    "color": "light_blue",
    "broken_symbol": "#",
    "broken_color": "blue",
    "looks_like": "minifridge",
    "damage_modifier": 80,
    "durability": 100,
    "size": 300,
    "item": "minifreezer_atomic",
    "requirements": {
      "install": {
        "skills": [
          [
            "mechanics",
            3
          ],
          [
            "electronics",
            3
          ]
        ],
        "time": "45 m",
        "using": [
          [
            "vehicle_wrench_2",
            1
          ]
        ]
      },
      "removal": {
        "skills": [
          [
            "mechanics",
            2
          ],
          [
            "electronics",
            2
          ]
        ],
        "time": "35 m",
        "using": [
          [
            "vehicle_wrench_2",
            1
          ]
        ]
      },
      "repair": {
        "skills": [
          [
            "mechanics",
            2
          ],
          [
            "electronics",
            2
          ]
        ],
        "time": "15 m",
        "using": [
          [
            "welding_standard",
            5
          ]
        ]
      }
    },
    "location": "center",
    "flags": [
      "CARGO",
      "OBSTACLE",
      "FREEZER",
      "COVERED",
      "TOOL_WRENCH"
    ],
    "breaks_into": [
      {
        "item": "steel_lump",
        "count": [
          8,
          13
        ]
      },
      {
        "item": "steel_chunk",
        "count": [
          8,
          13
        ]
      },
      {
        "item": "scrap",
        "count": [
          8,
          13
        ]
      },
      {
        "item": "hose",
        "prob": 50
      }
    ]
  },
  {
    "id": "wheel_monster",
    "type": "vehicle_part",
    "name": {
      "str": "怪物卡车车轮"
    },
    "item": "wheel_monster",
    "location": "under",
    "looks_like": "wheel",
    "symbol": "0",
    "broken_symbol": "x",
    "color": "green",
    "durability": 1000,
    "description": "一个巨大的轮子，如果你想的话，它可以砸碎汽车。",
    "damage_modifier": 50,
    "breaks_into": [
      {
        "item": "steel_lump",
        "count": [
          2,
          3
        ]
      },
      {
        "item": "steel_chunk",
        "count": [
          2,
          3
        ]
      },
      {
        "item": "scrap",
        "count": [
          2,
          3
        ]
      }
    ],
    "rolling_resistance": 0.6,
    "wheel_type": "standard",
    "contact_area": 480,
    "requirements": {
      "install": {
        "skills": [
          [
            "mechanics",
            0
          ]
        ],
        "time": "20 m",
        "using": [
          [
            "vehicle_wrench_2",
            1
          ]
        ]
      },
      "removal": {
        "skills": [
          [
            "mechanics",
            0
          ]
        ],
        "time": "20 m",
        "using": [
          [
            "vehicle_wrench_2",
            1
          ]
        ]
      },
      "repair": {
        "skills": [
          [
            "mechanics",
            5
          ]
        ],
        "time": "20 m",
        "using": [
          [
            "adhesive",
            1
          ],
          [
            "plastics",
            1
          ]
        ]
      }
    },
    "flags": [
      "WHEEL",
      "NEEDS_JACKING",
      "NEEDS_WHEEL_MOUNT_HEAVY"
    ],
    "damage_reduction": {
      "all": 60,
      "cut": 30,
      "stab": 16
    }
  },
  {
    "type": "vehicle_part",
    "id": "minifridge_cargo",
    "name": {
      "str": "冷藏货舱"
    },
    "symbol": "H",
    "looks_like": "f_fridge",
    "color": "light_blue",
    "broken_symbol": "#",
    "broken_color": "light_blue",
    "damage_modifier": 80,
    "durability": 100,
    "description": "巨大的货物冰箱。打开后，它会冷却里面的食物，延长时间，直到食物变质。",
    "//": "Use average consumption, not the max on the appliance rating plate. 30W ~ 260kWh per annum",
    "epower": -40,
    "size": 1000,
    "item": "minifridge_cargo",
    "location": "center",
    "requirements": {
      "install": {
        "skills": [
          [
            "mechanics",
            3
          ]
        ],
        "time": "60 m",
        "using": [
          [
            "vehicle_wrench_2",
            1
          ]
        ]
      },
      "removal": {
        "skills": [
          [
            "mechanics",
            2
          ]
        ],
        "time": "30 m",
        "using": [
          [
            "vehicle_wrench_2",
            1
          ]
        ]
      },
      "repair": {
        "skills": [
          [
            "mechanics",
            4
          ]
        ],
        "time": "60 m",
        "using": [
          [
            "welding_standard",
            5
          ]
        ]
      }
    },
    "flags": [
      "CARGO",
      "OBSTACLE",
      "FRIDGE",
      "COVERED",
      "ENABLED_DRAINS_EPOWER"
    ],
    "breaks_into": [
      {
        "item": "steel_lump",
        "count": [
          8,
          13
        ]
      },
      {
        "item": "steel_chunk",
        "count": [
          8,
          13
        ]
      },
      {
        "item": "scrap",
        "count": [
          8,
          13
        ]
      },
      {
        "item": "hose",
        "prob": 50
      },
      {
        "item": "motor_tiny",
        "prob": 25
      }
    ],
    "damage_reduction": {
      "all": 32
    }
  },
  {
    "type": "vehicle_part",
    "id": "minifreezer_cargo",
    "name": {
      "str": "货物冷冻柜"
    },
    "symbol": "H",
    "color": "light_blue",
    "broken_symbol": "#",
    "broken_color": "blue",
    "looks_like": "minifridge",
    "damage_modifier": 80,
    "durability": 100,
    "epower": -60,
    "size": 1000,
    "item": "minifreezer_cargo",
    "location": "center",
    "requirements": {
      "install": {
        "skills": [
          [
            "mechanics",
            3
          ]
        ],
        "time": "60 m",
        "using": [
          [
            "vehicle_wrench_2",
            1
          ]
        ]
      },
      "removal": {
        "skills": [
          [
            "mechanics",
            2
          ]
        ],
        "time": "30 m",
        "using": [
          [
            "vehicle_wrench_2",
            1
          ]
        ]
      },
      "repair": {
        "skills": [
          [
            "mechanics",
            4
          ]
        ],
        "time": "60 m",
        "using": [
          [
            "welding_standard",
            5
          ]
        ]
      }
    },
    "flags": [
      "CARGO",
      "OBSTACLE",
      "FREEZER",
      "COVERED",
      "ENABLED_DRAINS_EPOWER"
    ],
    "breaks_into": [
      {
        "item": "steel_lump",
        "count": [
          8,
          13
        ]
      },
      {
        "item": "steel_chunk",
        "count": [
          8,
          13
        ]
      },
      {
        "item": "scrap",
        "count": [
          8,
          13
        ]
      },
      {
        "item": "hose",
        "prob": 50
      },
      {
        "item": "motor_tiny",
        "prob": 25
      }
    ],
    "damage_reduction": {
      "all": 32
    }
  },
  {
    "type": "vehicle_part",
    "id": "radio_atomic",
    "name": {
      "str": "原子无线电"
    },
    "symbol": "&",
    "color": "red",
    "broken_symbol": "&",
    "broken_color": "light_gray",
    "looks_like": "stereo",
    "damage_modifier": 0,
    "durability": 60,
    "description": "一台辐射王牌收音机，配有独立的原子动力源。它连接到几个广播电台，大部分都是老式电台。",
    "bonus": 80,
    "item": "radio_atomic",
    "requirements": {
      "install": {
        "skills": [
          [
            "mechanics",
            3
          ],
          [
            "electronics",
            3
          ]
        ],
        "time": "45 m",
        "using": [
          [
            "vehicle_wrench_2",
            1
          ]
        ]
      },
      "removal": {
        "skills": [
          [
            "mechanics",
            2
          ],
          [
            "electronics",
            2
          ]
        ],
        "time": "35 m",
        "using": [
          [
            "vehicle_wrench_2",
            1
          ]
        ]
      },
      "repair": {
        "skills": [
          [
            "mechanics",
            2
          ],
          [
            "electronics",
            2
          ]
        ],
        "time": "15 m",
        "using": [
          [
            "welding_standard",
            5
          ]
        ]
      }
    },
    "flags": [
      "STEREO",
      "TOOL_SCREWDRIVER"
    ],
    "breaks_into": "ig_vp_device"
  },
  {
    "type": "vehicle_part",
    "id": "television",
    "name": {
      "str": "车载电视"
    },
    "symbol": "3",
    "color": "dark_gray",
    "broken_symbol": "&",
    "broken_color": "light_gray",
    "looks_like": "minifridge",
    "damage_modifier": 0,
    "durability": 60,
    "description": "辐射王牌电视机。一些幸存者似乎接管了一些旧电视台，一些机器人正在维护动画频道。它有一个内置的画中画，允许它连接到安全摄像头。",
    "bonus": 80,
    "epower": -400,
    "item": "television",
    "requirements": {
      "install": {
        "skills": [
          [
            "mechanics",
            3
          ],
          [
            "electronics",
            3
          ]
        ],
        "time": "45 m",
        "using": [
          [
            "vehicle_wrench_2",
            1
          ]
        ]
      },
      "removal": {
        "skills": [
          [
            "mechanics",
            2
          ],
          [
            "electronics",
            2
          ]
        ],
        "time": "35 m",
        "using": [
          [
            "vehicle_wrench_2",
            1
          ]
        ]
      },
      "repair": {
        "skills": [
          [
            "mechanics",
            2
          ],
          [
            "electronics",
            2
          ]
        ],
        "time": "15 m",
        "using": [
          [
            "welding_standard",
            5
          ]
        ]
      }
    },
    "flags": [
      "STEREO",
      "TOOL_SCREWDRIVER",
      "ENABLED_DRAINS_EPOWER",
      "CAMERA_CONTROL",
      "DOME_LIGHT"
    ],
    "breaks_into": "ig_vp_device"
  },
  {
    "type": "vehicle_part",
    "id": "television_atomic",
    "name": {
      "str": "原子电视"
    },
    "symbol": "#",
    "color": "dark_gray",
    "broken_symbol": "&",
    "broken_color": "light_gray",
    "looks_like": "minifridge",
    "damage_modifier": 0,
    "durability": 60,
    "description": "一种带有独立原子能源的辐射王牌电视机。一群幸存者似乎接管了一些旧电视台，一些机器人正在维护动画频道。它有一个内置的画中画，允许它连接到安全摄像头。",
    "bonus": 80,
    "item": "radio_atomic",
    "requirements": {
      "install": {
        "skills": [
          [
            "mechanics",
            3
          ],
          [
            "electronics",
            3
          ]
        ],
        "time": "45 m",
        "using": [
          [
            "vehicle_wrench_2",
            1
          ]
        ]
      },
      "removal": {
        "skills": [
          [
            "mechanics",
            2
          ],
          [
            "electronics",
            2
          ]
        ],
        "time": "35 m",
        "using": [
          [
            "vehicle_wrench_2",
            1
          ]
        ]
      },
      "repair": {
        "skills": [
          [
            "mechanics",
            2
          ],
          [
            "electronics",
            2
          ]
        ],
        "time": "15 m",
        "using": [
          [
            "welding_standard",
            5
          ]
        ]
      }
    },
    "flags": [
      "STEREO",
      "TOOL_SCREWDRIVER",
      "CAMERA_CONTROL",
      "DOME_LIGHT"
    ],
    "breaks_into": "ig_vp_device"
  },
  {
    "abstract": "nuka_engine",
    "copy-from": "engine_combustion",
    "type": "vehicle_part",
    "fuel_type": "diesel",
    "fuel_options": [
      "cola_nuka_fuel",
      "cola_newka_fuel",
      "cola_nuka_quantum_fuel"
    ],
    "m2c": 65,
    "//": "40% energy efficiency",
    "extend": {
      "flags": [
        "E_COLD_START"
      ]
    },
    "description": "一种由努卡可乐提供动力的发动机。真奇怪。"
  },
  {
    "id": "nuka_engine_i6",
    "copy-from": "nuka_engine",
    "type": "vehicle_part",
    "item": "i6_nuka",
    "durability": 400,
    "epower": -350,
    "power": 223800,
    "energy_consumption": 559500,
    "breaks_into": [
      {
        "item": "steel_lump",
        "count": [
          30,
          40
        ]
      },
      {
        "item": "steel_chunk",
        "count": [
          30,
          40
        ]
      },
      {
        "item": "scrap",
        "count": [
          30,
          40
        ]
      }
    ],
    "requirements": {
      "install": {
        "skills": [
          [
            "mechanics",
            4
          ]
        ],
        "time": "60 m",
        "using": [
          [
            "vehicle_wrench_2",
            1
          ]
        ]
      },
      "removal": {
        "skills": [
          [
            "mechanics",
            3
          ]
        ],
        "time": "45 m",
        "using": [
          [
            "vehicle_wrench_2",
            1
          ]
        ]
      },
      "repair": {
        "skills": [
          [
            "mechanics",
            2
          ]
        ],
        "time": "35 m",
        "using": [
          [
            "welding_standard",
            5
          ]
        ]
      }
    }
  },
  {
    "id": "nuka_engine_v6",
    "copy-from": "nuka_engine",
    "type": "vehicle_part",
    "item": "v6_nuka",
    "durability": 400,
    "epower": -250,
    "power": 149200,
    "energy_consumption": 373000,
    "breaks_into": [
      {
        "item": "steel_lump",
        "count": [
          30,
          40
        ]
      },
      {
        "item": "steel_chunk",
        "count": [
          30,
          40
        ]
      },
      {
        "item": "scrap",
        "count": [
          30,
          40
        ]
      }
    ],
    "requirements": {
      "install": {
        "skills": [
          [
            "mechanics",
            4
          ]
        ],
        "time": "60 m",
        "using": [
          [
            "vehicle_wrench_2",
            1
          ]
        ]
      },
      "removal": {
        "skills": [
          [
            "mechanics",
            3
          ]
        ],
        "time": "45 m",
        "using": [
          [
            "vehicle_wrench_2",
            1
          ]
        ]
      },
      "repair": {
        "skills": [
          [
            "mechanics",
            2
          ]
        ],
        "time": "35 m",
        "using": [
          [
            "welding_standard",
            5
          ]
        ]
      }
    }
  },
  {
    "id": "nuka_engine_v8",
    "copy-from": "nuka_engine",
    "type": "vehicle_part",
    "item": "v8_nuka",
    "durability": 400,
    "epower": -350,
    "power": 242450,
    "energy_consumption": 606250,
    "breaks_into": [
      {
        "item": "steel_lump",
        "count": [
          30,
          40
        ]
      },
      {
        "item": "steel_chunk",
        "count": [
          30,
          40
        ]
      },
      {
        "item": "scrap",
        "count": [
          30,
          40
        ]
      }
    ],
    "requirements": {
      "install": {
        "skills": [
          [
            "mechanics",
            4
          ]
        ],
        "time": "60 m",
        "using": [
          [
            "vehicle_wrench_2",
            1
          ]
        ]
      },
      "removal": {
        "skills": [
          [
            "mechanics",
            3
          ]
        ],
        "time": "45 m",
        "using": [
          [
            "vehicle_wrench_2",
            1
          ]
        ]
      },
      "repair": {
        "skills": [
          [
            "mechanics",
            2
          ]
        ],
        "time": "35 m",
        "using": [
          [
            "welding_standard",
            5
          ]
        ]
      }
    }
  },
  {
    "id": "nuka_engine_v12",
    "copy-from": "nuka_engine",
    "type": "vehicle_part",
    "item": "v12_nuka",
    "durability": 600,
    "epower": -400,
    "power": 447600,
    "energy_consumption": 1119000,
    "breaks_into": [
      {
        "item": "steel_lump",
        "count": [
          45,
          58
        ]
      },
      {
        "item": "steel_chunk",
        "count": [
          45,
          58
        ]
      },
      {
        "item": "scrap",
        "count": [
          45,
          58
        ]
      }
    ],
    "requirements": {
      "install": {
        "skills": [
          [
            "mechanics",
            7
          ]
        ],
        "time": "60 m",
        "using": [
          [
            "vehicle_wrench_2",
            1
          ]
        ]
      },
      "removal": {
        "skills": [
          [
            "mechanics",
            6
          ]
        ],
        "time": "45 m",
        "using": [
          [
            "vehicle_wrench_2",
            1
          ]
        ]
      },
      "repair": {
        "skills": [
          [
            "mechanics",
            5
          ]
        ],
        "time": "35 m",
        "using": [
          [
            "welding_standard",
            5
          ]
        ]
      }
    }
  },
  {
    "id": "vertibird_rotor",
    "copy-from": "engine_motor",
    "type": "vehicle_part",
    "item": "large_turbine_vertibird",
    "durability": 400,
    "epower": -10,
    "power": 4500000,
    "energy_consumption": 16000000,
    "breaks_into": [
      {
        "item": "alloy_plate",
        "count": [
          4,
          6
        ]
      },
      {
        "item": "steel_lump",
        "count": [
          100,
          120
        ]
      },
      {
        "item": "steel_chunk",
        "count": [
          100,
          120
        ]
      },
      {
        "item": "scrap",
        "count": [
          100,
          120
        ]
      }
    ],
    "requirements": {
      "install": {
        "skills": [
          [
            "mechanics",
            12
          ]
        ],
        "time": "60 m",
        "using": [
          [
            "vehicle_wrench_2",
            1
          ]
        ]
      },
      "removal": {
        "skills": [
          [
            "mechanics",
            7
          ]
        ],
        "time": "30 m",
        "using": [
          [
            "vehicle_wrench_2",
            1
          ]
        ]
      },
      "repair": {
        "skills": [
          [
            "mechanics",
            10
          ]
        ],
        "time": "60 m",
        "using": [
          [
            "welding_standard",
            5
          ]
        ]
      }
    },
    "damage_reduction": {
      "all": 70
    }
  },
  {
    "type": "vehicle_part",
    "id": "mounted_tank_105",
    "copy-from": "turret",
    "name": {
      "str": "105mm 坦克炮"
    },
    "item": "tank_gun_105",
    "size": 10,
    "breaks_into": [
      {
        "item": "tank_gun_105",
        "prob": 50
      }
    ],
    "requirements": {
      "install": {
        "skills": [
          [
            "mechanics",
            5
          ],
          [
            "launcher",
            2
          ]
        ],
        "time": "25 m",
        "using": [
          [
            "vehicle_wrench_2",
            1
          ]
        ]
      },
      "removal": {
        "skills": [
          [
            "mechanics",
            4
          ]
        ],
        "time": "20 m",
        "using": [
          [
            "vehicle_wrench_2",
            1
          ]
        ]
      },
      "repair": {
        "skills": [
          [
            "mechanics",
            3
          ]
        ],
        "time": "15 m",
        "using": [
          [
            "welding_standard",
            5
          ]
        ]
      }
    }
  },
  {
    "type": "vehicle_part",
    "id": "mounted_70mm_autocannon",
    "copy-from": "turret",
    "name": {
      "str": "70mm 机炮炮塔"
    },
    "item": "70mm_autocannon",
    "size": 50,
    "breaks_into": [
      {
        "item": "70mm_autocannon",
        "prob": 50
      }
    ],
    "requirements": {
      "install": {
        "skills": [
          [
            "mechanics",
            5
          ],
          [
            "rifle",
            3
          ]
        ],
        "time": "25 m",
        "using": [
          [
            "vehicle_wrench_2",
            1
          ]
        ]
      },
      "removal": {
        "skills": [
          [
            "mechanics",
            4
          ]
        ],
        "time": "20 m",
        "using": [
          [
            "vehicle_wrench_2",
            1
          ]
        ]
      },
      "repair": {
        "skills": [
          [
            "mechanics",
            3
          ]
        ],
        "time": "15 m",
        "using": [
          [
            "welding_standard",
            5
          ]
        ]
      }
    }
  },
  {
    "type": "vehicle_part",
    "id": "mounted_tank_140mm",
    "copy-from": "turret",
    "name": {
      "str": "双管140毫米坦克炮"
    },
    "item": "tank_gun_dual",
    "size": 50,
    "breaks_into": [
      {
        "item": "tank_gun_dual",
        "prob": 50
      }
    ],
    "requirements": {
      "install": {
        "skills": [
          [
            "mechanics",
            5
          ],
          [
            "launcher",
            2
          ]
        ],
        "time": "25 m",
        "using": [
          [
            "vehicle_wrench_2",
            1
          ]
        ]
      },
      "removal": {
        "skills": [
          [
            "mechanics",
            4
          ]
        ],
        "time": "20 m",
        "using": [
          [
            "vehicle_wrench_2",
            1
          ]
        ]
      },
      "repair": {
        "skills": [
          [
            "mechanics",
            3
          ]
        ],
        "time": "15 m",
        "using": [
          [
            "welding_standard",
            5
          ]
        ]
      }
    }
  },
  {
    "id": "mounted_bozar",
    "copy-from": "turret",
    "type": "vehicle_part",
    "name": {
      "str": "车载 博扎尔"
    },
    "item": "bozar",
    "color": "dark_gray",
    "broken_color": "dark_gray",
    "breaks_into": [
      {
        "item": "bozar",
        "prob": 100
      }
    ],
    "requirements": {
      "install": {
        "skills": [
          [
            "mechanics",
            4
          ],
          [
            "rifle",
            2
          ]
        ],
        "time": "25 m",
        "using": [
          [
            "vehicle_wrench_2",
            1
          ]
        ]
      },
      "removal": {
        "skills": [
          [
            "mechanics",
            3
          ]
        ],
        "time": "20 m",
        "using": [
          [
            "vehicle_wrench_2",
            1
          ]
        ]
      },
      "repair": {
        "skills": [
          [
            "mechanics",
            2
          ]
        ],
        "time": "15 m",
        "using": [
          [
            "welding_standard",
            5
          ]
        ]
      }
    }
  },
  {
    "id": "mounted_rf2076",
    "copy-from": "turret",
    "type": "vehicle_part",
    "name": {
      "str": "车载 RF2076"
    },
    "item": "rf2076",
    "color": "dark_gray",
    "broken_color": "dark_gray",
    "breaks_into": [
      {
        "item": "rf2076",
        "prob": 100
      }
    ],
    "requirements": {
      "install": {
        "skills": [
          [
            "mechanics",
            4
          ],
          [
            "rifle",
            1
          ]
        ],
        "time": "25 m",
        "using": [
          [
            "vehicle_wrench_2",
            1
          ]
        ]
      },
      "removal": {
        "skills": [
          [
            "mechanics",
            3
          ]
        ],
        "time": "20 m",
        "using": [
          [
            "vehicle_wrench_2",
            1
          ]
        ]
      },
      "repair": {
        "skills": [
          [
            "mechanics",
            2
          ]
        ],
        "time": "15 m",
        "using": [
          [
            "welding_standard",
            5
          ]
        ]
      }
    }
  },
  {
    "id": "mounted_bigbazooka",
    "copy-from": "turret",
    "type": "vehicle_part",
    "name": {
      "str": "车载 罗斯威尔 大型火箭筒"
    },
    "item": "rockwell_bigbazooka",
    "color": "green",
    "broken_color": "green",
    "breaks_into": [
      {
        "item": "rockwell_bigbazooka",
        "prob": 100
      }
    ],
    "requirements": {
      "install": {
        "skills": [
          [
            "mechanics",
            4
          ],
          [
            "launcher",
            1
          ]
        ],
        "time": "25 m",
        "using": [
          [
            "vehicle_wrench_2",
            1
          ]
        ]
      },
      "removal": {
        "skills": [
          [
            "mechanics",
            3
          ]
        ],
        "time": "20 m",
        "using": [
          [
            "vehicle_wrench_2",
            1
          ]
        ]
      },
      "repair": {
        "skills": [
          [
            "mechanics",
            2
          ]
        ],
        "time": "15 m",
        "using": [
          [
            "welding_standard",
            5
          ]
        ]
      }
    }
  },
  {
    "id": "mounted_wattz_2000",
    "copy-from": "turret",
    "type": "vehicle_part",
    "name": {
      "str": "车载 瓦茨2000 激光步枪"
    },
    "item": "wattz_2000",
    "color": "yellow",
    "broken_color": "yellow",
    "breaks_into": [
      {
        "item": "wattz_2000",
        "prob": 100
      }
    ],
    "requirements": {
      "install": {
        "skills": [
          [
            "mechanics",
            4
          ],
          [
            "rifle",
            1
          ]
        ],
        "time": "25 m",
        "using": [
          [
            "vehicle_wrench_2",
            1
          ]
        ]
      },
      "removal": {
        "skills": [
          [
            "mechanics",
            3
          ]
        ],
        "time": "20 m",
        "using": [
          [
            "vehicle_wrench_2",
            1
          ]
        ]
      },
      "repair": {
        "skills": [
          [
            "mechanics",
            2
          ]
        ],
        "time": "15 m",
        "using": [
          [
            "welding_standard",
            5
          ]
        ]
      }
    }
  },
  {
    "id": "mounted_aer9",
    "copy-from": "turret",
    "type": "vehicle_part",
    "name": {
      "str": "车载 AER9 原型激光步枪"
    },
    "item": "aer9",
    "color": "yellow",
    "broken_color": "yellow",
    "breaks_into": [
      {
        "item": "aer9",
        "prob": 100
      }
    ],
    "requirements": {
      "install": {
        "skills": [
          [
            "mechanics",
            4
          ],
          [
            "rifle",
            2
          ]
        ],
        "time": "25 m",
        "using": [
          [
            "vehicle_wrench_2",
            1
          ]
        ]
      },
      "removal": {
        "skills": [
          [
            "mechanics",
            3
          ]
        ],
        "time": "20 m",
        "using": [
          [
            "vehicle_wrench_2",
            1
          ]
        ]
      },
      "repair": {
        "skills": [
          [
            "mechanics",
            2
          ]
        ],
        "time": "15 m",
        "using": [
          [
            "welding_standard",
            5
          ]
        ]
      }
    }
  },
  {
    "id": "mounted_aer9_tribeam",
    "copy-from": "turret",
    "type": "vehicle_part",
    "name": {
      "str": "车载 三光束AER9 激光步枪"
    },
    "item": "aer9_tribeam",
    "color": "yellow",
    "broken_color": "yellow",
    "breaks_into": [
      {
        "item": "aer9_tribeam",
        "prob": 100
      }
    ],
    "requirements": {
      "install": {
        "skills": [
          [
            "mechanics",
            4
          ],
          [
            "shotgun",
            2
          ]
        ],
        "time": "25 m",
        "using": [
          [
            "vehicle_wrench_2",
            1
          ]
        ]
      },
      "removal": {
        "skills": [
          [
            "mechanics",
            3
          ]
        ],
        "time": "20 m",
        "using": [
          [
            "vehicle_wrench_2",
            1
          ]
        ]
      },
      "repair": {
        "skills": [
          [
            "mechanics",
            2
          ]
        ],
        "time": "15 m",
        "using": [
          [
            "welding_standard",
            5
          ]
        ]
      }
    }
  },
  {
    "id": "mounted_aer14",
    "copy-from": "turret",
    "type": "vehicle_part",
    "name": {
      "str": "车载 AER9 原型激光步枪"
    },
    "item": "aer14_prototype",
    "color": "green",
    "broken_color": "green",
    "breaks_into": [
      {
        "item": "aer14_prototype",
        "prob": 100
      }
    ],
    "requirements": {
      "install": {
        "skills": [
          [
            "mechanics",
            4
          ],
          [
            "rifle",
            3
          ]
        ],
        "time": "25 m",
        "using": [
          [
            "vehicle_wrench_2",
            1
          ]
        ]
      },
      "removal": {
        "skills": [
          [
            "mechanics",
            3
          ]
        ],
        "time": "20 m",
        "using": [
          [
            "vehicle_wrench_2",
            1
          ]
        ]
      },
      "repair": {
        "skills": [
          [
            "mechanics",
            2
          ]
        ],
        "time": "15 m",
        "using": [
          [
            "welding_standard",
            5
          ]
        ]
      }
    }
  },
  {
    "id": "mounted_laser_rcw",
    "copy-from": "turret",
    "type": "vehicle_part",
    "name": {
      "str": "车载 激光RCW"
    },
    "item": "laser_rcw",
    "color": "yellow",
    "broken_color": "yellow",
    "breaks_into": [
      {
        "item": "laser_rcw",
        "prob": 100
      }
    ],
    "requirements": {
      "install": {
        "skills": [
          [
            "mechanics",
            4
          ],
          [
            "smg",
            1
          ]
        ],
        "time": "25 m",
        "using": [
          [
            "vehicle_wrench_2",
            1
          ]
        ]
      },
      "removal": {
        "skills": [
          [
            "mechanics",
            3
          ]
        ],
        "time": "20 m",
        "using": [
          [
            "vehicle_wrench_2",
            1
          ]
        ]
      },
      "repair": {
        "skills": [
          [
            "mechanics",
            2
          ]
        ],
        "time": "15 m",
        "using": [
          [
            "welding_standard",
            5
          ]
        ]
      }
    }
  },
  {
    "id": "mounted_p94_launcher",
    "copy-from": "turret",
    "type": "vehicle_part",
    "name": {
      "str": "车载 P94 电浆步枪"
    },
    "item": "p94_caster",
    "color": "green",
    "broken_color": "green",
    "breaks_into": [
      {
        "item": "p94_caster",
        "prob": 100
      }
    ],
    "requirements": {
      "install": {
        "skills": [
          [
            "mechanics",
            4
          ],
          [
            "launcher",
            1
          ]
        ],
        "time": "25 m",
        "using": [
          [
            "vehicle_wrench_2",
            1
          ]
        ]
      },
      "removal": {
        "skills": [
          [
            "mechanics",
            3
          ]
        ],
        "time": "20 m",
        "using": [
          [
            "vehicle_wrench_2",
            1
          ]
        ]
      },
      "repair": {
        "skills": [
          [
            "mechanics",
            2
          ]
        ],
        "time": "15 m",
        "using": [
          [
            "welding_standard",
            5
          ]
        ]
      }
    }
  },
  {
    "id": "mounted_p94_rifle",
    "copy-from": "turret",
    "type": "vehicle_part",
    "name": {
      "str": "车载 P94-B 电浆步枪"
    },
    "item": "p94_rifle",
    "color": "green",
    "broken_color": "green",
    "breaks_into": [
      {
        "item": "p94_rifle",
        "prob": 100
      }
    ],
    "requirements": {
      "install": {
        "skills": [
          [
            "mechanics",
            4
          ],
          [
            "rifle",
            1
          ]
        ],
        "time": "25 m",
        "using": [
          [
            "vehicle_wrench_2",
            1
          ]
        ]
      },
      "removal": {
        "skills": [
          [
            "mechanics",
            3
          ]
        ],
        "time": "20 m",
        "using": [
          [
            "vehicle_wrench_2",
            1
          ]
        ]
      },
      "repair": {
        "skills": [
          [
            "mechanics",
            2
          ]
        ],
        "time": "15 m",
        "using": [
          [
            "welding_standard",
            5
          ]
        ]
      }
    }
  },
  {
    "id": "mounted_10mm_gatling",
    "copy-from": "turret",
    "type": "vehicle_part",
    "name": {
      "str": "车载 10mm 转轮炮"
    },
    "item": "10mmgatling",
    "color": "green",
    "broken_color": "green",
    "breaks_into": [
      {
        "item": "10mmgatling",
        "prob": 100
      }
    ],
    "requirements": {
      "install": {
        "skills": [
          [
            "mechanics",
            4
          ],
          [
            "rifle",
            1
          ]
        ],
        "time": "25 m",
        "using": [
          [
            "vehicle_wrench_2",
            1
          ]
        ]
      },
      "removal": {
        "skills": [
          [
            "mechanics",
            3
          ]
        ],
        "time": "20 m",
        "using": [
          [
            "vehicle_wrench_2",
            1
          ]
        ]
      },
      "repair": {
        "skills": [
          [
            "mechanics",
            2
          ]
        ],
        "time": "15 m",
        "using": [
          [
            "welding_standard",
            5
          ]
        ]
      }
    }
  },
  {
    "id": "mounted_14mm",
    "copy-from": "turret",
    "type": "vehicle_part",
    "name": {
      "str": "安装14mm 冲锋枪"
    },
    "item": "14mmsmg",
    "color": "yellow",
    "broken_color": "yellow",
    "breaks_into": [
      {
        "item": "14mmsmg",
        "prob": 100
      }
    ],
    "requirements": {
      "install": {
        "skills": [
          [
            "mechanics",
            4
          ],
          [
            "smg",
            3
          ]
        ],
        "time": "25 m",
        "using": [
          [
            "vehicle_wrench_2",
            1
          ]
        ]
      },
      "removal": {
        "skills": [
          [
            "mechanics",
            3
          ]
        ],
        "time": "20 m",
        "using": [
          [
            "vehicle_wrench_2",
            1
          ]
        ]
      },
      "repair": {
        "skills": [
          [
            "mechanics",
            2
          ]
        ],
        "time": "15 m",
        "using": [
          [
            "welding_standard",
            5
          ]
        ]
      }
    }
  },
  {
    "id": "mounted_citykiller",
    "copy-from": "turret",
    "type": "vehicle_part",
    "name": {
      "str": "车载 温彻斯特\"城市杀手\" 霰弹枪"
    },
    "item": "citykiller",
    "color": "light_blue",
    "broken_color": "light_blue",
    "breaks_into": [
      {
        "item": "citykiller",
        "prob": 100
      }
    ],
    "requirements": {
      "install": {
        "skills": [
          [
            "mechanics",
            2
          ],
          [
            "shotgun",
            2
          ]
        ],
        "time": "25 m",
        "using": [
          [
            "vehicle_wrench_2",
            1
          ]
        ]
      },
      "removal": {
        "skills": [
          [
            "mechanics",
            2
          ]
        ],
        "time": "20 m",
        "using": [
          [
            "vehicle_wrench_2",
            1
          ]
        ]
      },
      "repair": {
        "skills": [
          [
            "mechanics",
            1
          ]
        ],
        "time": "15 m",
        "using": [
          [
            "welding_standard",
            5
          ]
        ]
      }
    }
  },
  {
    "id": "mounted_ak112",
    "copy-from": "turret",
    "type": "vehicle_part",
    "name": {
      "str": "车载 AK-112 突击步枪"
    },
    "item": "ak112",
    "color": "red",
    "broken_color": "red",
    "breaks_into": [
      {
        "item": "ak112",
        "prob": 100
      }
    ],
    "requirements": {
      "install": {
        "skills": [
          [
            "mechanics",
            4
          ],
          [
            "rifle",
            1
          ]
        ],
        "time": "25 m",
        "using": [
          [
            "vehicle_wrench_2",
            1
          ]
        ]
      },
      "removal": {
        "skills": [
          [
            "mechanics",
            3
          ]
        ],
        "time": "20 m",
        "using": [
          [
            "vehicle_wrench_2",
            1
          ]
        ]
      },
      "repair": {
        "skills": [
          [
            "mechanics",
            2
          ]
        ],
        "time": "15 m",
        "using": [
          [
            "welding_standard",
            5
          ]
        ]
      }
    }
  },
  {
    "id": "mounted_ssmg",
    "copy-from": "turret",
    "type": "vehicle_part",
    "name": {
      "str": "车载 纯银冲锋枪"
    },
    "item": "tommygun_silver",
    "color": "white",
    "broken_color": "white",
    "breaks_into": [
      {
        "item": "tommygun_silver",
        "prob": 100
      }
    ],
    "requirements": {
      "install": {
        "skills": [
          [
            "mechanics",
            4
          ],
          [
            "smg",
            1
          ]
        ],
        "time": "25 m",
        "using": [
          [
            "vehicle_wrench_2",
            1
          ]
        ]
      },
      "removal": {
        "skills": [
          [
            "mechanics",
            3
          ]
        ],
        "time": "20 m",
        "using": [
          [
            "vehicle_wrench_2",
            1
          ]
        ]
      },
      "repair": {
        "skills": [
          [
            "mechanics",
            2
          ]
        ],
        "time": "15 m",
        "using": [
          [
            "welding_standard",
            5
          ]
        ]
      }
    }
  },
  {
    "id": "mounted_vindicator",
    "copy-from": "turret",
    "type": "vehicle_part",
    "name": {
      "str": "车载 平叛者 转轮机枪"
    },
    "item": "vindicator",
    "color": "white",
    "broken_color": "white",
    "breaks_into": [
      {
        "item": "vindicator",
        "prob": 100
      }
    ],
    "requirements": {
      "install": {
        "skills": [
          [
            "mechanics",
            4
          ],
          [
            "rifle",
            2
          ]
        ],
        "time": "25 m",
        "using": [
          [
            "vehicle_wrench_2",
            1
          ]
        ]
      },
      "removal": {
        "skills": [
          [
            "mechanics",
            3
          ]
        ],
        "time": "20 m",
        "using": [
          [
            "vehicle_wrench_2",
            1
          ]
        ]
      },
      "repair": {
        "skills": [
          [
            "mechanics",
            2
          ]
        ],
        "time": "15 m",
        "using": [
          [
            "welding_standard",
            5
          ]
        ]
      }
    }
  },
  {
    "id": "mounted_cz53",
    "copy-from": "turret",
    "type": "vehicle_part",
    "name": {
      "str": "车载 CZ53 转轮机枪"
    },
    "item": "cz53minigun",
    "color": "white",
    "broken_color": "white",
    "breaks_into": [
      {
        "item": "cz53minigun",
        "prob": 100
      }
    ],
    "requirements": {
      "install": {
        "skills": [
          [
            "mechanics",
            4
          ],
          [
            "rifle",
            2
          ]
        ],
        "time": "25 m",
        "using": [
          [
            "vehicle_wrench_2",
            1
          ]
        ]
      },
      "removal": {
        "skills": [
          [
            "mechanics",
            3
          ]
        ],
        "time": "20 m",
        "using": [
          [
            "vehicle_wrench_2",
            1
          ]
        ]
      },
      "repair": {
        "skills": [
          [
            "mechanics",
            2
          ]
        ],
        "time": "15 m",
        "using": [
          [
            "welding_standard",
            5
          ]
        ]
      }
    }
  },
  {
    "id": "mounted_avenger",
    "copy-from": "turret",
    "type": "vehicle_part",
    "name": {
      "str": "车载 复仇者 转轮机枪"
    },
    "item": "avenger",
    "color": "white",
    "broken_color": "white",
    "breaks_into": [
      {
        "item": "avenger",
        "prob": 100
      }
    ],
    "requirements": {
      "install": {
        "skills": [
          [
            "mechanics",
            4
          ],
          [
            "rifle",
            2
          ]
        ],
        "time": "25 m",
        "using": [
          [
            "vehicle_wrench_2",
            1
          ]
        ]
      },
      "removal": {
        "skills": [
          [
            "mechanics",
            3
          ]
        ],
        "time": "20 m",
        "using": [
          [
            "vehicle_wrench_2",
            1
          ]
        ]
      },
      "repair": {
        "skills": [
          [
            "mechanics",
            2
          ]
        ],
        "time": "15 m",
        "using": [
          [
            "welding_standard",
            5
          ]
        ]
      }
    }
  },
  {
    "id": "mounted_l30",
    "copy-from": "turret",
    "type": "vehicle_part",
    "name": {
      "str": "车载 L30 激光加特林"
    },
    "item": "l30",
    "color": "white",
    "broken_color": "white",
    "breaks_into": [
      {
        "item": "l30",
        "prob": 100
      }
    ],
    "requirements": {
      "install": {
        "skills": [
          [
            "mechanics",
            4
          ],
          [
            "rifle",
            2
          ]
        ],
        "time": "25 m",
        "using": [
          [
            "vehicle_wrench_2",
            1
          ]
        ]
      },
      "removal": {
        "skills": [
          [
            "mechanics",
            3
          ]
        ],
        "time": "20 m",
        "using": [
          [
            "vehicle_wrench_2",
            1
          ]
        ]
      },
      "repair": {
        "skills": [
          [
            "mechanics",
            2
          ]
        ],
        "time": "15 m",
        "using": [
          [
            "welding_standard",
            5
          ]
        ]
      }
    }
  },
  {
    "id": "mounted_grenademg",
    "copy-from": "turret",
    "type": "vehicle_part",
    "name": {
      "str": "车载 榴弹机枪"
    },
    "item": "grenademg",
    "color": "green",
    "broken_color": "green",
    "breaks_into": [
      {
        "item": "grenademg",
        "prob": 100
      }
    ],
    "requirements": {
      "install": {
        "skills": [
          [
            "mechanics",
            4
          ],
          [
            "launcher",
            2
          ]
        ],
        "time": "25 m",
        "using": [
          [
            "vehicle_wrench_2",
            1
          ]
        ]
      },
      "removal": {
        "skills": [
          [
            "mechanics",
            3
          ]
        ],
        "time": "20 m",
        "using": [
          [
            "vehicle_wrench_2",
            1
          ]
        ]
      },
      "repair": {
        "skills": [
          [
            "mechanics",
            2
          ]
        ],
        "time": "15 m",
        "using": [
          [
            "welding_standard",
            5
          ]
        ]
      }
    }
  },
  {
    "id": "mounted_broadsider",
    "copy-from": "turret",
    "type": "vehicle_part",
    "name": {
      "str": "侧装"
    },
    "item": "broadsider",
    "color": "dark_gray",
    "broken_color": "dark_gray",
    "breaks_into": [
      {
        "item": "broadsider",
        "prob": 100
      }
    ],
    "requirements": {
      "install": {
        "skills": [
          [
            "mechanics",
            4
          ],
          [
            "launcher",
            2
          ]
        ],
        "time": "25 m",
        "using": [
          [
            "vehicle_wrench_2",
            1
          ]
        ]
      },
      "removal": {
        "skills": [
          [
            "mechanics",
            3
          ]
        ],
        "time": "20 m",
        "using": [
          [
            "vehicle_wrench_2",
            1
          ]
        ]
      },
      "repair": {
        "skills": [
          [
            "mechanics",
            2
          ]
        ],
        "time": "15 m",
        "using": [
          [
            "welding_standard",
            5
          ]
        ]
      }
    }
  }
]