[
  {
    "id": "basement_survival_last_stand_fallout",
    "type": "item_group",
    "subtype": "collection",
    "items": [
      {
        "group": "clothing_outdoor_set",
        "prob": 100,
        "damage": [
          1,
          4
        ]
      },
      {
        "distribution": [
          {
            "item": "avenger",
            "damage": [
              2,
              4
            ]
          },
          {
            "item": "cz53minigun",
            "damage": [
              2,
              4
            ]
          }
        ]
      },
      {
        "item": "corpse",
        "prob": 50,
        "damage": 4
      }
    ]
  },
  {
    "id": "basement_survival_last_stand_casing_fallout",
    "type": "item_group",
    "items": [
      {
        "item": "5mm_casing",
        "charges": [
          1,
          1
        ]
      }
    ]
  },
  {
    "type": "mapgen",
    "method": "json",
    "om_terrain": [
      "basement"
    ],
    "weight": 500,
    "object": {
      "fill_ter": "t_rock",
      "rotation": [
        0,
        3
      ],
      "rows": [
        " --------------------   ",
        " |######DDDDccgf...{|   ",
        " |#................{|   ",
        " |#................{|   ",
        " |..y......h.h|--+----| ",
        " |.........###|]....##| ",
        " |.........h.h|]....h#| ",
        " |............|.......| ",
        " |sssss.s|{..{|dbb.bbd| ",
        " |.......|{..{|-------| ",
        " |X...xXX|{..{|...|     ",
        " |Xx....X|{...+..t|     ",
        " |XX..xXX|{..{|k..|     ",
        " |XXx..X.|{..{|------   ",
        " |X......|----|....<|   ",
        " |-|.......L.......<|   ",
        "   |---....L.....|--|   ",
        "      |----------|      ",
        "                        ",
        "                        ",
        "                        ",
        "                        ",
        "                        ",
        "                        "
      ],
      "terrain": {
        "#": "t_rock_floor",
        "+": "t_door_c",
        "-": "t_wall",
        ".": "t_rock_floor",
        "<": "t_stairs_up",
        "X": "t_rock_floor",
        "]": "t_rock_floor",
        "b": "t_rock_floor",
        "c": "t_rock_floor",
        "d": "t_rock_floor",
        "D": "t_dirt",
        "L": "t_door_metal_pickable",
        "f": "t_rock_floor",
        "g": "t_rock_floor",
        "h": "t_rock_floor",
        "k": "t_rock_floor",
        "s": "t_rock_floor",
        "t": "t_rock_floor",
        "x": "t_rock_floor",
        "y": "t_rock_floor",
        "{": "t_rock_floor",
        "|": "t_wall"
      },
      "furniture": {
        "#": "f_counter",
        "X": "f_crate_o",
        "]": "f_bookcase",
        "b": "f_bed",
        "c": "f_cupboard",
        "d": "f_dresser",
        "f": "f_fridge",
        "g": "f_oven",
        "h": "f_chair",
        "k": "f_sink",
        "s": "f_sandbag_half",
        "x": "f_crate_c",
        "y": "f_woodstove",
        "{": "f_rack"
      },
      "toilets": {
        "t": {}
      },
      "place_liquids": [
        {
          "liquid": "water",
          "x": [
            4,
            15
          ],
          "y": [
            14,
            15
          ],
          "repeat": 3
        }
      ],
      "//": "This was the basement of an unhinged gun runner employee and gun collector. As the cataclysm struck, he rushed into the basement, and locked himself away. Unfortunately, he quickly went nuts due to isolation, and had a last stand against imaginary zombies before offing himself. Blame that he rationed the marijuana that kept him sane before.",
      "place_loot": [
        {
          "group": "basement_survival_last_stand_casing_fallout",
          "x": 2,
          "y": 6,
          "chance": 20,
          "repeat": [
            1,
            10
          ]
        },
        {
          "group": "basement_survival_last_stand_casing_fallout",
          "x": 3,
          "y": 6,
          "chance": 20,
          "repeat": [
            1,
            10
          ]
        },
        {
          "group": "basement_survival_last_stand_casing_fallout",
          "x": 4,
          "y": 6,
          "chance": 20,
          "repeat": [
            1,
            10
          ]
        },
        {
          "group": "basement_survival_last_stand_casing_fallout",
          "x": 5,
          "y": 7,
          "chance": 20,
          "repeat": [
            1,
            10
          ]
        },
        {
          "group": "basement_survival_last_stand_casing_fallout",
          "x": 2,
          "y": 7,
          "chance": 20,
          "repeat": [
            1,
            10
          ]
        },
        {
          "group": "basement_survival_last_stand_casing_fallout",
          "x": 3,
          "y": 7,
          "chance": 20,
          "repeat": [
            1,
            10
          ]
        },
        {
          "group": "basement_survival_last_stand_casing_fallout",
          "x": 4,
          "y": 7,
          "chance": 20,
          "repeat": [
            1,
            10
          ]
        },
        {
          "group": "basement_survival_last_stand_casing_fallout",
          "x": 5,
          "y": 7,
          "chance": 20,
          "repeat": [
            1,
            10
          ]
        },
        {
          "group": "basement_survival_last_stand_fallout",
          "x": [
            3,
            4
          ],
          "y": 7,
          "chance": 100
        },
        {
          "group": "tools_common",
          "x": [
            3,
            7
          ],
          "y": 1,
          "chance": 100,
          "repeat": [
            1,
            3
          ]
        },
        {
          "group": "tools_entry",
          "x": [
            3,
            7
          ],
          "y": 1,
          "chance": 50
        },
        {
          "item": "fire_ax",
          "x": 2,
          "y": 2,
          "chance": 25
        },
        {
          "group": "gunmod_common",
          "x": [
            3,
            7
          ],
          "y": 1,
          "chance": 100,
          "repeat": [
            1,
            3
          ]
        },
        {
          "group": "gunmod_rare",
          "x": [
            3,
            7
          ],
          "y": 1,
          "chance": 100,
          "repeat": [
            1,
            3
          ]
        },
        {
          "group": "ammo_casings",
          "x": [
            3,
            7
          ],
          "y": 1,
          "chance": 100,
          "repeat": [
            2,
            4
          ]
        },
        {
          "group": "book_gunref",
          "x": [
            3,
            7
          ],
          "y": 1,
          "chance": 100,
          "repeat": [
            1,
            4
          ]
        },
        {
          "group": "tools_blacksmith",
          "x": [
            3,
            7
          ],
          "y": 1,
          "chance": 100,
          "repeat": [
            1,
            5
          ]
        },
        {
          "group": "ammo_parts",
          "x": [
            3,
            7
          ],
          "y": 1,
          "chance": 100,
          "repeat": [
            4,
            8
          ]
        },
        {
          "item": "forge",
          "x": [
            3,
            7
          ],
          "y": 1,
          "chance": 30
        },
        {
          "item": "puller",
          "x": [
            3,
            7
          ],
          "y": 1,
          "chance": 100
        },
        {
          "item": "press",
          "x": [
            3,
            7
          ],
          "y": 1,
          "chance": 100
        },
        {
          "item": "welder",
          "x": [
            3,
            7
          ],
          "y": 1,
          "chance": 30
        },
        {
          "item": "goggles_welding",
          "x": [
            3,
            7
          ],
          "y": 1,
          "chance": 30
        },
        {
          "item": "small_repairkit",
          "x": [
            3,
            7
          ],
          "y": 1,
          "chance": 100
        },
        {
          "group": "farming_tools",
          "x": 2,
          "y": 2,
          "chance": 80,
          "repeat": 2
        },
        {
          "group": "farming_seeds",
          "x": 2,
          "y": 2,
          "chance": 80,
          "repeat": 2
        },
        {
          "group": "seed_produce_fallout",
          "x": 2,
          "y": 2,
          "chance": 80,
          "repeat": 4
        },
        {
          "group": "flower_pots",
          "x": 2,
          "y": 2,
          "chance": 60,
          "repeat": 2
        },
        {
          "group": "melee_fallout_common",
          "x": 2,
          "y": [
            1,
            3
          ],
          "chance": 75,
          "repeat": [
            1,
            2
          ]
        },
        {
          "item": "2x4",
          "x": [
            4,
            7
          ],
          "y": [
            3,
            4
          ],
          "chance": 100,
          "repeat": [
            2,
            4
          ]
        },
        {
          "item": "log",
          "x": [
            4,
            7
          ],
          "y": [
            3,
            4
          ],
          "chance": 100,
          "repeat": [
            1,
            2
          ]
        },
        {
          "group": "misc_smoking",
          "x": 21,
          "y": 6,
          "chance": 75
        },
        {
          "group": "kitchen",
          "x": [
            11,
            13
          ],
          "y": 5,
          "chance": 100,
          "repeat": [
            2,
            4
          ]
        },
        {
          "group": "mil_food_nodrugs",
          "x": 10,
          "y": 8,
          "chance": 75,
          "repeat": [
            1,
            3
          ]
        },
        {
          "group": "mil_food_nodrugs",
          "x": 10,
          "y": 9,
          "chance": 75,
          "repeat": [
            1,
            3
          ]
        },
        {
          "group": "mil_food_nodrugs",
          "x": 10,
          "y": 10,
          "chance": 75,
          "repeat": [
            1,
            3
          ]
        },
        {
          "group": "mil_food_nodrugs",
          "x": 10,
          "y": 11,
          "chance": 75,
          "repeat": [
            1,
            3
          ]
        },
        {
          "group": "mil_food_nodrugs",
          "x": 10,
          "y": 12,
          "chance": 75,
          "repeat": [
            1,
            3
          ]
        },
        {
          "group": "cannedfood",
          "x": 10,
          "y": 8,
          "chance": 75,
          "repeat": [
            1,
            3
          ]
        },
        {
          "group": "cannedfood",
          "x": 10,
          "y": 9,
          "chance": 75,
          "repeat": [
            1,
            3
          ]
        },
        {
          "group": "cannedfood",
          "x": 10,
          "y": 10,
          "chance": 75,
          "repeat": [
            1,
            3
          ]
        },
        {
          "group": "cannedfood",
          "x": 10,
          "y": 11,
          "chance": 75,
          "repeat": [
            1,
            3
          ]
        },
        {
          "group": "cannedfood",
          "x": 10,
          "y": 12,
          "chance": 75,
          "repeat": [
            1,
            3
          ]
        },
        {
          "group": "stoner",
          "x": 10,
          "y": 13,
          "chance": 75,
          "repeat": [
            1,
            3
          ]
        },
        {
          "group": "fridge",
          "x": 15,
          "y": 1,
          "chance": 80,
          "repeat": [
            1,
            5
          ]
        },
        {
          "group": "drinks_nuka",
          "x": 15,
          "y": 1,
          "chance": 80,
          "repeat": [
            1,
            5
          ]
        },
        {
          "group": "drinks_fallout_booze",
          "x": 15,
          "y": 1,
          "chance": 80,
          "repeat": [
            1,
            5
          ]
        },
        {
          "group": "food_iguana",
          "x": 15,
          "y": 1,
          "chance": 80,
          "repeat": [
            1,
            5
          ]
        },
        {
          "group": "food_produce_fallout",
          "x": 15,
          "y": 1,
          "chance": 80,
          "repeat": [
            1,
            5
          ]
        },
        {
          "group": "food_prewar_fallout",
          "x": 15,
          "y": 1,
          "chance": 80,
          "repeat": [
            1,
            5
          ]
        },
        {
          "group": "book_survival",
          "x": 15,
          "y": 5,
          "chance": 90,
          "repeat": [
            1,
            3
          ]
        },
        {
          "group": "book_survival",
          "x": 15,
          "y": 6,
          "chance": 30,
          "repeat": [
            1,
            3
          ]
        },
        {
          "group": "books_fallout_common",
          "x": 15,
          "y": 5,
          "chance": 90
        },
        {
          "group": "books_fallout_common",
          "x": 15,
          "y": 6,
          "chance": 30
        },
        {
          "group": "electronics",
          "x": 15,
          "y": [
            5,
            6
          ],
          "chance": 30,
          "repeat": [
            1,
            3
          ]
        },
        {
          "group": "chem_home",
          "x": 15,
          "y": [
            5,
            6
          ],
          "chance": 30,
          "repeat": [
            1,
            3
          ]
        },
        {
          "group": "gear_survival",
          "x": 13,
          "y": 8,
          "chance": 75
        },
        {
          "group": "gear_survival",
          "x": 13,
          "y": 9,
          "chance": 75
        },
        {
          "group": "gear_survival",
          "x": 13,
          "y": 10,
          "chance": 75
        },
        {
          "group": "gear_survival",
          "x": 13,
          "y": 12,
          "chance": 75
        },
        {
          "group": "gear_survival",
          "x": 13,
          "y": 13,
          "chance": 75
        },
        {
          "group": "guns_survival",
          "x": 19,
          "y": [
            1,
            2
          ],
          "chance": 100,
          "repeat": [
            1,
            2
          ],
          "ammo": 75,
          "magazine": 100
        },
        {
          "group": "ammo_reloaded",
          "x": 19,
          "y": 3,
          "chance": 100,
          "repeat": [
            1,
            3
          ],
          "magazine": 100
        },
        {
          "group": "guns_pistol_fallout_common",
          "x": 15,
          "y": 8,
          "chance": 75,
          "ammo": 75,
          "magazine": 100,
          "repeat": [
            1,
            2
          ]
        },
        {
          "group": "guns_pistol_fallout_rare",
          "x": 21,
          "y": 8,
          "chance": 75,
          "ammo": 75,
          "magazine": 100,
          "repeat": [
            1,
            2
          ]
        },
        {
          "group": "guns_shotgun_fallout_common",
          "x": 19,
          "y": [
            1,
            2
          ],
          "chance": 100,
          "ammo": 75,
          "magazine": 100,
          "repeat": [
            1,
            2
          ]
        },
        {
          "group": "guns_shotgun_fallout_rare",
          "x": 19,
          "y": [
            1,
            2
          ],
          "chance": 100,
          "ammo": 75,
          "magazine": 100,
          "repeat": [
            1,
            2
          ]
        },
        {
          "group": "guns_rifle_fallout_common",
          "x": 19,
          "y": [
            1,
            2
          ],
          "chance": 100,
          "ammo": 75,
          "magazine": 100,
          "repeat": [
            1,
            2
          ]
        },
        {
          "group": "guns_rifle_fallout_rare",
          "x": 19,
          "y": [
            1,
            2
          ],
          "chance": 100,
          "ammo": 75,
          "magazine": 100,
          "repeat": [
            1,
            2
          ]
        },
        {
          "group": "guns_smg_fallout_common",
          "x": 19,
          "y": [
            1,
            2
          ],
          "chance": 100,
          "ammo": 75,
          "magazine": 100,
          "repeat": [
            1,
            2
          ]
        },
        {
          "group": "guns_smg_fallout_rare",
          "x": 19,
          "y": [
            1,
            2
          ],
          "chance": 100,
          "ammo": 75,
          "magazine": 100,
          "repeat": [
            1,
            2
          ]
        },
        {
          "group": "guns_heavy_fallout",
          "x": 19,
          "y": [
            1,
            2
          ],
          "chance": 100,
          "ammo": 75,
          "magazine": 100,
          "repeat": [
            1,
            2
          ]
        },
        {
          "group": "guns_energy_fallout",
          "x": 19,
          "y": [
            1,
            2
          ],
          "chance": 100,
          "ammo": 75,
          "magazine": 100,
          "repeat": [
            1,
            2
          ]
        },
        {
          "group": "ammo_common",
          "x": 19,
          "y": 3,
          "chance": 100,
          "repeat": [
            1,
            3
          ]
        },
        {
          "group": "ammo_energy_fallout",
          "x": 19,
          "y": 3,
          "chance": 100,
          "repeat": [
            1,
            3
          ]
        },
        {
          "group": "ammo_pistol_common",
          "x": 19,
          "y": 3,
          "chance": 100,
          "repeat": [
            1,
            3
          ]
        },
        {
          "group": "ammo_pistol_fallout_common",
          "x": 19,
          "y": 3,
          "chance": 100,
          "repeat": [
            1,
            3
          ]
        },
        {
          "group": "ammo_heavy_fallout",
          "x": 19,
          "y": 3,
          "chance": 100,
          "repeat": [
            1,
            3
          ]
        },
        {
          "group": "ammo_shotgun_fallout",
          "x": 19,
          "y": 3,
          "chance": 100,
          "repeat": [
            1,
            3
          ]
        },
        {
          "group": "ammo_shotgun_common",
          "x": 19,
          "y": 3,
          "chance": 100,
          "repeat": [
            1,
            3
          ]
        },
        {
          "group": "ammo_rifle_common",
          "x": 19,
          "y": 3,
          "chance": 100,
          "repeat": [
            1,
            3
          ]
        },
        {
          "group": "ammo_rifle_fallout_common",
          "x": 19,
          "y": 3,
          "chance": 100,
          "repeat": [
            1,
            3
          ]
        },
        {
          "group": "mags_common",
          "x": 19,
          "y": [
            1,
            2
          ],
          "chance": 100,
          "ammo": 75,
          "repeat": [
            1,
            2
          ]
        },
        {
          "group": "mags_pistol_fallout_common",
          "x": 19,
          "y": [
            1,
            2
          ],
          "chance": 100,
          "ammo": 75,
          "repeat": [
            1,
            3
          ]
        },
        {
          "group": "mags_smg_fallout_common",
          "x": 19,
          "y": [
            1,
            2
          ],
          "chance": 100,
          "ammo": 75,
          "repeat": [
            1,
            3
          ]
        },
        {
          "group": "mags_rifle_fallout_common",
          "x": 19,
          "y": [
            1,
            2
          ],
          "chance": 100,
          "ammo": 75,
          "repeat": [
            1,
            3
          ]
        },
        {
          "group": "mags_shotgun_fallout",
          "x": 19,
          "y": [
            1,
            2
          ],
          "chance": 100,
          "ammo": 75,
          "repeat": [
            1,
            3
          ]
        },
        {
          "group": "mags_pistol_fallout_rare",
          "x": 19,
          "y": [
            1,
            2
          ],
          "chance": 100,
          "ammo": 75,
          "repeat": [
            1,
            3
          ]
        },
        {
          "group": "mags_rifle_rare",
          "x": 19,
          "y": [
            1,
            2
          ],
          "chance": 100,
          "ammo": 75,
          "repeat": [
            1,
            3
          ]
        },
        {
          "group": "mags_shotgun_fallout",
          "x": 19,
          "y": [
            1,
            2
          ],
          "chance": 100,
          "ammo": 75,
          "repeat": [
            1,
            3
          ]
        },
        {
          "group": "armor_fallout_common",
          "x": 15,
          "y": 8,
          "chance": 30
        },
        {
          "group": "armor_fallout_common",
          "x": 21,
          "y": 8,
          "chance": 30
        },
        {
          "group": "clothing_outdoor_set",
          "x": 15,
          "y": 8,
          "chance": 30
        },
        {
          "group": "clothing_outdoor_set",
          "x": 21,
          "y": 8,
          "chance": 30
        },
        {
          "item": "blanket",
          "x": 16,
          "y": 8,
          "chance": 30
        },
        {
          "item": "blanket",
          "x": 20,
          "y": 8,
          "chance": 30
        },
        {
          "item": "pillow",
          "x": 16,
          "y": 8,
          "chance": 30
        },
        {
          "item": "pillow",
          "x": 20,
          "y": 8,
          "chance": 30
        },
        {
          "item": "television",
          "x": 20,
          "y": 8,
          "chance": 60
        },
        {
          "item": "laptop",
          "x": 16,
          "y": 8,
          "chance": 30
        }
      ],
      "place_monsters": [
        {
          "monster": "GROUP_PROTECTRON",
          "x": [
            2,
            10
          ],
          "y": [
            4,
            7
          ],
          "chance": 2,
          "repeat": [
            1,
            2
          ]
        }
      ]
    }
  }
]