[
  {
    "type": "mapgen",
    "method": "json",
    "om_terrain": [
      "bunker_basement"
    ],
    "weight": 250,
    "object": {
      "fill_ter": "t_floor",
      "rows": [
        "########################",
        "#MMMMMMMMMMMMMMMMMMMMMM#",
        "#Ms  6 {{M3 5M ?A2MbCbM#",
        "#Ms ct   ^   +    /   M#",
        "#Mt     2M   MCCCgMbCbM#",
        "#MMMMMMMMM   MMMMMMMMMM#",
        "#MrrrrrrrM   2Mb  23 bM#",
        "#M       +    Ml     lM#",
        "#MLLLLLLLM5   *      bM#",
        "#MMMMMMMMMM   Mb     lM#",
        "#Mc t t t2M   Ml     bM#",
        "#Mt c c cWM   Mlb bl lM#",
        "#Mc       *   MMMMMMMMM#",
        "#MMMM*MMMMM   M}   2 %M#",
        "#M2      TM   *       M#",
        "#MSBOCCfCCM   MYsssY{{M#",
        "#MMMMMMMMMM ~ MMMMMMMMM#",
        "#ML *             *  SM#",
        "#MMMMM^MMMMM+MMM*MM2 SM#",
        "#Ms Mr cd|   5M   M   M#",
        "#Ms Mr cd|    M*M*M*M*M#",
        "#Mt *   2M << M1M1M&M&M#",
        "#MMMMMMMMMMMMMMMMMMMMMM#",
        "########################"
      ],
      "palettes": [
        "basement_bunker"
      ],
      "furniture": {
        "1": "f_shower",
        "2": "f_air_conditioner",
        "3": "f_speaker_cabinet",
        "r": "f_rack",
        "f": "f_fridge",
        "s": "f_sofa",
        "t": "f_table",
        "d": "f_desk",
        "c": "f_chair",
        "b": "f_bed",
        "S": "f_sink",
        "O": "f_oven",
        "C": "f_counter",
        "T": "f_trashcan",
        "B": "f_cupboard",
        "l": "f_locker",
        "L": "f_locker",
        "Y": "f_table",
        "A": "f_autodoc",
        "?": "f_autodoc_couch",
        "g": "f_glass_fridge",
        "{": "f_bookcase",
        "}": "f_pinball_machine",
        "%": "f_floor_canvas"
      },
      "items": {
        "b": {
          "item": "bed",
          "chance": 60
        },
        "{": {
          "item": "bunker_basement_books",
          "chance": 70
        },
        "T": {
          "item": "trash_cart",
          "chance": 50
        },
        "l": {
          "item": "bunker_basement_clothing",
          "chance": 50
        },
        "t": {
          "item": "dining",
          "chance": 45
        }
      },
      "place_fields": [
        {
          "field": "fd_blood",
          "x": 2,
          "y": 3
        },
        {
          "field": "fd_blood",
          "x": 3,
          "y": 3
        }
      ],
      "place_loot": [
        {
          "group": "surgery",
          "x": [
            14,
            16
          ],
          "y": 4,
          "chance": 70,
          "repeat": [
            1,
            3
          ]
        },
        {
          "group": "bunker_basement_drugs",
          "x": [
            14,
            16
          ],
          "y": 4,
          "chance": 80,
          "repeat": [
            1,
            3
          ]
        },
        {
          "group": "mags_rifle_fallout_common",
          "x": [
            2,
            6
          ],
          "y": 8,
          "chance": 50,
          "repeat": [
            1,
            2
          ]
        },
        {
          "group": "ammo_rifle_fallout_common",
          "x": [
            2,
            6
          ],
          "y": 8,
          "chance": 65,
          "repeat": [
            1,
            2
          ]
        },
        {
          "group": "grenades",
          "x": [
            2,
            6
          ],
          "y": 8,
          "chance": 45,
          "repeat": [
            1,
            2
          ]
        },
        {
          "group": "mil_hw",
          "x": [
            7,
            8
          ],
          "y": 8,
          "chance": 65,
          "repeat": [
            1,
            2
          ]
        },
        {
          "group": "armor_fallout_common",
          "x": [
            7,
            8
          ],
          "y": 6,
          "chance": 65,
          "repeat": [
            1,
            2
          ],
          "magazine": 100,
          "ammo": 100
        },
        {
          "group": "guns_rifle_fallout_rare",
          "x": [
            2,
            6
          ],
          "y": 6,
          "chance": 40,
          "repeat": [
            1,
            2
          ],
          "magazine": 100,
          "ammo": 100
        },
        {
          "group": "guns_smg_fallout_rare",
          "x": 5,
          "y": [
            19,
            20
          ],
          "chance": 40,
          "repeat": [
            1,
            2
          ],
          "magazine": 100,
          "ammo": 100
        },
        {
          "group": "guns_heavy_fallout",
          "x": [
            2,
            6
          ],
          "y": 6,
          "chance": 40,
          "repeat": [
            1,
            2
          ],
          "magazine": 100,
          "ammo": 100
        },
        {
          "group": "guns_pistol_fallout_rare",
          "x": [
            2,
            6
          ],
          "y": 6,
          "chance": 70,
          "repeat": [
            1,
            2
          ],
          "magazine": 100,
          "ammo": 100
        },
        {
          "group": "fridge",
          "x": 7,
          "y": 15,
          "chance": 70,
          "repeat": 3
        },
        {
          "group": "food_prewar_fallout",
          "x": [
            5,
            6
          ],
          "y": 15,
          "chance": 75,
          "repeat": [
            1,
            2
          ]
        },
        {
          "group": "dining",
          "x": [
            8,
            9
          ],
          "y": 15,
          "chance": 75,
          "repeat": [
            1,
            2
          ]
        },
        {
          "group": "oven",
          "x": 4,
          "y": 15,
          "chance": 70
        },
        {
          "group": "cleaning",
          "x": 2,
          "y": 17,
          "chance": 70
        },
        {
          "group": "bionics_mil",
          "x": 16,
          "y": 4,
          "chance": 65
        },
        {
          "group": "bunker_basement_suicide",
          "x": 3,
          "y": 3
        },
        {
          "item": "whiskey",
          "x": 5,
          "y": 3
        },
        {
          "item": "glass",
          "x": 5,
          "y": 3
        },
        {
          "item": "militarymap",
          "x": 5,
          "y": 3
        },
        {
          "item": "anesthetic_kit",
          "x": 17,
          "y": 4
        },
        {
          "item": "television",
          "x": 17,
          "y": 13,
          "chance": 95
        },
        {
          "item": "stereo",
          "x": 19,
          "y": 15,
          "chance": 80
        }
      ],
      "monster": {
        "~": {
          "monster": "mon_turret_rifle"
        }
      }
    }
  }
]