[
  {
    "type": "mapgen",
    "method": "json",
    "om_terrain": [
      "cabin_1"
    ],
    "weight": 50,
    "object": {
      "fill_ter": "t_floor",
      "rows": [
        "........................",
        "........................",
        "...%....................",
        "..######w##++#########..",
        "..#R  d#sT#  #A DBBD #..",
        "..#R  c#  #  #A  BB  w..",
        "..wR   #  =  =       w..",
        "..wR   #~~#  #########..",
        "..#R   ####  =  DBBD #..",
        "..#R   L##A  #A  BB  w..",
        "..####=####  #A      w..",
        "..#ttb  uu#  #########..",
        "..wttb   u#  #a OOO  w..",
        "..wbb     =  =    rrrw..",
        "..#      u#  #    rSr#..",
        "..#1F5V234#  #a   rrr#..",
        "..###ww####++####ww###..",
        "..o bbbb             o..",
        "..-                  -..",
        "..-                  -..",
        "..o-------oGGo-------o..",
        "........................",
        "........................",
        "........................"
      ],
      "palettes": [
        "cabin_palette"
      ],
      "place_rubble": [
        {
          "x": 20,
          "y": 17,
          "items": true
        },
        {
          "x": 19,
          "y": 18,
          "items": true
        },
        {
          "x": 20,
          "y": 18,
          "items": true
        },
        {
          "x": 18,
          "y": 19,
          "items": true
        },
        {
          "x": 19,
          "y": 19,
          "items": true
        },
        {
          "x": 20,
          "y": 19,
          "items": true
        },
        {
          "x": 19,
          "y": 3,
          "items": true
        },
        {
          "x": 20,
          "y": 3,
          "items": true
        },
        {
          "x": 21,
          "y": 3,
          "items": true
        },
        {
          "x": 20,
          "y": 4,
          "items": true
        },
        {
          "x": 21,
          "y": 4,
          "items": true
        },
        {
          "x": 21,
          "y": 5,
          "items": true
        }
      ],
      "place_loot": [
        {
          "group": "guns_shotgun_fallout_common",
          "x": 7,
          "y": 9,
          "chance": 30,
          "ammo": 90,
          "magazine": 100
        }
      ],
      "place_monsters": [
        {
          "monster": "CAMPERS_FALLOUT",
          "x": 11,
          "y": 12
        }
      ]
    }
  },
  {
    "type": "mapgen",
    "method": "json",
    "om_terrain": [
      "cabin_2"
    ],
    "weight": 33,
    "object": {
      "fill_ter": "t_floor",
      "rows": [
        ".*********.~~.*********.",
        ".*********.~~.*********.",
        ".*********.~~.*********.",
        "..........~~~~~~~~~~~~~~",
        ".o-------o    o-------o~",
        ".-                    -~",
        ".-   at          cttc -~",
        ".##w###w###++###w###w##~",
        ".#L CCC L#Y     lttl 4#~",
        ".#       +    o  tt  5w~",
        ".#RRRLRRR#    A  l   Vw~",
        ".#########    A      F#~",
        ".#rrr a       A      u#~",
        ".wrSr d       o   o123w~",
        ".wrrr                 w~",
        ".#OOO    AcccA        #~",
        ".#####=#######=####=###~",
        ".#D    AAdd#     D#  T#~",
        ".#BB     cd#BB    #s  +~",
        ".#BB      A#BB  AA# hh#.",
        ".###ww#ww#####ww#######.",
        ".********************%..",
        "************************",
        "************************"
      ],
      "palettes": [
        "cabin_palette"
      ],
      "place_items": [
        {
          "item": "harddrugs",
          "x": [
            19,
            21
          ],
          "y": [
            17,
            19
          ],
          "chance": 40
        }
      ],
      "place_loot": [
        {
          "group": "guns_rifle_fallout_common",
          "x": 9,
          "y": 15,
          "chance": 50,
          "ammo": 50,
          "magazine": 100
        }
      ],
      "place_monsters": [
        {
          "monster": "CAMPERS_FALLOUT",
          "x": [
            2,
            21
          ],
          "y": [
            2,
            21
          ]
        }
      ]
    }
  }
]