[
  {
    "type": "item_group",
    "id": "ammo_pistol_fallout_common",
    "//": "Pistol ammo commonly owned by citizens and found in many locations.",
    "items": [
      [
        "10mm_incendiary",
        100
      ],
      [
        "10mmhp",
        100
      ],
      [
        "10mmap",
        100
      ],
      [
        "10mmjhp",
        100
      ],
      [
        "38_special",
        100
      ],
      [
        "9mm",
        100
      ],
      [
        "9mmfmj",
        100
      ],
      [
        "44fmj",
        15
      ],
      [
        "44magnum",
        35
      ],
      [
        "9mmP",
        30
      ],
      [
        "9mmP2",
        20
      ],
      [
        "14mm",
        20
      ],
      [
        "357_magnum",
        20
      ],
      [
        "357_magnum_hp",
        10
      ],
      [
        "357_magnum_ap",
        10
      ],
      [
        "4570",
        5
      ]
    ]
  },
  {
    "type": "item_group",
    "id": "ammo_heavy_fallout",
    "//": "expensive ammo commonly used in big guns.",
    "items": [
      [
        "47mm_caseless",
        100
      ],
      [
        "bbrocket",
        100
      ],
      [
        "25mm_frag",
        50
      ],
      [
        "25mm_beanbag",
        100
      ],
      [
        "25mm_concussive",
        100
      ],
      [
        "25mm_flare",
        10
      ],
      [
        "25mm_flashbang",
        10
      ],
      [
        "25mm_flechette",
        10
      ],
      [
        "25mm_incendiary",
        15
      ],
      [
        "bbrocketap",
        50
      ],
      [
        "25mm_shot",
        35
      ],
      [
        "25mm_smoke",
        30
      ],
      [
        "25mm_teargas",
        20
      ],
      [
        "cannonball",
        100
      ],
      [
        "cannonshot",
        100
      ],
      [
        "cannonshell",
        100
      ],
      [
        "cannonball_explosive",
        10
      ]
    ]
  },
  {
    "type": "item_group",
    "id": "ammo_energy_fallout",
    "//": "expensive ammo commonly used in big guns.",
    "items": [
      [
        "battery",
        100
      ],
      [
        "plasma",
        50
      ]
    ]
  },
  {
    "type": "item_group",
    "id": "ammo_shotgun_fallout",
    "//": "Shotgun ammo.",
    "items": [
      [
        "shot_00",
        50
      ],
      [
        "shot_bird",
        75
      ],
      [
        "shot_flechette",
        10
      ],
      [
        "20ga_shot",
        75
      ],
      [
        "20ga_flechette",
        25
      ],
      [
        "20ga_slug",
        50
      ],
      [
        "20ga_bird",
        100
      ],
      [
        "shot_he",
        10
      ]
    ]
  },
  {
    "type": "item_group",
    "id": "ammo_rifle_fallout_common",
    "//": "Pistol ammo commonly owned by citizens and found in many locations.",
    "items": [
      [
        "bb",
        100
      ],
      [
        "223",
        100
      ],
      [
        "556",
        75
      ],
      [
        "5mm_bulk",
        75
      ],
      [
        "5mm",
        50
      ],
      [
        "5mmjhp",
        25
      ],
      [
        "5mmap",
        25
      ],
      [
        "5mmincendiary",
        5
      ],
      [
        "4570",
        50
      ]
    ]
  },
  {
    "type": "item_group",
    "id": "guns_rifle_fallout_common",
    "//": "rifles common to civilian use.",
    "items": [
      [
        "redryder",
        100
      ],
      [
        "varmint_rifle",
        100
      ],
      [
        "colt_rangemaster",
        100
      ],
      [
        "r91",
        100
      ],
      [
        "cowboy_repeater",
        100
      ],
      [
        "dks501",
        50
      ],
      [
        "brush_gun",
        50
      ]
    ]
  },
  {
    "type": "item_group",
    "id": "guns_rifle_fallout_rare",
    "//": "rare and exotic rifles, alien to civilian use.",
    "items": [
      [
        "redryderle",
        100
      ],
      [
        "dks501",
        75
      ],
      [
        "brush_gun",
        75
      ],
      [
        "ak112",
        50
      ],
      [
        "bozar",
        50
      ],
      [
        "rf2076",
        50
      ],
      [
        "wattz_2000",
        50
      ],
      [
        "amr50",
        25
      ],
      [
        "carbine_assault",
        25
      ],
      [
        "carbine_marksman",
        25
      ],
      [
        "type93",
        5
      ],
      [
        "cowboy_repeater_longue",
        1
      ],
      [
        "varmint_rifle_ratslayer",
        1
      ],
      [
        "brush_gun_medicine",
        1
      ]
    ]
  },
  {
    "type": "item_group",
    "id": "guns_pistol_fallout_common",
    "//": "Pistols commonly owned by citizens and found in many locations.",
    "items": [
      [
        "colt6250",
        100
      ],
      [
        "22_pistol",
        100
      ],
      [
        "mauser_9mm",
        75
      ],
      [
        "357_magnum_revolver",
        75
      ],
      [
        "deagle_44",
        50
      ],
      [
        "thatgun",
        25
      ],
      [
        "14mmpistol",
        1
      ]
    ]
  },
  {
    "type": "item_group",
    "id": "guns_pistol_fallout_rare",
    "//": "Pistols rarely used by anyone outside of the military, either due to their expensive nature or regulations..",
    "items": [
      [
        "deagle_44",
        100
      ],
      [
        "thatgun",
        75
      ],
      [
        "14mmpistol",
        50
      ],
      [
        "revolver_ranger",
        50
      ],
      [
        "357_magnum_revolver_lucky",
        1
      ],
      [
        "colt6250_weathered",
        1
      ]
    ]
  },
  {
    "type": "item_group",
    "id": "guns_shotgun_fallout_common",
    "//": "Shotguns commonly owned by citizens and found in many locations.",
    "items": [
      [
        "widowmaker",
        75
      ],
      [
        "20ga_singleshot",
        100
      ],
      [
        "caravan_shotgun",
        75
      ],
      [
        "caravan_shotgun_sturdy",
        50
      ],
      [
        "citykiller",
        10
      ]
    ]
  },
  {
    "type": "item_group",
    "id": "guns_shotgun_fallout_rare",
    "//": "Shotguns used by police and military forces.",
    "items": [
      [
        "caravan_shotgun_sturdy",
        100
      ],
      [
        "citykiller",
        100
      ]
    ]
  },
  {
    "type": "item_group",
    "id": "guns_heavy_fallout",
    "//": "heavy weapons used by police and military forces.",
    "items": [
      [
        "l30",
        100
      ],
      [
        "cz53minigun",
        100
      ],
      [
        "bozar",
        50
      ],
      [
        "25mmapw",
        50
      ],
      [
        "avenger",
        50
      ],
      [
        "vindicator",
        50
      ],
      [
        "grenademg",
        50
      ],
      [
        "10mmgatling",
        50
      ],
      [
        "rockwell_bigbazooka",
        50
      ],
      [
        "broadsider",
        20
      ]
    ]
  },
  {
    "type": "item_group",
    "id": "guns_superheavy_fallout",
    "//": "The biggest of big guns, the stuff you only find on tanks..",
    "items": [
      [
        "70mm_autocannon",
        100
      ],
      [
        "tank_gun_dual",
        100
      ],
      [
        "tank_gun_105",
        10
      ]
    ]
  },
  {
    "type": "item_group",
    "id": "guns_energy_fallout",
    "//": "energy weapons used by Fallout factions.",
    "items": [
      [
        "wattz_1000",
        100
      ],
      [
        "wattz_2000",
        100
      ],
      [
        "laser_pistol_aep",
        100
      ],
      [
        "aer9",
        100
      ],
      [
        "aer9_tribeam",
        50
      ],
      [
        "laser_rcw",
        50
      ],
      [
        "l30",
        25
      ],
      [
        "p94_caster",
        25
      ],
      [
        "p94_rifle",
        25
      ],
      [
        "wattz_1000_magneto",
        5
      ],
      [
        "aer14_prototype",
        5
      ],
      [
        "laser_pistol_aep_pewpew",
        5
      ]
    ]
  },
  {
    "type": "item_group",
    "id": "guns_smg_fallout_common",
    "//": "SMGs commonly owned by citizens and found in many locations.",
    "items": [
      [
        "10mmsmg",
        100
      ],
      [
        "greasegun",
        100
      ],
      [
        "tommygun",
        50
      ],
      [
        "22_smg",
        50
      ]
    ]
  },
  {
    "type": "item_group",
    "id": "guns_smg_fallout_rare",
    "//": "SMGs commonly owned by citizens and found in many locations.",
    "items": [
      [
        "tommygun",
        100
      ],
      [
        "14mmsmg",
        50
      ],
      [
        "22_smg",
        100
      ],
      [
        "hk_p90c",
        50
      ],
      [
        "laser_rcw",
        50
      ],
      [
        "tommygun_silver",
        5
      ]
    ]
  },
  {
    "type": "item_group",
    "id": "melee_fallout_common",
    "//": "melee weapons commonly owned by citizens and found in many locations.",
    "items": [
      [
        "spear_fallout_replica",
        100
      ],
      [
        "vault_knife",
        100
      ],
      [
        "spear_fallout",
        50
      ],
      [
        "gloves_boxing",
        100
      ],
      [
        "gloves_boxing_plated",
        5
      ]
    ]
  },
  {
    "type": "item_group",
    "id": "melee_fallout_rare",
    "//": "melee weapons that rarely saw use pre-cataclysm, either due to being too brutal for military use, or just being impractical.",
    "items": [
      [
        "spear_fallout",
        100
      ],
      [
        "machete_gladius",
        100
      ],
      [
        "flagstaff",
        10
      ],
      [
        "sword_revolutionary",
        100
      ],
      [
        "sword_chinese",
        100
      ],
      [
        "sword_chinese_shock",
        1
      ],
      [
        "meat_hook_claws",
        100
      ],
      [
        "gloves_boxing_plated",
        100
      ],
      [
        "gloves_boxing_goldplated",
        10
      ],
      [
        "gloves_boxing_doubleplated",
        1
      ],
      [
        "super_sledge",
        50
      ]
    ]
  },
  {
    "type": "item_group",
    "id": "armor_fallout_common",
    "//": "armor and clothing commonly owned by citizens and found in many locations.",
    "items": [
      [
        "jumpsuit_vault",
        100
      ],
      [
        "jumpsuit_vault_13",
        75
      ],
      [
        "jumpsuit_vault_13_armored",
        50
      ],
      [
        "jumpsuit_vault_13_utility",
        50
      ],
      [
        "armor_wasteplate",
        25
      ],
      [
        "armor_combat_light",
        25
      ],
      [
        "armor_combat_light_winter",
        25
      ],
      [
        "armor_combat_light_winter_medic",
        25
      ],
      [
        "helmet_combat_light",
        25
      ],
      [
        "helmet_combat_light_winter",
        25
      ],
      [
        "balclava_winter",
        25
      ],
      [
        "helm_nullifier",
        1
      ],
      [
        "jacket_leather_tunnel",
        50
      ],
      [
        "jacket_leather_king",
        50
      ],
      [
        "jacket_leather_khan",
        50
      ],
      [
        "jacket_leather_atomcat",
        50
      ],
      [
        "jacket_boomer",
        50
      ],
      [
        "cathedralrobe",
        5
      ],
      [
        "nightpants_naughty",
        5
      ],
      [
        "nightshirt_naughty",
        5
      ],
      [
        "jumpsuit_china",
        1
      ],
      [
        "jumpsuit_racer",
        50
      ],
      [
        "jumpsuit_enclave",
        15
      ],
      [
        "winter_jacket_enclave",
        15
      ],
      [
        "winter_pants_enclave",
        15
      ],
      [
        "hat_enclave",
        15
      ],
      [
        "trenchcoat_general_green",
        15
      ],
      [
        "trenchcoat_general_white",
        10
      ],
      [
        "trenchcoat_general_black",
        5
      ],
      [
        "hat_general_green",
        15
      ],
      [
        "hat_general_white",
        10
      ],
      [
        "hat_general_black",
        5
      ],
      [
        "wastehound_mask",
        5
      ],
      [
        "helmet_biker_retro",
        75
      ],
      [
        "hat_peoples",
        1
      ],
      [
        "mask_pint",
        50
      ],
      [
        "mask_pint_magic",
        1
      ],
      [
        "suit_benny",
        5
      ],
      [
        "scrubs_bigmt",
        5
      ],
      [
        "dress_shirt_NCR",
        50
      ],
      [
        "jeans_ncr",
        50
      ],
      [
        "ncr_armor",
        25
      ],
      [
        "armor_legate",
        1
      ],
      [
        "helmet_legate",
        1
      ],
      [
        "armor_legion_recruit",
        50
      ],
      [
        "helmet_legion_recruit",
        50
      ],
      [
        "armor_legion_prime",
        25
      ],
      [
        "helmet_legion_prime",
        25
      ],
      [
        "armor_legion_veteran",
        5
      ],
      [
        "helmet_legion_veteran",
        5
      ],
      [
        "hazmat_suit_ghost",
        5
      ],
      [
        "beret_recon",
        25
      ],
      [
        "helmet_fiend",
        25
      ],
      [
        "jacket_db_varsity",
        5
      ],
      [
        "duster_minutemen",
        50
      ],
      [
        "duster_minutemen_general",
        5
      ],
      [
        "coat_frock_red",
        5
      ]
    ]
  },
  {
    "type": "item_group",
    "id": "mags_pistol_fallout_common",
    "//": "Common pistol mags.",
    "items": [
      [
        "colt6250mag",
        100
      ],
      [
        "deaglemag",
        50
      ],
      [
        "14mmpistolmag",
        10
      ]
    ]
  },
  {
    "type": "item_group",
    "id": "mags_heavy_fallout",
    "//": "Big gun mags.",
    "items": [
      [
        "5mmminigunmag",
        100
      ],
      [
        "47mmminigunmag",
        50
      ],
      [
        "25mmdrummag",
        25
      ],
      [
        "10mmgatlingmag",
        25
      ],
      [
        "10mmgatlingmagxl",
        25
      ],
      [
        "25mmdrummagxl",
        10
      ]
    ]
  },
  {
    "type": "item_group",
    "id": "mags_pistol_fallout_rare",
    "//": "Rare and exotic pistol mags.",
    "items": [
      [
        "deaglemag",
        100
      ],
      [
        "14mmpistolmag",
        50
      ]
    ]
  },
  {
    "type": "item_group",
    "id": "mags_smg_fallout_common",
    "//": "Common smg mags.",
    "items": [
      [
        "10mmsmgmag",
        100
      ],
      [
        "thompson_bigmag",
        50
      ],
      [
        "p90cmag",
        50
      ],
      [
        "14mmsmgmag",
        50
      ],
      [
        "thompson_drum",
        25
      ]
    ]
  },
  {
    "type": "item_group",
    "id": "mags_shotgun_fallout",
    "//": "shotgun mags.",
    "items": [
      [
        "citykillermag",
        100
      ]
    ]
  },
  {
    "type": "item_group",
    "id": "mags_rifle_fallout_common",
    "//": "Common rifle magazines.",
    "items": [
      [
        "rangemastermag",
        100
      ],
      [
        "rangemastermag2",
        50
      ],
      [
        "5mmmag",
        25
      ],
      [
        "5mmlargemag",
        10
      ],
      [
        "5mmdrummag",
        5
      ],
      [
        "5mmminigunmag",
        1
      ]
    ]
  },
  {
    "type": "item_group",
    "id": "alien_gear_fallout",
    "//": "Zetan equipment.",
    "items": [
      [
        "zetan_rifle",
        100
      ],
      [
        "zetan_smg",
        100
      ],
      [
        "plasma_zetan",
        100
      ],
      [
        "zetan_pistol",
        50
      ],
      [
        "zetan_pistol_fire",
        25
      ],
      [
        "zetan_pistol_shot",
        25
      ],
      [
        "zetan_cannon",
        10
      ]
    ]
  },
  {
    "type": "item_group",
    "id": "alien_junk_fallout",
    "//": "Zetan scrap.",
    "items": [
      [
        "plasma_zetan",
        100
      ],
      [
        "scrap_zetan",
        100
      ],
      [
        "painting_fuzzy",
        50
      ],
      [
        "zetan_sheet",
        10
      ],
      [
        "plasma_zetan",
        25
      ]
    ]
  },
  {
    "type": "item_group",
    "id": "books_fallout_common",
    "//": "Common books about the Wasteland.",
    "items": [
      [
        "jerky_vendor",
        100
      ],
      [
        "scout_guide",
        100
      ],
      [
        "grognakcomic",
        100
      ],
      [
        "antagonizercomic",
        100
      ],
      [
        "chaingangcomic",
        100
      ],
      [
        "shroudcomic",
        100
      ],
      [
        "mantamancomic",
        100
      ],
      [
        "mag_comic_fantoma",
        100
      ],
      [
        "mag_comic_police",
        100
      ],
      [
        "mag_unstoppables",
        100
      ],
      [
        "mag_astounding",
        100
      ],
      [
        "mag_chivalry",
        100
      ],
      [
        "mag_catspaw",
        100
      ],
      [
        "mag_pugilism",
        75
      ],
      [
        "electronics_deans",
        75
      ],
      [
        "drivingzen",
        75
      ],
      [
        "tricksandtraps",
        75
      ],
      [
        "totalhack",
        75
      ],
      [
        "electronics_deans_vault",
        50
      ],
      [
        "gunrunnerbook",
        5
      ],
      [
        "wastelandgunsmith",
        5
      ],
      [
        "wasteland_survival_guide",
        5
      ],
      [
        "manual_boxing_newreno",
        5
      ],
      [
        "manual_gecko",
        5
      ],
      [
        "manual_arroyo",
        5
      ],
      [
        "holybook_fbible",
        5
      ],
      [
        "holybook_hintbook",
        1
      ],
      [
        "holybook_krivbeknih",
        1
      ]
    ]
  },
  {
    "id": "drinks_nuka",
    "type": "item_group",
    "//": "nuka cola! and sunset sasparilla... but mostly Nuka Cola!",
    "items": [
      [
        "cola_nuka",
        100
      ],
      [
        "cola_newka",
        30
      ],
      [
        "cola_nuka_quantum",
        20
      ],
      [
        "cola_nuka_piss",
        1
      ]
    ]
  },
  {
    "id": "drinks_fallout_booze",
    "type": "item_group",
    "//": "Alcohol from throughout the Fallout world!",
    "items": [
      [
        "rotgut",
        100
      ],
      [
        "rum_roentgen",
        100
      ],
      [
        "beer_gamma",
        100
      ],
      [
        "beer_5x",
        50
      ]
    ]
  },
  {
    "id": "food_iguana",
    "type": "item_group",
    "//": "Bob's Iguana Bits! Also, Gecko Jerky and kebabs.",
    "items": [
      [
        "stick_iguana",
        100
      ],
      [
        "stick_iguana_premium",
        45
      ],
      [
        "jerky_gecko",
        100
      ],
      [
        "kebab_gecko",
        45
      ],
      [
        "meat_wonder",
        100
      ],
      [
        "stick_iguana_premiumh",
        5
      ]
    ]
  },
  {
    "id": "food_produce_fallout",
    "type": "item_group",
    "//": "Crops and plants from throughout the Fallout world",
    "items": [
      [
        "broc_flower",
        100
      ],
      [
        "xander_root",
        100
      ],
      [
        "cave_fungus",
        100
      ],
      [
        "mutfruit",
        100
      ],
      [
        "mutfruit_crunchy",
        100
      ],
      [
        "fruit_punga",
        100
      ]
    ]
  },
  {
    "id": "seed_produce_fallout",
    "type": "item_group",
    "//": "Crops and plants from throughout the Fallout world",
    "items": [
      [
        "seed_broc",
        100
      ],
      [
        "seed_xander_root",
        100
      ],
      [
        "seed_cave_fungus",
        100
      ],
      [
        "seed_crunchy_mutfruit",
        100
      ],
      [
        "seed_mutfruit",
        100
      ],
      [
        "seed_punga",
        100
      ]
    ]
  },
  {
    "id": "food_prewar_fallout",
    "type": "item_group",
    "//": "Processed food from throughout the Fallout world",
    "items": [
      [
        "pie_happy",
        100
      ],
      [
        "macaroni_blamco_raw",
        100
      ],
      [
        "can_cram",
        100
      ],
      [
        "instamash_raw",
        100
      ],
      [
        "fancylad",
        100
      ],
      [
        "salisbury_steak_fallout",
        100
      ],
      [
        "sugarbombs",
        100
      ],
      [
        "eggs_devilled_fallout",
        100
      ]
    ]
  },
  {
    "type": "item_group",
    "id": "item_clutter_fallout",
    "//": "general clutter items; similar to junk, but Fallout flair.",
    "items": [
      [
        "deck_of_tragic_cards",
        20
      ],
      [
        "painting_fuzzy",
        1
      ],
      [
        "coin_NCR",
        30
      ],
      [
        "coin_legion_small",
        25
      ],
      [
        "coin_legion_large",
        10
      ],
      [
        "cap_bottle",
        70
      ],
      [
        "pipboy_2000",
        50
      ],
      [
        "pipboy_3000",
        50
      ],
      [
        "deck_caravan",
        20
      ],
      [
        "doll_nixon",
        100
      ],
      [
        "doll_action_abe",
        100
      ],
      [
        "doll_buttercup",
        100
      ],
      [
        "doll_dinky",
        100
      ],
      [
        "souveneir_rocket",
        100
      ],
      [
        "toy_nuka_truck",
        100
      ],
      [
        "condom_jimmy_blue",
        33
      ],
      [
        "condom_jimmy_green",
        34
      ],
      [
        "condom_jimmy_red",
        33
      ],
      [
        "flask_vault",
        100
      ],
      [
        "iv_mutagen_fev",
        1
      ],
      [
        "45boxmag",
        10
      ],
      [
        "22boxmag",
        10
      ],
      [
        "makeshift_revolver_pack",
        10
      ],
      [
        "makeshift_lever_pack",
        10
      ],
      [
        "makeshift_bolt_pack",
        10
      ],
      [
        "makeshift_pump_pack",
        10
      ],
      [
        "makeshift_gatling_pack",
        10
      ],
      [
        "bottle_plastic_nukadark",
        10
      ],
      [
        "bag_canvas_westtek_nylon",
        10
      ]
    ]
  }
]