[
  {
    "type": "mapgen",
    "method": "json",
    "om_terrain": [
      "derelict_property"
    ],
    "weight": 300,
    "object": {
      "fill_ter": "t_floor",
      "//": "a fortified house by someone who couldnt get into a vault. A former Gun Runner employee, in fact.",
      "rows": [
        "............p.sssssss...",
        ".QQQQQQQ99QQQ-=======--.",
        ".q...........|       e|.",
        ".q...........|        |.",
        ".q...........|        |.",
        ".q...........|        |.",
        ".q...........;        |.",
        ".q...........|       Z|.",
        ".q...........|        |.",
        ".q...........|L      r|.",
        ".q...........|L      c|.",
        ".q...........|L      c|.",
        ".|-----v;;v-----+-----|.",
        ".|B  S|Y   |D        f|.",
        ".|B  t|    |  nnh    Ov.",
        ".|    |    +  nnh    cv.",
        ".|    +    |         c|.",
        ".--vv-|o   |-----+----|.",
        "......|o      +      n|.",
        "......|o     ?|     @@|.",
        "....T.|      ?|     @@|.",
        "......|      ?|      d|.",
        "......--vv-------vv----.",
        "........................"
      ],
      "set": [
        {
          "point": "terrain",
          "id": "t_dirt",
          "x": [
            0,
            0
          ],
          "y": [
            0,
            23
          ],
          "repeat": [
            5,
            10
          ]
        },
        {
          "point": "terrain",
          "id": "t_dirt",
          "x": [
            23,
            23
          ],
          "y": [
            0,
            23
          ],
          "repeat": [
            5,
            10
          ]
        },
        {
          "point": "terrain",
          "id": "t_dirt",
          "x": [
            0,
            23
          ],
          "y": [
            23,
            23
          ],
          "repeat": [
            5,
            8
          ]
        },
        {
          "point": "terrain",
          "id": "t_dirt",
          "x": [
            0,
            14
          ],
          "y": [
            0,
            0
          ],
          "repeat": [
            5,
            8
          ]
        },
        {
          "point": "terrain",
          "id": "t_dirt",
          "x": [
            2,
            11
          ],
          "y": [
            2,
            11
          ],
          "repeat": [
            8,
            12
          ]
        }
      ],
      "terrain": {
        "9": "t_fencegate_c",
        "+": "t_door_c",
        "-": "t_wall",
        ".": "t_grass",
        "p": "t_grass",
        ";": "t_door_locked",
        "=": "t_door_metal_locked",
        "?": "t_floor",
        "@": "t_floor",
        "B": "t_floor",
        "Z": "t_floor",
        "D": "t_floor",
        "Y": "t_floor",
        "O": "t_floor",
        "Q": "t_fence_h",
        "S": "t_floor",
        "T": "t_tree",
        "c": "t_floor",
        "d": "t_floor",
        "e": "t_gates_mech_control",
        "f": "t_floor",
        "h": "t_floor",
        "k": "t_floor",
        "n": "t_floor",
        "o": "t_floor",
        "q": "t_fence_v",
        "r": "t_floor",
        "s": "t_sidewalk",
        "v": "t_window_boarded",
        "|": "t_wall"
      },
      "furniture": {
        "?": "f_sofa",
        "@": "f_bed",
        "B": "f_bathtub",
        "D": "f_trashcan",
        "O": "f_oven",
        "S": "f_sink",
        "p": "f_mailbox",
        "Z": "f_stool",
        "L": "f_locker",
        "Y": "f_rack_coat",
        "c": "f_counter",
        "d": "f_dresser",
        "f": "f_fridge",
        "h": "f_chair",
        "k": "f_desk",
        "n": "f_table",
        "o": "f_bookcase",
        "r": "f_rack"
      },
      "toilets": {
        "t": {}
      },
      "items": {
        "Y": {
          "item": "coat_rack",
          "chance": 35
        },
        "p": {
          "item": "mail",
          "chance": 30,
          "repeat": [
            2,
            5
          ]
        }
      },
      "place_loot": [
        {
          "group": "bed",
          "x": [
            19,
            20
          ],
          "y": [
            19,
            20
          ],
          "chance": 90,
          "repeat": [
            1,
            3
          ]
        },
        {
          "group": "bedroom",
          "x": [
            15,
            21
          ],
          "y": [
            18,
            21
          ],
          "chance": 80,
          "repeat": [
            1,
            4
          ]
        },
        {
          "group": "livingroom",
          "x": [
            7,
            13
          ],
          "y": [
            18,
            21
          ],
          "chance": 90,
          "repeat": [
            1,
            5
          ]
        },
        {
          "group": "item_clutter_fallout",
          "x": [
            15,
            21
          ],
          "y": [
            18,
            21
          ],
          "chance": 80,
          "repeat": [
            1,
            4
          ]
        },
        {
          "group": "item_clutter_fallout",
          "x": [
            7,
            13
          ],
          "y": [
            18,
            21
          ],
          "chance": 90,
          "repeat": [
            1,
            5
          ]
        },
        {
          "group": "guns_pistol_fallout_common",
          "x": [
            21,
            21
          ],
          "y": [
            21,
            21
          ],
          "chance": 5,
          "ammo": 90,
          "magazine": 100
        },
        {
          "group": "books_fallout_common",
          "x": [
            7,
            7
          ],
          "y": [
            16,
            18
          ],
          "chance": 75,
          "repeat": [
            1,
            2
          ]
        },
        {
          "group": "dresser",
          "x": [
            21,
            21
          ],
          "y": [
            21,
            21
          ],
          "chance": 85,
          "repeat": [
            1,
            4
          ]
        },
        {
          "group": "kitchen",
          "x": [
            13,
            21
          ],
          "y": [
            16,
            13
          ],
          "chance": 65,
          "repeat": [
            1,
            3
          ]
        },
        {
          "group": "food_prewar_fallout",
          "x": [
            21,
            21
          ],
          "y": [
            12,
            12
          ],
          "chance": 70,
          "repeat": [
            1,
            2
          ]
        },
        {
          "group": "food_produce_fallout",
          "x": [
            21,
            21
          ],
          "y": [
            12,
            12
          ],
          "chance": 70,
          "repeat": [
            1,
            2
          ]
        },
        {
          "group": "drinks_nuka",
          "x": [
            21,
            21
          ],
          "y": [
            12,
            12
          ],
          "chance": 70,
          "repeat": [
            1,
            2
          ]
        },
        {
          "group": "drinks_fallout_booze",
          "x": [
            21,
            21
          ],
          "y": [
            12,
            12
          ],
          "chance": 70,
          "repeat": [
            1,
            2
          ]
        },
        {
          "group": "kitchen",
          "x": [
            21,
            21
          ],
          "y": [
            15,
            16
          ],
          "chance": 85,
          "repeat": [
            1,
            2
          ]
        },
        {
          "group": "trash_forest",
          "x": [
            11,
            11
          ],
          "y": [
            12,
            12
          ],
          "chance": 70,
          "repeat": [
            1,
            2
          ]
        },
        {
          "group": "home_hw",
          "x": [
            13,
            20
          ],
          "y": [
            2,
            11
          ],
          "chance": 65,
          "repeat": [
            1,
            4
          ]
        },
        {
          "group": "home_hw",
          "x": [
            21,
            21
          ],
          "y": [
            9,
            11
          ],
          "chance": 85,
          "repeat": [
            1,
            2
          ]
        },
        {
          "group": "oven",
          "x": [
            21,
            21
          ],
          "y": [
            14,
            14
          ],
          "chance": 75,
          "repeat": [
            1,
            3
          ]
        },
        {
          "group": "softdrugs",
          "x": [
            2,
            4
          ],
          "y": [
            13,
            16
          ],
          "chance": 75,
          "repeat": [
            1,
            3
          ]
        },
        {
          "group": "cleaning",
          "x": [
            2,
            4
          ],
          "y": [
            13,
            16
          ],
          "chance": 90,
          "repeat": [
            1,
            2
          ]
        },
        {
          "group": "guns_rifle_fallout_common",
          "x": 13,
          "y": [
            9,
            11
          ],
          "chance": 90,
          "ammo": 90,
          "magazine": 100,
          "repeat": [
            1,
            2
          ]
        },
        {
          "group": "mags_rifle_fallout_common",
          "x": 13,
          "y": [
            9,
            11
          ],
          "chance": 90,
          "repeat": [
            1,
            2
          ]
        },
        {
          "group": "ammo_rifle_fallout_common",
          "x": 13,
          "y": [
            9,
            11
          ],
          "chance": 90,
          "repeat": [
            1,
            3
          ]
        }
      ],
      "place_monsters": [
        {
          "monster": "GROUP_ZOMBIE",
          "x": [
            2,
            21
          ],
          "y": [
            2,
            21
          ],
          "chance": 2
        }
      ],
      "place_vehicles": [
        {
          "vehicle": "gunrunners",
          "x": 18,
          "y": 7,
          "chance": 75,
          "fuel": 80,
          "status": 0,
          "rotation": 90
        }
      ]
    }
  }
]