[
  {
    "type": "mapgen",
    "method": "json",
    "om_terrain": [
      "hunting_blind"
    ],
    "weight": 30,
    "object": {
      "rows": [
        "........................",
        "......._..._............",
        "..._.....4..._....._....",
        "..#....._.._...1.....#..",
        ".._..........._......__.",
        ".._._...u._..#...._.___.",
        "......_.........S...__..",
        "..1.__..7....._...._....",
        "...___..................",
        "....__......._...1.._.u.",
        ".._.................__..",
        ".........__........._...",
        "._...._.4#....._........",
        "...d....u.....|fff|.....",
        "4........_....|ffc|..__.",
        "............._|00||..._.",
        "..._.........____.......",
        ".......1..._._..........",
        "..................._..s.",
        "..._...._...............",
        "..._...__......#........",
        "..._.#.._......_..._....",
        "..._......._.....s..#...",
        "........................"
      ],
      "terrain": {
        "0": "t_window_empty",
        "1": "t_tree_young",
        "4": "t_tree_pine",
        "7": "t_tree_dead",
        "#": "t_underbrush_harvested_summer",
        ".": "t_grass",
        "S": "t_shrub_blueberry_harvested",
        "_": "t_dirt",
        "c": "t_floor",
        "d": "t_grass",
        "f": "t_floor",
        "s": "t_shrub",
        "u": "t_underbrush",
        "|": "t_wall_wood"
      },
      "furniture": {
        "c": "f_chair",
        "d": "f_dandelion"
      },
      "place_items": [
        {
          "item": "ammo_rifle_fallout_common",
          "x": 16,
          "y": 14,
          "chance": 10
        },
        {
          "item": "ammo_shotgun_fallout",
          "x": 15,
          "y": 14,
          "chance": 25
        }
      ],
      "place_loot": [
        {
          "group": "guns_rifle_fallout_common",
          "x": 16,
          "y": 14,
          "chance": 10,
          "ammo": 90,
          "magazine": 50
        },
        {
          "group": "guns_shotgun_fallout_common",
          "x": 15,
          "y": 14,
          "chance": 25,
          "ammo": 90,
          "magazine": 50
        }
      ]
    }
  }
]