[
  {
    "type": "mapgen",
    "method": "json",
    "om_terrain": [
      "s_gun"
    ],
    "weight": 750,
    "object": {
      "rows": [
        "  ____________________  ",
        "  *___*___*______*___*  ",
        "  *___*___*______*___*  ",
        "  *___*___*______*___*  ",
        "  *___*___*______*___*  ",
        "  *___*___*______*___*  ",
        "  ---:::--------:::---  ",
        "  |{.S..#.......@.@.{|  ",
        "  |{....#...........{|  ",
        "  |{....#...{{..{...{|  ",
        "  |{....#...{{..{...{|  ",
        "  |{....#...{{..{...{|  ",
        "  |{....#...........{|  ",
        "  |{.oo.......ff{{{{{|  ",
        "  |-----:::----------|  ",
        "  |l.................|  ",
        "  |--#--#--#--#--#--+|  ",
        "  |..................|  ",
        "  |..................|  ",
        "  |..................|  ",
        "  |..................|  ",
        "  |..................|  ",
        "  |ssssssssssssssssss|  ",
        "  ====================  "
      ],
      "place_terrain": [
        {
          "ter": "t_door_metal_pickable",
          "x": [
            11,
            14
          ],
          "y": 6
        },
        {
          "ter": "t_door_metal_pickable",
          "x": [
            5,
            14
          ],
          "y": 14
        }
      ],
      "terrain": {
        " ": [
          "t_grass",
          "t_grass",
          "t_grass",
          "t_dirt"
        ],
        "#": "t_floor",
        "*": "t_pavement_y",
        "+": "t_door_metal_pickable",
        "-": "t_wall",
        ".": "t_floor",
        ":": "t_window_bars_alarm",
        "=": "t_strconc_wall",
        "_": "t_pavement",
        "S": "t_floor",
        "l": "t_floor",
        "s": "t_floor",
        "@": "t_floor",
        "f": "t_floor",
        "o": "t_floor",
        "{": "t_floor",
        "|": "t_wall"
      },
      "furniture": {
        "#": "f_counter",
        "S": "f_stool",
        "l": "f_locker",
        "s": "f_sandbag_wall",
        "{": "f_rack",
        "f": "f_fridge",
        "@": "f_mannequin",
        "o": "f_bookcase"
      },
      "//": "These stores are absolutely loaded on max loot drops. I find this to be a good thing, given Gun Runner stores are going to have fully functional robotic guardians to protect their loot, and have been sealed since the cataclysm. If you do not, I apologize.",
      "place_loot": [
        {
          "group": "guns_pistol_fallout_common",
          "x": 12,
          "y": 9,
          "chance": 75,
          "magazine": 100
        },
        {
          "group": "guns_pistol_fallout_common",
          "x": 13,
          "y": 9,
          "chance": 75,
          "magazine": 100
        },
        {
          "group": "guns_pistol_fallout_common",
          "x": 12,
          "y": 10,
          "chance": 100,
          "magazine": 100
        },
        {
          "group": "guns_pistol_fallout_common",
          "x": 12,
          "y": 11,
          "chance": 15,
          "magazine": 100
        },
        {
          "group": "guns_pistol_fallout_rare",
          "x": 13,
          "y": 11,
          "chance": 15,
          "magazine": 100
        },
        {
          "group": "guns_pistol_common",
          "x": 12,
          "y": 9,
          "chance": 75,
          "magazine": 100
        },
        {
          "group": "guns_pistol_milspec",
          "x": 13,
          "y": 9,
          "chance": 75,
          "magazine": 100
        },
        {
          "group": "guns_pistol_common",
          "x": 13,
          "y": 10,
          "chance": 100,
          "magazine": 100
        },
        {
          "group": "guns_pistol_obscure",
          "x": 12,
          "y": 11,
          "chance": 15,
          "magazine": 100
        },
        {
          "group": "guns_pistol_rare",
          "x": 13,
          "y": 11,
          "chance": 15,
          "magazine": 100
        },
        {
          "group": "guns_shotgun_fallout_common",
          "x": 16,
          "y": 9,
          "chance": 50,
          "magazine": 100
        },
        {
          "group": "guns_shotgun_fallout_common",
          "x": 16,
          "y": 10,
          "chance": 100,
          "magazine": 100
        },
        {
          "group": "guns_shotgun_fallout_rare",
          "x": 16,
          "y": 11,
          "chance": 25,
          "magazine": 100
        },
        {
          "group": "guns_shotgun_milspec",
          "x": 16,
          "y": 9,
          "chance": 50,
          "magazine": 100
        },
        {
          "group": "guns_shotgun_common",
          "x": 16,
          "y": 10,
          "chance": 100,
          "magazine": 100
        },
        {
          "group": "guns_shotgun_rare",
          "x": 16,
          "y": 11,
          "chance": 25,
          "magazine": 100
        },
        {
          "group": "guns_rifle_fallout_common",
          "x": 20,
          "y": 7,
          "chance": 25,
          "magazine": 100
        },
        {
          "group": "guns_rifle_fallout_rare",
          "x": 20,
          "y": 8,
          "chance": 25,
          "magazine": 100
        },
        {
          "group": "guns_rifle_fallout_common",
          "x": 20,
          "y": 9,
          "chance": 100,
          "magazine": 100
        },
        {
          "group": "guns_rifle_fallout_common",
          "x": 20,
          "y": 10,
          "chance": 50,
          "magazine": 100
        },
        {
          "group": "guns_rifle_common",
          "x": 20,
          "y": 7,
          "chance": 25,
          "magazine": 100
        },
        {
          "group": "guns_rifle_rare",
          "x": 20,
          "y": 8,
          "chance": 25,
          "magazine": 100
        },
        {
          "group": "guns_rifle_milspec",
          "x": 20,
          "y": 9,
          "chance": 100,
          "magazine": 100
        },
        {
          "group": "guns_rifle_obscure",
          "x": 20,
          "y": 10,
          "chance": 50,
          "magazine": 100
        },
        {
          "group": "melee_fallout_common",
          "x": 20,
          "y": 11,
          "chance": 50
        },
        {
          "group": "melee_fallout_rare",
          "x": 20,
          "y": 12,
          "chance": 50
        },
        {
          "group": "guns_smg_fallout_common",
          "x": 17,
          "y": 13,
          "chance": 85,
          "magazine": 100
        },
        {
          "group": "guns_smg_fallout_rare",
          "x": 18,
          "y": 13,
          "chance": 15,
          "magazine": 100
        },
        {
          "group": "guns_smg_common",
          "x": 17,
          "y": 13,
          "chance": 85,
          "magazine": 100
        },
        {
          "group": "guns_smg_rare",
          "x": 18,
          "y": 13,
          "chance": 15,
          "magazine": 100
        },
        {
          "group": "guns_launcher_grenade",
          "x": 16,
          "y": 13,
          "chance": 50,
          "magazine": 100
        },
        {
          "group": "guns_launcher_rocket",
          "x": 16,
          "y": 13,
          "chance": 50,
          "magazine": 100
        },
        {
          "group": "guns_energy",
          "x": 16,
          "y": 13,
          "chance": 15,
          "magazine": 100
        },
        {
          "group": "guns_heavy_fallout",
          "x": 19,
          "y": 13,
          "chance": 50,
          "magazine": 100
        },
        {
          "group": "guns_heavy_fallout",
          "x": 19,
          "y": 13,
          "chance": 50,
          "magazine": 100
        },
        {
          "group": "guns_energy_fallout",
          "x": 20,
          "y": 13,
          "chance": 15,
          "magazine": 100
        },
        {
          "group": "ammo_common",
          "x": 3,
          "y": [
            11,
            13
          ],
          "chance": 100,
          "repeat": [
            2,
            3
          ]
        },
        {
          "group": "ammo_energy_fallout",
          "x": 3,
          "y": [
            11,
            13
          ],
          "chance": 100,
          "repeat": [
            2,
            3
          ]
        },
        {
          "group": "ammo_pistol_common",
          "x": 3,
          "y": 11,
          "chance": 100,
          "repeat": [
            1,
            3
          ]
        },
        {
          "group": "ammo_pistol_fallout_common",
          "x": 3,
          "y": 11,
          "chance": 100,
          "repeat": [
            1,
            3
          ]
        },
        {
          "group": "ammo_shotgun_fallout",
          "x": 3,
          "y": 12,
          "chance": 75,
          "repeat": [
            1,
            3
          ]
        },
        {
          "group": "ammo_shotgun_common",
          "x": 3,
          "y": 12,
          "chance": 75,
          "repeat": [
            1,
            3
          ]
        },
        {
          "group": "ammo_rifle_common",
          "x": 3,
          "y": 13,
          "chance": 75,
          "repeat": [
            1,
            3
          ]
        },
        {
          "group": "ammo_rifle_fallout_common",
          "x": 3,
          "y": 13,
          "chance": 75,
          "repeat": [
            1,
            3
          ]
        },
        {
          "group": "mags_common",
          "x": 3,
          "y": 10,
          "chance": 100,
          "repeat": [
            1,
            5
          ]
        },
        {
          "group": "mags_pistol_fallout_common",
          "x": 3,
          "y": 9,
          "chance": 100,
          "repeat": [
            1,
            3
          ]
        },
        {
          "group": "mags_smg_fallout_common",
          "x": 3,
          "y": 9,
          "chance": 100,
          "repeat": [
            1,
            3
          ]
        },
        {
          "group": "mags_rifle_fallout_common",
          "x": 3,
          "y": 8,
          "chance": 75,
          "repeat": [
            1,
            3
          ]
        },
        {
          "group": "mags_shotgun_fallout",
          "x": 3,
          "y": 7,
          "chance": 50,
          "repeat": [
            1,
            3
          ]
        },
        {
          "group": "mags_pistol_fallout_rare",
          "x": 3,
          "y": [
            7,
            10
          ],
          "chance": 50,
          "repeat": [
            1,
            3
          ]
        },
        {
          "group": "mags_rifle_rare",
          "x": 3,
          "y": [
            7,
            10
          ],
          "chance": 25,
          "repeat": [
            1,
            3
          ]
        },
        {
          "group": "mags_shotgun_fallout",
          "x": 3,
          "y": [
            7,
            10
          ],
          "chance": 10,
          "repeat": [
            1,
            3
          ]
        },
        {
          "group": "guns_heavy_fallout",
          "x": 8,
          "y": 7,
          "chance": 25,
          "ammo": 40,
          "magazine": 100
        },
        {
          "group": "mags_heavy_fallout",
          "x": 8,
          "y": 7,
          "chance": 25,
          "repeat": [
            1,
            3
          ]
        },
        {
          "group": "ammo_heavy_fallout",
          "x": 8,
          "y": 7,
          "chance": 100,
          "repeat": [
            1,
            3
          ]
        },
        {
          "group": "armor_fallout_common",
          "x": 16,
          "y": 7,
          "chance": 100,
          "repeat": [
            1,
            3
          ]
        },
        {
          "group": "armor_fallout_common",
          "x": 18,
          "y": 7,
          "chance": 100,
          "repeat": [
            1,
            3
          ]
        },
        {
          "group": "gunmod_common",
          "x": 8,
          "y": [
            8,
            12
          ],
          "chance": 100,
          "repeat": [
            1,
            3
          ]
        },
        {
          "group": "gunmod_rare",
          "x": 8,
          "y": [
            8,
            12
          ],
          "chance": 100,
          "repeat": [
            1,
            3
          ]
        },
        {
          "group": "books_fallout_common",
          "x": [
            5,
            6
          ],
          "y": 13,
          "chance": 100,
          "repeat": [
            1,
            3
          ]
        },
        {
          "group": "drinks_nuka",
          "x": 14,
          "y": 13,
          "chance": 100,
          "repeat": [
            1,
            7
          ]
        },
        {
          "group": "drinks_fallout_booze",
          "x": 14,
          "y": 13,
          "chance": 100,
          "repeat": [
            1,
            7
          ]
        },
        {
          "group": "food_iguana",
          "x": 15,
          "y": 13,
          "chance": 100,
          "repeat": [
            1,
            7
          ]
        },
        {
          "group": "food_produce_fallout",
          "x": 15,
          "y": 13,
          "chance": 100,
          "repeat": [
            1,
            7
          ]
        },
        {
          "group": "food_prewar_fallout",
          "x": 15,
          "y": 13,
          "chance": 100,
          "repeat": [
            1,
            7
          ]
        },
        {
          "group": "guns_pistol_fallout_rare",
          "x": 5,
          "y": 16,
          "chance": 20,
          "ammo": 25,
          "magazine": 100
        },
        {
          "group": "guns_pistol_fallout_common",
          "x": 8,
          "y": 16,
          "chance": 20,
          "ammo": 75,
          "magazine": 100
        },
        {
          "group": "guns_pistol_fallout_common",
          "x": 11,
          "y": 16,
          "chance": 20,
          "ammo": 100,
          "magazine": 100
        },
        {
          "group": "guns_pistol_fallout_common",
          "x": 14,
          "y": 16,
          "chance": 20,
          "ammo": 75,
          "magazine": 100
        },
        {
          "group": "guns_pistol_fallout_rare",
          "x": 17,
          "y": 16,
          "chance": 20,
          "ammo": 25,
          "magazine": 100
        },
        {
          "item": "ear_plugs",
          "x": 2,
          "y": 14,
          "chance": 50,
          "repeat": 2
        },
        {
          "item": "powered_earmuffs",
          "x": 2,
          "y": 14,
          "chance": 30
        }
      ],
      "place_monsters": [
        {
          "monster": "GROUP_PROTECTRON",
          "x": [
            0,
            0
          ],
          "y": [
            23,
            23
          ],
          "chance": 2,
          "repeat": [
            2,
            3
          ]
        }
      ]
    }
  },
  {
    "type": "mapgen",
    "method": "json",
    "om_terrain": [
      "s_gun"
    ],
    "weight": 1500,
    "object": {
      "rows": [
        "  ____________________  ",
        "  *___*___*______*___*  ",
        "  *___*___*______*___*  ",
        "  *___*___*______*___*  ",
        "  *___*___*______*___*  ",
        "  *___*___*______*___*  ",
        "  ---:::--------:::---  ",
        "  |{.S..#.......@.@.{|  ",
        "  |{....#...........{|  ",
        "  |{....#...{{..{...{|  ",
        "  |{....#...{{..{...{|  ",
        "  |{....#...{{..{...{|  ",
        "  |{....#...........{|  ",
        "  |{.oo.......ff{{{{{|  ",
        "  |-----:::----------|  ",
        "  |l.................|  ",
        "  |--#--#--#--#--#--+|  ",
        "  |..................|  ",
        "  |..................|  ",
        "  |..................|  ",
        "  |..................|  ",
        "  |..................|  ",
        "  |ssssssssssssssssss|  ",
        "  ====================  "
      ],
      "place_terrain": [
        {
          "ter": "t_door_metal_pickable",
          "x": [
            11,
            14
          ],
          "y": 6
        },
        {
          "ter": "t_door_metal_pickable",
          "x": [
            5,
            14
          ],
          "y": 14
        }
      ],
      "terrain": {
        " ": [
          "t_grass",
          "t_grass",
          "t_grass",
          "t_dirt"
        ],
        "#": "t_floor",
        "*": "t_pavement_y",
        "+": "t_door_metal_pickable",
        "-": "t_wall",
        ".": "t_floor",
        ":": "t_window_bars_alarm",
        "=": "t_strconc_wall",
        "_": "t_pavement",
        "S": "t_floor",
        "l": "t_floor",
        "s": "t_floor",
        "@": "t_floor",
        "f": "t_floor",
        "o": "t_floor",
        "{": "t_floor",
        "|": "t_wall"
      },
      "furniture": {
        "#": "f_counter",
        "S": "f_stool",
        "l": "f_locker",
        "s": "f_sandbag_wall",
        "{": "f_rack",
        "f": "f_fridge",
        "@": "f_mannequin",
        "o": "f_bookcase"
      },
      "//": "This is the same as the last one, without the non-fallout weaponry. Still an arsenal.",
      "place_loot": [
        {
          "group": "guns_pistol_fallout_common",
          "x": 12,
          "y": 9,
          "chance": 75,
          "magazine": 100,
          "repeat": [
            1,
            2
          ]
        },
        {
          "group": "guns_pistol_fallout_common",
          "x": 13,
          "y": 9,
          "chance": 75,
          "magazine": 100,
          "repeat": [
            1,
            2
          ]
        },
        {
          "group": "guns_pistol_fallout_common",
          "x": 12,
          "y": 10,
          "chance": 100,
          "magazine": 100,
          "repeat": [
            1,
            2
          ]
        },
        {
          "group": "guns_pistol_fallout_common",
          "x": 12,
          "y": 11,
          "chance": 15,
          "magazine": 100,
          "repeat": [
            1,
            2
          ]
        },
        {
          "group": "guns_pistol_fallout_rare",
          "x": 13,
          "y": 11,
          "chance": 15,
          "magazine": 100,
          "repeat": [
            1,
            2
          ]
        },
        {
          "group": "guns_pistol_fallout_rare",
          "x": 13,
          "y": 10,
          "chance": 15,
          "magazine": 100,
          "repeat": [
            1,
            2
          ]
        },
        {
          "group": "guns_shotgun_fallout_common",
          "x": 16,
          "y": 9,
          "chance": 50,
          "magazine": 100,
          "repeat": [
            1,
            2
          ]
        },
        {
          "group": "guns_shotgun_fallout_common",
          "x": 16,
          "y": 10,
          "chance": 100,
          "magazine": 100,
          "repeat": [
            1,
            2
          ]
        },
        {
          "group": "guns_shotgun_fallout_rare",
          "x": 16,
          "y": 11,
          "chance": 25,
          "magazine": 100,
          "repeat": [
            1,
            2
          ]
        },
        {
          "group": "guns_rifle_fallout_common",
          "x": 20,
          "y": 7,
          "chance": 25,
          "magazine": 100,
          "repeat": [
            1,
            2
          ]
        },
        {
          "group": "guns_rifle_fallout_rare",
          "x": 20,
          "y": 8,
          "chance": 25,
          "magazine": 100,
          "repeat": [
            1,
            2
          ]
        },
        {
          "group": "guns_rifle_fallout_common",
          "x": 20,
          "y": 9,
          "chance": 100,
          "magazine": 100,
          "repeat": [
            1,
            2
          ]
        },
        {
          "group": "guns_rifle_fallout_common",
          "x": 20,
          "y": 10,
          "chance": 50,
          "magazine": 100,
          "repeat": [
            1,
            2
          ]
        },
        {
          "group": "melee_fallout_common",
          "x": 20,
          "y": 11,
          "chance": 50,
          "repeat": [
            1,
            4
          ]
        },
        {
          "group": "melee_fallout_rare",
          "x": 20,
          "y": 12,
          "chance": 50,
          "repeat": [
            1,
            2
          ]
        },
        {
          "group": "guns_smg_fallout_common",
          "x": 17,
          "y": 13,
          "chance": 85,
          "magazine": 100,
          "repeat": [
            1,
            2
          ]
        },
        {
          "group": "guns_smg_fallout_rare",
          "x": 18,
          "y": 13,
          "chance": 15,
          "magazine": 100,
          "repeat": [
            1,
            2
          ]
        },
        {
          "group": "guns_heavy_fallout",
          "x": 16,
          "y": 13,
          "chance": 50,
          "magazine": 100,
          "repeat": [
            1,
            2
          ]
        },
        {
          "group": "guns_heavy_fallout",
          "x": 16,
          "y": 13,
          "chance": 50,
          "magazine": 100,
          "repeat": [
            1,
            2
          ]
        },
        {
          "group": "guns_energy_fallout",
          "x": 16,
          "y": 13,
          "chance": 15,
          "magazine": 100,
          "repeat": [
            1,
            2
          ]
        },
        {
          "group": "guns_heavy_fallout",
          "x": 19,
          "y": 13,
          "chance": 50,
          "magazine": 100,
          "repeat": [
            1,
            2
          ]
        },
        {
          "group": "guns_heavy_fallout",
          "x": 19,
          "y": 13,
          "chance": 50,
          "magazine": 100,
          "repeat": [
            1,
            2
          ]
        },
        {
          "group": "guns_energy_fallout",
          "x": 20,
          "y": 13,
          "chance": 15,
          "magazine": 100,
          "repeat": [
            1,
            2
          ]
        },
        {
          "group": "ammo_common",
          "x": 3,
          "y": [
            11,
            13
          ],
          "chance": 100,
          "repeat": [
            2,
            3
          ]
        },
        {
          "group": "ammo_energy_fallout",
          "x": 3,
          "y": [
            11,
            13
          ],
          "chance": 100,
          "repeat": [
            2,
            3
          ]
        },
        {
          "group": "ammo_pistol_common",
          "x": 3,
          "y": 11,
          "chance": 100,
          "repeat": [
            1,
            3
          ]
        },
        {
          "group": "ammo_pistol_fallout_common",
          "x": 3,
          "y": 11,
          "chance": 100,
          "repeat": [
            1,
            3
          ]
        },
        {
          "group": "ammo_shotgun_fallout",
          "x": 3,
          "y": 12,
          "chance": 75,
          "repeat": [
            1,
            3
          ]
        },
        {
          "group": "ammo_shotgun_common",
          "x": 3,
          "y": 12,
          "chance": 75,
          "repeat": [
            1,
            3
          ]
        },
        {
          "group": "ammo_rifle_common",
          "x": 3,
          "y": 13,
          "chance": 75,
          "repeat": [
            1,
            3
          ]
        },
        {
          "group": "ammo_rifle_fallout_common",
          "x": 3,
          "y": 13,
          "chance": 75,
          "repeat": [
            1,
            3
          ]
        },
        {
          "group": "mags_common",
          "x": 3,
          "y": 10,
          "chance": 100,
          "repeat": [
            1,
            3
          ]
        },
        {
          "group": "mags_pistol_fallout_common",
          "x": 3,
          "y": 9,
          "chance": 100,
          "repeat": [
            1,
            3
          ]
        },
        {
          "group": "mags_smg_fallout_common",
          "x": 3,
          "y": 9,
          "chance": 100,
          "repeat": [
            1,
            3
          ]
        },
        {
          "group": "mags_rifle_fallout_common",
          "x": 3,
          "y": 8,
          "chance": 75,
          "repeat": [
            1,
            3
          ]
        },
        {
          "group": "mags_shotgun_fallout",
          "x": 3,
          "y": 7,
          "chance": 50,
          "repeat": [
            1,
            3
          ]
        },
        {
          "group": "mags_pistol_fallout_rare",
          "x": 3,
          "y": [
            7,
            10
          ],
          "chance": 50,
          "repeat": [
            1,
            3
          ]
        },
        {
          "group": "mags_rifle_rare",
          "x": 3,
          "y": [
            7,
            10
          ],
          "chance": 25,
          "repeat": [
            1,
            3
          ]
        },
        {
          "group": "mags_shotgun_fallout",
          "x": 3,
          "y": [
            7,
            10
          ],
          "chance": 10,
          "repeat": [
            1,
            3
          ]
        },
        {
          "group": "guns_heavy_fallout",
          "x": 8,
          "y": 7,
          "chance": 25,
          "ammo": 40,
          "magazine": 100
        },
        {
          "group": "mags_heavy_fallout",
          "x": 8,
          "y": 7,
          "chance": 25,
          "repeat": [
            1,
            3
          ]
        },
        {
          "group": "ammo_heavy_fallout",
          "x": 8,
          "y": 7,
          "chance": 100,
          "repeat": [
            1,
            3
          ]
        },
        {
          "group": "armor_fallout_common",
          "x": 16,
          "y": 7,
          "chance": 100,
          "repeat": [
            1,
            3
          ]
        },
        {
          "group": "armor_fallout_common",
          "x": 18,
          "y": 7,
          "chance": 100,
          "repeat": [
            1,
            3
          ]
        },
        {
          "group": "gunmod_common",
          "x": 8,
          "y": [
            8,
            12
          ],
          "chance": 100,
          "repeat": [
            1,
            3
          ]
        },
        {
          "group": "gunmod_rare",
          "x": 8,
          "y": [
            8,
            12
          ],
          "chance": 100,
          "repeat": [
            1,
            3
          ]
        },
        {
          "group": "books_fallout_common",
          "x": [
            5,
            6
          ],
          "y": 13,
          "chance": 100,
          "repeat": [
            1,
            3
          ]
        },
        {
          "group": "drinks_nuka",
          "x": 14,
          "y": 13,
          "chance": 100,
          "repeat": [
            1,
            3
          ]
        },
        {
          "group": "drinks_fallout_booze",
          "x": 14,
          "y": 13,
          "chance": 100,
          "repeat": [
            1,
            3
          ]
        },
        {
          "group": "food_iguana",
          "x": 15,
          "y": 13,
          "chance": 100,
          "repeat": [
            1,
            3
          ]
        },
        {
          "group": "food_produce_fallout",
          "x": 15,
          "y": 13,
          "chance": 100,
          "repeat": [
            1,
            3
          ]
        },
        {
          "group": "food_prewar_fallout",
          "x": 15,
          "y": 13,
          "chance": 100,
          "repeat": [
            1,
            3
          ]
        },
        {
          "group": "guns_pistol_fallout_rare",
          "x": 5,
          "y": 16,
          "chance": 20,
          "ammo": 25,
          "magazine": 100
        },
        {
          "group": "guns_pistol_fallout_common",
          "x": 8,
          "y": 16,
          "chance": 20,
          "ammo": 75,
          "magazine": 100
        },
        {
          "group": "guns_pistol_fallout_common",
          "x": 11,
          "y": 16,
          "chance": 20,
          "ammo": 100,
          "magazine": 100
        },
        {
          "group": "guns_pistol_fallout_common",
          "x": 14,
          "y": 16,
          "chance": 20,
          "ammo": 75,
          "magazine": 100
        },
        {
          "group": "guns_pistol_fallout_rare",
          "x": 17,
          "y": 16,
          "chance": 20,
          "ammo": 25,
          "magazine": 100
        },
        {
          "item": "ear_plugs",
          "x": 2,
          "y": 14,
          "chance": 50,
          "repeat": 2
        },
        {
          "item": "powered_earmuffs",
          "x": 2,
          "y": 14,
          "chance": 30
        }
      ],
      "place_monsters": [
        {
          "monster": "GROUP_PROTECTRON",
          "x": [
            0,
            0
          ],
          "y": [
            23,
            23
          ],
          "chance": 2,
          "repeat": [
            1,
            2
          ]
        }
      ]
    }
  }
]