[
  {
    "type": "mod_tileset",
    "compatibility": [
      "retrodays",
      "retrodays+",
      "Darker_retrodays",
      "Darker_retrodays_sidewalk",
      "neodays",
      "UltimateCataclysm",
      "hoder",
      "brownlikebears",
      "MXplus12_for_cosmetics",
      "ChestHole16"
    ],
    "tiles-new": [
      {
        "file": "mod_tileset/arcana_expan_ultica_small.png",
        "sprite_width": 20,
        "sprite_height": 20,
        "tiles": [
          { "id": "essence", "fg": 0 },
          { "id": "essence_blood", "fg": 1 },
          { "id": "essence_dull", "fg": 2 },
          { "id": "essence_pure", "fg": 3 },
          { "id": "triffid_garland", "fg": 4 },
          { "id": "amulet_exotic", "fg": 5 },
          { "id": [ "brooch_iridescent", "mana_gem" ], "fg": 6 },
          {
            "id": [
              "scroll_blank",
              "scroll_sun",
              "scroll_moon",
              "scroll_artiface",
              "scroll_nature",
              "scroll_destruction",
              "scroll_subversion",
              "scroll_spell_sun",
              "scroll_spell_moon",
              "scroll_spell_artiface",
              "scroll_spell_nature",
              "scroll_spell_destruction",
              "scroll_spell_subversion",
              "scroll_spell_agile",
              "scroll_spell_clairvoyance",
              "scroll_spell_clarity",
              "scroll_spell_confusion",
              "scroll_spell_acidspray",
              "scroll_spell_flame_armor",
              "scroll_spell_free_action",
              "scroll_spell_heal",
              "scroll_spell_insight",
              "scroll_spell_elecresist",
              "scroll_spell_might",
              "scroll_spell_plants",
              "scroll_spell_invis",
              "scroll_spell_lightning",
              "scroll_spell_cleric"
            ],
            "fg": 7
          },
          {
            "id": [
              "totem_elecresist",
              "totem_cleric",
              "totem_agile",
              "totem_confusion",
              "totem_strength",
              "totem_clairvoyance",
              "totem_free_action",
              "totem_invis",
              "totem_plants",
              "totem_flamearmor",
              "totem_insight",
              "totem_clarity",
              "totem_lightning",
              "totem_heal",
              "totem_acidspray",
              "dimensional_warp_trap"
            ],
            "fg": 8
          },
          { "id": "red_black_vulnerary", "fg": 9 },
          { "id": "yellow_white_incense", "fg": 10 },
          { "id": [ "flame_talisman", "water_talisman", "earth_talisman", "air_talisman" ], "fg": 11 },
          {
            "id": [
              "silver_glyph",
              "summon_kreck",
              "summon_blank",
              "summon_flaming_eye",
              "summon_hunting_horror",
              "summon_dark_wyrm",
              "summon_mi_go",
              "summon_jabberwock",
              "summon_flying_polyp",
              "summon_yugg",
              "summon_shoggoth"
            ],
            "fg": 12
          },
          { "id": [ "graboid_fang", "iron_thorn", "dermatik_sting", "monster_fang" ], "fg": 13 },
          { "id": "inflorescent_root", "fg": 14 },
          { "id": "triffid_queen_flower", "fg": 15 },
          { "id": [ "vortex_shard", "shadow_gem" ], "fg": 16 },
          { "id": [ "bone_twisted", "gracken_knuckles" ], "fg": 17 },
          { "id": [ "wyrmskin_piece", "iridescent_plate" ], "fg": 18 },
          { "id": [ "blob_gem", "monster_tear", "engraved_stone" ], "fg": 19 },
          { "id": "CF_golden_scale", "fg": 20 },
          { "id": "arcana_strange_crystal", "fg": 21 },
          { "id": "somen_clairvoyance", "fg": 22 },
          { "id": "jade_wreath", "fg": 23 },
          { "id": "meteoric_talisman", "fg": 24 },
          { "id": "offering_chalice", "fg": 25 },
          { "id": [ "blood_athame", "moonstone_fang" ], "fg": 26 },
          { "id": "orb_veil", "fg": 27 },
          { "id": "thermic_essence_cutter", "fg": 28 },
          { "id": "offering_mission_notes", "fg": 29 }
        ]
      },
      {
        "file": "mod_tileset/arcana_expan_ultica_normal.png",
        "sprite_width": 32,
        "sprite_height": 32,
        "tiles": [
          { "id": "satchel_eternity", "fg": 0 },
          { "id": "thunder_sigil", "fg": 1 },
          { "id": "bloodscourge", "fg": 2 },
          { "id": "hand_of_armok", "fg": 3 },
          { "id": "scourge_staff", "fg": 4 },
          { "id": "sun_sword", "fg": 5 },
          { "id": "staff_druidic", "fg": 6 },
          { "id": "verge_meteoric", "fg": 7 },
          { "id": "f_blade_upright", "fg": 8 },
          { "id": "ethereal_crossbow", "fg": 9 },
          { "id": "hexenhammer", "fg": 10 }
        ]
      },
      {
        "file": "mod_tileset/arcana_expan_ultica_tall.png",
        "sprite_width": 32,
        "sprite_height": 64,
        "sprite_offset_y": -32,
        "tiles": [
          { "id": "overlay_worn_satchel_eternity", "fg": 0 },
          {
            "id": [
              "overlay_wielded_graboid_fang",
              "overlay_wielded_iron_thorn",
              "overlay_wielded_dermatik_sting",
              "overlay_wielded_monster_fang"
            ],
            "fg": 1
          },
          { "id": "overlay_wielded_thunder_sigil", "fg": 2 },
          { "id": "overlay_wielded_bloodscourge", "fg": 3 },
          { "id": "overlay_wielded_hand_of_armok", "fg": 4 },
          { "id": "overlay_wielded_scourge_staff", "fg": 5 },
          { "id": "overlay_female_worn_somen_clairvoyance", "fg": 6 },
          { "id": "overlay_male_worn_somen_clairvoyance", "fg": 7 },
          { "id": "overlay_female_worn_jade_wreath", "fg": 8 },
          { "id": "overlay_male_worn_jade_wreath", "fg": 9 },
          { "id": [ "overlay_wielded_blood_athame", "overlay_wielded_moonstone_fang" ], "fg": 10 },
          { "id": "overlay_wielded_offering_chalice", "fg": 11 },
          { "id": "overlay_wielded_sun_sword", "fg": 12 },
          { "id": "overlay_wielded_sun_sword_on", "fg": 13 },
          { "id": "overlay_wielded_bloodaxe_act", "fg": 14 },
          { "id": "overlay_wielded_orb_veil", "fg": 15 },
          { "id": "overlay_wielded_staff_druidic", "fg": 16 },
          { "id": "overlay_wielded_verge_meteoric", "fg": 17 },
          { "id": "mon_archon", "fg": 18 },
          { "id": [ "mon_seraphic_shade", "mon_seraphic_shade_fake" ], "fg": 19 },
          { "id": "overlay_male_mutation_ARCANA_DRAGONSCALES", "fg": 20 },
          { "id": "overlay_female_mutation_ARCANA_DRAGONSCALES", "fg": 21 },
          {
            "id": [ "overlay_male_mutation_ARCANA_SCALYWINGS", "overlay_male_mutation_ARCANA_DRAGONWINGS" ],
            "fg": 22
          },
          {
            "id": [ "overlay_female_mutation_ARCANA_SCALYWINGS", "overlay_female_mutation_ARCANA_DRAGONWINGS" ],
            "fg": 23
          },
          { "id": [ "overlay_male_mutation_ARCANA_SCALYTAIL", "overlay_male_mutation_ARCANA_DRAGONTAIL" ], "fg": 24 },
          {
            "id": [ "overlay_female_mutation_ARCANA_SCALYTAIL", "overlay_female_mutation_ARCANA_DRAGONTAIL" ],
            "fg": 25
          },
          { "id": "overlay_male_mutation_ARCANA_DRAGONMUZZLE", "fg": 26 },
          { "id": "overlay_female_mutation_ARCANA_DRAGONMUZZLE", "fg": 27 },
          { "id": "overlay_male_mutation_ARCANA_PLATES", "fg": 28 },
          { "id": "overlay_female_mutation_ARCANA_PLATES", "fg": 29 },
          { "id": "overlay_male_mutation_ARCANA_DRAGONHORNS", "fg": 30 },
          { "id": "overlay_female_mutation_ARCANA_DRAGONHORNS", "fg": 31 },
          { "id": "mon_flesh_angel", "fg": 32 },
          { "id": "mon_homunculus", "fg": 33 },
          { "id": "overlay_wielded_ethereal_crossbow", "fg": 34 },
          { "id": "overlay_female_worn_gilded_aegis", "fg": 35 },
          { "id": "overlay_male_worn_gilded_aegis", "fg": 36 },
          { "id": "overlay_female_worn_somen_clairvoyance_on", "fg": 37 },
          { "id": "overlay_male_worn_somen_clairvoyance_on", "fg": 38 },
          { "id": "overlay_wielded_hexenhammer", "fg": 39 },
          { "id": [ "overlay_female_worn_robe_shadow", "overlay_female_worn_robe_shadow_on" ], "fg": 40 },
          { "id": [ "overlay_male_worn_robe_shadow", "overlay_male_worn_robe_shadow_on" ], "fg": 41 }
        ]
      },
      {
        "file": "mod_tileset/arcana_expan_ultica_large.png",
        "sprite_width": 64,
        "sprite_height": 64,
        "sprite_offset_x": -16,
        "sprite_offset_y": -32,
        "tiles": [ { "id": "mon_moruboru", "fg": 0 }, { "id": "mon_spirit_of_fire", "fg": 1 }, { "id": "mon_dracolich", "fg": 2 } ]
      }
    ]
  }
]
