[
  {
    "id": "BGSS_mad_scientist_STORY1",
    "type": "talk_topic",
    "dynamic_line": "我一生都在研究动物，直到<the_cataclysm>毁了我家。我设法逃走，躲在树林里，直到我找到了那个可爱的庇护所，在那里我继续研究动物。",
    "responses": [
      {
        "text": "我的心是爱，我的心是生命。",
        "topic": "BGSS_mad_scientist_MYCUS",
        "condition": {
          "u_has_trait_flag": "mycus"
        },
        "switch": true
      },
      {
        "text": "听着，我为你找到的那些浆果，它们真的有治疗作用吗？",
        "condition": {
          "not": {
            "npc_has_var": "confronted_ms",
            "type": "flag",
            "context": "bg",
            "value": "yes"
          }
        },
        "topic": "BGSS_mad_scientist_SEEDS",
        "switch": true
      },
      {
        "text": "<done_conversation_section>",
        "topic": "TALK_FRIEND"
      },
      {
        "text": "<end_talking>",
        "topic": "TALK_DONE"
      }
    ]
  },
  {
    "id": "BGSS_mad_scientist_SEEDS",
    "type": "talk_topic",
    "dynamic_line": "是的，非常有治疗作用的浆果，我想说是神奇浆果。你已经体验过它们对你自己的影响。当然，你带给我的那两个浆果只够吃一剂，但这并不能阻止我们去收集更多的浆果，对吧？",
    "responses": [
      {
        "text": "等等，我给你带了三个浆果。",
        "topic": "BGSS_mad_scientist_SEEDS2"
      },
      {
        "text": "<done_conversation_section>",
        "topic": "TALK_FRIEND"
      },
      {
        "text": "<end_talking>",
        "topic": "TALK_DONE"
      }
    ]
  },
  {
    "id": "BGSS_mad_scientist_SEEDS2",
    "type": "talk_topic",
    "dynamic_line": "我是说两个吗？我是说三个，当然了，呵呵。我最近记忆力变差了。",
    "responses": [
      {
        "text": "你确定你没骗我吗？你看起来很奇怪，闻起来像蘑菇。",
        "trial": {
          "type": "PERSUADE",
          "difficulty": 30
        },
        "success": {
          "topic": "BGSS_mad_scientist_SEEDS3"
        },
        "failure": {
          "topic": "BGSS_mad_scientist_LIE",
          "effect": {
            "npc_add_var": "confronted_ms",
            "type": "flag",
            "context": "bg",
            "value": "yes"
          }
        }
      },
      {
        "text": "<done_conversation_section>",
        "topic": "TALK_FRIEND"
      },
      {
        "text": "<end_talking>",
        "topic": "TALK_DONE"
      }
    ]
  },
  {
    "id": "BGSS_mad_scientist_SEEDS3",
    "type": "talk_topic",
    "dynamic_line": "好吧，我被骗了，对不起。没有这些浆果的帮助，我就能做出这种药。我只想再次享受他们的美味。它们的味道很神奇，就像天上的蜂蜜。仿佛天使们自己从天堂降临，从他们的天堂花园里种下浆果。我的朋友，你也应该试试！它们很好，很好，只是味道很好。你要我给你一个这样的浆果吗？我还有一杯，我想和你分享这迷人的花蜜。",
    "responses": [
      {
        "text": "当然，递给我一个。",
        "topic": "TALK_DONE",
        "effect": {
          "u_buy_item": "marloss_berry"
        }
      },
      {
        "text": "<no>，<name_b>。离我远点，你这个<swear>神经病！",
        "topic": "TALK_DONE",
        "effect": [
          "leave",
          "flee"
        ]
      },
      {
        "text": "<done_conversation_section>",
        "topic": "TALK_FRIEND"
      },
      {
        "text": "<end_talking>",
        "topic": "TALK_DONE"
      }
    ]
  },
  {
    "id": "BGSS_mad_scientist_LIE",
    "type": "talk_topic",
    "dynamic_line": "你弄错了。<name_g>",
    "responses": [
      {
        "text": "<done_conversation_section>",
        "topic": "TALK_FRIEND"
      },
      {
        "text": "<end_talking>",
        "topic": "TALK_DONE"
      }
    ]
  },
  {
    "id": "BGSS_mad_scientist_MYCUS",
    "type": "talk_topic",
    "dynamic_line": "我的心是爱，我的心是生命。",
    "responses": [
      {
        "text": "<done_conversation_section>",
        "topic": "TALK_FRIEND"
      },
      {
        "text": "<end_talking>",
        "topic": "TALK_DONE"
      }
    ]
  }
]