[
  {
    "//": "Unique effect related to Mad Scientist NPC",
    "type": "effect_type",
    "id": "mad_scientist_experiment",
    "name": [
      "实验血清"
    ],
    "desc": [
      "你参加了一个对你来说不太顺利的基因实验。"
    ],
    "apply_message": "你觉得奇怪。",
    "rating": "bad",
    "base_mods": {
      "str_mod": [
        -2
      ],
      "int_mod": [
        -2
      ],
      "dex_mod": [
        -2
      ],
      "per_mod": [
        -2
      ],
      "speed_mod": [
        -10
      ]
    }
  }
]