[
  {
    "type": "mapgen",
    "method": "json",
    "om_terrain": [
      "ws_survivor_bunker_f-1"
    ],
    "weight": 1000,
    "object": {
      "rows": [
        "####R#####R########RRR##",
        "###RRR#########R####R###",
        "########RRR#r##R########",
        "####R####R#rrrRRR###R###",
        "##RRR####Rrr<rR#####R###",
        "####R######r2r####RRRR##",
        "###RRRR####r1r#R####R###",
        "#####R####r1.r#RRR######",
        "#R###R####SsSRRR#####R##",
        "#R###RRR##.1.##RRR###RR#",
        "#R###R###--D--##R#####R#",
        "###RRR###|b.t|RRRRR###R#",
        "####R##R#|..h|###R###RR#",
        "####RR#RR|k.W|#R#R####RR",
        "####R##R#|C.B|RRR#####R#",
        "#########|C.B|#R########",
        "########R--D--#R#R######",
        "###RRR####r.ssrr#RR#R###",
        "####R######rr.rrr###R###",
        "####RR#R####rr.rrr##R###",
        "####R##RR#####rr####RR##",
        "#######R######RR########",
        "#####RRRR####RRRRR######",
        "######R#########R#######"
      ],
      "terrain": {
        "1": "t_rock_floor",
        "2": "t_rock_floor",
        "#": "t_rock",
        "<": "t_ladder_up",
        "-": "t_wall_wood",
        "|": "t_wall_wood",
        ".": "t_rock_floor",
        "D": "t_door_locked_interior",
        "R": "t_root_wall",
        "S": "t_rock_floor",
        "s": "t_rock_floor",
        "r": "t_rock_floor",
        "k": "t_rock_floor",
        "b": "t_rock_floor",
        "t": "t_rock_floor",
        "C": "t_rock_floor",
        "B": "t_rock_floor",
        "W": "t_rock_floor",
        "h": "t_rock_floor"
      },
      "furniture": {
        "r": "f_rubble_rock",
        "s": "f_sandbag_half",
        "S": "f_sandbag_wall",
        "B": "f_makeshift_bed",
        "b": "f_bookcase",
        "t": "f_table",
        "h": "f_chair",
        "W": "f_woodstove",
        "C": "f_crate_c"
      },
      "items": {
        "b": {
          "item": "homebooks",
          "chance": 40
        },
        "C": {
          "item": "oa_ig_sb_rare",
          "chance": 40
        },
        "B": {
          "item": "bed",
          "chance": 80
        },
        "k": {
          "item": "oa_ig_sb_water",
          "chance": 60
        },
        "r": {
          "item": "oa_ig_sb_rubble",
          "chance": 80
        },
        "W": {
          "item": "oa_ig_sb_wood",
          "chance": 70
        }
      },
      "add": [
        {
          "item": "ash",
          "chance": 2,
          "x": 12,
          "y": 13,
          "repeat": 2
        },
        {
          "item": "charcoal",
          "chance": 3,
          "x": 12,
          "y": 13
        },
        {
          "item": "survnote",
          "chance": 2,
          "x": 12,
          "y": 11
        }
      ],
      "traps": {
        "1": {
          "trap": "tr_beartrap"
        },
        "2": {
          "trap": "tr_tripwire"
        }
      },
      "place_items": [
        {
          "item": "oa_ig_sb_food",
          "x": 10,
          "y": 14,
          "chance": 50,
          "repeat": 3
        },
        {
          "item": "oa_ig_sb_food",
          "x": 10,
          "y": 15,
          "chance": 50,
          "repeat": 3
        },
        {
          "item": "oa_ig_sb_equipment",
          "x": 10,
          "y": 14,
          "chance": 40,
          "repeat": 2
        },
        {
          "item": "oa_ig_sb_equipment",
          "x": 10,
          "y": 15,
          "chance": 40,
          "repeat": 2
        },
        {
          "item": "homebooks",
          "x": 10,
          "y": 11,
          "chance": 40,
          "repeat": 2
        },
        {
          "item": "oa_ig_sb_wood",
          "x": 12,
          "y": 13,
          "chance": 40,
          "repeat": 2
        },
        {
          "item": "oa_ig_sb_wood",
          "x": 11,
          "y": 17,
          "chance": 40,
          "repeat": 2
        }
      ],
      "place_nested": [
        {
          "chunks": [
            "NPC_mad_scientist_spawn"
          ],
          "x": 10,
          "y": 11
        }
      ]
    }
  }
]