[
  {
    "type": "recipe",
    "activity_level": "NO_EXERCISE",
    "result": "BL9_sample",
    "category": "CC_OTHER",
    "subcategory": "CSC_OTHER_OTHER",
    "skill_used": "fabrication",
    "time": "1 s",
    "autolearn": true,
    "components": [
      [
        [
          "slime_scrap",
          3
        ]
      ]
    ]
  },
  {
    "type": "recipe",
    "activity_level": "NO_EXERCISE",
    "result": "slime_scrap",
    "category": "CC_OTHER",
    "subcategory": "CSC_OTHER_OTHER",
    "skill_used": "fabrication",
    "time": "1 s",
    "autolearn": true,
    "components": [
      [
        [
          "BL9_sample",
          15
        ]
      ]
    ]
  }
]