[
  {
    "type": "recipe",
    "activity_level": "NO_EXERCISE",
    "result": "goldcoincomb",
    "category": "CC_OTHER",
    "subcategory": "CSC_OTHER_OTHER",
    "skill_used": "mechanics",
    "time": "1 m",
    "autolearn": true,
    "components": [
      [
        [
          "goldcoin",
          100
        ]
      ]
    ]
  },
  {
    "type": "recipe",
    "activity_level": "NO_EXERCISE",
    "result": "platcoincomb",
    "category": "CC_OTHER",
    "subcategory": "CSC_OTHER_OTHER",
    "skill_used": "mechanics",
    "time": "1 m",
    "autolearn": true,
    "components": [
      [
        [
          "platcoin",
          100
        ]
      ]
    ]
  }
]