[
  {
    "type": "mutation",
    "id": "hair1blondjp",
    "name": {
      "str": "可爱的金发"
    },
    "points": 0,
    "description": "你的自然发色是（或者曾经是）金色的。",
    "starting_trait": true,
    "valid": false,
    "purifiable": false,
    "profession": true,
    "cancels": [
      "hair1redjp",
      "hair1brownjp",
      "hair1blackjp",
      "hair1whitejp",
      "hair1greyjp",
      "hair1pinkjp",
      "hair1orangejp",
      "hair1bluejp",
      "hair1greenjp",
      "hair1aquajp",
      "hair1purplejp"
    ]
  },
  {
    "type": "mutation",
    "id": "hair1redjp",
    "name": {
      "str": "可爱的红发"
    },
    "points": 0,
    "description": "你的自然发色是（或者曾经是）红色的。",
    "starting_trait": true,
    "valid": false,
    "purifiable": false,
    "profession": true,
    "cancels": [
      "hair1blondjp",
      "hair1brownjp",
      "hair1blackjp",
      "hair1whitejp",
      "hair1greyjp",
      "hair1pinkjp",
      "hair1orangejp",
      "hair1bluejp",
      "hair1greenjp",
      "hair1aquajp",
      "hair1purplejp"
    ]
  },
  {
    "type": "mutation",
    "id": "hair1brownjp",
    "name": {
      "str": "可爱的棕色头发"
    },
    "points": 0,
    "description": "你的自然发色是（或者曾经是）棕色的。",
    "starting_trait": true,
    "valid": false,
    "purifiable": false,
    "profession": true,
    "cancels": [
      "hair1blondjp",
      "hair1redjp",
      "hair1blackjp",
      "hair1whitejp",
      "hair1greyjp",
      "hair1pinkjp",
      "hair1orangejp",
      "hair1bluejp",
      "hair1greenjp",
      "hair1aquajp",
      "hair1purplejp"
    ]
  },
  {
    "type": "mutation",
    "id": "hair1blackjp",
    "name": {
      "str": "可爱的黑发"
    },
    "points": 0,
    "description": "你的自然发色是（或者曾经是）黑色的。",
    "starting_trait": true,
    "valid": false,
    "purifiable": false,
    "profession": true,
    "cancels": [
      "hair1blondjp",
      "hair1redjp",
      "hair1brownjp",
      "hair1whitejp",
      "hair1greyjp",
      "hair1pinkjp",
      "hair1orangejp",
      "hair1bluejp",
      "hair1greenjp",
      "hair1aquajp",
      "hair1purplejp"
    ]
  },
  {
    "type": "mutation",
    "id": "hair1whitejp",
    "name": {
      "str": "可爱的白发"
    },
    "points": 0,
    "description": "你的自然发色是（或者曾经是）白色的。",
    "starting_trait": true,
    "valid": false,
    "purifiable": false,
    "profession": true,
    "cancels": [
      "hair1blondjp",
      "hair1redjp",
      "hair1brownjp",
      "hair1blackjp",
      "hair1greyjp",
      "hair1pinkjp",
      "hair1orangejp",
      "hair1bluejp",
      "hair1greenjp",
      "hair1aquajp",
      "hair1purplejp"
    ]
  },
  {
    "type": "mutation",
    "id": "hair1greyjp",
    "name": {
      "str": "可爱的灰发"
    },
    "points": 0,
    "description": "你的自然发色是（或者曾经是）灰色的。",
    "starting_trait": true,
    "valid": false,
    "purifiable": false,
    "profession": true,
    "cancels": [
      "hair1blondjp",
      "hair1redjp",
      "hair1brownjp",
      "hair1blackjp",
      "hair1whitejp",
      "hair1pinkjp",
      "hair1orangejp",
      "hair1bluejp",
      "hair1greenjp",
      "hair1aquajp",
      "hair1purplejp"
    ]
  },
  {
    "type": "mutation",
    "id": "hair1pinkjp",
    "name": {
      "str": "可爱的粉红色头发"
    },
    "points": 0,
    "description": "你的自然发色是（或者曾经是）粉红色。",
    "starting_trait": true,
    "valid": false,
    "purifiable": false,
    "profession": true,
    "cancels": [
      "hair1blondjp",
      "hair1redjp",
      "hair1brownjp",
      "hair1blackjp",
      "hair1whitejp",
      "hair1greyjp",
      "hair1orangejp",
      "hair1bluejp",
      "hair1greenjp",
      "hair1aquajp",
      "hair1purplejp"
    ]
  },
  {
    "type": "mutation",
    "id": "hair1orangejp",
    "name": {
      "str": "可爱的橙色头发"
    },
    "points": 0,
    "description": "你的自然发色是（或者曾经是）橙色。",
    "starting_trait": true,
    "valid": false,
    "purifiable": false,
    "profession": true,
    "cancels": [
      "hair1blondjp",
      "hair1redjp",
      "hair1brownjp",
      "hair1blackjp",
      "hair1whitejp",
      "hair1greyjp",
      "hair1pinkjp",
      "hair1bluejp",
      "hair1greenjp",
      "hair1aquajp",
      "hair1purplejp"
    ]
  },
  {
    "type": "mutation",
    "id": "hair1bluejp",
    "name": {
      "str": "可爱的蓝头发"
    },
    "points": 0,
    "description": "你的自然发色是（或者曾经是）蓝色的。",
    "starting_trait": true,
    "valid": false,
    "purifiable": false,
    "profession": true,
    "cancels": [
      "hair1blondjp",
      "hair1redjp",
      "hair1brownjp",
      "hair1blackjp",
      "hair1whitejp",
      "hair1greyjp",
      "hair1pinkjp",
      "hair1orangejp",
      "hair1greenjp",
      "hair1aquajp",
      "hair1purplejp"
    ]
  },
  {
    "type": "mutation",
    "id": "hair1greenjp",
    "name": {
      "str": "可爱的绿头发"
    },
    "points": 0,
    "description": "你的自然发色是（或者曾经是）绿色的。",
    "starting_trait": true,
    "valid": false,
    "purifiable": false,
    "profession": true,
    "cancels": [
      "hair1blondjp",
      "hair1redjp",
      "hair1brownjp",
      "hair1blackjp",
      "hair1whitejp",
      "hair1greyjp",
      "hair1pinkjp",
      "hair1orangejp",
      "hair1bluejp",
      "hair1aquajp",
      "hair1purplejp"
    ]
  },
  {
    "type": "mutation",
    "id": "hair1aquajp",
    "name": {
      "str": "可爱的水绿色头发"
    },
    "points": 0,
    "description": "你的自然发色是（或曾经是）水绿色。",
    "starting_trait": true,
    "valid": false,
    "purifiable": false,
    "profession": true,
    "cancels": [
      "hair1blondjp",
      "hair1redjp",
      "hair1brownjp",
      "hair1blackjp",
      "hair1whitejp",
      "hair1greyjp",
      "hair1pinkjp",
      "hair1orangejp",
      "hair1bluejp",
      "hair1greenjp",
      "hair1purplejp"
    ]
  },
  {
    "type": "mutation",
    "id": "hair1purplejp",
    "name": {
      "str": "可爱的紫发"
    },
    "points": 0,
    "description": "你的自然发色是（或者曾经是）紫色。",
    "starting_trait": true,
    "valid": false,
    "purifiable": false,
    "profession": true,
    "cancels": [
      "hair1blondjp",
      "hair1redjp",
      "hair1brownjp",
      "hair1blackjp",
      "hair1whitejp",
      "hair1greyjp",
      "hair1pinkjp",
      "hair1orangejp",
      "hair1bluejp",
      "hair1greenjp",
      "hair1aquajp"
    ]
  }
]