[
  {
    "type": "recipe",
    "activity_level": "LIGHT_EXERCISE",
    "result": "insulated_jerrycan",
    "category": "CC_OTHER",
    "subcategory": "CSC_OTHER_CONTAINERS",
    "skill_used": "fabrication",
    "difficulty": 0,
    "time": 10000,
    "autolearn": false,
    "book_learn": [
      [
        "news_regional",
        1
      ]
    ],
    "components": [
      [
        [
          "duct_tape",
          25
        ]
      ],
      [
        [
          "jerrycan",
          1
        ]
      ],
      [
        [
          "rag",
          20
        ]
      ]
    ]
  }
]