[
  {
    "id": "tank_small_insulated",
    "type": "vehicle_part",
    "name": {
      "str": "保温饮用水箱"
    },
    "item": "insulated_jerrycan",
    "symbol": "O",
    "broken_color": "red",
    "durability": 80,
    "description": "内部安装塑料罐。保持液体流动。大部分",
    "size": 10000,
    "damage_modifier": 80,
    "breaks_into": [
      {
        "item": "plastic_chunk",
        "count": [
          10,
          40
        ]
      },
      {
        "item": "rag",
        "count": [
          5,
          20
        ]
      }
    ],
    "requirements": {
      "install": {
        "skills": [
          [
            "mechanics",
            2
          ]
        ],
        "time": "60 m",
        "using": [
          [
            "vehicle_wrench_2",
            1
          ]
        ]
      },
      "removal": {
        "skills": [
          [
            "mechanics",
            1
          ]
        ],
        "time": "45 m",
        "using": [
          [
            "vehicle_wrench_2",
            1
          ]
        ]
      },
      "repair": {
        "skills": [
          [
            "mechanics",
            1
          ]
        ],
        "time": "25 m",
        "using": [
          [
            "welding_standard",
            5
          ]
        ]
      }
    },
    "flags": [
      "FLUIDTANK",
      "TOOL_WRENCH"
    ]
  }
]