[
  {
    "type": "mod_tileset",
    "compatibility": [ "retrodays" ],
    "tiles-new": [
      {
        "file": "mod_tileset/tiles10.png",
        "tiles": [
          { "id": "mon_tengu", "fg": 1, "bg": 0 },
          { "id": "mon_tengu_monk", "fg": 2, "bg": 0 },
          { "id": "mon_nekomata", "fg": 3, "bg": 0 },
          { "id": "mon_kappa", "fg": 4, "bg": 0 },
          { "id": "mon_kappa_engineer", "fg": 5, "bg": 0 },
          { "id": "broken_kappabot", "fg": 6, "bg": 0 },
          { "id": "nekomata_tails", "fg": 7, "bg": 0 },
          { "id": "mon_kamaitachi", "fg": 8, "bg": 0 },
          { "id": "koji", "fg": 9, "bg": 0 },
          { "id": "sake_koji_rice", "fg": 10, "bg": 0 },
          { "id": "sake_filtered", "fg": 11, "bg": 0 },
          { "id": "sake_unfiltered", "fg": 12, "bg": 0 },
          { "id": "brew_sake", "fg": 12, "bg": 0 },
          { "id": "brew_sake_koji", "fg": 13, "bg": 0 },
          { "id": "mon_okka", "fg": 14, "bg": 0 },
          { "id": "mon_kanazuchibo", "fg": 15, "bg": 0 },
          { "id": "wooden_kine", "fg": 16, "bg": 0 }
        ]
      },
      {
        "file": "mod_tileset/tiles_20x20.png",
        "sprite_width": 20,
        "sprite_height": 20,
        "sprite_offset_x": -5,
        "sprite_offset_y": -10,
        "tiles": [ { "id": "mon_oni", "fg": 1, "bg": 0 }, { "id": "mon_kappabot", "fg": 2, "bg": 0 } ]
      }
    ]
  }
]



