[
  {
    "type": "palette",
    "id": "BL9_biomes_palette",
    "terrain": {
      "0": "t_BL9uniqmazing_fl_sandbrown",
      "1": "t_BL9uniqmazing_fl_purple",
      "2": "t_sand_underground",
      "3": "t_BL9uniqmazing_fl_azureblue",
      "4": "t_BL9uniqmazing_fl_red",
      "5": "t_BL9uniqmazing_fl_limegreen",
      "6": "t_BL9uniqmazing_fl_orange",
      "7": "t_BL9uniqmazing_fl_yellow",
      "8": "t_BL9uniqmazing_fl_corral",
      "9": "t_BL9uniqmazing_fl_cyan",
      "?": [
        "t_door_metal_c",
        "t_door_metal_c",
        "t_door_metal_c",
        "t_door_metal_c",
        "t_door_metal_o"
      ],
      ".": "t_rock_floor",
      "%": "t_rock_wall",
      "`": "t_BL9_hole",
      "i": "t_card_industrial",
      "L": "t_door_metal_locked",
      "q": "t_BL9uniqmazing_wl_purple",
      "w": "t_BL9uniqmazing_wl_sandbrown",
      "e": "t_BL9_rockblue",
      "r": "t_BL9uniqmazing_wl_lava",
      "y": "t_BL9_rockgreen",
      "u": "t_BL9uniqmazing_wl_orange",
      "o": "t_BL9uniqmazing_wl_yellow",
      "p": "t_BL9uniqmazing_wl_corral",
      "A": "t_BL9uniqmazing_wl_cyan",
      "S": "t_BL9uniqmazing_wl_azureblue",
      "D": "t_BL9uniqmazing_wl_limegreen",
      "G": "t_BL9uniqmazing_wl_red",
      "Q": "t_BL9uniqmazing_liq_purple",
      "W": "t_BL9uniqmazing_liq_sandbrown",
      "E": "t_BL9uniqmazing_liq_azureblue",
      "R": "t_BL9uniqmazing_liq_orange",
      "T": "t_BL9uniqmazing_liq_yellow",
      "Y": "t_BL9uniqmazing_liq_corral",
      "U": "t_BL9uniqmazing_liq_cyan",
      "I": "t_BL9uniqmazing_liq_red",
      "O": "t_BL9uniqmazing_liq_sandruins",
      ">": "t_stairs_down",
      "<": "t_stairs_up",
      "!": "t_column"
    },
    "furniture": {
      "t": "f_BL9_long_torch"
    }
  }
]