[
  {
    "type": "mapgen",
    "method": "json",
    "om_terrain": [
      "central_lab_entrance"
    ],
    "weight": 100,
    "object": {
      "fill_ter": "t_dirt",
      "rows": [
        ",,,,,,,,,,,,,,,,,,,,,,,,",
        ",,,,,,,,,,,,,,,,,,,,,,,,",
        ",,,,                ,,,,",
        ",,,                  ,,,",
        ",,                    ,,",
        ",,                    ,,",
        ",,                    ,,",
        ",,                    ,,",
        ",,                    ,,",
        ",,                    ,,",
        ",          7           ,",
        ",         7o7          ,",
        ",          7           ,",
        ",,                    ,,",
        ",,                    ,,",
        ",,                    ,,",
        ",,                    ,,",
        ",,                    ,,",
        ",,                    ,,",
        ",,                    ,,",
        ",,,                  ,,,",
        ",,,,                ,,,,",
        ",,,,,,,,,,,,,,,,,,,,,,,,",
        ",,,,,,,,,,,,,,,,,,,,,,,,"
      ],
      "place_monsters": [
        {
          "monster": "GROUP_LAB_EXTRA",
          "x": [
            1,
            22
          ],
          "y": [
            1,
            22
          ],
          "density": 1
        }
      ],
      "terrain": {
        "7": "t_tree",
        " ": [
          "t_dirt",
          "t_grass",
          "t_grass",
          "t_grass",
          "t_grass",
          "t_grass",
          "t_grass",
          "t_underbrush",
          "t_tree_young",
          "t_tree"
        ],
        ",": [
          "t_dirt",
          "t_dirt",
          "t_grass",
          "t_grass",
          "t_grass",
          "t_grass",
          "t_grass",
          "t_grass",
          "t_grass",
          "t_grass",
          "t_grass",
          "t_grass",
          "t_grass",
          "t_underbrush",
          "t_tree_young",
          "t_tree"
        ],
        "o": "t_manhole_cover"
      }
    }
  },
  {
    "type": "mapgen",
    "method": "json",
    "om_terrain": [
      "central_lab_shaft"
    ],
    "weight": 100,
    "object": {
      "fill_ter": "t_rock",
      "rows": [
        "                        ",
        "                        ",
        "                        ",
        "                        ",
        "                        ",
        "                        ",
        "                        ",
        "                        ",
        "                        ",
        "         ------         ",
        "         |....|         ",
        "         |.>>.|         ",
        "         |.<<.|         ",
        "         |....|         ",
        "         ------         ",
        "                        ",
        "                        ",
        "                        ",
        "                        ",
        "                        ",
        "                        ",
        "                        ",
        "                        ",
        "                        "
      ],
      "place_monsters": [
        {
          "monster": "GROUP_LAB_EXTRA",
          "x": [
            1,
            22
          ],
          "y": [
            1,
            22
          ],
          "density": 1
        }
      ],
      "terrain": {
        ".": "t_thconc_floor",
        ">": "t_stairs_down",
        "<": "t_stairs_up",
        "|": "t_concrete_wall",
        "-": "t_concrete_wall"
      }
    }
  },
  {
    "//": "Unfinished central lab segment, someone should fill this with treasures and dangers.",
    "type": "mapgen",
    "method": "json",
    "om_terrain": [
      [
        "central_lab_hq_3",
        "central_lab_hq_2",
        "central_lab_hq_1"
      ],
      [
        "central_lab_hq_6",
        "central_lab_hq_5",
        "central_lab_hq_4"
      ],
      [
        "central_lab_hq_9",
        "central_lab_hq_8",
        "central_lab_hq_7"
      ]
    ],
    "weight": 100,
    "object": {
      "fill_ter": "t_thconc_floor",
      "rows": [
        "##########|..|############################################|..|#########|",
        "##########|..|############################################|..|#########|",
        "##########|..|############################################|..|#########|",
        "##########|..|############################################|..|#########|",
        "##########|..|############################################|..|#########|",
        "##########|..|############################################|..|#########|",
        "##########|..|############################################|..|#########|",
        "##########|..|############################################|..|#########|",
        "##########|..|############################################|..|#########|",
        "#########||..||###########################################|..|#########|",
        "---------|....|#######################################----|..|----------",
        "...........<<.|########################################^...............+",
        "..............|#########################################^..............+",
        "-----------..-|########################################---|..|----------",
        "#########.|..|############################################|^.|#########|",
        "##########|.^|############################################|#^|#########|",
        "##########|^#|###############################################|#########|",
        "##########|############################################################|",
        "#######################################################################|",
        "#######################################################################|",
        "#######################################################################|",
        "#######################################################################|",
        "#######################################################################|",
        "#######################################################################|",
        "########################################################################",
        "########################################################################",
        "########################################################################",
        "########################################################################",
        "########################################################################",
        "########################################################################",
        "########################################################################",
        "########################################################################",
        "########################################################################",
        "########################################################################",
        "########################################################################",
        "########################################################################",
        "########################################################################",
        "########################################################################",
        "########################################################################",
        "########################################################################",
        "########################################################################",
        "########################################################################",
        "########################################################################",
        "########################################################################",
        "########################################################################",
        "########################################################################",
        "########################################################################",
        "########################################################################",
        "#######################################################################|",
        "#######################################################################|",
        "#######################################################################|",
        "#######################################################################|",
        "#######################################################################|",
        "#######################################################################|",
        "#######################################################################|",
        "#######################################################################|",
        "#######################################################################|",
        "##########################################################|#^|#########|",
        "-----------############################################---|^.|----------",
        "..........^^^##########################################^...............+",
        "............^^##########################################^..............+",
        "----------|..|-#######################################----|..|----------",
        "##########|..|############################################|..|#########|",
        "##########|..|############################################|..|#########|",
        "##########|..|############################################|..|#########|",
        "##########|..|############################################|..|#########|",
        "##########|..|############################################|..|#########|",
        "##########|..|############################################|..|#########|",
        "##########|..|############################################|..|#########|",
        "##########|..|############################################|..|#########|",
        "##########|..|############################################|..|#########|",
        "-----------++-----------|######################|-----------++----------|"
      ],
      "palettes": [
        "lab_palette"
      ],
      "terrain": {
        "<": "t_stairs_up"
      }
    }
  }
]