[
  {
    "//": "collapsed hallway",
    "type": "mapgen",
    "method": "json",
    "om_terrain": [
      "lab_1side"
    ],
    "weight": 25,
    "object": {
      "fill_ter": "t_thconc_floor",
      "rows": [
        "|----------..----------|",
        "|         |..|         |",
        "|         |..|         |",
        "|         |..|         |",
        "|         |..|         |",
        "|         +..+         |",
        "|         |..|         |",
        "|         |..|         |",
        "|         |..|         |",
        "|         |..|         |",
        "|---------|..|---------|",
        "#####^^..............^##",
        "#######^...........^^###",
        "#####-----|..|--------##",
        "###^^^....|..|##########",
        "|#^.......|..|##########",
        "|^........|..|##########",
        "|.........|..|##########",
        "|^........+.^###########",
        "##^^...^^^|^############",
        "###^^.^^^###############",
        "########################",
        "########################",
        "########################"
      ],
      "palettes": [
        "lab_palette"
      ],
      "furniture": {
        "^": "f_rubble"
      },
      "terrain": {
        "^": "t_thconc_floor"
      },
      "place_nested": [
        {
          "chunks": [
            "lab_spawn_9x9_crossdoors"
          ],
          "x": 1,
          "y": 1
        },
        {
          "chunks": [
            "lab_spawn_9x9_crossdoors"
          ],
          "x": 14,
          "y": 1
        },
        {
          "chunks": [
            "lab_1side_border_doors"
          ],
          "x": 0,
          "y": 0
        }
      ]
    }
  },
  {
    "//": "library + two lab rooms (filled in with '.' in order to ensure a normal t_thconc_floor inside)",
    "type": "mapgen",
    "method": "json",
    "om_terrain": [
      "lab_1side"
    ],
    "weight": 100,
    "object": {
      "fill_ter": "t_thconc_floor",
      "rows": [
        "|----------..----------|",
        "|.........|..|.........|",
        "|.........|..|.........|",
        "|.........|..|.........|",
        "|.........|..|.........|",
        "|.........+..+.........|",
        "|.........|..|.........|",
        "|.........|..|.........|",
        "|.........|..|.........|",
        "|.........|..|.........|",
        "|---------|..|---------|",
        "|,hth,|TS|....|12|,hth,|",
        "|,hth,|,,|....|,,|,hth,|",
        "|,hth,|-+|6...|,,|,hth,|",
        "|,,,,,|,,--LL--,,|,,,,,|",
        "|--+---,,,,,,,,,,---+--|",
        "|]a,,,,,,,,,,,,,,,,,,a]|",
        "|]a,,,hxtxh,,hxtxh,,,a]|",
        "|]a,,,,,,,,,,,,,,,,,,a]|",
        "|]aa]]aa]]a,,a]]aa]]aa]|",
        "|]aa]]aa]]a,,a]]aa]]aa]|",
        "|]aa]]aa]]a,,a]]aa]]aa]|",
        "|]aa]]aa]]a,,a]]aa]]aa]|",
        "|----------------------|"
      ],
      "palettes": [
        "lab_palette"
      ],
      "place_monsters": [
        {
          "monster": "GROUP_LAB_EXTRA",
          "x": [
            1,
            22
          ],
          "y": [
            1,
            22
          ],
          "density": 1
        }
      ],
      "vendingmachines": {
        "1": {
          "item_group": "vending_drink"
        },
        "2": {
          "item_group": "vending_food"
        }
      },
      "furniture": {
        "a": [
          "f_stool",
          "f_null",
          "f_null",
          "f_null",
          "f_null",
          "f_null",
          "f_null",
          "f_null",
          "f_null",
          "f_null",
          "f_null",
          "f_null"
        ]
      },
      "mapping": {
        "]": {
          "items": [
            {
              "item": "manuals",
              "chance": 15
            },
            {
              "item": "textbooks",
              "chance": 15
            }
          ]
        },
        "t": {
          "items": [
            {
              "item": "manuals",
              "chance": 5
            },
            {
              "item": "textbooks",
              "chance": 5
            },
            {
              "item": "vending_food_items",
              "chance": 30
            }
          ]
        }
      },
      "computers": {
        "6": {
          "name": "Library Entrance",
          "security": 2,
          "options": [
            {
              "name": "UNLOCK ENTRANCE",
              "action": "unlock",
              "security": 3
            }
          ],
          "failures": [
            {
              "action": "damage"
            },
            {
              "action": "shutdown"
            }
          ]
        }
      },
      "place_nested": [
        {
          "chunks": [
            "lab_spawn_9x9_crossdoors"
          ],
          "x": 1,
          "y": 1
        },
        {
          "chunks": [
            "lab_spawn_9x9_crossdoors"
          ],
          "x": 14,
          "y": 1
        },
        {
          "chunks": [
            "lab_1side_border_doors"
          ],
          "x": 0,
          "y": 0
        }
      ]
    }
  },
  {
    "//": "military bunker",
    "type": "mapgen",
    "method": "json",
    "om_terrain": [
      "lab_1side"
    ],
    "weight": 200,
    "object": {
      "fill_ter": "t_strconc_floor",
      "rows": [
        "|--|--|--|-..-|--|-----|",
        "|bb|bb|bb|....|,,|l,,,b|",
        "|,,|,,|,,|...6|,,W,,,,b|",
        "|l,|l,|l,|....|,,|-----|",
        "|-W|-W|-W|-LL-|,,|l,,,b|",
        "|,,,,,,,,,,,,x,,,W,,,,b|",
        "|,,,,,,,,,,,,,,,,|-----|",
        "|--W-|,,,,,,,,,,,|l,,,b|",
        "|S,,,|,,,,,,,,,,,W,,,,b|",
        "|S,,,|M--|,,,,,,,|-----|",
        "|,,,,|,,cg,,,,,,,|,,,,l|",
        "|W|W-|,h7g,,,,,,,W,h,,b|",
        "|T|,T|,,cg,,,,,,,|ddd,b|",
        "|-|--|L--|-LL----|-----|",
        "|,rrr,,,,,,,,,,rrrrrr,,|",
        "|,,,,,,,,,,,,,,,,,,,,,,|",
        "|,,,,,,,,,,,,,,,,,,,,,,|",
        "|r,,rr,,rr,,,,rr,,rr,,r|",
        "|r,,rr,,rr,,,,rr,,rr,,r|",
        "|r,,rr,,rr,,,,rr,,rr,,r|",
        "|r,,rr,,rr,,,,rr,,rr,,r|",
        "|r,,rr,,rr,,,,rr,,rr,,r|",
        "|r,,,,,,,,,,,,,,,,,,,,r|",
        "|----------------------|"
      ],
      "palettes": [
        "lab_palette"
      ],
      "place_monsters": [
        {
          "monster": "GROUP_LAB_EXTRA",
          "x": [
            1,
            22
          ],
          "y": [
            1,
            22
          ],
          "density": 1
        }
      ],
      "place_monster": [
        {
          "monster": [
            "mon_zombie_bio_op",
            "mon_dispatch"
          ],
          "x": [
            10,
            16
          ],
          "y": [
            5,
            12
          ],
          "pack_size": [
            1,
            2
          ],
          "chance": 40
        },
        {
          "monster": [
            "mon_zombie_soldier"
          ],
          "x": [
            10,
            16
          ],
          "y": [
            5,
            12
          ],
          "pack_size": [
            2,
            4
          ],
          "chance": 60
        }
      ],
      "terrain": {
        "7": "t_console"
      },
      "mapping": {
        "l": {
          "items": [
            {
              "item": "clothing_soldier_set",
              "chance": 100
            },
            {
              "item": "gear_soldier_sidearm",
              "chance": 33
            },
            {
              "item": "book_military",
              "chance": 33
            }
          ]
        },
        "b": {
          "items": [
            {
              "item": "bed",
              "chance": 50
            }
          ]
        },
        "d": {
          "items": [
            {
              "item": "office",
              "chance": 50
            }
          ]
        },
        "r": {
          "items": [
            {
              "item": "military",
              "chance": 10
            },
            {
              "item": "ammo_milspec",
              "chance": 10
            },
            {
              "item": "mags_milspec",
              "chance": 10
            },
            {
              "item": "guns_milspec",
              "chance": 10
            }
          ]
        }
      },
      "computers": {
        "6": {
          "name": "Barracks Entrance",
          "security": 4,
          "options": [
            {
              "name": "UNLOCK ENTRANCE",
              "action": "unlock",
              "security": 6
            }
          ],
          "failures": [
            {
              "action": "damage"
            },
            {
              "action": "shutdown"
            }
          ]
        },
        "7": {
          "name": "Magazine Entrance",
          "security": 6,
          "options": [
            {
              "name": "UNLOCK ENTRANCE",
              "action": "unlock_disarm",
              "security": 7
            }
          ],
          "failures": [
            {
              "action": "damage"
            },
            {
              "action": "shutdown"
            }
          ]
        }
      },
      "place_nested": [
        {
          "chunks": [
            [
              "null",
              45
            ],
            [
              "lab_barracks_turret",
              50
            ],
            [
              "lab_hulk_smash",
              5
            ]
          ],
          "x": 0,
          "y": 0
        },
        {
          "chunks": [
            "lab_1side_border_doors"
          ],
          "x": 0,
          "y": 0
        }
      ]
    }
  },
  {
    "type": "mapgen",
    "method": "json",
    "nested_mapgen_id": "lab_barracks_turret",
    "object": {
      "mapgensize": [
        24,
        24
      ],
      "place_monster": [
        {
          "monster": "mon_turret_rifle",
          "x": [
            10,
            13
          ],
          "y": [
            15,
            22
          ]
        }
      ]
    }
  },
  {
    "//": "prisoner containment",
    "type": "mapgen",
    "method": "json",
    "om_terrain": [
      "lab_1side"
    ],
    "weight": 200,
    "object": {
      "fill_ter": "t_strconc_floor",
      "rows": [
        "|--------|-..-|--------|",
        "|,,Ccxc,,|....|,,,,,,,,|",
        "|,,,,,,,,|....|r,,,,dh,|",
        "|c,,,,,,l|6...|r,,,,ddd|",
        "|S,,,,,,l|-LL-|r,,,,,,,|",
        "|c,,,,,,,|x,,,|,,,,,,,,|",
        "|-ggggGg-|,,,,+,,,,,dh,|",
        "|,,,,,,,,,,,,,|,,,,,ddd|",
        "|,,,,,,,,,,,,,|-ggGggg-|",
        "|,,,,,,,,,,,,,|,,,,,,,^|",
        "|,,,,,,,,,,,,,g,,,,,,,,|",
        "|-ggg-|-ggLgg-|,,c.hc,,|",
        "|,,,,,|,,,,,,,g,,c7cc,,|",
        "|T,,,,g,,,,,,,|-gggggg-|",
        "|,,,,,g,,,,,,,,,,,,,,,,|",
        "|bb,,,|,,,,,,,,,,,,,,,,|",
        "|--L--|,,,,,,,,,,,,,,,,|",
        "|,,,,,M,,,,,,,,,,,,,,,,|",
        "|-L-|,|-gg-|-gg-|M|-gg-|",
        "|,,l|,|,,,,|,,,,|,|,,,,|",
        "|,,,|,|,,,,|,,,,|,|,,,,|",
        "|X,,|,L,,,b|b,,,L,L,,,b|",
        "|X,X|,|,T,b|b,T,|,|,T,b|",
        "|---|-|----|----|-|----|"
      ],
      "palettes": [
        "lab_palette"
      ],
      "place_monsters": [
        {
          "monster": "GROUP_LAB_EXTRA",
          "x": [
            1,
            22
          ],
          "y": [
            1,
            22
          ],
          "density": 1
        }
      ],
      "furniture": {
        "^": "f_indoor_plant"
      },
      "terrain": {
        "7": "t_console",
        "C": "t_centrifuge"
      },
      "mapping": {
        "X": {
          "items": [
            {
              "item": "softdrugs",
              "chance": 40
            },
            {
              "item": "harddrugs",
              "chance": 30
            }
          ]
        },
        "r": {
          "items": [
            {
              "item": "softdrugs",
              "chance": 40
            },
            {
              "item": "harddrugs",
              "chance": 30
            }
          ]
        },
        "b": {
          "items": [
            {
              "item": "bed",
              "chance": 50
            }
          ]
        },
        "l": {
          "items": [
            {
              "item": "science",
              "chance": 60
            }
          ]
        },
        "d": {
          "items": [
            {
              "item": "office",
              "chance": 60
            }
          ]
        },
        "c": {
          "items": [
            {
              "item": "office",
              "chance": 40
            }
          ]
        }
      },
      "computers": {
        "6": {
          "name": "Prisoner Containment Entrance",
          "security": 4,
          "options": [
            {
              "name": "UNLOCK ENTRANCE",
              "action": "unlock",
              "security": 4
            }
          ],
          "failures": [
            {
              "action": "damage"
            },
            {
              "action": "shutdown"
            }
          ]
        },
        "7": {
          "name": "Containment Control",
          "security": 4,
          "options": [
            {
              "name": "EMERGENCY CONTAINMENT RELEASE",
              "action": "open",
              "security": 5
            }
          ],
          "failures": [
            {
              "action": "damage"
            },
            {
              "action": "shutdown"
            }
          ]
        }
      },
      "place_nested": [
        {
          "chunks": [
            [
              "null",
              95
            ],
            [
              "lab_hulk_smash",
              5
            ]
          ],
          "x": 0,
          "y": 0
        },
        {
          "chunks": [
            "lab_1side_border_doors"
          ],
          "x": 0,
          "y": 0
        }
      ]
    }
  },
  {
    "//": "Adds a hulk and smashes to rubble the doors for barracks and human containment.",
    "type": "mapgen",
    "method": "json",
    "nested_mapgen_id": "lab_hulk_smash",
    "object": {
      "mapgensize": [
        24,
        24
      ],
      "place_rubble": [
        {
          "x": 11,
          "y": 4,
          "items": true
        },
        {
          "x": 13,
          "y": 11,
          "items": true
        },
        {
          "x": 12,
          "y": 13,
          "items": true
        }
      ],
      "place_monster": [
        {
          "monster": [
            "mon_zombie_hulk",
            "mon_skeleton_hulk",
            "mon_nakedmolerat_giant"
          ],
          "x": [
            11,
            12
          ],
          "y": [
            6,
            22
          ],
          "chance": 90
        }
      ],
      "place_loot": [
        {
          "group": "everyday_corpse",
          "x": [
            10,
            13
          ],
          "y": [
            1,
            3
          ],
          "repeat": 2
        }
      ],
      "place_fields": [
        {
          "field": "fd_blood",
          "x": [
            10,
            13
          ],
          "y": [
            1,
            3
          ],
          "repeat": [
            3,
            5
          ]
        },
        {
          "field": "fd_gibs_flesh",
          "x": [
            10,
            13
          ],
          "y": [
            1,
            3
          ],
          "repeat": [
            0,
            2
          ]
        }
      ]
    }
  },
  {
    "//": "Creates border doors for a lab_1side if-and-only-if final rotation would predict them existing.",
    "type": "mapgen",
    "method": "json",
    "nested_mapgen_id": "lab_1side_border_doors",
    "object": {
      "mapgensize": [
        24,
        24
      ],
      "place_nested": [
        {
          "chunks": [
            "lab_north_doors"
          ],
          "x": 11,
          "y": 0,
          "neighbors": {
            "east": [
              "lab"
            ]
          }
        },
        {
          "chunks": [
            "lab_north_doors"
          ],
          "x": 11,
          "y": 0,
          "neighbors": {
            "south": [
              "lab"
            ]
          }
        }
      ]
    }
  },
  {
    "//": "Adds a pair of doors in the center of the top entrance, as would be expected in a 1-sided lab section facing north or west.",
    "type": "mapgen",
    "method": "json",
    "nested_mapgen_id": "lab_north_doors",
    "object": {
      "mapgensize": [
        2,
        2
      ],
      "place_terrain": [
        {
          "ter": "t_door_metal_lab_c",
          "x": 0,
          "y": 0
        },
        {
          "ter": "t_door_metal_lab_c",
          "x": 1,
          "y": 0
        }
      ]
    }
  }
]