[
  {
    "id": "TALK_EVAC_MERCHANT",
    "type": "talk_topic",
    "responses": [
      {
        "text": "我在这里救了你的人，他说有报酬。",
        "topic": "TALK_EVAC_MERCHANT_SCAV_REWARD",
        "condition": {
          "u_has_var": "unlucky_scavenger_safe",
          "type": "flag",
          "context": "safe",
          "value": "yes"
        }
      }
    ]
  },
  {
    "id": "TALK_EVAC_MERCHANT_SCAV_REWARD",
    "type": "talk_topic",
    "dynamic_line": "没问题，<name_g>。他把一切都告诉了我们。现在我要请他们给你报酬。",
    "responses": [
      {
        "text": "…",
        "topic": "TALK_DONE",
        "effect": [
          "end_conversation",
          {
            "u_faction_rep": -100
          },
          {
            "u_lose_var": "unlucky_scavenger_safe",
            "type": "flag",
            "context": "safe"
          }
        ]
      }
    ]
  }
]