[
  {
    "type": "npc",
    "id": "evac_guard4",
    "//": "Appears in the refugee center as a guard with custom dialogue.",
    "name_suffix": "守卫",
    "class": "NC_BOUNTY_HUNTER",
    "attitude": 1,
    "mission": 8,
    "chat": "TALK_EVAC_GUARD4",
    "faction": "free_merchants"
  },
  {
    "id": "TALK_EVAC_GUARD4",
    "type": "talk_topic",
    "dynamic_line": "嘿，你们俩在窃窃私语什么？",
    "responses": [
      {
        "text": "只是聊天，<name_g>。友好的闲聊。",
        "trial": {
          "type": "PERSUADE",
          "difficulty": 20,
          "mod": [
            [
              "TRUST",
              3
            ]
          ]
        },
        "success": {
          "topic": "TALK_EVAC_GUARD4_OK"
        },
        "failure": {
          "topic": "TALK_EVAC_GUARD4_SUSPICIOUS"
        }
      },
      {
        "text": "你妈妈没教你参与别人的谈话吗？",
        "trial": {
          "type": "INTIMIDATE",
          "difficulty": 20,
          "mod": [
            [
              "FEAR",
              3
            ]
          ]
        },
        "success": {
          "topic": "TALK_EVAC_GUARD4_OK"
        },
        "failure": {
          "topic": "TALK_EVAC_GUARD4_SUSPICIOUS"
        }
      },
      {
        "text": "不关你的事，<name_b>。",
        "topic": "TALK_EVAC_GUARD4_INSULT"
      }
    ]
  },
  {
    "id": "TALK_EVAC_GUARD4_OK",
    "type": "talk_topic",
    "dynamic_line": "嗯，那好吧。",
    "responses": [
      {
        "text": "…",
        "topic": "TALK_DONE",
        "effect": {
          "npc_first_topic": "TALK_GUARD"
        }
      }
    ]
  },
  {
    "id": "TALK_EVAC_GUARD4_SUSPICIOUS",
    "type": "talk_topic",
    "dynamic_line": "嘿，我什么都听到了！",
    "responses": [
      {
        "text": "[35MERCH]也许这会有帮助。",
        "topic": "TALK_EVAC_GUARD4_OK",
        "condition": {
          "u_has_items": {
            "item": "FMCNote",
            "count": 35
          }
        },
        "effect": {
          "u_sell_item": "FMCNote",
          "count": 35
        }
      },
      {
        "text": "[漂亮]如果我能为你做点什么，你会放手…",
        "condition": {
          "u_has_any_trait": [
            "PRETTY",
            "BEAUTIFUL",
            "BEAUTIFUL2",
            "BEAUTIFUL3"
          ]
        },
        "topic": "TALK_EVAC_GUARD4_OK"
      },
      {
        "text": "我告诉过你，<swear>不关你的事，<name_b>！",
        "topic": "TALK_EVAC_GUARD4_INSULT"
      }
    ]
  },
  {
    "id": "TALK_EVAC_GUARD4_INSULT",
    "type": "talk_topic",
    "dynamic_line": "警报！",
    "responses": [
      {
        "text": "…",
        "topic": "TALK_DONE",
        "effect": [
          "insult_combat",
          {
            "u_faction_rep": -50
          }
        ]
      }
    ]
  }
]