[
  {
    "id": "tread1",
    "type": "WHEEL",
    "category": "veh_parts",
    "name": {
      "str": "橡胶履带"
    },
    "description": "短履带板环环相扣，由强韧金属丝强化并安装在一组小型负重轮上的硬橡胶履带。类似的东西你可能曾在轻型工程载具上见过。由于没有爆胎的风险，它显然比普通轮胎坚固，但是却相当重。",
    "weight": "32368 g",
    "volume": "50 L",
    "price": "255 USD",
    "to_hit": -3,
    "bashing": 30,
    "material": [
      "plastic",
      "steel"
    ],
    "symbol": "]",
    "color": "white",
    "diameter": 30,
    "width": 15
  },
  {
    "id": "tread2",
    "type": "WHEEL",
    "category": "veh_parts",
    "name": {
      "str": "钢制履带"
    },
    "description": "短履带板环环相扣，安装在一组小型负重轮上的轧制钢履带。类似的东西你可能曾在大型工程载具上见过。由于没有爆胎的风险，它显然比普通轮胎坚固，但是却非常重。",
    "weight": "95968 g",
    "volume": "75 L",
    "price": "455 USD",
    "to_hit": -3,
    "bashing": 30,
    "material": [
      "steel"
    ],
    "symbol": "]",
    "color": "white",
    "diameter": 50,
    "width": 25
  },
  {
    "id": "tread3",
    "type": "WHEEL",
    "category": "veh_parts",
    "name": {
      "str": "加固履带"
    },
    "description": "短履带板环环相扣，安装在一组小型负重轮上的轧制钢履带。类似的东西你可能曾在运兵车和装甲载具上见过。由于没有爆胎的风险，它显然比普通轮胎坚固，但是却超级重。",
    "weight": "287824 g",
    "volume": "87500 ml",
    "price": "755 USD",
    "to_hit": -3,
    "bashing": 30,
    "material": [
      "hardsteel",
      "steel"
    ],
    "symbol": "]",
    "color": "white",
    "diameter": 60,
    "width": 30
  }
]