[
  {
    "id": "space_anomaly",
    "type": "GENERIC",
    "category": "veh_parts",
    "name": {
      "str": "稳定传送门"
    },
    "description": "当你看从这一在现实中可延展的洞口中看进去里面这样无限深的空洞时，一句远古的话语在你的脑中回想：它的意思是：“只有两种东西是无边际的：宇宙和人类的盗窃癖。”",
    "weight": "22813 g",
    "volume": "50 L",
    "price": "15 kUSD",
    "to_hit": -4,
    "bashing": 2,
    "material": [
      "steel",
      "plastic"
    ],
    "symbol": "]",
    "color": "cyan"
  },
  {
    "id": "vehicle_shelving",
    "type": "GENERIC",
    "name": {
      "str": "载具架"
    },
    "description": "几个重型车架经过改装被固定在一起，配备有系紧装置和连接点，以承载大量货物。",
    "weight": "350000 g",
    "to_hit": -4,
    "color": "cyan",
    "symbol": "]",
    "material": [
      "steel",
      "plastic"
    ],
    "volume": "200 L",
    "bashing": 2,
    "category": "veh_parts",
    "price": "800 USD",
    "price_postapoc": "10 USD"
  },
  {
    "id": "afs_fridge",
    "category": "veh_parts",
    "type": "GENERIC",
    "name": {
      "str": "车载冰箱"
    },
    "description": "一台家用冰箱，容量十分可观。它的供能模块已被改造，可以安装在车辆上使用。",
    "symbol": "{",
    "color": "white",
    "weight": "142882 g",
    "volume": "300 L",
    "price": "400 USD",
    "price_postapoc": "100 USD",
    "material": [
      "steel"
    ],
    "to_hit": -4,
    "bashing": 8,
    "flags": [
      "DURABLE_MELEE"
    ],
    "looks_like": "minifridge"
  },
  {
    "id": "afs_freezer",
    "category": "veh_parts",
    "type": "GENERIC",
    "name": {
      "str": "车载冰柜"
    },
    "copy-from": "afs_fridge",
    "description": "这台冰柜已被精简了许多内部部件，经过改造后它的制冷温度更低，功率更大。与前代一样，它依靠车载电源运行。",
    "color": "light_blue"
  },
  {
    "type": "GENERIC",
    "id": "afs_metal_rig",
    "copy-from": "vehicle_rig",
    "name": {
      "str": "名匠锻造伴侣",
      "str_pl": "名匠锻造伴侣"
    },
    "description": "由最畅销的“伙夫牌厨房加工伴侣\"的制造商出品的\"名匠锻造伴侣”，能满足您所有金属加工、点火和焊接的需求！它和它的加工物一样沉重笨拙，需要连接到车载电源后才能工作。"
  },
  {
    "type": "GENERIC",
    "id": "afs_kitchen_rig",
    "copy-from": "vehicle_rig",
    "name": {
      "str": "名厨烹饪伴侣",
      "str_pl": "名厨烹饪伴侣"
    },
    "description": "这个大型的一体式工作站拥有“伙夫牌厨房加工伴侣”的全部功能，还额外配备了通风橱和化学材料。你可以把它安装在车辆上使用。\n“不想当化学家的厨师不是好厨师！”"
  },
  {
    "type": "GENERIC",
    "id": "afs_cooking_rig",
    "copy-from": "vehicle_rig",
    "name": {
      "str": "厨化机"
    },
    "description": "锅碗瓢盆，试管烧杯……所有烹饪和化学所需的工具都在这里了。分离式的通风孔和隔离装置，使得你不用担心有毒的化学物质会污染你的食物。"
  }
]