[
  {
    "id": "steam_triple_large",
    "copy-from": "engine_steam",
    "type": "ENGINE",
    "name": {
      "str": "大型蒸汽引擎"
    },
    "description": "一台大型蒸汽引擎。一个内置锅炉燃烧木炭将水加热变成蒸汽，带动一根往复轴。一个冷凝器回收冷却水，构成一个闭环系统。",
    "weight": "280 kg",
    "volume": "95 L",
    "price": "14 kUSD",
    "price_postapoc": "28 kUSD"
  },
  {
    "id": "steam_triple_giant",
    "copy-from": "engine_steam",
    "type": "ENGINE",
    "name": {
      "str": "巨型蒸汽引擎"
    },
    "description": "一台巨型蒸汽引擎。一个内置锅炉燃烧木炭将水加热变成蒸汽，带动一根往复轴。一个冷凝器回收冷却水，构成一个闭环系统。",
    "weight": "835 kg",
    "volume": "175 L",
    "price": "25650 USD",
    "price_postapoc": "51300 USD"
  },
  {
    "id": "steam_turbine_small",
    "copy-from": "engine_steam",
    "type": "ENGINE",
    "name": {
      "str": "小型蒸汽涡轮机"
    },
    "description": "一台小型蒸汽涡轮机。一个内置锅炉燃烧木炭将水加热变成蒸汽，驱动旋转涡轮机。一个冷凝器回收冷却水，构成一个闭环系统。",
    "weight": "80 kg",
    "volume": "18750 ml",
    "//": "Steam turbine efficiency sucks - ideally 47% efficient with reheat cycles, versus 55% for a modern gas engine.  Going with 33% efficieny for easy math",
    "price": "2550 USD",
    "price_postapoc": "5100 USD"
  },
  {
    "id": "steam_turbine_medium",
    "copy-from": "engine_steam",
    "type": "ENGINE",
    "name": {
      "str": "中型蒸汽涡轮机"
    },
    "description": "一台中型蒸汽涡轮机。一个内置锅炉燃烧木炭将水加热变成蒸汽，驱动旋转涡轮机。一个冷凝器回收冷却水，构成一个闭环系统。",
    "weight": "120 kg",
    "volume": "27500 ml",
    "price": "3800 USD",
    "price_postapoc": "7600 USD"
  },
  {
    "id": "steam_turbine_large",
    "copy-from": "engine_steam",
    "type": "ENGINE",
    "name": {
      "str": "大型蒸汽涡轮机"
    },
    "description": "一台大型蒸汽涡轮机。一个内置锅炉燃烧木炭将水加热变成蒸汽，驱动旋转涡轮机。一个冷凝器回收冷却水，构成一个闭环系统。",
    "weight": "190 kg",
    "volume": "45 L",
    "price": "5950 USD",
    "price_postapoc": "11900 USD"
  },
  {
    "id": "steam_turbine_giant",
    "copy-from": "engine_steam",
    "type": "ENGINE",
    "name": {
      "str": "巨型蒸汽涡轮机"
    },
    "description": "一台巨型蒸汽涡轮机。一个内置锅炉燃烧木炭将水加热变成蒸汽，驱动旋转涡轮机。一个冷凝器回收冷却水，构成一个闭环系统。",
    "weight": "345 kg",
    "volume": "81250 ml",
    "price": "10600 USD",
    "price_postapoc": "21200 USD"
  }
]