[
  {
    "id": "solar_array",
    "type": "GENERIC",
    "category": "veh_parts",
    "name": {
      "str": "太阳能板阵列"
    },
    "description": "一打太阳能电池板被安装在几米高的底盘上，使脆弱的面板能安全地远离任何潜在威胁，并能够跟踪太阳以提高了发电效率，代价是整套系统变得非常沉重。",
    "weight": "265400 g",
    "volume": "62500 ml",
    "price": "1200 USD",
    "to_hit": -4,
    "bashing": 1,
    "material": [
      "glass"
    ],
    "symbol": "]",
    "color": "yellow"
  },
  {
    "id": "solar_array2",
    "type": "GENERIC",
    "category": "veh_parts",
    "name": {
      "str": "太阳能板阵列（高能）"
    },
    "description": "一打高能太阳能电池板被安装在几米高的底盘上，使脆弱的太阳能板安全地远离任何潜在威胁，并能跟踪太阳以提高发电效率，代价是整套系统变得非常沉重而且无法通行。",
    "weight": "319328 g",
    "volume": "62500 ml",
    "price": "1500 USD",
    "to_hit": -4,
    "bashing": 1,
    "material": [
      "glass"
    ],
    "symbol": "]",
    "color": "yellow"
  },
  {
    "id": "solar_array2r",
    "type": "GENERIC",
    "category": "veh_parts",
    "name": {
      "str": "太阳能板阵列（强化高能）"
    },
    "description": "一打强化高能太阳能电池板被安装在几米高的底盘上。使脆弱的太阳能板安全地远离任何潜在威胁，并能跟踪太阳以提高发电效率。代价是整套系统变得非常沉重而且无法通行。",
    "weight": "382736 g",
    "volume": "80500 ml",
    "price": "1500 USD",
    "to_hit": -4,
    "bashing": 1,
    "material": [
      "glass",
      "steel"
    ],
    "symbol": "]",
    "color": "light_blue"
  }
]