[
  {
    "id": "frostie_wheel",
    "type": "WHEEL",
    "category": "veh_parts",
    "name": {
      "str": "变形怪冰川车轮"
    },
    "description": "一件生物学之谜，这只变形怪的内部结构存在着一滩低密度流体，尽管已经处在过冷状态但仍然保留液体形态；但仍然保持着其之前所具有的柔韧性。冰霜形成的碎片不断从它身上剥落。这只变形怪的形状如同天然车轮一般。",
    "weight": "6112 g",
    "volume": "5 L",
    "to_hit": -3,
    "bashing": 9,
    "material": [
      "flesh"
    ],
    "symbol": "]",
    "color": "light_blue",
    "diameter": 40,
    "width": 15
  },
  {
    "id": "gloople_wheel",
    "type": "WHEEL",
    "category": "veh_parts",
    "name": {
      "str": "凝胶车轮"
    },
    "description": "用水填充凝胶变形怪，结果产生了一些类似轮辐一样的交叉，像是来自异界的畸形体，或者是老的挤压玩具。",
    "weight": "30062 g",
    "volume": "12500 ml",
    "to_hit": -3,
    "bashing": 9,
    "material": [
      "flesh"
    ],
    "symbol": "]",
    "color": "light_green",
    "diameter": 15,
    "width": 15
  },
  {
    "id": "gray_wheel",
    "type": "WHEEL",
    "category": "veh_parts",
    "name": {
      "str": "灰色车轮"
    },
    "description": "用水填充灰色变形怪，结果产生了一些类似轮辐一样的交叉，像是来自异界的畸形体，或者是老的挤压玩具。",
    "weight": "53262 g",
    "volume": "30 L",
    "to_hit": -3,
    "bashing": 9,
    "material": [
      "flesh"
    ],
    "symbol": "]",
    "color": "light_gray",
    "diameter": 40,
    "width": 40
  },
  {
    "id": "grinder",
    "type": "WHEEL",
    "category": "veh_parts",
    "name": {
      "str": "变形怪压路机"
    },
    "description": "一只体型有着大型卡车轮胎大小的大型球形变形怪。外层已经被压实成为坚硬的甲壳状，但同时依旧很有弹性。现在它已经生长至完全体大小，它看起来很安静，就只是坐着。",
    "weight": "204540 g",
    "volume": "50 L",
    "price": "5 USD",
    "to_hit": -3,
    "bashing": 9,
    "material": [
      "stone",
      "flesh"
    ],
    "symbol": "]",
    "color": "light_gray",
    "diameter": 60,
    "width": 60
  },
  {
    "id": "oozle_wheel",
    "type": "WHEEL",
    "category": "veh_parts",
    "name": {
      "str": "软泥车轮"
    },
    "description": "用水填充软泥变形怪，结果产生了一些类似轮辐一样的交叉，像是来自异界的畸形体，或者是老的挤压玩具。",
    "weight": "50262 g",
    "volume": "30 L",
    "to_hit": -3,
    "bashing": 9,
    "material": [
      "flesh"
    ],
    "symbol": "]",
    "color": "green",
    "diameter": 30,
    "width": 30
  }
]