[
  {
    "id": "gloopletread",
    "type": "WHEEL",
    "category": "veh_parts",
    "name": {
      "str": "凝胶履带"
    },
    "description": "短履带板环环相扣，由巨大而丑陋的变形怪部件制成的履带。类似的东西你可能曾在轻型工程载具上见过。由于没有爆胎的风险，它显然比普通轮胎坚固，但是却相当重。",
    "weight": "32368 g",
    "volume": "50 L",
    "price": "255 USD",
    "to_hit": -3,
    "bashing": 30,
    "material": [
      "plastic",
      "steel"
    ],
    "symbol": "]",
    "color": "white",
    "diameter": 30,
    "width": 15
  },
  {
    "id": "oozletread",
    "type": "WHEEL",
    "category": "veh_parts",
    "name": {
      "str": "软泥履带"
    },
    "description": "短履带板环环相扣，由巨大而丑陋的变形怪部件制成的履带。类似的东西你可能曾在轻型工程载具上见过。由于没有爆胎的风险，它显然比普通轮胎坚固，但是却相当重。",
    "weight": "32368 g",
    "volume": "50 L",
    "price": "255 USD",
    "to_hit": -3,
    "bashing": 30,
    "material": [
      "plastic",
      "steel"
    ],
    "symbol": "]",
    "color": "white",
    "diameter": 50,
    "width": 25
  },
  {
    "id": "graytread",
    "type": "WHEEL",
    "category": "veh_parts",
    "name": {
      "str": "灰色履带"
    },
    "description": "短履带板环环相扣，由巨大而丑陋的变形怪部件制成的履带。类似的东西你可能曾在轻型工程载具上见过。由于没有爆胎的风险，它显然比普通轮胎坚固，但是却相当重。",
    "weight": "32368 g",
    "volume": "50 L",
    "price": "255 USD",
    "to_hit": -3,
    "bashing": 30,
    "material": [
      "plastic",
      "steel"
    ],
    "symbol": "]",
    "color": "white",
    "diameter": 60,
    "width": 30
  }
]