[
  {
    "id": "glowie",
    "type": "GENERIC",
    "category": "veh_parts",
    "name": {
      "str": "发光变形怪"
    },
    "//": "No Snake, eating it will not refill your batteries.",
    "description": "这是一种奇怪的生物异常现象，当有电流提供给它时，这只变形怪似乎能够发光，从小灯到车头灯。不幸的是没有地方插入电池，所以你必须把它连接到载具的电网中。它看起来足够柔韧，可以被分开…",
    "weight": "5132 g",
    "volume": "5 L",
    "price": "5 USD",
    "to_hit": -3,
    "bashing": 9,
    "material": [
      "flesh"
    ],
    "symbol": "]",
    "color": "cyan"
  }
]