[
  {
    "id": "diamondframe",
    "type": "GENERIC",
    "category": "veh_parts",
    "name": {
      "str": "钻石车架"
    },
    "//": "Sempai can't resist me now!",
    "description": "一个闪闪发光的钻石车架。以它的重量来说令人难以置信的坚固。",
    "weight": "9498 g",
    "volume": "10 L",
    "price": "100 kUSD",
    "to_hit": -3,
    "bashing": 15,
    "material": [
      "diamond"
    ],
    "symbol": "]",
    "color": "light_gray",
    "techniques": [
      "DEF_DISARM"
    ]
  },
  {
    "id": "diamondplate",
    "type": "GENERIC",
    "category": "veh_parts",
    "name": {
      "str": "钻石装甲板"
    },
    "description": "一块由透明的钻石制成的装甲板。以它的重量来说令人难以置信的坚固。",
    "weight": "6130 g",
    "volume": "3 L",
    "price": "120 kUSD",
    "to_hit": -3,
    "bashing": 15,
    "material": [
      "diamond"
    ],
    "symbol": "]",
    "color": "light_gray",
    "techniques": [
      "DEF_DISARM"
    ]
  }
]