[
  {
    "id": "gender_male",
    "type": "mutation",
    "name": {
      "str": "性别：男性或大部分为男性"
    },
    "description": "你用一种传统的男性化的方式表达自己。",
    "points": 0,
    "starting_trait": true,
    "valid": false,
    "purifiable": false,
    "player_display": true
  },
  {
    "id": "gender_female",
    "type": "mutation",
    "name": {
      "str": "性别：女性或大部分为女性"
    },
    "description": "你用一种传统的女性化的方式表达自己。",
    "points": 0,
    "starting_trait": true,
    "valid": false,
    "purifiable": false,
    "player_display": true
  },
  {
    "id": "gender_transgender",
    "type": "mutation",
    "name": {
      "str": "性别：Trans"
    },
    "description": "你不能表达出生时的性别。",
    "points": 0,
    "starting_trait": true,
    "valid": false,
    "purifiable": false,
    "player_display": true,
    "cancels": [
      "gender_cis"
    ]
  },
  {
    "id": "gender_non_conforming",
    "type": "mutation",
    "name": {
      "str": "性别：不符合"
    },
    "description": "你不符合传统的男性或女性的表达方式。",
    "points": 0,
    "starting_trait": true,
    "valid": false,
    "purifiable": false,
    "player_display": true,
    "cancels": [
      "gender_cis"
    ]
  },
  {
    "id": "gender_non_binary",
    "type": "mutation",
    "name": {
      "str": "性别：非二进制"
    },
    "description": "你把自己表现得既有女人味又有男人味。",
    "points": 0,
    "starting_trait": true,
    "valid": false,
    "purifiable": false,
    "player_display": true,
    "cancels": [
      "gender_cis"
    ]
  },
  {
    "id": "gender_cis",
    "type": "mutation",
    "name": {
      "str": "性别：Cis"
    },
    "description": "你表达出生时的性别。",
    "points": 0,
    "starting_trait": true,
    "valid": false,
    "purifiable": false,
    "player_display": true,
    "cancels": [
      "gender_non_conforming",
      "gender_transgender",
      "gender_non_binary"
    ]
  },
  {
    "id": "gender_transgender_male",
    "type": "mutation",
    "name": {
      "str": "性别：变性男性"
    },
    "description": "你不能表达出生时的性别。",
    "points": 0,
    "starting_trait": true,
    "valid": false,
    "purifiable": false,
    "player_display": true,
    "cancels": [
      "gender_cis",
      "gender_transgender",
      "gender_transgender_female"
    ]
  },
  {
    "id": "gender_transgender_female",
    "type": "mutation",
    "name": {
      "str": "性别：变性女性"
    },
    "description": "你不能表达出生时的性别。",
    "points": 0,
    "starting_trait": true,
    "valid": false,
    "purifiable": false,
    "player_display": true,
    "cancels": [
      "gender_cis",
      "gender_transgender",
      "gender_transgender_male"
    ]
  },
  {
    "id": "gender_transgender_agender",
    "type": "mutation",
    "name": {
      "str": "性别：Agender"
    },
    "description": "你表达了男性和女性的特征，或者不遵循正常的性别标准，或者不想与某个性别保持一致。",
    "points": 0,
    "starting_trait": true,
    "valid": false,
    "purifiable": false,
    "player_display": true,
    "cancels": [
      "gender_cis"
    ]
  }
]