[
  {
    "id": "sexuality_straight",
    "type": "mutation",
    "name": {
      "str": "性取向：异性恋"
    },
    "description": "你是异性恋。",
    "points": 0,
    "starting_trait": true,
    "valid": false,
    "purifiable": false,
    "cancels": [
      "sexuality_pan",
      "sexuality_bisexual",
      "sexuality_gay",
      "sexuality_lesbian",
      "sexuality_queer",
      "sexuality_asexual"
    ],
    "player_display": true
  },
  {
    "id": "sexuality_bisexual",
    "type": "mutation",
    "name": {
      "str": "性取向：双性恋"
    },
    "description": "你是双性恋。",
    "points": 0,
    "starting_trait": true,
    "valid": false,
    "purifiable": false,
    "cancels": [
      "sexuality_straight",
      "sexuality_pan",
      "sexuality_gay",
      "sexuality_lesbian",
      "sexuality_queer",
      "sexuality_asexual"
    ],
    "player_display": true
  },
  {
    "id": "sexuality_pan",
    "type": "mutation",
    "name": {
      "str": "性：潘"
    },
    "description": "你是泛性恋。",
    "points": 0,
    "starting_trait": true,
    "valid": false,
    "purifiable": false,
    "cancels": [
      "sexuality_straight",
      "sexuality_bisexual",
      "sexuality_gay",
      "sexuality_lesbian",
      "sexuality_queer",
      "sexuality_asexual"
    ],
    "player_display": true
  },
  {
    "id": "sexuality_questioning",
    "type": "mutation",
    "name": {
      "str": "性：质疑"
    },
    "description": "你在质疑你的性取向。",
    "points": 0,
    "starting_trait": true,
    "valid": false,
    "purifiable": false,
    "player_display": true
  },
  {
    "id": "sexuality_gay",
    "type": "mutation",
    "name": {
      "str": "性取向：同性恋"
    },
    "description": "你是同性恋。",
    "points": 0,
    "starting_trait": true,
    "valid": false,
    "purifiable": false,
    "cancels": [
      "sexuality_straight",
      "sexuality_pan",
      "sexuality_bisexual",
      "sexuality_lesbian",
      "sexuality_queer",
      "sexuality_asexual"
    ],
    "player_display": true
  },
  {
    "id": "sexuality_lesbian",
    "type": "mutation",
    "name": {
      "str": "性取向：女同性恋"
    },
    "description": "你是女同性恋。",
    "points": 0,
    "starting_trait": true,
    "valid": false,
    "purifiable": false,
    "cancels": [
      "sexuality_straight",
      "sexuality_pan",
      "sexuality_bisexual",
      "sexuality_gay",
      "sexuality_queer",
      "sexuality_asexual"
    ],
    "player_display": true
  },
  {
    "id": "sexuality_queer",
    "type": "mutation",
    "name": {
      "str": "性：同性恋"
    },
    "description": "你是同性恋。",
    "points": 0,
    "starting_trait": true,
    "valid": false,
    "purifiable": false,
    "cancels": [
      "sexuality_straight",
      "sexuality_pan",
      "sexuality_bisexual",
      "sexuality_gay",
      "sexuality_lesbian",
      "sexuality_asexual"
    ],
    "player_display": true
  },
  {
    "id": "sexuality_asexual",
    "type": "mutation",
    "name": {
      "str": "性：无性"
    },
    "description": "你是无性的（没有性兴趣）。",
    "points": 0,
    "starting_trait": true,
    "valid": false,
    "purifiable": false,
    "cancels": [
      "sexuality_straight",
      "sexuality_pan",
      "sexuality_bisexual",
      "sexuality_gay",
      "sexuality_lesbian",
      "sexuality_queer"
    ],
    "player_display": true
  }
]