[
  {
    "type": "recipe",
    "result": "wastelander_fruit_salad",
    "category": "CC_FOOD",
    "subcategory": "CSC_FOOD_VEGGI",
    "skill_used": "cooking",
    "difficulty": 1,
    "time": 20000,
    "autolearn": true,
    "qualities": [
      {
        "id": "CUT",
        "level": 1
      },
      {
        "id": "CONTAIN",
        "level": 1
      }
    ],
    "components": [
      [
        [
          "mutfruit",
          2
        ],
        [
          "irradiated_banana",
          2
        ],
        [
          "irradiated_blackberries",
          2
        ],
        [
          "irradiated_cranberries",
          2
        ],
        [
          "irradiated_blueberries",
          2
        ],
        [
          "irradiated_grapes",
          2
        ],
        [
          "irradiated_strawberries",
          2
        ]
      ],
      [
        [
          "mutfruit_crunchy",
          1
        ],
        [
          "irradiated_apple",
          1
        ],
        [
          "irradiated_pear",
          1
        ],
        [
          "irradiated_cherries",
          1
        ],
        [
          "irradiated_plums",
          1
        ]
      ],
      [
        [
          "fruit_punga",
          1
        ],
        [
          "irradiated_orange",
          1
        ],
        [
          "irradiated_lemon",
          1
        ],
        [
          "irradiated_grapefruit",
          1
        ],
        [
          "irradiated_pineapple",
          1
        ]
      ],
      [
        [
          "sugar",
          5
        ]
      ]
    ]
  },
  {
    "result": "macaroni_blamco_cram",
    "type": "recipe",
    "category": "CC_FOOD",
    "subcategory": "CSC_FOOD_PASTA",
    "skill_used": "cooking",
    "time": 10000,
    "autolearn": true,
    "qualities": [
      {
        "id": "COOK",
        "level": 1
      }
    ],
    "tools": [
      [
        [
          "surface_heat",
          4,
          "LIST"
        ]
      ]
    ],
    "components": [
      [
        [
          "macaroni_blamco_raw",
          1
        ]
      ],
      [
        [
          "can_cram",
          1
        ],
        [
          "can_spam",
          1
        ]
      ],
      [
        [
          "water",
          1
        ],
        [
          "water_clean",
          1
        ]
      ]
    ]
  },
  {
    "result": "macaroni_blamco_deluxe",
    "type": "recipe",
    "category": "CC_FOOD",
    "subcategory": "CSC_FOOD_PASTA",
    "skill_used": "cooking",
    "time": 10000,
    "autolearn": true,
    "qualities": [
      {
        "id": "COOK",
        "level": 1
      }
    ],
    "tools": [
      [
        [
          "surface_heat",
          4,
          "LIST"
        ]
      ]
    ],
    "components": [
      [
        [
          "macaroni_blamco_raw",
          1
        ]
      ],
      [
        [
          "can_cram",
          1
        ],
        [
          "can_spam",
          1
        ]
      ],
      [
        [
          "cave_fungus",
          1
        ]
      ],
      [
        [
          "water",
          1
        ],
        [
          "water_clean",
          1
        ]
      ]
    ]
  },
  {
    "result": "instamash_cooked_cram",
    "type": "recipe",
    "category": "CC_FOOD",
    "subcategory": "CSC_FOOD_PASTA",
    "skill_used": "cooking",
    "time": 10000,
    "autolearn": true,
    "qualities": [
      {
        "id": "COOK",
        "level": 1
      }
    ],
    "tools": [
      [
        [
          "surface_heat",
          4,
          "LIST"
        ]
      ]
    ],
    "components": [
      [
        [
          "instamash_raw",
          1
        ]
      ],
      [
        [
          "can_cram",
          1
        ],
        [
          "can_spam",
          1
        ]
      ],
      [
        [
          "water",
          1
        ],
        [
          "water_clean",
          1
        ]
      ]
    ]
  },
  {
    "result": "instamash_cooked_deluxe",
    "type": "recipe",
    "category": "CC_FOOD",
    "subcategory": "CSC_FOOD_PASTA",
    "skill_used": "cooking",
    "time": 10000,
    "autolearn": true,
    "qualities": [
      {
        "id": "COOK",
        "level": 1
      }
    ],
    "tools": [
      [
        [
          "surface_heat",
          4,
          "LIST"
        ]
      ]
    ],
    "components": [
      [
        [
          "instamash_raw",
          1
        ]
      ],
      [
        [
          "can_cram",
          1
        ],
        [
          "can_spam",
          1
        ]
      ],
      [
        [
          "cheese",
          1
        ],
        [
          "cheese_hard",
          1
        ],
        [
          "can_cheese",
          1
        ]
      ],
      [
        [
          "cave_fungus",
          1
        ]
      ],
      [
        [
          "water",
          1
        ],
        [
          "water_clean",
          1
        ]
      ]
    ]
  }
]