[
  {
    "id": "jerky_vendor",
    "type": "BOOK",
    "name": {
      "str": "关于一个垃圾镇肉干小贩的故事",
      "str_pl": "关于一个垃圾镇肉干小贩的故事"
    },
    "description": "一本虚构的末日小镇的故事书。在这些轶事之间，有一些关于经营企业的好建议，还有一些“鬣蜥”的食谱…",
    "weight": "1587 g",
    "volume": "1750 ml",
    "price": "98 USD",
    "bashing": 5,
    "material": [
      "paper"
    ],
    "symbol": "?",
    "color": "blue",
    "skill": "barter",
    "max_level": 6,
    "intelligence": 3,
    "time": 30,
    "fun": 10
  },
  {
    "id": "scout_guide",
    "type": "BOOK",
    "name": {
      "str": "童子军手册",
      "str_pl": "童子军手册"
    },
    "description": "童子军手册，2077年版。包含在荒野生存有用的信息，包括一些近战武器，和'生存奎西迪拉'！",
    "weight": "1587 g",
    "volume": "1750 ml",
    "price": "98 USD",
    "bashing": 5,
    "material": [
      "paper"
    ],
    "symbol": "?",
    "color": "brown",
    "skill": "survival",
    "max_level": 6,
    "intelligence": 3,
    "time": 30,
    "fun": 5
  },
  {
    "id": "gunrunnerbook",
    "type": "BOOK",
    "name": {
      "str": "枪贩子的弹药规格",
      "str_pl": "枪贩子的弹药规格"
    },
    "description": "一份设计文件，里面写满了弹药的基本制作流程。这是在大灾变前不久向公众发布的，作为一种宣传噱头。现在你也可以像专业人士一样制造子弹了！",
    "weight": "1587 g",
    "volume": "1750 ml",
    "price": "98 USD",
    "bashing": 5,
    "material": [
      "paper"
    ],
    "symbol": "?",
    "color": "white",
    "skill": "fabrication",
    "max_level": 6,
    "intelligence": 3,
    "time": 30,
    "fun": -1
  },
  {
    "id": "wastelandgunsmith",
    "type": "BOOK",
    "name": {
      "str": "现代枪匠",
      "str_pl": "现代枪匠"
    },
    "description": "一本关于DIY武器项目的书，得到了政府的认可，帮助每一个公民“在一瞬间”变得有学问",
    "weight": "1587 g",
    "volume": "1750 ml",
    "price": "98 USD",
    "bashing": 5,
    "material": [
      "paper"
    ],
    "symbol": "?",
    "color": "white",
    "skill": "mechanics",
    "max_level": 6,
    "intelligence": 3,
    "time": 30,
    "fun": 2
  },
  {
    "id": "antagonizercomic",
    "type": "BOOK",
    "name": {
      "str": "对抗漫画",
      "str_pl": "对抗漫画"
    },
    "description": "《敌对者》，自大漫画中的反英雄漫画。作者孜孜不倦地努力使设计尽可能逼真。",
    "weight": "1587 g",
    "volume": "1750 ml",
    "price": "98 USD",
    "bashing": 5,
    "material": [
      "paper"
    ],
    "symbol": "?",
    "color": "white",
    "skill": "unarmed",
    "max_level": 6,
    "intelligence": 3,
    "time": 30,
    "fun": 5
  },
  {
    "id": "grognakcomic",
    "type": "BOOK",
    "name": {
      "str": "Grognak漫画",
      "str_pl": "格罗纳克漫画"
    },
    "description": "格罗纳克的野蛮人和蝙蝠宝宝的丛林。暴力，残忍，还有…非常有趣。",
    "weight": "1587 g",
    "volume": "1750 ml",
    "price": "98 USD",
    "bashing": 5,
    "material": [
      "paper"
    ],
    "symbol": "?",
    "color": "white",
    "skill": "melee",
    "max_level": 6,
    "intelligence": 3,
    "time": 30,
    "fun": 5
  },
  {
    "id": "chaingangcomic",
    "type": "BOOK",
    "name": {
      "str": "地狱之链帮派漫画",
      "str_pl": "地狱之链帮派漫画"
    },
    "description": "地狱锁链帮，由傲慢漫画。全是根据那些真正的战俘用来逃离中国战俘营的简易武器。",
    "weight": "1587 g",
    "volume": "1750 ml",
    "price": "98 USD",
    "bashing": 5,
    "material": [
      "paper"
    ],
    "symbol": "?",
    "color": "white",
    "skill": "bashing",
    "max_level": 6,
    "intelligence": 3,
    "time": 30,
    "fun": 5
  },
  {
    "id": "shroudcomic",
    "type": "BOOK",
    "name": {
      "str": "银色裹尸布漫画",
      "str_pl": "银裹尸布漫画"
    },
    "description": "当邪恶在波士顿的街道上行走时，一个人潜伏在阴影中。保护无辜。判有罪。那个监护人…银色裹尸布！由傲慢漫画出版。",
    "weight": "1587 g",
    "volume": "1750 ml",
    "price": "98 USD",
    "bashing": 5,
    "material": [
      "paper"
    ],
    "symbol": "?",
    "color": "white",
    "skill": "smg",
    "max_level": 6,
    "intelligence": 3,
    "time": 30,
    "fun": 5
  },
  {
    "id": "mantamancomic",
    "type": "BOOK",
    "name": {
      "str": "曼塔人漫画",
      "str_pl": "曼塔人漫画"
    },
    "description": "一部关于一个拥有海洋超能力和游泳技巧的英雄的漫画。对某些人来说被刑事低估，对另一些人来说绝对可怕",
    "weight": "1587 g",
    "volume": "1750 ml",
    "price": "98 USD",
    "bashing": 5,
    "material": [
      "paper"
    ],
    "symbol": "?",
    "color": "white",
    "skill": "swimming",
    "max_level": 6,
    "intelligence": 3,
    "time": 30,
    "fun": 5
  },
  {
    "id": "electronics_deans",
    "type": "BOOK",
    "name": {
      "str": "迪安电子公司",
      "str_pl": "迪安电子公司"
    },
    "description": "一本流行的书从灾难前的日子，这本书包含了几个指南，以核动力的小工具，都没有使用晶体管！由辐射王赞助。",
    "weight": "1587 g",
    "volume": "1750 ml",
    "price": "98 USD",
    "bashing": 5,
    "material": [
      "paper"
    ],
    "symbol": "?",
    "color": "blue",
    "skill": "electronics",
    "max_level": 6,
    "intelligence": 3,
    "time": 30,
    "fun": -1
  },
  {
    "id": "electronics_deans_vault",
    "type": "BOOK",
    "name": {
      "str": "迪安电子：金库男孩版",
      "str_pl": "迪安电子：金库男孩版"
    },
    "description": "一本流行的书从灾难前的日子，这本书包含了几个指南，以核动力的小工具，都没有使用晶体管！限量版的金库男孩有插图显示每个人最喜欢的金库居民，和一对夫妇的金库力学奖金食谱在那里。",
    "weight": "1587 g",
    "volume": "1750 ml",
    "price": "98 USD",
    "bashing": 5,
    "material": [
      "paper"
    ],
    "symbol": "?",
    "color": "blue",
    "skill": "electronics",
    "max_level": 6,
    "intelligence": 3,
    "time": 30,
    "fun": 3
  },
  {
    "id": "totalhack",
    "type": "BOOK",
    "name": {
      "str": "完全黑客",
      "str_pl": "完全黑客"
    },
    "description": "你需要知道的关于机器人，炮塔，甚至计算机的一切。不过，这些文字相当枯燥。",
    "weight": "1587 g",
    "volume": "1750 ml",
    "price": "98 USD",
    "bashing": 5,
    "material": [
      "paper"
    ],
    "symbol": "?",
    "color": "blue",
    "skill": "computer",
    "max_level": 6,
    "intelligence": 3,
    "time": 30,
    "fun": -1
  },
  {
    "id": "drivingzen",
    "type": "BOOK",
    "name": {
      "str": "禅宗与驾驶艺术",
      "str_pl": "禅宗与驾驶艺术"
    },
    "description": "一本关于驾驶的重要书籍，同时也对禅宗哲学有一些深刻的见解。阅读这篇文章可以帮助你在开车时保持冷静。",
    "weight": "1587 g",
    "volume": "1750 ml",
    "price": "98 USD",
    "bashing": 5,
    "material": [
      "paper"
    ],
    "symbol": "?",
    "color": "red",
    "skill": "driving",
    "max_level": 6,
    "intelligence": 8,
    "time": 30,
    "fun": 1,
    "flags": [
      "INSPIRATIONAL"
    ]
  },
  {
    "id": "tricksandtraps",
    "type": "BOOK",
    "name": {
      "str": "马多克的诡计和陷阱",
      "str_pl": "马多克的诡计和陷阱"
    },
    "description": "用这个简单的陷阱和杀伤装置操作指南给你的朋友和同事留下深刻印象。太有趣了！",
    "weight": "1587 g",
    "volume": "1750 ml",
    "price": "98 USD",
    "bashing": 5,
    "material": [
      "paper"
    ],
    "symbol": "?",
    "color": "green",
    "skill": "traps",
    "max_level": 6,
    "intelligence": 3,
    "time": 30,
    "fun": 1
  },
  {
    "id": "wasteland_survival_guide",
    "type": "BOOK",
    "name": {
      "str": "废土生存指南",
      "str_pl": "废土生存指南"
    },
    "description": "荒地生存指南，作者：莫伊拉布朗。虽然看似是一个疯子在大灾变前写的，但令人惊讶的是，这本书中的很多东西都准确地反映了当今的困境。它也充满了伟大的手绘图表，所以即使是鼹鼠也能理解里面发生了什么！",
    "weight": "1587 g",
    "volume": "1750 ml",
    "price": "98 USD",
    "bashing": 5,
    "material": [
      "paper"
    ],
    "symbol": "?",
    "color": "white",
    "skill": "survival",
    "max_level": 10,
    "intelligence": 1,
    "time": 30,
    "fun": 5
  },
  {
    "id": "mag_comic_fantoma",
    "type": "BOOK",
    "name": {
      "str": "“拉凡托马！漫画"
    },
    "description": "来自墨西哥的超级英雄漫画。全是西班牙语…",
    "weight": "60 g",
    "volume": "250 ml",
    "price": 300,
    "price_postapoc": 900,
    "material": [
      "paper"
    ],
    "symbol": "?",
    "color": "light_cyan",
    "time": "7 m",
    "fun": 2
  },
  {
    "id": "mag_comic_police",
    "type": "BOOK",
    "name": {
      "str": "真实的警察故事"
    },
    "description": "一本关于警察功绩的低俗弹夹。本期高度社论化的报道包括艾伦·卡斯汀的《射杀》，《与一个化学狂女人的枪战》和《八发子弹，十个骗子》。由于敏感的主题和道德守护者，这本弹夹从21世纪初就没有出版过。你手里拿着一段流行文化史。",
    "weight": "60 g",
    "volume": "250 ml",
    "price": 300,
    "price_postapoc": 900,
    "material": [
      "paper"
    ],
    "symbol": "?",
    "color": "light_cyan",
    "time": "7 m",
    "fun": 2
  },
  {
    "id": "mag_unstoppables",
    "type": "BOOK",
    "name": {
      "str": "势不可挡的漫画"
    },
    "description": "一个超级英雄漫画，周围的团队称为不可阻挡的功绩为基础。英雄团队包括银裹尸布、螳螂，当然还有格罗纳克本人。",
    "weight": "60 g",
    "volume": "250 ml",
    "price": 300,
    "price_postapoc": 900,
    "material": [
      "paper"
    ],
    "symbol": "?",
    "color": "light_cyan",
    "time": "7 m",
    "fun": 2
  },
  {
    "id": "mag_astounding",
    "type": "BOOK",
    "name": {
      "str": "惊人的可怕故事"
    },
    "description": "以科幻恐怖故事为基础的漫画。在本期中，故事包括…从坟墓里爬起来的死人，蘑菇人，还有一个吃东西的家伙…是的。",
    "weight": "60 g",
    "volume": "250 ml",
    "price": 300,
    "price_postapoc": 900,
    "material": [
      "paper"
    ],
    "symbol": "?",
    "color": "light_cyan",
    "time": "7 m",
    "fun": 2
  },
  {
    "id": "mag_chivalry",
    "type": "BOOK",
    "name": {
      "str": "骑士精神"
    },
    "description": "一个受欢迎的年轻男孩的漫画系列，其特点是古怪的近战壮举从过去的骑士。故事包括“最伟大的十字军东征”和“金杯之旅”。",
    "weight": "60 g",
    "volume": "250 ml",
    "price": 300,
    "price_postapoc": 900,
    "material": [
      "paper"
    ],
    "symbol": "?",
    "color": "light_cyan",
    "time": "7 m",
    "fun": 2
  },
  {
    "id": "mag_pugilism",
    "type": "BOOK",
    "name": {
      "str": "拳击图解",
      "str_pl": "拳击图解"
    },
    "description": "一本关于拳击功绩的激动人心的两年期弹夹。还有关于摔跤、跆拳道和MMA的小部分。",
    "weight": "90 g",
    "volume": "250 ml",
    "price": 450,
    "price_postapoc": "19 USD",
    "material": [
      "paper"
    ],
    "symbol": "?",
    "color": "red",
    "skill": "unarmed",
    "max_level": 3,
    "intelligence": 3,
    "time": "8 m",
    "fun": 1
  },
  {
    "id": "holybook_krivbeknih",
    "type": "BOOK",
    "name": {
      "str": "克里夫别克尼",
      "str_pl": "克里夫别克尼的副本"
    },
    "description": "这本书感觉不对…这本书看起来很神圣，但是你大部分的单词都不会发音…它出奇的重。",
    "weight": "892 g",
    "volume": "750 ml",
    "price": 550,
    "price_postapoc": 550,
    "material": [
      "paper"
    ],
    "symbol": "?",
    "color": "black",
    "intelligence": 10,
    "time": "10 m",
    "fun": -1,
    "flags": [
      "INSPIRATIONAL"
    ]
  },
  {
    "id": "holybook_hintbook",
    "type": "BOOK",
    "name": {
      "str": "沉降物2 Hintbook",
      "str_pl": "《尘埃2》速记簿的副本"
    },
    "description": "好吧，在这该死的比赛开始的时候这样会很好。等等，玩错游戏了。不过，这里还是有一些有趣的东西。还有很多剪辑内容。",
    "weight": "892 g",
    "volume": "750 ml",
    "price": 550,
    "price_postapoc": 550,
    "material": [
      "paper"
    ],
    "symbol": "?",
    "color": "light_gray",
    "intelligence": 1,
    "time": "10 m",
    "fun": 1,
    "flags": [
      "INSPIRATIONAL"
    ]
  },
  {
    "id": "holybook_fbible",
    "type": "BOOK",
    "name": {
      "str": "辐射圣经",
      "str_pl": "辐射圣经的副本"
    },
    "description": "克里斯·阿维隆的《辐射圣经》印刷本。一个明确无误的散播知识指南，一个与粉丝们的问答环节，从技术上讲，这是因为开发者的改变，但谁在乎呢？这个传说好多了。",
    "weight": "892 g",
    "volume": "750 ml",
    "price": 550,
    "price_postapoc": 550,
    "material": [
      "paper"
    ],
    "symbol": "?",
    "color": "black",
    "intelligence": 6,
    "time": "10 m",
    "fun": 10,
    "flags": [
      "INSPIRATIONAL"
    ]
  },
  {
    "id": "manual_boxing_newreno",
    "copy-from": "book_martial",
    "type": "GENERIC",
    "name": {
      "str": "咀嚼器的历史",
      "str_pl": "咀嚼器的历史"
    },
    "description": "新里诺最伟大的拳击手，咀嚼者的传记。它非常详细地描述了他的战斗风格。",
    "book_data": {
      "martial_art": "style_boxing_newreno"
    }
  },
  {
    "id": "manual_arroyo",
    "copy-from": "book_martial",
    "type": "GENERIC",
    "name": {
      "str": "被选中者的教导",
      "str_pl": "被选中者的教导"
    },
    "description": "沙漠旱谷风格战斗的完整指南。",
    "book_data": {
      "martial_art": "style_chosenone"
    }
  },
  {
    "id": "manual_gecko",
    "copy-from": "book_martial",
    "type": "GENERIC",
    "name": {
      "str": "克拉马斯壁虎猎人的故事",
      "str_pl": "克拉马斯壁虎猎人的故事"
    },
    "description": "完整的壁虎狩猎指南。",
    "book_data": {
      "martial_art": "style_gecko"
    }
  },
  {
    "id": "mag_catspaw",
    "type": "BOOK",
    "name": {
      "str": "猫爪弹夹",
      "str_pl": "猫爪弹夹"
    },
    "description": "这个，呃，猫咪爱好者的弹夹没有赎回价值。当你读到关于…猫的东西时，你在荒地里什么也学不到。",
    "weight": "60 g",
    "volume": "250 ml",
    "price": 400,
    "price_postapoc": "12 USD",
    "material": [
      "paper"
    ],
    "symbol": "?",
    "color": "pink",
    "time": "10 m",
    "chapters": 4,
    "fun": 1
  }
]