[
  {
    "result": "seed_broc",
    "type": "recipe",
    "category": "CC_FOOD",
    "subcategory": "CSC_FOOD_SEEDS",
    "skill_used": "survival",
    "difficulty": 3,
    "time": 5000,
    "autolearn": true,
    "qualities": [
      {
        "id": "CUT",
        "level": 1
      }
    ],
    "components": [
      [
        [
          "broc_flower",
          1
        ]
      ]
    ]
  },
  {
    "result": "seed_xander_root",
    "type": "recipe",
    "category": "CC_FOOD",
    "subcategory": "CSC_FOOD_SEEDS",
    "skill_used": "survival",
    "difficulty": 2,
    "time": 5000,
    "autolearn": true,
    "qualities": [
      {
        "id": "CUT",
        "level": 1
      }
    ],
    "components": [
      [
        [
          "xander_root",
          1
        ]
      ]
    ]
  },
  {
    "result": "seed_cave_fungus",
    "type": "recipe",
    "category": "CC_FOOD",
    "subcategory": "CSC_FOOD_SEEDS",
    "skill_used": "survival",
    "difficulty": 3,
    "time": 5000,
    "autolearn": true,
    "qualities": [
      {
        "id": "CUT",
        "level": 1
      }
    ],
    "components": [
      [
        [
          "cave_fungus",
          1
        ]
      ]
    ]
  },
  {
    "result": "seed_crunchy_mutfruit",
    "type": "recipe",
    "category": "CC_FOOD",
    "subcategory": "CSC_FOOD_SEEDS",
    "skill_used": "survival",
    "difficulty": 1,
    "time": 5000,
    "autolearn": true,
    "qualities": [
      {
        "id": "CUT",
        "level": 1
      }
    ],
    "components": [
      [
        [
          "mutfruit_crunchy",
          1
        ]
      ]
    ]
  },
  {
    "result": "seed_mutfruit",
    "type": "recipe",
    "category": "CC_FOOD",
    "subcategory": "CSC_FOOD_SEEDS",
    "skill_used": "survival",
    "difficulty": 2,
    "time": 5000,
    "autolearn": true,
    "qualities": [
      {
        "id": "CUT",
        "level": 1
      }
    ],
    "components": [
      [
        [
          "mutfruit",
          1
        ]
      ]
    ]
  },
  {
    "result": "seed_punga",
    "type": "recipe",
    "category": "CC_FOOD",
    "subcategory": "CSC_FOOD_SEEDS",
    "skill_used": "survival",
    "difficulty": 2,
    "time": 5000,
    "autolearn": true,
    "qualities": [
      {
        "id": "CUT",
        "level": 1
      }
    ],
    "components": [
      [
        [
          "fruit_punga",
          1
        ]
      ]
    ]
  }
]