[
  {
    "type": "recipe",
    "result": "meat_mirelurk_cooked",
    "category": "CC_FOOD",
    "subcategory": "CSC_FOOD_MEAT",
    "skill_used": "cooking",
    "time": 15000,
    "autolearn": true,
    "batch_time_factors": [
      67,
      5
    ],
    "qualities": [
      {
        "id": "COOK",
        "level": 1
      }
    ],
    "tools": [
      [
        [
          "surface_heat",
          7,
          "LIST"
        ]
      ]
    ],
    "components": [
      [
        [
          "meat_mirelurk",
          1
        ]
      ]
    ]
  },
  {
    "type": "recipe",
    "result": "cake_mirelurk",
    "category": "CC_FOOD",
    "subcategory": "CSC_FOOD_MEAT",
    "skill_used": "cooking",
    "difficulty": 3,
    "time": 16000,
    "autolearn": true,
    "qualities": [
      {
        "id": "CUT",
        "level": 1
      },
      {
        "id": "COOK",
        "level": 2
      }
    ],
    "tools": [
      [
        [
          "frying_oil",
          1,
          "LIST"
        ]
      ],
      [
        [
          "surface_heat",
          8,
          "LIST"
        ]
      ]
    ],
    "components": [
      [
        [
          "meat_mirelurk",
          1
        ]
      ],
      [
        [
          "batter",
          1,
          "LIST"
        ]
      ]
    ]
  },
  {
    "type": "recipe",
    "result": "claw_mirelurk_cooked",
    "category": "CC_FOOD",
    "subcategory": "CSC_FOOD_MEAT",
    "skill_used": "cooking",
    "time": 15000,
    "autolearn": true,
    "batch_time_factors": [
      67,
      5
    ],
    "qualities": [
      {
        "id": "COOK",
        "level": 1
      }
    ],
    "tools": [
      [
        [
          "surface_heat",
          7,
          "LIST"
        ]
      ]
    ],
    "components": [
      [
        [
          "claw_mirelurk",
          1
        ]
      ]
    ]
  },
  {
    "type": "recipe",
    "result": "claw_mirelurk_cooked_lemon",
    "category": "CC_FOOD",
    "subcategory": "CSC_FOOD_MEAT",
    "skill_used": "cooking",
    "time": 15000,
    "autolearn": true,
    "batch_time_factors": [
      67,
      5
    ],
    "qualities": [
      {
        "id": "COOK",
        "level": 1
      }
    ],
    "tools": [
      [
        [
          "surface_heat",
          7,
          "LIST"
        ]
      ]
    ],
    "components": [
      [
        [
          "claw_mirelurk",
          1
        ]
      ],
      [
        [
          "lemon",
          1
        ]
      ]
    ]
  },
  {
    "type": "recipe",
    "result": "mirelurk_jerky",
    "category": "CC_FOOD",
    "subcategory": "CSC_FOOD_MEAT",
    "skill_used": "cooking",
    "difficulty": 3,
    "time": 30000,
    "batch_time_factors": [
      83,
      5
    ],
    "autolearn": true,
    "tools": [
      [
        [
          "surface_heat",
          10,
          "LIST"
        ]
      ]
    ],
    "components": [
      [
        [
          "salt_water",
          1
        ],
        [
          "saline",
          5
        ],
        [
          "salt",
          5
        ],
        [
          "soysauce",
          1
        ],
        [
          "seasoning_salt",
          5
        ],
        [
          "pepper",
          10
        ],
        [
          "chem_saltpetre",
          2
        ]
      ],
      [
        [
          "meat_mirelurk",
          2
        ]
      ]
    ]
  },
  {
    "type": "recipe",
    "result": "meat_gecko_cooked",
    "category": "CC_FOOD",
    "subcategory": "CSC_FOOD_MEAT",
    "skill_used": "cooking",
    "time": "15 m",
    "autolearn": true,
    "batch_time_factors": [
      67,
      5
    ],
    "qualities": [
      {
        "id": "COOK",
        "level": 1
      }
    ],
    "tools": [
      [
        [
          "surface_heat",
          7,
          "LIST"
        ]
      ]
    ],
    "components": [
      [
        [
          "meat_gecko",
          1
        ]
      ]
    ]
  },
  {
    "type": "recipe",
    "result": "eye_gecko_cooked",
    "category": "CC_FOOD",
    "subcategory": "CSC_FOOD_MEAT",
    "skill_used": "cooking",
    "time": "15 m",
    "autolearn": true,
    "batch_time_factors": [
      67,
      5
    ],
    "qualities": [
      {
        "id": "COOK",
        "level": 1
      }
    ],
    "tools": [
      [
        [
          "surface_heat",
          7,
          "LIST"
        ]
      ]
    ],
    "components": [
      [
        [
          "eye_gecko",
          1
        ]
      ]
    ]
  },
  {
    "type": "recipe",
    "result": "rehydrated_meat_gecko",
    "category": "CC_FOOD",
    "subcategory": "CSC_FOOD_MEAT",
    "skill_used": "cooking",
    "time": "3 m",
    "autolearn": true,
    "flags": [
      "BLIND_HARD"
    ],
    "qualities": [
      {
        "id": "CONTAIN",
        "level": 1
      }
    ],
    "components": [
      [
        [
          "dry_meat_gecko",
          1
        ]
      ],
      [
        [
          "water_clean",
          1
        ]
      ]
    ]
  },
  {
    "type": "recipe",
    "result": "jerky_gecko",
    "category": "CC_FOOD",
    "subcategory": "CSC_FOOD_MEAT",
    "delete_flags": [
      "BAD_TASTE"
    ],
    "skill_used": "cooking",
    "difficulty": 3,
    "time": "1 h",
    "charges": 1,
    "autolearn": true,
    "batch_time_factors": [
      83,
      5
    ],
    "tools": [
      [
        [
          "surface_heat",
          10,
          "LIST"
        ]
      ]
    ],
    "components": [
      [
        [
          "salt_water",
          1
        ],
        [
          "saline",
          1
        ],
        [
          "salt",
          1
        ],
        [
          "soysauce",
          1
        ],
        [
          "seasoning_salt",
          1
        ],
        [
          "pepper",
          2
        ],
        [
          "chem_saltpetre",
          1
        ]
      ],
      [
        [
          "meat_gecko",
          1
        ]
      ]
    ]
  },
  {
    "type": "recipe",
    "result": "leather_gecko",
    "category": "CC_OTHER",
    "subcategory": "CSC_OTHER_MATERIALS",
    "skill_used": "survival",
    "skills_required": [
      "cooking",
      1
    ],
    "difficulty": 1,
    "time": "5 m",
    "autolearn": true,
    "qualities": [
      {
        "id": "CUT",
        "level": 1
      }
    ],
    "components": [
      [
        [
          "salt_water",
          1
        ],
        [
          "saline",
          2
        ],
        [
          "salt",
          2
        ]
      ],
      [
        [
          "raw_skin_gecko",
          1
        ]
      ]
    ]
  },
  {
    "type": "recipe",
    "result": "leather_gecko_gold",
    "category": "CC_OTHER",
    "subcategory": "CSC_OTHER_MATERIALS",
    "skill_used": "survival",
    "skills_required": [
      "cooking",
      1
    ],
    "difficulty": 1,
    "time": "5 m",
    "autolearn": true,
    "qualities": [
      {
        "id": "CUT",
        "level": 1
      }
    ],
    "components": [
      [
        [
          "salt_water",
          1
        ],
        [
          "saline",
          2
        ],
        [
          "salt",
          2
        ]
      ],
      [
        [
          "raw_skin_gecko_gold",
          1
        ]
      ]
    ]
  }
]