[
  {
    "result": "macaroni_blamco",
    "type": "recipe",
    "category": "CC_FOOD",
    "subcategory": "CSC_FOOD_PASTA",
    "skill_used": "cooking",
    "time": 10000,
    "autolearn": true,
    "qualities": [
      {
        "id": "COOK",
        "level": 1
      }
    ],
    "tools": [
      [
        [
          "surface_heat",
          4,
          "LIST"
        ]
      ]
    ],
    "components": [
      [
        [
          "macaroni_blamco_raw",
          1
        ]
      ],
      [
        [
          "water",
          1
        ],
        [
          "water_clean",
          1
        ]
      ]
    ]
  },
  {
    "result": "instamash_cooked",
    "type": "recipe",
    "category": "CC_FOOD",
    "subcategory": "CSC_FOOD_PASTA",
    "skill_used": "cooking",
    "time": 10000,
    "autolearn": true,
    "qualities": [
      {
        "id": "COOK",
        "level": 1
      }
    ],
    "tools": [
      [
        [
          "surface_heat",
          4,
          "LIST"
        ]
      ]
    ],
    "components": [
      [
        [
          "instamash_raw",
          1
        ]
      ],
      [
        [
          "water",
          1
        ],
        [
          "water_clean",
          1
        ]
      ]
    ]
  },
  {
    "type": "recipe",
    "result": "cooked_salisbury_steak_fallout",
    "category": "CC_FOOD",
    "subcategory": "CSC_FOOD_MEAT",
    "skill_used": "cooking",
    "time": 15000,
    "autolearn": true,
    "batch_time_factors": [
      67,
      5
    ],
    "qualities": [
      {
        "id": "COOK",
        "level": 1
      }
    ],
    "tools": [
      [
        [
          "surface_heat",
          7,
          "LIST"
        ]
      ]
    ],
    "components": [
      [
        [
          "salisbury_steak_fallout",
          1
        ]
      ]
    ]
  }
]