[
  {
    "result": "stick_iguana_premiumh",
    "type": "recipe",
    "category": "CC_FOOD",
    "subcategory": "CSC_FOOD_DRY",
    "skill_used": "cooking",
    "difficulty": 2,
    "time": 18000,
    "batch_time_factors": [
      67,
      5
    ],
    "book_learn": [
      [
        "jerky_vendor",
        1
      ]
    ],
    "qualities": [
      {
        "id": "CUT",
        "level": 1
      }
    ],
    "tools": [
      [
        [
          "dehydrator",
          25
        ],
        [
          "char_smoker",
          25
        ]
      ]
    ],
    "components": [
      [
        [
          "human_flesh",
          2
        ]
      ],
      [
        [
          "pickle",
          1
        ],
        [
          "veggy_pickled",
          1
        ],
        [
          "irradiated_onion",
          1
        ],
        [
          "onion",
          1
        ],
        [
          "can_tomato",
          1
        ],
        [
          "irradiated_tomato",
          1
        ],
        [
          "tomato",
          1
        ]
      ],
      [
        [
          "ketchup",
          1
        ],
        [
          "mustard",
          1
        ],
        [
          "horseradish",
          1
        ],
        [
          "mayonnaise",
          1
        ],
        [
          "bacon",
          2
        ],
        [
          "seasoning_salt",
          15
        ],
        [
          "soysauce",
          1
        ],
        [
          "sauerkraut",
          1
        ]
      ]
    ]
  },
  {
    "type": "recipe",
    "result": "stick_iguana_premium",
    "category": "CC_FOOD",
    "subcategory": "CSC_FOOD_DRY",
    "skill_used": "cooking",
    "difficulty": 2,
    "time": 18000,
    "book_learn": [
      [
        "jerky_vendor",
        1
      ]
    ],
    "batch_time_factors": [
      67,
      5
    ],
    "tools": [
      [
        [
          "dehydrator",
          25
        ],
        [
          "char_smoker",
          25
        ]
      ]
    ],
    "components": [
      [
        [
          "meat",
          2
        ]
      ],
      [
        [
          "pickle",
          1
        ],
        [
          "veggy_pickled",
          1
        ],
        [
          "irradiated_onion",
          1
        ],
        [
          "onion",
          1
        ],
        [
          "can_tomato",
          1
        ],
        [
          "irradiated_tomato",
          1
        ],
        [
          "tomato",
          1
        ]
      ],
      [
        [
          "ketchup",
          1
        ],
        [
          "mustard",
          1
        ],
        [
          "horseradish",
          1
        ],
        [
          "mayonnaise",
          1
        ],
        [
          "bacon",
          2
        ],
        [
          "seasoning_salt",
          15
        ],
        [
          "soysauce",
          1
        ],
        [
          "sauerkraut",
          1
        ]
      ]
    ]
  }
]