[
  {
    "type": "recipe",
    "result": "omelette_survival",
    "category": "CC_FOOD",
    "subcategory": "CSC_FOOD_SNACK",
    "skill_used": "cooking",
    "difficulty": 3,
    "time": 5000,
    "book_learn": [
      [
        "scout_guide",
        3
      ]
    ],
    "qualities": [
      {
        "id": "COOK",
        "level": 1
      }
    ],
    "tools": [
      [
        [
          "surface_heat",
          3,
          "LIST"
        ]
      ]
    ],
    "components": [
      [
        [
          "eggs_bird",
          3,
          "LIST"
        ],
        [
          "egg_reptile",
          3
        ]
      ],
      [
        [
          "bacon",
          2
        ],
        [
          "meat_cooked",
          1
        ],
        [
          "meat_smoked",
          1
        ],
        [
          "dry_meat",
          1
        ],
        [
          "rehydrated_meat",
          1
        ],
        [
          "sausage",
          2
        ],
        [
          "jerky",
          3
        ],
        [
          "salted_fish",
          2
        ],
        [
          "meat_pickled",
          1
        ],
        [
          "meat_salted",
          1
        ],
        [
          "meat_canned",
          1
        ],
        [
          "can_chicken",
          1
        ],
        [
          "can_spam",
          1
        ],
        [
          "fish_pickled",
          1
        ],
        [
          "salted_fish",
          1
        ],
        [
          "fish_canned",
          1
        ],
        [
          "cracklins",
          4
        ],
        [
          "can_sardine",
          1
        ],
        [
          "can_tuna",
          1
        ],
        [
          "can_salmon",
          1
        ],
        [
          "can_herring",
          1
        ]
      ],
      [
        [
          "lemon",
          1
        ],
        [
          "irradiated_lemon",
          1
        ],
        [
          "orange",
          1
        ],
        [
          "irradiated_orange",
          1
        ]
      ],
      [
        [
          "oats",
          5
        ],
        [
          "buckwheat",
          5
        ],
        [
          "wheat",
          5
        ],
        [
          "potato",
          5
        ],
        [
          "barley",
          5
        ],
        [
          "raw_beans",
          5
        ],
        [
          "cabbage",
          5
        ],
        [
          "veggy_wild",
          5
        ],
        [
          "veggy",
          5
        ]
      ],
      [
        [
          "seasoning_italian",
          60
        ],
        [
          "wild_herbs",
          60
        ],
        [
          "seasoning_salt",
          60
        ],
        [
          "soysauce",
          8
        ],
        [
          "pepper",
          80
        ],
        [
          "seed_garlic",
          24
        ],
        [
          "garlic",
          4
        ],
        [
          "salt_water",
          4
        ],
        [
          "salt",
          60
        ]
      ],
      [
        [
          "milk",
          1
        ],
        [
          "con_milk",
          1
        ]
      ]
    ]
  },
  {
    "type": "recipe",
    "result": "omelette_survival_milkless",
    "category": "CC_FOOD",
    "subcategory": "CSC_FOOD_SNACK",
    "skill_used": "cooking",
    "difficulty": 3,
    "time": 5000,
    "book_learn": [
      [
        "scout_guide",
        3
      ]
    ],
    "qualities": [
      {
        "id": "COOK",
        "level": 1
      }
    ],
    "tools": [
      [
        [
          "surface_heat",
          3,
          "LIST"
        ]
      ]
    ],
    "components": [
      [
        [
          "eggs_bird",
          3,
          "LIST"
        ],
        [
          "egg_reptile",
          3
        ]
      ],
      [
        [
          "bacon",
          2
        ],
        [
          "meat_cooked",
          1
        ],
        [
          "meat_smoked",
          1
        ],
        [
          "dry_meat",
          1
        ],
        [
          "rehydrated_meat",
          1
        ],
        [
          "sausage",
          2
        ],
        [
          "jerky",
          3
        ],
        [
          "salted_fish",
          2
        ],
        [
          "meat_pickled",
          1
        ],
        [
          "meat_salted",
          1
        ],
        [
          "meat_canned",
          1
        ],
        [
          "can_chicken",
          1
        ],
        [
          "can_spam",
          1
        ],
        [
          "fish_pickled",
          1
        ],
        [
          "salted_fish",
          1
        ],
        [
          "fish_canned",
          1
        ],
        [
          "cracklins",
          4
        ],
        [
          "can_sardine",
          1
        ],
        [
          "can_tuna",
          1
        ],
        [
          "can_salmon",
          1
        ],
        [
          "can_herring",
          1
        ]
      ],
      [
        [
          "lemon",
          1
        ],
        [
          "irradiated_lemon",
          1
        ],
        [
          "orange",
          1
        ],
        [
          "irradiated_orange",
          1
        ]
      ],
      [
        [
          "oats",
          5
        ],
        [
          "buckwheat",
          5
        ],
        [
          "wheat",
          5
        ],
        [
          "potato",
          5
        ],
        [
          "barley",
          5
        ],
        [
          "raw_beans",
          5
        ],
        [
          "cabbage",
          5
        ],
        [
          "veggy_wild",
          5
        ],
        [
          "veggy",
          5
        ]
      ],
      [
        [
          "seasoning_italian",
          60
        ],
        [
          "wild_herbs",
          60
        ],
        [
          "seasoning_salt",
          60
        ],
        [
          "soysauce",
          8
        ],
        [
          "pepper",
          80
        ],
        [
          "seed_garlic",
          24
        ],
        [
          "garlic",
          4
        ],
        [
          "salt_water",
          4
        ],
        [
          "salt",
          60
        ]
      ],
      [
        [
          "water",
          1
        ],
        [
          "water_clean",
          1
        ]
      ]
    ]
  },
  {
    "type": "recipe",
    "result": "omelette_survival_meatless",
    "category": "CC_FOOD",
    "subcategory": "CSC_FOOD_SNACK",
    "skill_used": "cooking",
    "difficulty": 3,
    "time": 5000,
    "book_learn": [
      [
        "scout_guide",
        3
      ]
    ],
    "qualities": [
      {
        "id": "COOK",
        "level": 1
      }
    ],
    "tools": [
      [
        [
          "surface_heat",
          3,
          "LIST"
        ]
      ]
    ],
    "components": [
      [
        [
          "eggs_bird",
          3,
          "LIST"
        ],
        [
          "egg_reptile",
          3
        ]
      ],
      [
        [
          "lemon",
          1
        ],
        [
          "irradiated_lemon",
          1
        ],
        [
          "orange",
          1
        ],
        [
          "irradiated_orange",
          1
        ]
      ],
      [
        [
          "oats",
          5
        ],
        [
          "buckwheat",
          5
        ],
        [
          "wheat",
          5
        ],
        [
          "potato",
          5
        ],
        [
          "barley",
          5
        ],
        [
          "raw_beans",
          5
        ],
        [
          "cabbage",
          5
        ],
        [
          "veggy_wild",
          5
        ],
        [
          "veggy",
          5
        ]
      ],
      [
        [
          "seasoning_italian",
          60
        ],
        [
          "wild_herbs",
          60
        ],
        [
          "seasoning_salt",
          60
        ],
        [
          "soysauce",
          8
        ],
        [
          "pepper",
          80
        ],
        [
          "seed_garlic",
          24
        ],
        [
          "garlic",
          4
        ],
        [
          "salt_water",
          4
        ],
        [
          "salt",
          60
        ]
      ],
      [
        [
          "milk",
          1
        ],
        [
          "con_milk",
          1
        ]
      ]
    ]
  },
  {
    "type": "recipe",
    "result": "omelette_survival_fruitless",
    "category": "CC_FOOD",
    "subcategory": "CSC_FOOD_SNACK",
    "skill_used": "cooking",
    "difficulty": 3,
    "time": 5000,
    "book_learn": [
      [
        "scout_guide",
        3
      ]
    ],
    "qualities": [
      {
        "id": "COOK",
        "level": 1
      }
    ],
    "tools": [
      [
        [
          "surface_heat",
          3,
          "LIST"
        ]
      ]
    ],
    "components": [
      [
        [
          "eggs_bird",
          3,
          "LIST"
        ],
        [
          "egg_reptile",
          3
        ]
      ],
      [
        [
          "bacon",
          2
        ],
        [
          "meat_cooked",
          1
        ],
        [
          "meat_smoked",
          1
        ],
        [
          "dry_meat",
          1
        ],
        [
          "rehydrated_meat",
          1
        ],
        [
          "sausage",
          2
        ],
        [
          "jerky",
          3
        ],
        [
          "salted_fish",
          2
        ],
        [
          "meat_pickled",
          1
        ],
        [
          "meat_salted",
          1
        ],
        [
          "meat_canned",
          1
        ],
        [
          "can_chicken",
          1
        ],
        [
          "can_spam",
          1
        ],
        [
          "fish_pickled",
          1
        ],
        [
          "salted_fish",
          1
        ],
        [
          "fish_canned",
          1
        ],
        [
          "cracklins",
          4
        ],
        [
          "can_sardine",
          1
        ],
        [
          "can_tuna",
          1
        ],
        [
          "can_salmon",
          1
        ],
        [
          "can_herring",
          1
        ]
      ],
      [
        [
          "oats",
          5
        ],
        [
          "buckwheat",
          5
        ],
        [
          "wheat",
          5
        ],
        [
          "potato",
          5
        ],
        [
          "barley",
          5
        ],
        [
          "raw_beans",
          5
        ],
        [
          "cabbage",
          5
        ],
        [
          "veggy_wild",
          5
        ],
        [
          "veggy",
          5
        ]
      ],
      [
        [
          "seasoning_italian",
          60
        ],
        [
          "wild_herbs",
          60
        ],
        [
          "seasoning_salt",
          60
        ],
        [
          "soysauce",
          8
        ],
        [
          "pepper",
          80
        ],
        [
          "seed_garlic",
          24
        ],
        [
          "garlic",
          4
        ],
        [
          "salt_water",
          4
        ],
        [
          "salt",
          60
        ]
      ],
      [
        [
          "milk",
          1
        ],
        [
          "con_milk",
          1
        ]
      ]
    ]
  },
  {
    "type": "recipe",
    "result": "omelette_survival_vegan",
    "category": "CC_FOOD",
    "subcategory": "CSC_FOOD_SNACK",
    "skill_used": "cooking",
    "difficulty": 3,
    "time": 5000,
    "book_learn": [
      [
        "scout_guide",
        3
      ]
    ],
    "qualities": [
      {
        "id": "COOK",
        "level": 1
      }
    ],
    "tools": [
      [
        [
          "surface_heat",
          3,
          "LIST"
        ]
      ]
    ],
    "components": [
      [
        [
          "eggs_bird",
          3,
          "LIST"
        ],
        [
          "egg_reptile",
          3
        ]
      ],
      [
        [
          "lemon",
          1
        ],
        [
          "irradiated_lemon",
          1
        ],
        [
          "orange",
          1
        ],
        [
          "irradiated_orange",
          1
        ]
      ],
      [
        [
          "oats",
          5
        ],
        [
          "buckwheat",
          5
        ],
        [
          "wheat",
          5
        ],
        [
          "potato",
          5
        ],
        [
          "barley",
          5
        ],
        [
          "raw_beans",
          5
        ],
        [
          "cabbage",
          5
        ],
        [
          "veggy_wild",
          5
        ],
        [
          "veggy",
          5
        ]
      ],
      [
        [
          "seasoning_italian",
          60
        ],
        [
          "wild_herbs",
          60
        ],
        [
          "seasoning_salt",
          60
        ],
        [
          "soysauce",
          8
        ],
        [
          "pepper",
          80
        ],
        [
          "seed_garlic",
          24
        ],
        [
          "garlic",
          4
        ],
        [
          "salt_water",
          4
        ],
        [
          "salt",
          60
        ]
      ],
      [
        [
          "water",
          1
        ],
        [
          "water_clean",
          1
        ]
      ]
    ]
  },
  {
    "type": "recipe",
    "result": "omelette_survival_vegan_nofruit",
    "category": "CC_FOOD",
    "subcategory": "CSC_FOOD_SNACK",
    "skill_used": "cooking",
    "difficulty": 3,
    "time": 5000,
    "book_learn": [
      [
        "scout_guide",
        3
      ]
    ],
    "qualities": [
      {
        "id": "COOK",
        "level": 1
      }
    ],
    "tools": [
      [
        [
          "surface_heat",
          3,
          "LIST"
        ]
      ]
    ],
    "components": [
      [
        [
          "eggs_bird",
          3,
          "LIST"
        ],
        [
          "egg_reptile",
          3
        ]
      ],
      [
        [
          "oats",
          5
        ],
        [
          "buckwheat",
          5
        ],
        [
          "wheat",
          5
        ],
        [
          "potato",
          5
        ],
        [
          "barley",
          5
        ],
        [
          "raw_beans",
          5
        ],
        [
          "cabbage",
          5
        ],
        [
          "veggy_wild",
          5
        ],
        [
          "veggy",
          5
        ]
      ],
      [
        [
          "seasoning_italian",
          60
        ],
        [
          "wild_herbs",
          60
        ],
        [
          "seasoning_salt",
          60
        ],
        [
          "soysauce",
          8
        ],
        [
          "pepper",
          80
        ],
        [
          "seed_garlic",
          24
        ],
        [
          "garlic",
          4
        ],
        [
          "salt_water",
          4
        ],
        [
          "salt",
          60
        ]
      ],
      [
        [
          "water",
          1
        ],
        [
          "water_clean",
          1
        ]
      ]
    ]
  },
  {
    "type": "recipe",
    "result": "omelette_survival_cheese",
    "category": "CC_FOOD",
    "subcategory": "CSC_FOOD_SNACK",
    "skill_used": "cooking",
    "difficulty": 3,
    "time": 5000,
    "book_learn": [
      [
        "scout_guide",
        3
      ]
    ],
    "qualities": [
      {
        "id": "COOK",
        "level": 1
      }
    ],
    "tools": [
      [
        [
          "surface_heat",
          3,
          "LIST"
        ]
      ]
    ],
    "components": [
      [
        [
          "eggs_bird",
          3,
          "LIST"
        ],
        [
          "egg_reptile",
          3
        ]
      ],
      [
        [
          "bacon",
          2
        ],
        [
          "meat_cooked",
          1
        ],
        [
          "meat_smoked",
          1
        ],
        [
          "dry_meat",
          1
        ],
        [
          "rehydrated_meat",
          1
        ],
        [
          "sausage",
          2
        ],
        [
          "jerky",
          3
        ],
        [
          "salted_fish",
          2
        ],
        [
          "meat_pickled",
          1
        ],
        [
          "meat_salted",
          1
        ],
        [
          "meat_canned",
          1
        ],
        [
          "can_chicken",
          1
        ],
        [
          "can_spam",
          1
        ],
        [
          "fish_pickled",
          1
        ],
        [
          "salted_fish",
          1
        ],
        [
          "fish_canned",
          1
        ],
        [
          "cracklins",
          4
        ],
        [
          "can_sardine",
          1
        ],
        [
          "can_tuna",
          1
        ],
        [
          "can_salmon",
          1
        ],
        [
          "can_herring",
          1
        ]
      ],
      [
        [
          "lemon",
          1
        ],
        [
          "irradiated_lemon",
          1
        ],
        [
          "orange",
          1
        ],
        [
          "irradiated_orange",
          1
        ]
      ],
      [
        [
          "oats",
          5
        ],
        [
          "buckwheat",
          5
        ],
        [
          "wheat",
          5
        ],
        [
          "potato",
          5
        ],
        [
          "barley",
          5
        ],
        [
          "raw_beans",
          5
        ],
        [
          "cabbage",
          5
        ],
        [
          "veggy_wild",
          5
        ],
        [
          "veggy",
          5
        ]
      ],
      [
        [
          "seasoning_italian",
          60
        ],
        [
          "wild_herbs",
          60
        ],
        [
          "seasoning_salt",
          60
        ],
        [
          "soysauce",
          8
        ],
        [
          "pepper",
          80
        ],
        [
          "seed_garlic",
          24
        ],
        [
          "garlic",
          4
        ],
        [
          "salt_water",
          4
        ],
        [
          "salt",
          60
        ]
      ],
      [
        [
          "milk",
          1
        ],
        [
          "con_milk",
          1
        ]
      ],
      [
        [
          "cheese",
          2
        ],
        [
          "can_cheese",
          2
        ],
        [
          "cheese_hard",
          2
        ]
      ]
    ]
  },
  {
    "type": "recipe",
    "result": "omelette_survival_spicy",
    "category": "CC_FOOD",
    "subcategory": "CSC_FOOD_SNACK",
    "skill_used": "cooking",
    "difficulty": 3,
    "time": 5000,
    "book_learn": [
      [
        "scout_guide",
        3
      ]
    ],
    "qualities": [
      {
        "id": "COOK",
        "level": 1
      }
    ],
    "tools": [
      [
        [
          "surface_heat",
          3,
          "LIST"
        ]
      ]
    ],
    "components": [
      [
        [
          "eggs_bird",
          3,
          "LIST"
        ],
        [
          "egg_reptile",
          3
        ]
      ],
      [
        [
          "bacon",
          2
        ],
        [
          "meat_cooked",
          1
        ],
        [
          "meat_smoked",
          1
        ],
        [
          "dry_meat",
          1
        ],
        [
          "rehydrated_meat",
          1
        ],
        [
          "sausage",
          2
        ],
        [
          "jerky",
          3
        ],
        [
          "salted_fish",
          2
        ],
        [
          "meat_pickled",
          1
        ],
        [
          "meat_salted",
          1
        ],
        [
          "meat_canned",
          1
        ],
        [
          "can_chicken",
          1
        ],
        [
          "can_spam",
          1
        ],
        [
          "fish_pickled",
          1
        ],
        [
          "salted_fish",
          1
        ],
        [
          "fish_canned",
          1
        ],
        [
          "cracklins",
          4
        ],
        [
          "can_sardine",
          1
        ],
        [
          "can_tuna",
          1
        ],
        [
          "can_salmon",
          1
        ],
        [
          "can_herring",
          1
        ]
      ],
      [
        [
          "lemon",
          1
        ],
        [
          "irradiated_lemon",
          1
        ],
        [
          "orange",
          1
        ],
        [
          "irradiated_orange",
          1
        ]
      ],
      [
        [
          "oats",
          5
        ],
        [
          "buckwheat",
          5
        ],
        [
          "wheat",
          5
        ],
        [
          "potato",
          5
        ],
        [
          "barley",
          5
        ],
        [
          "raw_beans",
          5
        ],
        [
          "cabbage",
          5
        ],
        [
          "veggy_wild",
          5
        ],
        [
          "veggy",
          5
        ]
      ],
      [
        [
          "seasoning_italian",
          60
        ],
        [
          "wild_herbs",
          60
        ],
        [
          "seasoning_salt",
          60
        ],
        [
          "soysauce",
          8
        ],
        [
          "pepper",
          80
        ],
        [
          "seed_garlic",
          24
        ],
        [
          "garlic",
          4
        ],
        [
          "salt_water",
          4
        ],
        [
          "salt",
          60
        ]
      ],
      [
        [
          "milk",
          1
        ],
        [
          "con_milk",
          1
        ]
      ],
      [
        [
          "chili_pepper",
          2
        ],
        [
          "sauce_red",
          2
        ],
        [
          "chilly-p",
          2
        ]
      ]
    ]
  },
  {
    "type": "recipe",
    "result": "omelette_survival_deluxe",
    "category": "CC_FOOD",
    "subcategory": "CSC_FOOD_SNACK",
    "skill_used": "cooking",
    "difficulty": 3,
    "time": 5000,
    "book_learn": [
      [
        "scout_guide",
        3
      ]
    ],
    "qualities": [
      {
        "id": "COOK",
        "level": 1
      }
    ],
    "tools": [
      [
        [
          "surface_heat",
          3,
          "LIST"
        ]
      ]
    ],
    "components": [
      [
        [
          "eggs_bird",
          3,
          "LIST"
        ],
        [
          "egg_reptile",
          3
        ]
      ],
      [
        [
          "bacon",
          2
        ],
        [
          "meat_cooked",
          1
        ],
        [
          "meat_smoked",
          1
        ],
        [
          "dry_meat",
          1
        ],
        [
          "rehydrated_meat",
          1
        ],
        [
          "sausage",
          2
        ],
        [
          "jerky",
          3
        ],
        [
          "salted_fish",
          2
        ],
        [
          "meat_pickled",
          1
        ],
        [
          "meat_salted",
          1
        ],
        [
          "meat_canned",
          1
        ],
        [
          "can_chicken",
          1
        ],
        [
          "can_spam",
          1
        ],
        [
          "fish_pickled",
          1
        ],
        [
          "salted_fish",
          1
        ],
        [
          "fish_canned",
          1
        ],
        [
          "cracklins",
          4
        ],
        [
          "can_sardine",
          1
        ],
        [
          "can_tuna",
          1
        ],
        [
          "can_salmon",
          1
        ],
        [
          "can_herring",
          1
        ]
      ],
      [
        [
          "lemon",
          1
        ],
        [
          "irradiated_lemon",
          1
        ],
        [
          "orange",
          1
        ],
        [
          "irradiated_orange",
          1
        ]
      ],
      [
        [
          "oats",
          5
        ],
        [
          "buckwheat",
          5
        ],
        [
          "wheat",
          5
        ],
        [
          "potato",
          5
        ],
        [
          "barley",
          5
        ],
        [
          "raw_beans",
          5
        ],
        [
          "cabbage",
          5
        ],
        [
          "veggy_wild",
          5
        ],
        [
          "veggy",
          5
        ]
      ],
      [
        [
          "seasoning_italian",
          60
        ],
        [
          "wild_herbs",
          60
        ],
        [
          "seasoning_salt",
          60
        ],
        [
          "soysauce",
          8
        ],
        [
          "pepper",
          80
        ],
        [
          "seed_garlic",
          24
        ],
        [
          "garlic",
          4
        ],
        [
          "salt_water",
          4
        ],
        [
          "salt",
          60
        ]
      ],
      [
        [
          "milk",
          1
        ],
        [
          "con_milk",
          1
        ]
      ],
      [
        [
          "cheese",
          2
        ],
        [
          "can_cheese",
          2
        ],
        [
          "cheese_hard",
          2
        ]
      ],
      [
        [
          "chili_pepper",
          2
        ],
        [
          "sauce_red",
          2
        ],
        [
          "chilly-p",
          2
        ]
      ]
    ]
  },
  {
    "type": "recipe",
    "result": "healing_powder",
    "category": "CC_FOOD",
    "subcategory": "CSC_FOOD_DRY",
    "skill_used": "cooking",
    "difficulty": 0,
    "time": 18000,
    "book_learn": [
      [
        "scout_guide",
        1
      ]
    ],
    "batch_time_factors": [
      67,
      5
    ],
    "components": [
      [
        [
          "broc_flower",
          1
        ]
      ],
      [
        [
          "xander_root",
          1
        ]
      ]
    ]
  },
  {
    "type": "recipe",
    "result": "healing_powder_drink",
    "category": "CC_FOOD",
    "subcategory": "CSC_FOOD_DRY",
    "skill_used": "cooking",
    "difficulty": 0,
    "time": 10,
    "book_learn": [
      [
        "scout_guide",
        1
      ]
    ],
    "batch_time_factors": [
      67,
      5
    ],
    "components": [
      [
        [
          "healing_powder",
          1
        ]
      ],
      [
        [
          "cola_nuka",
          1
        ]
      ]
    ]
  }
]