[
  {
    "result": "10mm_fmj",
    "type": "recipe",
    "category": "CC_AMMO",
    "subcategory": "CSC_AMMO_PISTOL",
    "skill_used": "fabrication",
    "difficulty": 2,
    "skills_required": [
      "gun",
      5
    ],
    "time": 2000,
    "batch_time_factors": [
      60,
      5
    ],
    "book_learn": [
      [
        "gunrunnerbook",
        2
      ]
    ],
    "charges": 1,
    "using": [
      [
        "bullet_forming",
        2
      ],
      [
        "ammo_bullet",
        2
      ]
    ],
    "components": [
      [
        [
          "10mm_casing",
          1
        ]
      ],
      [
        [
          "smpistol_primer",
          1
        ]
      ],
      [
        [
          "gunpowder",
          5
        ]
      ]
    ]
  },
  {
    "result": "14mm",
    "type": "recipe",
    "category": "CC_AMMO",
    "subcategory": "CSC_AMMO_PISTOL",
    "skill_used": "fabrication",
    "difficulty": 6,
    "skills_required": [
      "gun",
      5
    ],
    "time": 2000,
    "batch_time_factors": [
      60,
      5
    ],
    "book_learn": [
      [
        "gunrunnerbook",
        4
      ]
    ],
    "charges": 1,
    "using": [
      [
        "bullet_forming",
        2
      ],
      [
        "ammo_bullet",
        2
      ]
    ],
    "components": [
      [
        [
          "14mm_casing",
          1
        ]
      ],
      [
        [
          "smpistol_primer",
          1
        ]
      ],
      [
        [
          "gunpowder",
          10
        ]
      ]
    ]
  },
  {
    "result": "5mm",
    "type": "recipe",
    "category": "CC_AMMO",
    "subcategory": "CSC_AMMO_RIFLE",
    "skill_used": "fabrication",
    "difficulty": 4,
    "skills_required": [
      "gun",
      1
    ],
    "time": 2000,
    "batch_time_factors": [
      60,
      5
    ],
    "book_learn": [
      [
        "gunrunnerbook",
        6
      ]
    ],
    "charges": 1,
    "using": [
      [
        "bullet_forming",
        4
      ],
      [
        "ammo_bullet",
        3
      ]
    ],
    "components": [
      [
        [
          "5mm_casing",
          1
        ]
      ],
      [
        [
          "smrifle_primer",
          1
        ]
      ],
      [
        [
          "gunpowder",
          8
        ]
      ],
      [
        [
          "copper",
          1
        ]
      ]
    ]
  },
  {
    "result": "4570",
    "type": "recipe",
    "category": "CC_AMMO",
    "subcategory": "CSC_AMMO_RIFLE",
    "skill_used": "fabrication",
    "difficulty": 4,
    "skills_required": [
      "gun",
      1
    ],
    "time": 2000,
    "batch_time_factors": [
      60,
      5
    ],
    "book_learn": [
      [
        "gunrunnerbook",
        6
      ]
    ],
    "charges": 1,
    "using": [
      [
        "bullet_forming",
        4
      ],
      [
        "ammo_bullet",
        3
      ]
    ],
    "components": [
      [
        [
          "4570_casing",
          1
        ]
      ],
      [
        [
          "smrifle_primer",
          1
        ]
      ],
      [
        [
          "gunpowder",
          8
        ]
      ],
      [
        [
          "copper",
          1
        ]
      ]
    ]
  },
  {
    "result": "20ga_shot",
    "type": "recipe",
    "category": "CC_AMMO",
    "subcategory": "CSC_AMMO_SHOT",
    "skill_used": "fabrication",
    "difficulty": 1,
    "skills_required": [
      "gun",
      1
    ],
    "time": 2000,
    "batch_time_factors": [
      60,
      5
    ],
    "book_learn": [
      [
        "gunrunnerbook",
        6
      ]
    ],
    "charges": 1,
    "using": [
      [
        "bullet_forming",
        1
      ]
    ],
    "components": [
      [
        [
          "20ga_hull",
          1
        ]
      ],
      [
        [
          "gunpowder",
          6
        ],
        [
          "chem_black_powder",
          6
        ]
      ]
    ]
  }
]