[
  {
    "id": "surv_firework_launcher",
    "type": "GUN",
    "reload_noise_volume": 10,
    "symbol": "/",
    "color": "light_gray",
    "name": {
      "str": "烟花发射器",
      "str_pl": "烟花发射器"
    },
    "description": "自制的烟火炮。不如军事级的发射器好，但你可以手工制作烟花",
    "price": "50 USD",
    "material": [
      "steel"
    ],
    "flags": [
      "MODE_BURST"
    ],
    "skill": "launcher",
    "ammo": [
      "firework"
    ],
    "weight": "7430 g",
    "volume": "5 L",
    "bashing": 10,
    "to_hit": -3,
    "dispersion": 300,
    "durability": 5,
    "burst": 1,
    "clip_size": 1,
    "reload": 800,
    "loudness": 200,
    "pocket_data": [
      {
        "pocket_type": "MAGAZINE",
        "rigid": true,
        "ammo_restriction": {
          "firework": 1
        }
      }
    ]
  },
  {
    "id": "firework_launcher_beggar",
    "type": "GUN",
    "reload_noise_volume": 10,
    "symbol": "/",
    "color": "light_gray",
    "name": {
      "str": "乞丐火箭筒",
      "str_pl": "乞丐火箭筒"
    },
    "description": "自制的烟火炮。有3枚火箭的空间，但一扣扳机就把它们全部引爆。非常危险。",
    "price": "50 USD",
    "material": [
      "steel"
    ],
    "flags": [
      "MODE_BURST"
    ],
    "skill": "launcher",
    "ammo": [
      "firework"
    ],
    "weight": "7430 g",
    "volume": "5 L",
    "bashing": 10,
    "to_hit": -5,
    "dispersion": 400,
    "durability": 5,
    "burst": 3,
    "clip_size": 3,
    "reload": 1600,
    "loudness": 200,
    "pocket_data": [
      {
        "pocket_type": "MAGAZINE",
        "rigid": true,
        "ammo_restriction": {
          "firework": 3
        }
      }
    ]
  },
  {
    "id": "cannon_ancient",
    "type": "GUN",
    "reload_noise_volume": 10,
    "symbol": "(",
    "color": "dark_gray",
    "name": {
      "str": "炮弹",
      "str_pl": "炮弹"
    },
    "description": "美国内战时期的铸铁炮管。难以置信的沉重，响亮，巨大。它仍然应该在几乎任何时候组装成一个完整的大炮。",
    "price": "29000 USD",
    "material": [
      "steel"
    ],
    "flags": [
      "MOUNTED_GUN",
      "NEVER_JAMS"
    ],
    "skill": "launcher",
    "ammo": [
      "cannonball"
    ],
    "weight": "5220 g",
    "volume": "6 L",
    "bashing": 12,
    "to_hit": -3,
    "dispersion": 300,
    "durability": 7,
    "clip_size": 1,
    "reload": 1200,
    "loudness": 200,
    "valid_mod_locations": [
      [
        "accessories",
        4
      ],
      [
        "grip",
        1
      ],
      [
        "mechanism",
        4
      ],
      [
        "sights",
        1
      ]
    ],
    "pocket_data": [
      {
        "pocket_type": "MAGAZINE",
        "rigid": true,
        "ammo_restriction": {
          "cannonball": 1
        }
      }
    ]
  },
  {
    "id": "cannon_makeshift",
    "type": "GUN",
    "reload_noise_volume": 10,
    "symbol": "(",
    "color": "dark_gray",
    "name": {
      "str": "手工大炮",
      "str_pl": "手工大炮"
    },
    "description": "美国内战时期炮管的粗糙复制品。难以置信的沉重，响亮，巨大。它仍然应该在几乎任何事情上组装成一个大炮。",
    "price": "29000 USD",
    "material": [
      "steel"
    ],
    "flags": [
      "MOUNTED_GUN",
      "NEVER_JAMS"
    ],
    "skill": "launcher",
    "ammo": [
      "cannonball"
    ],
    "weight": "5220 g",
    "volume": "6 L",
    "bashing": 12,
    "to_hit": -3,
    "dispersion": 300,
    "durability": 5,
    "clip_size": 1,
    "reload": 1200,
    "loudness": 400,
    "valid_mod_locations": [
      [
        "accessories",
        4
      ],
      [
        "grip",
        1
      ],
      [
        "mechanism",
        4
      ],
      [
        "sights",
        1
      ]
    ],
    "pocket_data": [
      {
        "pocket_type": "MAGAZINE",
        "rigid": true,
        "ammo_restriction": {
          "cannonball": 1
        }
      }
    ]
  }
]