[
  {
    "id": "punt_gun",
    "type": "GUN",
    "reload_noise_volume": 10,
    "name": {
      "str": "平底炮"
    },
    "description": "一种古老的猎枪类型，在许多国家和州被禁止！0.50口径的猎枪世界。",
    "weight": "1950 g",
    "volume": "2500 ml",
    "price": "410 USD",
    "to_hit": -1,
    "bashing": 15,
    "material": [
      "steel",
      "wood"
    ],
    "symbol": "(",
    "color": "brown",
    "ammo": [
      "puntshot"
    ],
    "skill": "shotgun",
    "ranged_damage": {
      "damage_type": "stab",
      "amount": 10
    },
    "dispersion": 180,
    "durability": 6,
    "clip_size": 1,
    "reload": 1200,
    "valid_mod_locations": [
      [
        "accessories",
        1
      ],
      [
        "sling",
        1
      ],
      [
        "underbarrel",
        1
      ]
    ],
    "flags": [
      "NEVER_JAMS",
      "DURABLE_MELEE"
    ],
    "pocket_data": [
      {
        "pocket_type": "MAGAZINE",
        "rigid": true,
        "ammo_restriction": {
          "puntshot": 1
        }
      }
    ]
  },
  {
    "id": "punt_gun_homemade",
    "type": "GUN",
    "reload_noise_volume": 10,
    "name": {
      "str": "手工平底枪"
    },
    "description": "用手工精心制作的平底船用枪。",
    "weight": "1950 g",
    "volume": "2500 ml",
    "price": "410 USD",
    "to_hit": -1,
    "bashing": 15,
    "material": [
      "steel",
      "wood"
    ],
    "symbol": "(",
    "color": "brown",
    "ammo": [
      "puntshot"
    ],
    "skill": "shotgun",
    "ranged_damage": {
      "damage_type": "stab",
      "amount": 10
    },
    "dispersion": 180,
    "durability": 5,
    "clip_size": 1,
    "reload": 1200,
    "valid_mod_locations": [
      [
        "accessories",
        1
      ],
      [
        "sling",
        1
      ],
      [
        "underbarrel",
        1
      ]
    ],
    "flags": [
      "NEVER_JAMS",
      "DURABLE_MELEE"
    ],
    "pocket_data": [
      {
        "pocket_type": "MAGAZINE",
        "rigid": true,
        "ammo_restriction": {
          "puntshot": 1
        }
      }
    ]
  },
  {
    "id": "shotgun_pump_12",
    "copy-from": "rifle_manual",
    "type": "GUN",
    "name": {
      "str": "自制泵动吊杆",
      "str_pl": "自制泵动吊杆"
    },
    "description": "一种手工制作的12口径霰弹枪，采用泵作用机构。",
    "weight": "2311 g",
    "volume": "2 L",
    "price": "100 USD",
    "to_hit": -1,
    "bashing": 10,
    "material": [
      "steel",
      "wood"
    ],
    "symbol": "(",
    "color": "brown",
    "skill": "shotgun",
    "ammo": [
      "shot"
    ],
    "dispersion": 90,
    "durability": 8,
    "clip_size": 8,
    "reload": 200,
    "barrel_volume": "500 ml",
    "valid_mod_locations": [
      [
        "accessories",
        4
      ],
      [
        "barrel",
        1
      ],
      [
        "bore",
        1
      ],
      [
        "brass catcher",
        1
      ],
      [
        "muzzle",
        1
      ],
      [
        "stock",
        1
      ],
      [
        "mechanism",
        4
      ],
      [
        "sights",
        1
      ],
      [
        "sling",
        1
      ]
    ],
    "flags": [
      "RELOAD_ONE"
    ],
    "pocket_data": [
      {
        "pocket_type": "MAGAZINE",
        "rigid": true,
        "ammo_restriction": {
          "shot": 8
        }
      }
    ]
  },
  {
    "id": "shotgun_pump_20",
    "copy-from": "rifle_manual",
    "type": "GUN",
    "name": {
      "str": "自制20口径杠杆步枪",
      "str_pl": "自制20号吊杆"
    },
    "description": "一种手工制作的20口径霰弹，采用泵作用机构。",
    "weight": "2311 g",
    "volume": "2 L",
    "price": "100 USD",
    "to_hit": -1,
    "bashing": 10,
    "material": [
      "steel",
      "wood"
    ],
    "symbol": "(",
    "color": "brown",
    "skill": "shotgun",
    "ammo": [
      "20ga"
    ],
    "dispersion": 90,
    "durability": 10,
    "clip_size": 12,
    "reload": 200,
    "barrel_volume": "500 ml",
    "valid_mod_locations": [
      [
        "accessories",
        4
      ],
      [
        "barrel",
        1
      ],
      [
        "bore",
        1
      ],
      [
        "brass catcher",
        1
      ],
      [
        "muzzle",
        1
      ],
      [
        "stock",
        1
      ],
      [
        "mechanism",
        4
      ],
      [
        "sights",
        1
      ],
      [
        "sling",
        1
      ]
    ],
    "flags": [
      "RELOAD_ONE"
    ],
    "pocket_data": [
      {
        "pocket_type": "MAGAZINE",
        "rigid": true,
        "ammo_restriction": {
          "20ga": 12
        }
      }
    ]
  }
]