[
  {
    "type": "MONSTER",
    "id": "mon_distractron",
    "name": {
      "str": "吸引无人机"
    },
    "species": "ROBOT",
    "default_faction": "rigged_bot",
    "symbol": "e",
    "color": "yellow",
    "material": [
      "steel"
    ],
    "diff": 1,
    "aggression": 100,
    "morale": 100,
    "speed": 190,
    "melee_skill": 6,
    "melee_dice": 1,
    "melee_dice_sides": 1,
    "melee_cut": 0,
    "dodge": 6,
    "armor_bash": 1,
    "armor_cut": 3,
    "vision_day": 50,
    "death_drops": {
      "groups": [
        [
          "robots",
          4
        ]
      ]
    },
    "luminance": 10,
    "hp": 10,
    "death_function": "BROKEN",
    "special_attacks": [
      [
        "PARROT",
        2
      ]
    ],
    "description": "一个被匆忙改造成吸引注意力装置的无人机。它的主叶片已经被移除，使其失去了杀伤力，但也更难击中。为了进一步吸引注意力，还附加了装有大灾变前的民间音乐的MP3。",
    "flags": [
      "SEES",
      "FLIES",
      "NOHEAD",
      "ELECTRONIC",
      "HIT_AND_RUN",
      "NO_BREATHE"
    ]
  },
  {
    "type": "MONSTER",
    "id": "mon_venomhack",
    "name": {
      "str": "毒蛇"
    },
    "species": "ROBOT",
    "default_faction": "rigged_bot",
    "symbol": "e",
    "color": "brown",
    "material": [
      "steel"
    ],
    "diff": 1,
    "aggression": 100,
    "morale": 100,
    "speed": 190,
    "melee_skill": 6,
    "melee_dice": 1,
    "melee_dice_sides": 4,
    "melee_cut": 8,
    "dodge": 6,
    "armor_bash": 0,
    "armor_cut": 6,
    "vision_day": 50,
    "vision_night": 5,
    "death_drops": {
      "groups": [
        [
          "robots",
          4
        ]
      ]
    },
    "luminance": 3,
    "hp": 10,
    "death_function": "BROKEN",
    "description": "一架打捞上来的检修船改装成了一架有毒的无人机。巨型昆虫的毒刺被用来代替叶片。",
    "flags": [
      "SEES",
      "FLIES",
      "NOHEAD",
      "ELECTRONIC",
      "HIT_AND_RUN",
      "NO_BREATHE",
      "VENOM"
    ]
  },
  {
    "type": "MONSTER",
    "id": "mon_smokehack",
    "name": {
      "str": "烟熏"
    },
    "species": "ROBOT",
    "default_faction": "rigged_bot",
    "symbol": "e",
    "color": "light_gray",
    "material": [
      "steel"
    ],
    "diff": 1,
    "aggression": 100,
    "morale": 100,
    "speed": 190,
    "melee_skill": 6,
    "melee_dice": 1,
    "melee_dice_sides": 3,
    "melee_cut": 2,
    "dodge": 6,
    "armor_bash": 0,
    "armor_cut": 6,
    "vision_day": 50,
    "vision_night": 5,
    "hp": 10,
    "death_function": "SMOKEBURST",
    "starting_ammo": {
      "bot_flashbang_hack": 10,
      "bot_gasbomb_hack": 10
    },
    "special_attacks": [
      [
        "GRENADIER_ELITE",
        3
      ]
    ],
    "description": "一辆检修车修修补补地撞上了一个正在飞行的烟雾发生器。它是一种低效武器，但提供了一个很好的烟幕。它当前处于非活动状态，可以部署。",
    "flags": [
      "SEES",
      "GOODHEARING",
      "FLIES",
      "NOHEAD",
      "ELECTRONIC",
      "HIT_AND_RUN",
      "NO_BREATHE"
    ]
  },
  {
    "type": "MONSTER",
    "id": "mon_orb_bot",
    "name": {
      "str": "圆球机器人"
    },
    "species": "ROBOT",
    "default_faction": "rigged_bot",
    "symbol": "o",
    "color": "yellow",
    "material": [
      "steel"
    ],
    "diff": 2,
    "aggression": 0,
    "morale": 0,
    "speed": 120,
    "melee_skill": 0,
    "melee_dice": 0,
    "melee_dice_sides": 0,
    "melee_cut": 0,
    "dodge": 3,
    "armor_bash": 8,
    "armor_cut": 8,
    "death_drops": {
      "groups": [
        [
          "robots",
          4
        ]
      ]
    },
    "luminance": 200,
    "hp": 18,
    "death_function": "BROKEN",
    "description": "一个被打捞上来的眼点，用低级的电子设备修补，并配有一个强大的泛光灯。它在空中摇摇晃晃。",
    "flags": [
      "SEES",
      "FLIES",
      "ELECTRONIC",
      "NO_BREATHE",
      "NOHEAD"
    ],
    "fear_triggers": [
      "HURT",
      "FRIEND_ATTACKED",
      "PLAYER_CLOSE"
    ]
  },
  {
    "type": "MONSTER",
    "id": "mon_skaterbot",
    "name": {
      "str": "溜冰鞋"
    },
    "species": "ROBOT",
    "default_faction": "rigged_bot",
    "symbol": "a",
    "color": "light_blue",
    "material": [
      "steel"
    ],
    "diff": 12,
    "aggression": 100,
    "morale": 100,
    "speed": 130,
    "melee_skill": 0,
    "melee_dice": 0,
    "melee_dice_sides": 0,
    "melee_cut": 0,
    "dodge": 3,
    "armor_bash": 10,
    "armor_cut": 10,
    "vision_day": 20,
    "vision_night": 5,
    "death_drops": {
      "groups": [
        [
          "robots",
          4
        ]
      ]
    },
    "hp": 30,
    "death_function": "BROKEN",
    "special_attacks": [
      [
        "TAZER",
        12
      ]
    ],
    "special_when_hit": [
      "ZAPBACK",
      100
    ],
    "description": "一种被打捞上来的跳蚤，轮子歪歪扭扭地挂在昆虫腿的末端。当它在地面上移动时会产生危险的火花，并且会忽略一股微弱的臭氧气味。",
    "flags": [
      "SEES",
      "HEARS",
      "GOODHEARING",
      "ATTACKMON",
      "ELECTRONIC",
      "NO_BREATHE",
      "HIT_AND_RUN"
    ]
  },
  {
    "type": "MONSTER",
    "id": "mon_shockbot",
    "name": {
      "str": "电击机器人"
    },
    "species": "ROBOT",
    "default_faction": "rigged_bot",
    "symbol": "R",
    "color": "light_blue",
    "material": [
      "steel"
    ],
    "diff": 12,
    "aggression": 100,
    "morale": 100,
    "speed": 100,
    "melee_skill": 0,
    "melee_dice": 0,
    "melee_dice_sides": 0,
    "melee_cut": 0,
    "dodge": 1,
    "armor_bash": 12,
    "armor_cut": 12,
    "vision_day": 20,
    "vision_night": 5,
    "death_drops": {
      "groups": [
        [
          "robots",
          4
        ]
      ]
    },
    "hp": 80,
    "death_function": "BROKEN",
    "special_attacks": [
      [
        "SHOCKSTORM",
        17
      ]
    ],
    "special_when_hit": [
      "ZAPBACK",
      10
    ],
    "description": "一个被打捞上来的警察机器人，用旧电路板和汽车电池修补。上面覆盖着带电的铁丝网，还有一个临时的电击枪。随着安全协议的取消，shockbot不再尊重警察权威，也不再关心盟友的安全。",
    "flags": [
      "SEES",
      "HEARS",
      "BASHES",
      "ELECTRONIC",
      "NO_BREATHE"
    ]
  },
  {
    "type": "MONSTER",
    "id": "mon_solar_bot",
    "name": {
      "str": "太阳能机器人"
    },
    "species": "ROBOT",
    "default_faction": "rigged_bot",
    "symbol": "R",
    "color": "yellow",
    "material": [
      "steel"
    ],
    "diff": 20,
    "aggression": 100,
    "morale": 100,
    "speed": 100,
    "melee_skill": 0,
    "melee_dice": 0,
    "melee_dice_sides": 0,
    "melee_cut": 0,
    "dodge": 1,
    "armor_bash": 14,
    "armor_cut": 14,
    "luminance": 300,
    "vision_day": 20,
    "vision_night": 5,
    "death_drops": {
      "groups": [
        [
          "robots",
          4
        ]
      ]
    },
    "hp": 80,
    "death_function": "BROKEN",
    "special_attacks": [
      {
        "type": "gun",
        "cooldown": 1,
        "gun_type": "v29_turret",
        "fake_skills": [
          [
            "gun",
            4
          ],
          [
            "pistol",
            4
          ]
        ],
        "ranges": [
          [
            0,
            30,
            "DEFAULT"
          ]
        ]
      }
    ],
    "description": "一个被打捞上来的防暴机器人笨拙地和一个实验性的激光炮塔焊接在一起。船体上覆盖着一层太阳能电池和闪烁的LED灯。",
    "flags": [
      "SEES",
      "HEARS",
      "GOODHEARING",
      "ELECTRONIC",
      "NO_BREATHE"
    ]
  },
  {
    "type": "MONSTER",
    "id": "mon_killbot",
    "name": {
      "str": "杀手"
    },
    "species": "ROBOT",
    "default_faction": "rigged_bot",
    "symbol": "R",
    "color": "red",
    "material": [
      "steel"
    ],
    "diff": 25,
    "aggression": 100,
    "morale": 100,
    "speed": 70,
    "melee_skill": 4,
    "melee_dice": 3,
    "melee_dice_sides": 6,
    "melee_cut": 8,
    "dodge": 0,
    "armor_bash": 15,
    "armor_cut": 15,
    "vision_day": 20,
    "vision_night": 5,
    "death_drops": {
      "groups": [
        [
          "robots",
          4
        ]
      ]
    },
    "hp": 100,
    "death_function": "BROKEN",
    "starting_ammo": {
      "556": 100
    },
    "special_attacks": [
      {
        "type": "gun",
        "cooldown": 4,
        "move_cost": 150,
        "gun_type": "m249",
        "ammo_type": "556",
        "fake_skills": [
          [
            "gun",
            8
          ],
          [
            "rifle",
            8
          ]
        ],
        "fake_dex": 12,
        "ranges": [
          [
            0,
            36,
            "DEFAULT"
          ]
        ],
        "require_targeting_npc": true,
        "require_targeting_monster": true,
        "laser_lock": false,
        "targeting_cost": 200,
        "targeting_timeout_extend": -10,
        "targeting_sound": "\"Hostile detected.\"",
        "targeting_volume": 50,
        "no_ammo_sound": "叮！"
      }
    ],
    "description": "一个被打捞上来的安全机器人被改造成一个笨重的破坏引擎。额外的一层不匹配的装甲板和一对链锯被焊接到了底盘上。",
    "flags": [
      "SEES",
      "HEARS",
      "BASHES",
      "ATTACKMON",
      "ELECTRONIC",
      "NO_BREATHE",
      "STUMBLES"
    ]
  },
  {
    "type": "MONSTER",
    "id": "mon_murder_bot",
    "name": {
      "str": "邪恶杀人机器"
    },
    "species": "ROBOT",
    "default_faction": "rigged_bot",
    "symbol": "M",
    "color": "red",
    "material": [
      "steel"
    ],
    "diff": 32,
    "aggression": 100,
    "morale": 100,
    "speed": 100,
    "melee_skill": 3,
    "melee_dice": 3,
    "melee_dice_sides": 3,
    "melee_cut": 0,
    "dodge": 0,
    "armor_bash": 10,
    "armor_cut": 10,
    "vision_day": 20,
    "vision_night": 5,
    "death_drops": {
      "groups": [
        [
          "robots",
          4
        ]
      ]
    },
    "hp": 90,
    "death_function": "BROKEN",
    "starting_ammo": {
      "762_51": 1000,
      "bot_flashbang_hack": 10,
      "bot_gasbomb_hack": 10
    },
    "special_attacks": [
      {
        "type": "gun",
        "cooldown": 5,
        "move_cost": 150,
        "gun_type": "m240",
        "ammo_type": "762_51",
        "fake_skills": [
          [
            "gun",
            8
          ],
          [
            "rifle",
            8
          ]
        ],
        "fake_dex": 12,
        "ranges": [
          [
            0,
            60,
            "DEFAULT"
          ]
        ],
        "require_targeting_npc": true,
        "require_targeting_monster": true,
        "laser_lock": false,
        "targeting_cost": 200,
        "targeting_timeout_extend": -10,
        "targeting_sound": "\"Hostile detected.\"",
        "targeting_volume": 50,
        "no_ammo_sound": "叮！"
      },
      [
        "GRENADIER_ELITE",
        4
      ],
      [
        "SHRIEK",
        20
      ]
    ],
    "description": "一个被打捞上来的鸡鼻怪，拼凑成一个摇摇欲坠的战斗机器人，比有效的更可怕。喷火器被改装成烟雾发生器，榴弹发射器也被拆除，以便为5.56弹药的额外传送带腾出空间。为了恐吓，生锈的钉子和可怕的垃圾装饰着杀人机器的外壳，同时扬声器发出震耳欲聋的尖叫声。",
    "flags": [
      "SEES",
      "HEARS",
      "GOODHEARING",
      "BASHES",
      "NO_BREATHE",
      "ELECTRONIC"
    ]
  },
  {
    "type": "MONSTER",
    "id": "mon_droidnaught",
    "name": {
      "str": "机器人"
    },
    "species": "ROBOT",
    "default_faction": "rigged_bot",
    "symbol": "R",
    "color": "dark_gray",
    "material": [
      "steel"
    ],
    "diff": 30,
    "aggression": 100,
    "morale": 100,
    "speed": 75,
    "melee_skill": 5,
    "melee_dice": 3,
    "melee_dice_sides": 10,
    "melee_cut": 0,
    "dodge": 0,
    "armor_bash": 21,
    "armor_cut": 21,
    "vision_day": 10,
    "vision_night": 5,
    "death_drops": {
      "groups": [
        [
          "robots",
          4
        ]
      ]
    },
    "hp": 240,
    "death_function": "BROKEN",
    "special_attacks": [
      [
        "SMASH",
        8
      ]
    ],
    "description": "一个被挖空的坦克机器人，用汽车零件和可疑的线路整修过。这门大炮已被一个快速射击的气动锤所取代。",
    "flags": [
      "SEES",
      "HEARS",
      "GOODHEARING",
      "NOHEAD",
      "BASHES",
      "DESTROYS",
      "NO_BREATHE",
      "ELECTRONIC"
    ]
  },
  {
    "type": "MONSTER",
    "id": "mon_cleaner_bot",
    "name": {
      "str": "清洁机器人"
    },
    "species": "ROBOT",
    "default_faction": "rigged_bot",
    "symbol": "R",
    "color": "light_green",
    "material": [
      "steel"
    ],
    "diff": 10,
    "aggression": 100,
    "morale": 100,
    "speed": 70,
    "melee_skill": 0,
    "melee_dice": 0,
    "melee_dice_sides": 0,
    "melee_cut": 0,
    "dodge": 0,
    "armor_bash": 10,
    "armor_cut": 10,
    "vision_day": 10,
    "vision_night": 5,
    "hp": 100,
    "special_attacks": [
      [
        "ACID_BARF",
        22
      ]
    ],
    "special_when_hit": [
      "ACIDSPLASH",
      100
    ],
    "death_function": [
      "BROKEN"
    ],
    "description": "一个被打捞上来的装有二手电路和管道的危险品机器人。它通过从内部锅炉喷射腐蚀性液体进行清洁。虽然不是为了战斗，但它可以有效地燃烧敌人。",
    "flags": [
      "SEES",
      "HEARS",
      "BASHES",
      "ELECTRONIC",
      "NO_BREATHE",
      "ACIDPROOF",
      "ACIDTRAIL"
    ]
  }
]