[
  {
    "type": "vehicle",
    "id": "robotic_taxi",
    "name": "聪明的出租车",
    "blueprint": [
      [
        "o--o"
      ],
      [
        "'&'#"
      ],
      [
        "'#'#"
      ],
      [
        "o+-o"
      ]
    ],
    "parts": [
      {
        "x": -1,
        "y": -1,
        "parts": [
          "frame_horizontal",
          "halfboard_sw",
          "wheel_mount_medium",
          "wheel"
        ]
      },
      {
        "x": -1,
        "y": 0,
        "parts": [
          "frame_horizontal",
          "windshield",
          "muffler"
        ]
      },
      {
        "x": -1,
        "y": 1,
        "parts": [
          "frame_horizontal",
          "windshield"
        ]
      },
      {
        "x": -1,
        "y": 2,
        "parts": [
          "frame_horizontal",
          "halfboard_se",
          "wheel_mount_medium",
          "wheel"
        ]
      },
      {
        "x": 0,
        "y": -1,
        "parts": [
          "frame_vertical",
          "windshield"
        ]
      },
      {
        "x": 0,
        "y": 0,
        "parts": [
          "frame_vertical_2",
          "robot_controls",
          "omnicam",
          "tracker",
          "vehicle_clock",
          "horn_car",
          "roof"
        ]
      },
      {
        "x": 0,
        "y": 1,
        "parts": [
          "frame_vertical_2",
          "seat",
          "seatbelt",
          "roof"
        ]
      },
      {
        "x": 0,
        "y": 2,
        "parts": [
          "frame_vertical",
          "door"
        ]
      },
      {
        "x": 1,
        "y": -1,
        "parts": [
          "frame_vertical",
          "windshield"
        ]
      },
      {
        "x": 1,
        "y": 0,
        "parts": [
          "frame_horizontal",
          "windshield"
        ]
      },
      {
        "x": 1,
        "y": 1,
        "parts": [
          "frame_horizontal",
          "windshield"
        ]
      },
      {
        "x": 1,
        "y": 2,
        "parts": [
          "frame_vertical",
          "windshield"
        ]
      },
      {
        "x": 2,
        "y": -1,
        "parts": [
          "frame_nw",
          "halfboard_nw",
          "wheel_mount_medium_steerable",
          "wheel",
          "headlight"
        ]
      },
      {
        "x": 2,
        "y": 0,
        "parts": [
          "frame_horizontal",
          "halfboard_horizontal",
          "engine_electric",
          "storage_battery_mount",
          "storage_battery_removable",
          "solar_panel"
        ]
      },
      {
        "x": 2,
        "y": 1,
        "parts": [
          "frame_horizontal",
          "halfboard_horizontal",
          "storage_battery_mount",
          "storage_battery_removable",
          "solar_panel"
        ]
      },
      {
        "x": 2,
        "y": 2,
        "parts": [
          "frame_ne",
          "halfboard_ne",
          "wheel_mount_medium_steerable",
          "wheel",
          "headlight"
        ]
      }
    ]
  },
  {
    "type": "vehicle",
    "id": "robotic_bus",
    "name": "仿生公交车",
    "blueprint": [
      [
        "''O''''oO"
      ],
      [
        "'#####'#H"
      ],
      [
        "o.....'&>"
      ],
      [
        "'###.#'#H"
      ],
      [
        "''O'+''oO"
      ]
    ],
    "parts": [
      {
        "x": -6,
        "y": -1,
        "parts": [
          "frame_horizontal",
          "windshield"
        ]
      },
      {
        "x": -6,
        "y": 0,
        "parts": [
          "frame_horizontal",
          "windshield"
        ]
      },
      {
        "x": -6,
        "y": 1,
        "parts": [
          "frame_vertical",
          "halfboard_horizontal",
          "omnicam"
        ]
      },
      {
        "x": -6,
        "y": 2,
        "parts": [
          "frame_horizontal",
          "windshield"
        ]
      },
      {
        "x": -6,
        "y": 3,
        "parts": [
          "frame_horizontal",
          "windshield"
        ]
      },
      {
        "x": -5,
        "y": -1,
        "parts": [
          "frame_vertical",
          "windshield"
        ]
      },
      {
        "x": -5,
        "y": 0,
        "parts": [
          "frame_horizontal_2",
          "seat",
          "solar_panel",
          "roof"
        ]
      },
      {
        "x": -5,
        "y": 1,
        "parts": [
          "frame_vertical_2",
          "aisle_vertical",
          "roof"
        ]
      },
      {
        "x": -5,
        "y": 2,
        "parts": [
          "frame_horizontal_2",
          "seat",
          "solar_panel",
          "roof"
        ]
      },
      {
        "x": -5,
        "y": 3,
        "parts": [
          "frame_vertical",
          "windshield"
        ]
      },
      {
        "x": -4,
        "y": -1,
        "parts": [
          "frame_horizontal",
          "wheel_mount_medium",
          "wheel_wide",
          "windshield"
        ]
      },
      {
        "x": -4,
        "y": 0,
        "parts": [
          "frame_horizontal_2",
          "seat",
          "solar_panel",
          "roof"
        ]
      },
      {
        "x": -4,
        "y": 1,
        "parts": [
          "frame_vertical_2",
          "aisle_vertical",
          "roof"
        ]
      },
      {
        "x": -4,
        "y": 2,
        "parts": [
          "frame_horizontal_2",
          "seat",
          "solar_panel",
          "roof"
        ]
      },
      {
        "x": -4,
        "y": 3,
        "parts": [
          "frame_horizontal",
          "wheel_mount_medium",
          "wheel_wide",
          "windshield"
        ]
      },
      {
        "x": -3,
        "y": -1,
        "parts": [
          "frame_vertical",
          "windshield"
        ]
      },
      {
        "x": -3,
        "y": 0,
        "parts": [
          "frame_horizontal_2",
          "seat",
          "solar_panel",
          "roof"
        ]
      },
      {
        "x": -3,
        "y": 1,
        "parts": [
          "frame_vertical_2",
          "trunk_floor",
          "roof"
        ]
      },
      {
        "x": -3,
        "y": 2,
        "parts": [
          "frame_horizontal_2",
          "seat",
          "solar_panel",
          "roof"
        ]
      },
      {
        "x": -3,
        "y": 3,
        "parts": [
          "frame_vertical",
          "windshield"
        ]
      },
      {
        "x": -2,
        "y": -1,
        "parts": [
          "frame_vertical",
          "windshield"
        ]
      },
      {
        "x": -2,
        "y": 0,
        "parts": [
          "frame_horizontal_2",
          "seat",
          "solar_panel",
          "roof"
        ]
      },
      {
        "x": -2,
        "y": 1,
        "parts": [
          "frame_vertical_2",
          "aisle_vertical",
          "roof"
        ]
      },
      {
        "x": -2,
        "y": 2,
        "parts": [
          "frame_horizontal_2",
          "aisle_vertical",
          "roof",
          "solar_panel"
        ]
      },
      {
        "x": -2,
        "y": 3,
        "parts": [
          "frame_vertical",
          "door"
        ]
      },
      {
        "x": -1,
        "y": -1,
        "parts": [
          "frame_vertical",
          "windshield"
        ]
      },
      {
        "x": -1,
        "y": 0,
        "parts": [
          "frame_horizontal_2",
          "seat",
          "solar_panel",
          "roof"
        ]
      },
      {
        "x": -1,
        "y": 1,
        "parts": [
          "frame_vertical_2",
          "aisle_vertical",
          "roof"
        ]
      },
      {
        "x": -1,
        "y": 2,
        "parts": [
          "frame_horizontal_2",
          "seat",
          "solar_panel",
          "roof"
        ]
      },
      {
        "x": -1,
        "y": 3,
        "parts": [
          "frame_vertical",
          "windshield"
        ]
      },
      {
        "x": 0,
        "y": -1,
        "parts": [
          "frame_vertical",
          "windshield"
        ]
      },
      {
        "x": 0,
        "y": 0,
        "parts": [
          "frame_vertical_2",
          "roof",
          "windshield"
        ]
      },
      {
        "x": 0,
        "y": 1,
        "parts": [
          "frame_vertical_2",
          "windshield",
          "roof"
        ]
      },
      {
        "x": 0,
        "y": 2,
        "parts": [
          "frame_vertical_2",
          "windshield",
          "roof"
        ]
      },
      {
        "x": 0,
        "y": 3,
        "parts": [
          "frame_vertical",
          "windshield"
        ]
      },
      {
        "x": 1,
        "y": -1,
        "parts": [
          "frame_horizontal",
          "halfboard_vertical",
          "omnicam",
          "storage_battery_mount",
          "storage_battery_removable"
        ]
      },
      {
        "x": 1,
        "y": 0,
        "parts": [
          "frame_horizontal",
          "engine_electric_large",
          "solar_panel",
          "halfboard_horizontal_2"
        ]
      },
      {
        "x": 1,
        "y": 1,
        "parts": [
          "frame_horizontal",
          "robot_controls",
          "horn_car"
        ]
      },
      {
        "x": 1,
        "y": 2,
        "parts": [
          "frame_horizontal",
          "solar_panel",
          "halfboard_horizontal_2"
        ]
      },
      {
        "x": 1,
        "y": 3,
        "parts": [
          "frame_horizontal",
          "halfboard_vertical",
          "omnicam",
          "storage_battery_mount",
          "storage_battery_removable"
        ]
      },
      {
        "x": 2,
        "y": -1,
        "parts": [
          "frame_nw",
          "halfboard_nw",
          "wheel_mount_medium_steerable",
          "wheel_wide"
        ]
      },
      {
        "x": 2,
        "y": 0,
        "parts": [
          "frame_horizontal_2",
          "halfboard_horizontal_2",
          "headlight"
        ]
      },
      {
        "x": 2,
        "y": 1,
        "parts": [
          "frame_cover",
          "halfboard_cover"
        ]
      },
      {
        "x": 2,
        "y": 2,
        "parts": [
          "frame_horizontal_2",
          "halfboard_horizontal_2",
          "headlight"
        ]
      },
      {
        "x": 2,
        "y": 3,
        "parts": [
          "frame_ne",
          "halfboard_ne",
          "wheel_mount_medium_steerable",
          "wheel_wide"
        ]
      }
    ]
  },
  {
    "type": "vehicle",
    "id": "robotic_riot_control",
    "name": "特警安抚奶嘴",
    "blueprint": [
      [
        "OtO"
      ],
      [
        ">&>"
      ],
      [
        "OtO"
      ]
    ],
    "parts": [
      {
        "x": -1,
        "y": -1,
        "parts": [
          "frame_horizontal",
          "wheel_mount_light",
          "wheel_motorbike"
        ]
      },
      {
        "x": -1,
        "y": 0,
        "parts": [
          "frame_cover",
          "light_blue"
        ]
      },
      {
        "x": -1,
        "y": 1,
        "parts": [
          "frame_horizontal",
          "wheel_mount_light",
          "wheel_motorbike"
        ]
      },
      {
        "x": 0,
        "y": -1,
        "parts": [
          "frame_cover",
          "tank",
          "plating_steel"
        ]
      },
      {
        "x": 0,
        "y": 0,
        "parts": [
          "frame_vertical_2",
          "robot_controls"
        ]
      },
      {
        "x": 0,
        "y": 1,
        "parts": [
          "frame_cover",
          "tank",
          "plating_steel"
        ]
      },
      {
        "x": 1,
        "y": -1,
        "parts": [
          "frame_horizontal",
          "wheel_mount_light_steerable",
          "wheel_motorbike"
        ]
      },
      {
        "x": 1,
        "y": 0,
        "parts": [
          "frame_cover",
          "engine_electric",
          "storage_battery_mount",
          "storage_battery_removable",
          "light_red"
        ]
      },
      {
        "x": 1,
        "y": 1,
        "parts": [
          "frame_horizontal",
          "wheel_mount_light_steerable",
          "wheel_motorbike"
        ]
      }
    ]
  }
]