[
  {
    "type": "GENERIC",
    "id": "broken_pursuer_bot",
    "symbol": "%",
    "color": "green",
    "name": {
      "str": "破碎的追击者"
    },
    "category": "other",
    "description": "一架破碎的追击者无人驾驶飞机，现在失事了，一动不动。它可能会被掏空作为备件。",
    "price": "10 USD",
    "material": [
      "steel",
      "plastic"
    ],
    "weight": "102650 g",
    "volume": "30 L",
    "bashing": 4,
    "cutting": 4,
    "to_hit": -3
  },
  {
    "type": "GENERIC",
    "id": "broken_seeker_bot",
    "symbol": "%",
    "color": "green",
    "name": {
      "str": "破碎的探索者"
    },
    "category": "other",
    "description": "一架破碎的探索者无人机，现在已经倒在了地上，表面充满了裂纹。可以拆解得到部件。",
    "price": "10 USD",
    "material": [
      "steel",
      "plastic"
    ],
    "weight": "31520 g",
    "volume": "15 L",
    "bashing": 6,
    "cutting": 6,
    "to_hit": -3
  },
  {
    "type": "TOOL",
    "id": "bot_seeker",
    "symbol": ";",
    "color": "green",
    "name": {
      "str": "非活动导引头"
    },
    "category": "other",
    "description": "一种自动驾驶的无人机，用来寻找和消灭敌方战斗人员。它能在接近猎物前发射一发9毫米子弹。它当前处于非活动状态，但可以部署。",
    "price": "5000 USD",
    "material": [
      "steel",
      "plastic"
    ],
    "weight": "3520 g",
    "volume": "15 L",
    "bashing": 6,
    "cutting": 6,
    "to_hit": -3,
    "max_charges": 0,
    "initial_charges": 0,
    "charges_per_use": 0,
    "turns_per_charge": 0,
    "ammo": [
      "NULL"
    ],
    "use_action": {
      "type": "place_monster",
      "monster_id": "mon_seeker_bot",
      "difficulty": 6,
      "skills": [
        "electronics",
        "computer"
      ],
      "moves": 200,
      "place_randomly": true
    }
  },
  {
    "type": "GENERIC",
    "id": "broken_hunter_bot",
    "symbol": "%",
    "color": "green",
    "name": {
      "str": "破碎的猎人无人机"
    },
    "category": "other",
    "description": "一架破碎的猎手无人机，现在被烧毁并且失去了动力。可以拆解得到部件。",
    "price": "10 USD",
    "material": [
      "steel",
      "plastic"
    ],
    "weight": "62650 g",
    "volume": "30 L",
    "bashing": 4,
    "cutting": 4,
    "to_hit": -3
  },
  {
    "type": "TOOL",
    "id": "bot_hunter",
    "symbol": ";",
    "color": "green",
    "name": {
      "str": "无人机"
    },
    "category": "other",
    "description": "一种狗大小的军用无人机，用于追捕和消灭敌方战斗人员。它有一对带刺的下颚，可以防止猎物逃跑。它当前处于非活动状态，可以部署。",
    "price": "5000 USD",
    "material": [
      "steel",
      "plastic"
    ],
    "weight": "62650 g",
    "volume": "30 L",
    "bashing": 4,
    "cutting": 4,
    "to_hit": -3,
    "max_charges": 0,
    "initial_charges": 0,
    "charges_per_use": 0,
    "turns_per_charge": 0,
    "ammo": [
      "NULL"
    ],
    "use_action": {
      "type": "place_monster",
      "monster_id": "mon_hunter_bot",
      "difficulty": 6,
      "skills": [
        "electronics",
        "computer"
      ],
      "moves": 200
    }
  },
  {
    "type": "GENERIC",
    "id": "broken_chaser_bot",
    "symbol": "%",
    "color": "green",
    "name": {
      "str": "破碎的追逐者无人机"
    },
    "category": "other",
    "description": "一架破碎的无人机，现在被击碎并解除了武装。可以拆解得到部件。",
    "price": "10 USD",
    "material": [
      "steel",
      "plastic"
    ],
    "weight": "31520 g",
    "volume": "15 L",
    "bashing": 6,
    "cutting": 6,
    "to_hit": -3
  },
  {
    "type": "TOOL",
    "id": "bot_chaser",
    "symbol": ";",
    "color": "red",
    "name": {
      "str": "非活动追逐器"
    },
    "category": "other",
    "description": "一种无情的悬停无人驾驶飞机，旨在追击和消灭敌人的机器人。它能在接近猎物前发射3发0.50毫克的子弹。它当前处于非活动状态，可以部署。",
    "price": "5000 USD",
    "material": [
      "steel",
      "plastic"
    ],
    "weight": "3520 g",
    "volume": "15 L",
    "bashing": 6,
    "cutting": 6,
    "to_hit": -3,
    "max_charges": 0,
    "initial_charges": 0,
    "charges_per_use": 0,
    "turns_per_charge": 0,
    "ammo": [
      "NULL"
    ],
    "use_action": {
      "type": "place_monster",
      "monster_id": "mon_chaser_bot",
      "difficulty": 6,
      "skills": [
        "electronics",
        "computer"
      ],
      "moves": 200,
      "place_randomly": true
    }
  },
  {
    "type": "GENERIC",
    "id": "broken_manhack",
    "symbol": ",",
    "color": "light_green",
    "name": {
      "str": "飞锯无人机（损坏）"
    },
    "category": "other",
    "description": "破损的检修孔。它损坏得太厉害了，无法修复，但仍有可能被掏空作为备件。",
    "price": "10 USD",
    "material": [
      "aluminum",
      "plastic"
    ],
    "weight": "3213 g",
    "volume": "750 ml",
    "bashing": 6,
    "cutting": 6,
    "to_hit": -3
  },
  {
    "id": "bot_venomhack",
    "type": "TOOL",
    "symbol": ";",
    "color": "brown",
    "name": {
      "str": "非活动毒液黑客"
    },
    "description": "一架被改装成毒刺的雄蜂。巨型昆虫的毒刺被用来代替叶片。它当前处于非活动状态，可以部署。",
    "price": "600 USD",
    "material": [
      "aluminum",
      "plastic"
    ],
    "weight": "300 g",
    "volume": "250 ml",
    "bashing": 6,
    "cutting": 6,
    "to_hit": -3,
    "max_charges": 0,
    "initial_charges": 0,
    "charges_per_use": 0,
    "turns_per_charge": 0,
    "ammo": [
      "NULL"
    ],
    "use_action": {
      "type": "place_monster",
      "monster_id": "mon_venomhack",
      "difficulty": 4,
      "skills": [
        "electronics",
        "computer"
      ],
      "hostile_msg": "You misprogram the venomhack; it's hostile!",
      "friendly_msg": "The venomhack flies from your hand and begins dripping toxic chemicals.",
      "place_randomly": true,
      "moves": 60
    }
  },
  {
    "type": "GENERIC",
    "id": "broken_venomhack",
    "symbol": ",",
    "color": "light_green",
    "name": {
      "str": "飞锯无人机（损坏）"
    },
    "category": "other",
    "description": "一个损坏的飞锯无人机。已经严重损坏到无法修复的地步了。可以拆解得到部件。",
    "price": "10 USD",
    "material": [
      "aluminum",
      "plastic"
    ],
    "weight": "3213 g",
    "volume": "750 ml",
    "bashing": 6,
    "cutting": 6,
    "to_hit": -3
  },
  {
    "id": "bot_distractron",
    "type": "TOOL",
    "symbol": ";",
    "color": "yellow",
    "name": {
      "str": "吸引无人机（关）"
    },
    "description": "一个被匆忙改造成吸引注意力装置的无人机。它的主叶片已经被移除，使其失去了杀伤力，但也更难击中。为了进一步吸引注意力，还附加了装有大灾变前的民间音乐的MP3。它当前处于非活动状态，可以被激活部署。",
    "price": "600 USD",
    "material": [
      "aluminum",
      "plastic"
    ],
    "weight": "300 g",
    "volume": "250 ml",
    "bashing": 6,
    "cutting": 6,
    "to_hit": -3,
    "max_charges": 0,
    "initial_charges": 0,
    "charges_per_use": 0,
    "turns_per_charge": 0,
    "ammo": [
      "NULL"
    ],
    "use_action": {
      "type": "place_monster",
      "monster_id": "mon_distractron",
      "difficulty": 1,
      "skills": [
        "electronics",
        "computer"
      ],
      "hostile_msg": "You misprogram the distractron; it's hostile.",
      "friendly_msg": "The distractron flies from your hand and lights up.",
      "place_randomly": true,
      "moves": 60
    }
  },
  {
    "type": "GENERIC",
    "id": "broken_distractron",
    "symbol": ",",
    "color": "yellow",
    "name": {
      "str": "分心器断裂"
    },
    "category": "other",
    "description": "一个损坏的吸引无人机。已经严重损坏到无法修复的地步了。可以拆解得到部件。",
    "price": "10 USD",
    "material": [
      "aluminum",
      "plastic"
    ],
    "weight": "3213 g",
    "volume": "750 ml",
    "bashing": 6,
    "cutting": 6,
    "to_hit": -3
  },
  {
    "id": "bot_smokehack",
    "type": "TOOL",
    "symbol": ";",
    "color": "light_gray",
    "name": {
      "str": "非活动smokehack"
    },
    "description": "一辆检修车修修补补地撞上了一个正在飞行的烟雾发生器。它是一种低效武器，但提供了一个很好的烟幕。它当前处于非活动状态，可以部署。",
    "price": "600 USD",
    "material": [
      "aluminum",
      "plastic"
    ],
    "weight": "300 g",
    "volume": "250 ml",
    "bashing": 6,
    "cutting": 6,
    "to_hit": -3,
    "max_charges": 0,
    "initial_charges": 0,
    "charges_per_use": 0,
    "turns_per_charge": 0,
    "ammo": [
      "NULL"
    ],
    "use_action": {
      "type": "place_monster",
      "monster_id": "mon_smokehack",
      "difficulty": 1,
      "skills": [
        "electronics",
        "computer"
      ],
      "hostile_msg": "You misprogram the smokehack; it's hostile.",
      "friendly_msg": "The smokehack flies from your hand and ignites.",
      "place_randomly": true,
      "moves": 60
    }
  },
  {
    "type": "GENERIC",
    "id": "broken_eyebot",
    "symbol": "%",
    "color": "light_gray",
    "name": {
      "str": "眼球无人机（损坏）"
    },
    "category": "other",
    "description": "一个破碎的眼珠，现在倒下了，看不见了。它可以被切割成零件，也可以被操纵成一种新型机器人。",
    "price": "10 USD",
    "material": [
      "steel",
      "plastic"
    ],
    "weight": "31520 g",
    "volume": "15 L",
    "bashing": 6,
    "cutting": 6,
    "to_hit": -3
  },
  {
    "type": "GENERIC",
    "id": "broken_orb_bot",
    "symbol": "%",
    "color": "light_gray",
    "name": {
      "str": "破球机器人"
    },
    "category": "other",
    "description": "一个破碎的圆球机器人，现在黑暗无生命。它可以被修复或剥离到它的眼窝框架。",
    "price": "100 USD",
    "material": [
      "steel",
      "plastic"
    ],
    "weight": "31520 g",
    "volume": "15 L",
    "bashing": 6,
    "cutting": 6,
    "to_hit": -3
  },
  {
    "type": "TOOL",
    "id": "bot_orb_bot",
    "symbol": ";",
    "color": "yellow",
    "name": {
      "str": "非活动球体机器人"
    },
    "category": "other",
    "description": "一个用低级电子产品修补起来的色拉眼点。照相机已换成了强光泛光灯。它当前处于非活动状态，但可以部署。",
    "price": "500 USD",
    "material": [
      "steel",
      "plastic"
    ],
    "weight": "31520 g",
    "volume": "15 L",
    "bashing": 6,
    "cutting": 6,
    "to_hit": -3,
    "max_charges": 0,
    "initial_charges": 0,
    "charges_per_use": 0,
    "turns_per_charge": 0,
    "ammo": [
      "NULL"
    ],
    "use_action": {
      "type": "place_monster",
      "monster_id": "mon_orb_bot",
      "difficulty": 2,
      "skills": [
        "electronics",
        "computer"
      ],
      "moves": 100,
      "place_randomly": true
    }
  },
  {
    "type": "GENERIC",
    "id": "broken_skitterbot",
    "symbol": "%",
    "color": "blue",
    "name": {
      "str": "掠行机器人（损坏）"
    },
    "category": "other",
    "description": "一个坏掉的蹦极机器人，现在悲伤而一动不动。它可以被切割成零件，也可以被操纵成一种新型机器人。",
    "price": "10 USD",
    "material": [
      "steel",
      "plastic"
    ],
    "weight": "62650 g",
    "volume": "30 L",
    "bashing": 4,
    "cutting": 4,
    "to_hit": -3
  },
  {
    "type": "GENERIC",
    "id": "broken_skaterbot",
    "symbol": "%",
    "color": "blue",
    "name": {
      "str": "破溜冰鞋"
    },
    "category": "other",
    "description": "一只破溜冰鞋，现在已经筋疲力尽，一动不动。可以修复或剥离到它的跳跃机器人框架。",
    "price": "10 USD",
    "material": [
      "steel",
      "plastic"
    ],
    "weight": "62650 g",
    "volume": "30 L",
    "bashing": 4,
    "cutting": 4,
    "to_hit": -3
  },
  {
    "type": "TOOL",
    "id": "bot_skaterbot",
    "symbol": ";",
    "color": "blue",
    "name": {
      "str": "不活动滑板"
    },
    "category": "other",
    "description": "一个被打捞上来的用消费级电子产品重新布线的跳跃机器人。小轮子被卡在昆虫般的腿上。它处于非活动状态，但可以部署。",
    "price": "10 USD",
    "material": [
      "steel",
      "plastic"
    ],
    "weight": "62650 g",
    "volume": "30 L",
    "bashing": 4,
    "cutting": 4,
    "to_hit": -3,
    "max_charges": 0,
    "initial_charges": 0,
    "charges_per_use": 0,
    "turns_per_charge": 0,
    "ammo": [
      "NULL"
    ],
    "use_action": {
      "type": "place_monster",
      "monster_id": "mon_skaterbot",
      "difficulty": 6,
      "skills": [
        "electronics",
        "computer"
      ],
      "hostile_msg": "You misprogram the skaterbot; it's hostile.",
      "friendly_msg": "The skaterbot spins its wheels and emits a cascade of sparks.",
      "moves": 200
    }
  },
  {
    "type": "GENERIC",
    "id": "broken_copbot",
    "symbol": "%",
    "color": "blue",
    "name": {
      "str": "警用机器人（损坏）"
    },
    "category": "other",
    "description": "一个坏了的警察机器人，现在被压坏了，脏兮兮的。它可以被切割成零件，也可以被操纵成一种新型机器人。",
    "price": "300 USD",
    "material": [
      "steel",
      "plastic"
    ],
    "weight": "140000 g",
    "volume": "62500 ml",
    "bashing": 6,
    "cutting": 6,
    "to_hit": -3
  },
  {
    "type": "GENERIC",
    "id": "broken_shockbot",
    "symbol": "%",
    "color": "light_blue",
    "name": {
      "str": "破碎的冲击机器人"
    },
    "category": "other",
    "description": "一个坏掉的电击机器人，现在已经无力了。它可以被修复或剥离到它的警察机器人框架。",
    "price": "300 USD",
    "material": [
      "steel",
      "plastic"
    ],
    "weight": "140000 g",
    "volume": "62500 ml",
    "bashing": 6,
    "cutting": 6,
    "to_hit": -3
  },
  {
    "type": "TOOL",
    "id": "bot_shockbot",
    "symbol": ";",
    "color": "light_blue",
    "name": {
      "str": "非活动shockbot"
    },
    "category": "other",
    "description": "一个被打捞上来的警察机器人，用旧电路板和汽车电池修补过。上面覆盖着带电的铁丝网，还有一个临时的电击枪。它当前处于非活动状态，可以部署。",
    "price": "3000 USD",
    "flags": [
      "RADIO_ACTIVATION",
      "RADIOSIGNAL_3"
    ],
    "material": [
      "steel",
      "plastic"
    ],
    "weight": "140000 g",
    "volume": "62500 ml",
    "bashing": 6,
    "cutting": 6,
    "to_hit": -3,
    "max_charges": 0,
    "initial_charges": 0,
    "charges_per_use": 0,
    "turns_per_charge": 0,
    "ammo": [
      "NULL"
    ],
    "use_action": {
      "type": "place_monster",
      "monster_id": "mon_shockbot",
      "difficulty": 2,
      "skills": [
        "electronics",
        "computer"
      ],
      "hostile_msg": "You misprogram the shockbot!",
      "friendly_msg": "The shockbot emits a low electric hum and begins to amble about.",
      "place_randomly": true,
      "moves": 200
    }
  },
  {
    "type": "GENERIC",
    "id": "broken_riotbot",
    "symbol": "%",
    "color": "blue",
    "name": {
      "str": "防暴机器人（损坏）"
    },
    "category": "other",
    "description": "一个坏掉的防暴机器人，现在已经变形没有气体了。它可以被切割成零件，也可以被操纵成一种新型机器人。",
    "price": "300 USD",
    "material": [
      "steel",
      "plastic"
    ],
    "weight": "140000 g",
    "volume": "62500 ml",
    "bashing": 6,
    "cutting": 6,
    "to_hit": -3
  },
  {
    "type": "GENERIC",
    "id": "broken_solar_bot",
    "symbol": "%",
    "color": "yellow",
    "name": {
      "str": "破损的太阳能机器人"
    },
    "category": "other",
    "description": "一个破碎的太阳能机器人，现在又黑又碎。它可以被修复或剥离到原来的框架。",
    "price": "300 USD",
    "material": [
      "steel",
      "plastic"
    ],
    "weight": "140000 g",
    "volume": "62500 ml",
    "bashing": 6,
    "cutting": 6,
    "to_hit": -3
  },
  {
    "type": "TOOL",
    "id": "bot_solar_bot",
    "symbol": ";",
    "color": "yellow",
    "name": {
      "str": "非活动太阳能机器人"
    },
    "category": "other",
    "description": "一个被打捞上来的防暴机器人笨拙地和一个实验性的激光炮塔焊接在一起。船体上覆盖着一层太阳能电池和闪烁的LED灯。它当前处于非活动状态，可以部署。",
    "price": "3000 USD",
    "flags": [
      "RADIO_ACTIVATION",
      "RADIOSIGNAL_3"
    ],
    "material": [
      "steel",
      "plastic"
    ],
    "weight": "140000 g",
    "volume": "62500 ml",
    "bashing": 6,
    "cutting": 6,
    "to_hit": -3,
    "max_charges": 0,
    "initial_charges": 0,
    "charges_per_use": 0,
    "turns_per_charge": 0,
    "ammo": [
      "NULL"
    ],
    "use_action": {
      "type": "place_monster",
      "monster_id": "mon_solar_bot",
      "difficulty": 2,
      "skills": [
        "electronics",
        "computer"
      ],
      "hostile_msg": "You misprogram the solar bot; it's hostile!",
      "friendly_msg": "The solar bot's lights flicker on as it boots up successfully.",
      "place_randomly": true,
      "moves": 200
    }
  },
  {
    "type": "GENERIC",
    "id": "broken_secubot",
    "symbol": "%",
    "color": "blue",
    "name": {
      "str": "安全机器人（损坏）"
    },
    "category": "other",
    "description": "一个坏掉的安全机器人，现在已经破产了，束手无策。它可以被切割成零件，也可以被操纵成一种新型机器人。",
    "price": "300 USD",
    "material": [
      "steel",
      "plastic"
    ],
    "weight": "140000 g",
    "volume": "62500 ml",
    "bashing": 6,
    "cutting": 6,
    "to_hit": -3
  },
  {
    "type": "GENERIC",
    "id": "broken_killbot",
    "symbol": "%",
    "color": "red",
    "name": {
      "str": "残破的杀手"
    },
    "category": "other",
    "description": "一个破碎的杀手，现在平静而平静。它可以被修复或剥离到它的安全框架。",
    "price": "300 USD",
    "material": [
      "steel",
      "plastic"
    ],
    "weight": "140000 g",
    "volume": "62500 ml",
    "bashing": 6,
    "cutting": 6,
    "to_hit": -3
  },
  {
    "type": "TOOL",
    "id": "bot_killbot",
    "symbol": ";",
    "color": "red",
    "name": {
      "str": "非活动killbot"
    },
    "category": "other",
    "description": "一个被打捞上来的安全机器人被改造成一个笨重的破坏引擎。额外的一层钢铠甲和一对链锯已经焊接到底盘上。它当前处于非活动状态，但可以部署。",
    "price": "3000 USD",
    "material": [
      "steel",
      "plastic"
    ],
    "weight": "140000 g",
    "flags": [
      "RADIO_ACTIVATION",
      "RADIOSIGNAL_3"
    ],
    "volume": "62500 ml",
    "bashing": 6,
    "cutting": 6,
    "to_hit": -3,
    "max_charges": 0,
    "initial_charges": 0,
    "charges_per_use": 0,
    "turns_per_charge": 0,
    "ammo": [
      "NULL"
    ],
    "use_action": {
      "type": "place_monster",
      "monster_id": "mon_killbot",
      "difficulty": 2,
      "skills": [
        "electronics",
        "computer"
      ],
      "hostile_msg": "You misprogram the killbot! That ain't good.",
      "friendly_msg": "The killbot comes online and spins it chansaws in anticipation.",
      "place_randomly": true,
      "moves": 200
    }
  },
  {
    "type": "GENERIC",
    "id": "broken_chickenbot",
    "symbol": "%",
    "color": "red",
    "name": {
      "str": "双足机器人（损坏）"
    },
    "category": "other",
    "description": "一个断断续续的遛鸡人，现在无头了，被打败了。它可以被切割成零件，也可以被操纵成一种新型机器人。",
    "price": "100 USD",
    "material": [
      "steel",
      "plastic"
    ],
    "weight": "430000 g",
    "volume": "187500 ml",
    "bashing": 10,
    "cutting": 6,
    "to_hit": -2
  },
  {
    "type": "GENERIC",
    "id": "broken_murder_bot",
    "symbol": "%",
    "color": "red",
    "name": {
      "str": "破碎的杀人机器"
    },
    "category": "other",
    "description": "一台坏了的杀人机器，现在又安静又残破了。它可以被修复或剥离到原来的框架。",
    "price": "100 USD",
    "material": [
      "steel",
      "plastic"
    ],
    "weight": "430000 g",
    "volume": "187500 ml",
    "bashing": 10,
    "cutting": 6,
    "to_hit": -2
  },
  {
    "type": "TOOL",
    "id": "bot_murder_bot",
    "symbol": ";",
    "color": "red",
    "name": {
      "str": "非活动杀人机器"
    },
    "category": "other",
    "description": "一个回收的二足步行载具，拼凑成一个蹒跚而行的战斗机器人，这看起来挺可怕但实战起来不是很有效。它当前处于非活动状态，准备好被部署。",
    "price": "3000 USD",
    "flags": [
      "RADIO_ACTIVATION",
      "RADIOSIGNAL_3"
    ],
    "material": [
      "steel",
      "plastic"
    ],
    "weight": "430000 g",
    "volume": "187500 ml",
    "bashing": 10,
    "cutting": 6,
    "to_hit": -2,
    "max_charges": 0,
    "initial_charges": 0,
    "charges_per_use": 0,
    "turns_per_charge": 0,
    "ammo": [
      "NULL"
    ],
    "use_action": {
      "type": "place_monster",
      "monster_id": "mon_murder_bot",
      "difficulty": 4,
      "skills": [
        "electronics",
        "computer"
      ],
      "hostile_msg": "You misprogram the murder machine; it wants to murder you!",
      "friendly_msg": "The murder machine comes to life.",
      "place_randomly": true,
      "moves": 200
    }
  },
  {
    "type": "GENERIC",
    "id": "broken_tankbot",
    "symbol": "%",
    "color": "red",
    "name": {
      "str": "坦克无人机（损坏）"
    },
    "category": "other",
    "description": "一架破坦克，躺在一堆扭曲的金属里。它可以被切割成零件，也可以被操纵成一种新型机器人。",
    "price": "100 USD",
    "material": [
      "steel",
      "plastic"
    ],
    "weight": "1223850 g",
    "volume": "875 L",
    "bashing": 20,
    "cutting": 15,
    "to_hit": -3
  },
  {
    "type": "GENERIC",
    "id": "broken_droidnaught",
    "symbol": "%",
    "color": "red",
    "name": {
      "str": "破机器人"
    },
    "category": "other",
    "description": "坏掉的机器人。它可以被修理或剥离到它的油箱框架。",
    "price": "100 USD",
    "material": [
      "steel",
      "plastic"
    ],
    "weight": "1223850 g",
    "volume": "875 L",
    "bashing": 20,
    "cutting": 15,
    "to_hit": -3
  },
  {
    "type": "TOOL",
    "id": "bot_droidnaught",
    "symbol": ";",
    "color": "red",
    "name": {
      "str": "气锤无人机（关）"
    },
    "category": "other",
    "description": "一个被挖空的坦克机器人，用汽车零件和可疑的线路整修过。这门大炮已被一个快速射击的气动锤所取代。它当前处于非活动状态，可以部署。",
    "price": "10000 USD",
    "flags": [
      "RADIO_ACTIVATION",
      "RADIOSIGNAL_3"
    ],
    "material": [
      "steel",
      "plastic"
    ],
    "weight": "1223850 g",
    "volume": "875 L",
    "bashing": 20,
    "cutting": 15,
    "to_hit": -3,
    "max_charges": 0,
    "initial_charges": 0,
    "charges_per_use": 0,
    "turns_per_charge": 0,
    "ammo": [
      "NULL"
    ],
    "use_action": {
      "type": "place_monster",
      "monster_id": "mon_droidnaught",
      "difficulty": 6,
      "skills": [
        "electronics",
        "computer"
      ],
      "hostile_msg": "You have made a very serious mistake. The droidnaught is now hostile.",
      "friendly_msg": "The droidnaught revs its engines as its systems comes online.",
      "place_randomly": true,
      "moves": 200
    }
  },
  {
    "type": "GENERIC",
    "id": "broken_hazmatbot",
    "symbol": "%",
    "color": "blue",
    "name": {
      "str": "防化机器人（损坏）"
    },
    "category": "other",
    "description": "一个坏了的防化机器人，现在已经被打坏并污染了。它可以被切割成零件，也可以被从新组装成一种新型机器人。",
    "price": "100 USD",
    "material": [
      "steel",
      "plastic"
    ],
    "weight": "140000 g",
    "volume": "62500 ml",
    "bashing": 6,
    "cutting": 6,
    "to_hit": -3
  },
  {
    "type": "GENERIC",
    "id": "broken_cleaner_bot",
    "symbol": "%",
    "color": "light_green",
    "name": {
      "str": "坏的清洁器机器人"
    },
    "category": "other",
    "description": "一个坏了的清洁机器人，现在已经腐蚀和肮脏了。它可以被修复或剥离到它的危险品机器人框架。",
    "price": "300 USD",
    "material": [
      "steel",
      "plastic"
    ],
    "weight": "140000 g",
    "volume": "62500 ml",
    "bashing": 6,
    "cutting": 6,
    "to_hit": -3
  },
  {
    "type": "TOOL",
    "id": "bot_cleaner_bot",
    "symbol": ";",
    "color": "light_green",
    "name": {
      "str": "清洁机器人（关）"
    },
    "category": "other",
    "description": "一个被打捞上来的装有二手电路和管道的危险品机器人。它通过在一个区域喷洒来自内部锅炉的腐蚀性液体进行清洁。它当前处于非活动状态，正在等待部署。",
    "price": "1000 USD",
    "flags": [
      "RADIO_ACTIVATION",
      "RADIOSIGNAL_3"
    ],
    "material": [
      "steel",
      "plastic"
    ],
    "weight": "100000 g",
    "volume": "62500 ml",
    "bashing": 6,
    "cutting": 6,
    "to_hit": -3,
    "max_charges": 0,
    "initial_charges": 0,
    "charges_per_use": 0,
    "turns_per_charge": 0,
    "ammo": [
      "NULL"
    ],
    "use_action": {
      "type": "place_monster",
      "monster_id": "mon_cleaner_bot",
      "difficulty": 2,
      "skills": [
        "electronics",
        "computer"
      ],
      "hostile_msg": "You misprogram the cleaner bot!",
      "friendly_msg": "The cleanerbot charges up and begins bubbling over with noxious chemicals.",
      "place_randomly": true,
      "moves": 200
    }
  }
]