[
  {
    "type": "vehicle_group",
    "id": "city_wrecks",
    "vehicles": [
      [
        "robotic_taxi",
        200
      ],
      [
        "robotic_bus",
        200
      ]
    ]
  },
  {
    "type": "vehicle_group",
    "id": "city_parked",
    "vehicles": [
      [
        "robotic_taxi",
        600
      ],
      [
        "robotic_bus",
        200
      ],
      [
        "robotic_riot_control",
        100
      ]
    ]
  },
  {
    "type": "vehicle_group",
    "id": "city_pileup",
    "vehicles": [
      [
        "robotic_taxi",
        2000
      ],
      [
        "robotic_taxi",
        2000
      ]
    ]
  },
  {
    "type": "vehicle_group",
    "id": "highway",
    "vehicles": [
      [
        "robotic_taxi",
        1000
      ],
      [
        "robotic_bus",
        1000
      ]
    ]
  },
  {
    "type": "vehicle_group",
    "id": "suburban_home",
    "vehicles": [
      [
        "robotic_riot_control",
        100
      ]
    ]
  }
]