[
  {
    "type": "monstergroup",
    "name": "GROUP_LAB",
    "default": "mon_zombie_scientist",
    "monsters": [
      {
        "monster": "mon_blob_small",
        "freq": 25,
        "cost_multiplier": 0,
        "pack_size": [
          1,
          4
        ]
      },
      {
        "monster": "mon_manhack",
        "freq": 200,
        "cost_multiplier": 0
      },
      {
        "monster": "mon_manhack",
        "freq": 45,
        "cost_multiplier": 0,
        "pack_size": [
          2,
          3
        ]
      },
      {
        "monster": "mon_skitterbot",
        "freq": 85,
        "cost_multiplier": 0
      },
      {
        "monster": "mon_skitterbot",
        "freq": 85,
        "cost_multiplier": 0,
        "pack_size": [
          2,
          3
        ]
      },
      {
        "monster": "mon_skitterbot",
        "freq": 1,
        "cost_multiplier": 0,
        "pack_size": [
          8,
          12
        ]
      },
      {
        "monster": "mon_zombie_hazmat",
        "freq": 100,
        "cost_multiplier": 0
      },
      {
        "monster": "mon_zombie_bio_op",
        "freq": 50,
        "cost_multiplier": 5
      },
      {
        "monster": "mon_zombie_armored",
        "freq": 5,
        "cost_multiplier": 5
      },
      {
        "monster": "mon_skitterbot",
        "freq": 85,
        "cost_multiplier": 0,
        "pack_size": [
          2,
          3
        ]
      },
      {
        "monster": "mon_seeker_bot",
        "freq": 50,
        "cost_multiplier": 5
      },
      {
        "monster": "mon_hunter_bot",
        "freq": 50,
        "cost_multiplier": 0,
        "pack_size": [
          3,
          4
        ]
      },
      {
        "monster": "mon_pursuer_bot",
        "freq": 50,
        "cost_multiplier": 0
      },
      {
        "monster": "mon_chaser_bot",
        "freq": 50,
        "cost_multiplier": 5
      }
    ]
  },
  {
    "type": "monstergroup",
    "name": "GROUP_ICE_LAB",
    "default": "mon_zombie_scientist",
    "monsters": [
      {
        "monster": "mon_blob_small",
        "freq": 25,
        "cost_multiplier": 0,
        "pack_size": [
          1,
          4
        ]
      },
      {
        "monster": "mon_manhack",
        "freq": 200,
        "cost_multiplier": 0
      },
      {
        "monster": "mon_manhack",
        "freq": 45,
        "cost_multiplier": 0,
        "pack_size": [
          2,
          3
        ]
      },
      {
        "monster": "mon_skitterbot",
        "freq": 100,
        "cost_multiplier": 0
      },
      {
        "monster": "mon_skitterbot",
        "freq": 145,
        "cost_multiplier": 0,
        "pack_size": [
          2,
          3
        ]
      },
      {
        "monster": "mon_zombie_hazmat",
        "freq": 100,
        "cost_multiplier": 0
      },
      {
        "monster": "mon_zombie_bio_op",
        "freq": 50,
        "cost_multiplier": 5
      },
      {
        "monster": "mon_zombie_armored",
        "freq": 5,
        "cost_multiplier": 5
      },
      {
        "monster": "mon_seeker_bot",
        "freq": 50,
        "cost_multiplier": 5
      },
      {
        "monster": "mon_hunter_bot",
        "freq": 50,
        "cost_multiplier": 0,
        "pack_size": [
          3,
          4
        ]
      },
      {
        "monster": "mon_pursuer_bot",
        "freq": 50,
        "cost_multiplier": 0
      },
      {
        "monster": "mon_chaser_bot",
        "freq": 50,
        "cost_multiplier": 5
      }
    ]
  }
]