[
  {
    "type": "profession",
    "id": "robotics_intern",
    "name": "机器人实习生",
    "description": "经过几个月的在线课程，你终于得到了你在机器人领域的第一个实习机会。不幸的是，灾难结束了你的生活。",
    "points": 3,
    "CBMs": [
      "bio_batteries",
      "bio_power_storage",
      "bio_remote"
    ],
    "skills": [
      {
        "level": 2,
        "name": "mechanics"
      },
      {
        "level": 2,
        "name": "computer"
      },
      {
        "level": 2,
        "name": "electronics"
      }
    ],
    "items": {
      "both": [
        "jumpsuit",
        "socks",
        "sneakers",
        "tool_belt",
        "eink_tablet_pc"
      ],
      "male": [
        "briefs"
      ],
      "female": [
        "bra",
        "panties"
      ]
    }
  }
]