[
  {
    "type": "MONSTER",
    "id": "mon_secubot",
    "name": {
      "str": "保安机器人"
    },
    "species": "ROBOT",
    "default_faction": "defense_bot",
    "symbol": "R",
    "color": "dark_gray",
    "material": [
      "steel"
    ],
    "diff": 19,
    "aggression": 100,
    "morale": 100,
    "speed": 70,
    "melee_skill": 0,
    "melee_dice": 0,
    "melee_dice_sides": 0,
    "melee_cut": 0,
    "dodge": 0,
    "armor_bash": 14,
    "armor_cut": 14,
    "vision_day": 50,
    "death_drops": {
      "groups": [
        [
          "robots",
          4
        ]
      ]
    },
    "hp": 80,
    "death_function": "BROKEN",
    "starting_ammo": {
      "9mm": 100
    },
    "special_attacks": [
      {
        "type": "gun",
        "cooldown": 3,
        "move_cost": 150,
        "gun_type": "hk_mp5",
        "ammo_type": "9mm",
        "fake_skills": [
          [
            "gun",
            5
          ],
          [
            "smg",
            5
          ]
        ],
        "fake_dex": 12,
        "ranges": [
          [
            0,
            14,
            "DEFAULT"
          ]
        ],
        "require_targeting_npc": true,
        "require_targeting_monster": true,
        "laser_lock": false,
        "targeting_cost": 400,
        "targeting_timeout_extend": -10,
        "targeting_sound": "\"Hostile detected.\"",
        "targeting_volume": 20,
        "no_ammo_sound": "叮！"
      }
    ],
    "description": "诺斯罗普守望者X-1是装甲战斗机器人的生产系列。它最初是为军事巡逻和护送服务而设计的，在一套液压踏板上滚动，并配备了twins 冲锋枪。",
    "flags": [
      "SEES",
      "HEARS",
      "BASHES",
      "ATTACKMON",
      "ELECTRONIC",
      "NO_BREATHE"
    ]
  },
  {
    "type": "MONSTER",
    "id": "mon_hazmatbot",
    "name": {
      "str": "防化机器人"
    },
    "species": "ROBOT",
    "default_faction": "utility_bot",
    "symbol": "R",
    "color": "green",
    "material": [
      "steel"
    ],
    "diff": 2,
    "aggression": 0,
    "morale": 100,
    "speed": 70,
    "melee_skill": 2,
    "melee_dice": 0,
    "melee_dice_sides": 0,
    "melee_cut": 0,
    "dodge": 0,
    "armor_bash": 10,
    "armor_cut": 12,
    "vision_day": 50,
    "hp": 120,
    "death_function": "BROKEN",
    "description": "“福特清洁者”，一种被设计与在危险的情况下清除废弃物的机器人。",
    "flags": [
      "SEES",
      "HEARS",
      "BASHES",
      "ELECTRONIC",
      "NO_BREATHE"
    ]
  },
  {
    "type": "MONSTER",
    "id": "mon_chickenbot",
    "name": {
      "str": "双足机器人"
    },
    "species": "ROBOT",
    "default_faction": "military",
    "symbol": "R",
    "color": "red",
    "material": [
      "steel"
    ],
    "diff": 32,
    "aggression": 100,
    "morale": 100,
    "speed": 115,
    "melee_skill": 3,
    "melee_dice": 3,
    "melee_dice_sides": 3,
    "melee_cut": 0,
    "dodge": 0,
    "armor_bash": 18,
    "armor_cut": 14,
    "vision_day": 50,
    "death_drops": {
      "groups": [
        [
          "robots",
          4
        ]
      ]
    },
    "hp": 90,
    "death_function": "BROKEN",
    "special_attacks": [
      [
        "CHICKENBOT",
        4
      ]
    ],
    "starting_ammo": {
      "556": 1000,
      "40x46mm_m433": 100
    },
    "description": "一架诺斯罗普ATSV型自行机器人，一种巨大的重型全装甲机器人，使用反关节机械腿行走，配备40MM反车辆手榴弹发射器和5.56反步兵枪，并且有足够的生存能力，是一种高效的自动哨兵，由于法律纠纷所以产量有限。",
    "flags": [
      "SEES",
      "HEARS",
      "BASHES",
      "NO_BREATHE",
      "ELECTRONIC"
    ]
  }
]