[
  {
    "type": "mod_tileset",
    "compatibility": [
      "Chibi_Ultica",
      "UltimateCataclysm",
      "MshockXottoplus",
      "UNDEAD_PEOPLE",
      "UNDEAD_PEOPLE_BASE",
      "UNDEAD_PEOPLE_LEGACY",
      "UlticaShell",
      "MshockXottoplus12",
      "MSX++DEAD_PEOPLE",
      "MXplus12_for_cosmetics"
    ],
    "tiles-new": [
      {
        "file": "Jury_Rigged_Robots_normal.png",
        "tiles": [
          {
            "id": "bg_shadow_item",
            "fg": 1,
            "rotates": false
          },
          {
            "id": "bg_shadow_normal",
            "fg": 2,
            "rotates": false
          },
          {
            "id": "broken_copbot",
            "fg": 3,
            "rotates": true
          },
          {
            "id": "broken_eyebot",
            "fg": 4,
            "bg": 1,
            "rotates": false
          },
          {
            "id": "broken_manhack",
            "fg": 5,
            "bg": 1
          },
          {
            "id": "broken_riotbot",
            "fg": 6,
            "rotates": true
          },
          {
            "id": "broken_secubot",
            "fg": 7,
            "rotates": true
          },
          {
            "id": "broken_skitterbot",
            "fg": 8,
            "rotates": false
          },
          {
            "id": "mon_hazmatbot",
            "fg": 9,
            "bg": 2,
            "rotates": false
          },
          {
            "id": "mon_secubot",
            "fg": 10,
            "bg": 2,
            "rotates": true
          },
          {
            "id": "mon_chaser_bot",
            "fg": 11,
            "bg": 2,
            "rotates": false
          },
          {
            "id": "mon_hunter_bot",
            "fg": 12,
            "bg": 2,
            "rotates": false
          },
          {
            "id": "mon_pursuer_bot",
            "fg": 13,
            "bg": 2,
            "rotates": false
          },
          {
            "id": "mon_seeker_bot",
            "fg": 14,
            "bg": 2,
            "rotates": false
          },
          {
            "id": "mon_cleaner_bot",
            "fg": 15,
            "bg": 2,
            "rotates": false
          },
          {
            "id": "mon_distractron",
            "fg": 16,
            "bg": 2,
            "rotates": true
          },
          {
            "id": "mon_killbot",
            "fg": 17,
            "bg": 2,
            "rotates": true
          },
          {
            "id": "mon_orb_bot",
            "fg": 18,
            "bg": 2,
            "rotates": false
          },
          {
            "id": "mon_shockbot",
            "fg": 19,
            "bg": 2,
            "rotates": true
          },
          {
            "id": "mon_skaterbot",
            "fg": 20,
            "bg": 2,
            "rotates": false
          },
          {
            "id": "mon_smokehack",
            "fg": 21,
            "bg": 2,
            "rotates": true
          },
          {
            "id": "mon_venomhack",
            "fg": 22,
            "bg": 2,
            "rotates": true
          }
        ],
        "//": "range 1 to 32",
        "sprite_width": 32,
        "sprite_height": 32,
        "sprite_offset_x": 0,
        "sprite_offset_y": 0
      },
      {
        "file": "Jury_Rigged_Robots_large.png",
        "tiles": [
          {
            "id": "broken_tankbot",
            "fg": 33,
            "rotates": false
          },
          {
            "id": "mon_droidnaught",
            "fg": 34,
            "rotates": false
          },
          {
            "id": "mon_murder_bot",
            "fg": 35,
            "rotates": false
          }
        ],
        "//": "range 33 to 48",
        "sprite_width": 64,
        "sprite_height": 80,
        "sprite_offset_x": -16,
        "sprite_offset_y": -48
      }
    ]
  }
]