[
  {
    "id": "recipe_guns",
    "type": "BOOK",
    "name": {
      "str": "枪手的导师",
      "str_pl": "枪手的导师"
    },
    "description": "一本关于自制枪械的大书。这本书的背面吹嘘它是如何“在加利福尼亚和其他大多数国家被禁止的”。这本书涵盖了枪械制造的每一个步骤，包括通常由机器制造的零件，以及如何手工制造。前面有一个冗长的关于枪支法的免责声明，但是现在没有警察因为你违反枪支法而逮捕你。",
    "weight": "1454 g",
    "volume": "1500 ml",
    "price": "120 USD",
    "material": [
      "paper"
    ],
    "symbol": "?",
    "color": "blue",
    "skill": "fabrication",
    "required_level": 3,
    "max_level": 7,
    "intelligence": 9,
    "time": 30
  }
]