[
  {
    "id": "makeshift_smg_pack",
    "type": "GENERIC",
    "symbol": ")",
    "color": "brown",
    "name": {
      "str": "手工贴片包装",
      "str_pl": "手工冲锋枪包"
    },
    "category": "other",
    "description": "从零开始制造冲锋枪的完整工具。在全国范围内受到严格监管。",
    "price": "4635 USD",
    "weight": "8932 g",
    "volume": "4500 ml",
    "to_hit": -2,
    "material": [
      "wood",
      "steel"
    ]
  },
  {
    "id": "makeshift_revolver_pack",
    "type": "GENERIC",
    "symbol": ")",
    "color": "brown",
    "name": {
      "str": "手工手枪步枪包",
      "str_pl": "手工左轮手枪步枪包"
    },
    "category": "other",
    "description": "左轮手枪的成套零件。当你想在一个充满敌意的边疆生活时，这是完美的选择。看看，这就是现在的世界，不是吗？",
    "price": "4635 USD",
    "weight": "8932 g",
    "volume": "4500 ml",
    "to_hit": -2,
    "material": [
      "wood",
      "steel"
    ]
  },
  {
    "id": "makeshift_lever_pack",
    "type": "GENERIC",
    "symbol": ")",
    "color": "brown",
    "name": {
      "str": "手工杠杆动作包",
      "str_pl": "手工杠杆动作包"
    },
    "category": "other",
    "description": "制造杠杆式步枪的成套零件。非常适合有抱负的牛仔！",
    "price": "4635 USD",
    "weight": "8932 g",
    "volume": "4500 ml",
    "to_hit": -2,
    "material": [
      "wood",
      "steel"
    ]
  },
  {
    "id": "makeshift_bolt_pack",
    "type": "GENERIC",
    "symbol": ")",
    "color": "brown",
    "name": {
      "str": "手工霰弹动作包",
      "str_pl": "手工霰弹动作包"
    },
    "category": "other",
    "description": "完美的手工工具，为想远距离杀人的人准备。",
    "price": "4635 USD",
    "weight": "8932 g",
    "volume": "4500 ml",
    "to_hit": -2,
    "material": [
      "wood",
      "steel"
    ]
  },
  {
    "id": "makeshift_pump_pack",
    "type": "GENERIC",
    "symbol": ")",
    "color": "brown",
    "name": {
      "str": "手工泵动作包",
      "str_pl": "手工泵动作包"
    },
    "category": "other",
    "description": "一套自制的泵动猎枪。通常在穷乡僻壤的城镇出售，卖给那些想以自己的手杖为荣的乡巴佬。",
    "price": "4635 USD",
    "weight": "8932 g",
    "volume": "4500 ml",
    "to_hit": -2,
    "material": [
      "wood",
      "steel"
    ]
  },
  {
    "id": "makeshift_gatling_pack",
    "type": "GENERIC",
    "symbol": ")",
    "color": "brown",
    "name": {
      "str": "自制加特林枪包",
      "str_pl": "自制加特林枪包"
    },
    "category": "other",
    "description": "这束受到严格管制的欢乐包含了制造一把临时关灯所必需的零件。",
    "price": "4635 USD",
    "weight": "8932 g",
    "volume": "9 L",
    "to_hit": -2,
    "material": [
      "wood",
      "steel"
    ]
  }
]