[
  {
    "type": "GENERIC",
    "id": "gun_reciever_part",
    "symbol": "*",
    "color": "light_gray",
    "name": {
      "str": "火器接收器"
    },
    "description": "普通的火器接受器。你肯定它们的品种要比这个多，但这个似乎对任何东西都有用。哦，快乐的一天。",
    "material": [
      "steel"
    ],
    "weight": "158 g",
    "volume": "1 L",
    "bashing": 2,
    "to_hit": -1,
    "flags": [
      "TRADER_AVOID"
    ]
  },
  {
    "type": "GENERIC",
    "id": "cylinder_revolver_part",
    "symbol": "*",
    "color": "light_gray",
    "name": {
      "str": "左轮弹仓"
    },
    "description": "左轮手枪的弹仓。用于制造枪支。",
    "material": [
      "steel"
    ],
    "weight": "158 g",
    "volume": "250 ml",
    "bashing": 2,
    "to_hit": -1,
    "flags": [
      "TRADER_AVOID"
    ]
  },
  {
    "type": "GENERIC",
    "id": "barrel_rifled_short",
    "name": {
      "str": "短来复枪筒"
    },
    "description": "装枪的来复枪筒。理想的长度为冲锋枪或类似的紧凑型武器。",
    "category": "spare_parts",
    "weight": "625 g",
    "to_hit": 1,
    "color": "dark_gray",
    "symbol": "/",
    "material": [
      "steel"
    ],
    "volume": "500 ml",
    "bashing": 6,
    "price": "75 USD",
    "price_postapoc": 300
  },
  {
    "type": "GENERIC",
    "id": "barrel_rifled_long",
    "name": {
      "str": "长来复枪筒"
    },
    "description": "装枪的来复枪筒。步枪的理想长度。",
    "category": "spare_parts",
    "weight": "1250 g",
    "to_hit": 1,
    "color": "dark_gray",
    "symbol": "/",
    "material": [
      "steel"
    ],
    "volume": "1 L",
    "bashing": 12,
    "price": "75 USD",
    "price_postapoc": 300
  },
  {
    "type": "GENERIC",
    "id": "trigger_handmade_gun",
    "name": {
      "str": "自制触发机构"
    },
    "description": "自制的触发装置，用于制造武器。",
    "category": "spare_parts",
    "weight": "120 g",
    "volume": "250 ml",
    "price": "15 USD",
    "material": [
      "steel"
    ],
    "symbol": ":",
    "color": "dark_gray"
  },
  {
    "type": "GENERIC",
    "id": "mechanism_homemade_automatic",
    "name": {
      "str": "自动武器零件"
    },
    "description": "一套自制的零件，用于自动和半自动武器。",
    "category": "spare_parts",
    "weight": "120 g",
    "volume": "250 ml",
    "price": "15 USD",
    "material": [
      "steel"
    ],
    "symbol": ":",
    "color": "dark_gray"
  },
  {
    "type": "GENERIC",
    "id": "mechanism_homemade_pump",
    "name": {
      "str": "泵作用机构"
    },
    "description": "一种自制的泵，可以用来在散弹枪或步枪中进行下一轮射击。",
    "category": "spare_parts",
    "weight": "120 g",
    "volume": "250 ml",
    "price": "15 USD",
    "material": [
      "steel"
    ],
    "symbol": ":",
    "color": "dark_gray"
  },
  {
    "type": "GENERIC",
    "id": "mechanism_homemade_bolt",
    "name": {
      "str": "霰弹作用机构"
    },
    "description": "一种自制的霰弹作用机构，用于狙击步枪。",
    "category": "spare_parts",
    "weight": "120 g",
    "volume": "250 ml",
    "price": "15 USD",
    "material": [
      "steel"
    ],
    "symbol": ":",
    "color": "dark_gray"
  },
  {
    "type": "GENERIC",
    "id": "mechanism_homemade_lever",
    "name": {
      "str": "杠杆作用机构"
    },
    "description": "一种自制的机械装置，以肝脏为基础，常用于古老的西部猎枪和步枪。",
    "category": "spare_parts",
    "weight": "120 g",
    "volume": "250 ml",
    "price": "15 USD",
    "material": [
      "steel"
    ],
    "symbol": ":",
    "color": "dark_gray"
  },
  {
    "type": "GENERIC",
    "id": "mechanism_homemade_crank",
    "name": {
      "str": "曲柄机构"
    },
    "description": "一种自制的曲柄，适用于转轮机枪。",
    "category": "spare_parts",
    "weight": "120 g",
    "volume": "250 ml",
    "price": "15 USD",
    "material": [
      "steel"
    ],
    "symbol": ":",
    "color": "dark_gray"
  },
  {
    "type": "GENERIC",
    "id": "homemade_gearbox",
    "name": {
      "str": "定制变速箱"
    },
    "description": "一个装有传动装置和齿轮的盒子，用于曲柄机构或类似的发条武器。",
    "category": "spare_parts",
    "weight": "120 g",
    "volume": "250 ml",
    "price": "15 USD",
    "material": [
      "steel"
    ],
    "symbol": ":",
    "color": "dark_gray"
  },
  {
    "type": "GENERIC",
    "id": "wooden_stock_handmade",
    "name": {
      "str": "手工木料"
    },
    "description": "步枪或猎枪的木制枪托。提供足够的体面。",
    "category": "spare_parts",
    "weight": "960 g",
    "volume": "500 ml",
    "price": 400,
    "to_hit": 1,
    "bashing": 6,
    "material": [
      "wood"
    ],
    "symbol": ":",
    "color": "dark_gray"
  },
  {
    "type": "GENERIC",
    "id": "wooden_grip_handmade",
    "category": "spare_parts",
    "name": {
      "str": "木制手工枪柄"
    },
    "description": "一种轻的木制枪柄。",
    "weight": "140 g",
    "volume": "250 ml",
    "price": "480 USD",
    "material": [
      "wood"
    ],
    "symbol": ":",
    "color": "brown"
  },
  {
    "id": "metal_box_large",
    "type": "GENERIC",
    "category": "spare_parts",
    "name": {
      "str": "金属盒",
      "str_pl": "金属盒"
    },
    "pocket_data": [
      {
        "ammo_restriction": {
          "22": 500,
          "32": 500,
          "38": 500,
          "40": 500,
          "44": 500,
          "45": 500,
          "223": 500,
          "300": 500,
          "308": 500,
          "454": 500,
          "500": 500,
          "762": 500,
          "3006": 500,
          "762x25": 500,
          "9x18": 500,
          "9mm": 500,
          "5x50": 500,
          "545x39": 500,
          "762R": 500,
          "8x40mm": 500,
          "shot": 500,
          "20x66mm": 500
        },
        "moves": 20
      }
    ],
    "description": "你80%的枪进了金属盒！你可以为你的大炮做一个大小合适的盒子。",
    "weight": "800 g",
    "volume": "8 L",
    "price": "80 USD",
    "to_hit": -4,
    "bashing": 5,
    "material": [
      "steel"
    ],
    "symbol": "}",
    "color": "green"
  },
  {
    "id": "metal_box_small",
    "type": "GENERIC",
    "category": "spare_parts",
    "name": {
      "str": "小金属盒",
      "str_pl": "小盒子"
    },
    "pocket_data": [
      {
        "ammo_restriction": {
          "22": 50,
          "32": 50,
          "38": 50,
          "40": 50,
          "44": 50,
          "45": 50,
          "223": 50,
          "300": 50,
          "308": 50,
          "454": 50,
          "500": 50,
          "762": 50,
          "3006": 50,
          "762x25": 50,
          "9x18": 50,
          "9mm": 50,
          "5x50": 50,
          "545x39": 50,
          "762R": 50,
          "8x40mm": 50,
          "shot": 50,
          "20x66mm": 50
        },
        "moves": 20
      }
    ],
    "description": "一个小金属盒子。你可以想到它的几种用途，包括装弹药和小盒子弹夹！",
    "weight": "800 g",
    "volume": "1 L",
    "price": "10 USD",
    "to_hit": -4,
    "bashing": 5,
    "material": [
      "steel"
    ],
    "symbol": "}",
    "color": "green"
  },
  {
    "id": "22boxmag",
    "type": "MAGAZINE",
    "name": {
      "str": "手工制作。22盒弹夹"
    },
    "description": "一个简单的金属盒子，变成了一本弹夹。",
    "weight": "60 g",
    "volume": "250 ml",
    "price": "23 USD",
    "material": [
      "steel"
    ],
    "symbol": "#",
    "color": "light_gray",
    "ammo_type": [
      "22"
    ],
    "capacity": 500,
    "flags": [
      "MAG_COMPACT"
    ],
    "pocket_data": [
      {
        "pocket_type": "MAGAZINE",
        "rigid": true,
        "ammo_restriction": {
          "22": 500
        }
      }
    ]
  },
  {
    "id": "45boxmag",
    "type": "MAGAZINE",
    "name": {
      "str": "手工制作。45盒弹夹"
    },
    "description": "一个简单的金属盒子，变成了一本弹夹。",
    "weight": "60 g",
    "volume": "250 ml",
    "price": "23 USD",
    "material": [
      "steel"
    ],
    "symbol": "#",
    "color": "light_gray",
    "ammo_type": [
      "45"
    ],
    "capacity": 500,
    "flags": [
      "MAG_COMPACT"
    ],
    "pocket_data": [
      {
        "pocket_type": "MAGAZINE",
        "rigid": true,
        "ammo_restriction": {
          "45": 500
        }
      }
    ]
  }
]