[
  {
    "id": "human_baby",
    "type": "MONSTER",
    "name": { "str": "baby", "str_pl": "babies" },
    "description": "A defenseless human baby.",
    "default_faction": "your_followers",
    "bodytype": "human",
    "categories": [ "NULL" ],
    "species": [ "MAMMAL" ],
    "volume": "2000 ml",
    "weight": "3 kg",
    "harvest": "human",
    "hp": 8,
    "speed": 0,
    "material": [ "flesh" ],
    "symbol": "b",
    "color": "pink",
    "aggression": -30,
    "morale": 0,
    "melee_skill": 0,
    "melee_dice": 0,
    "melee_dice_sides": 0,
    "melee_cut": 0,
    "dodge": 0,
    "vision_night": 3,
    "path_settings": { "max_dist": 10 },
    "fear_triggers": [ "SOUND", "FRIEND_ATTACKED" ],
    "death_function": [ "NORMAL" ],
    "special_attacks": [  ],
    "flags": [ "HEARS", "SEES", "SMELLS", "WARM", "SWARMS", "PATH_AVOID_DANGER_1" ],
    "upgrades": { "age_grow": 18, "into": "human_toddler" }
  },
  {
    "id": "human_toddler",
    "type": "MONSTER",
    "name": { "str": "toddler", "str_pl": "toddlers" },
    "description": "A human toddler crawling and waddling around and occasionally sitting down to pick its nose. Cute and ugly at the same time. This one was born and raised after the events of the cataclysm, but doesn't yet grasp the dangers of life in its innocent mind.",
    "default_faction": "your_followers",
    "bodytype": "human",
    "categories": [ "NULL" ],
    "species": [ "MAMMAL" ],
    "volume": "13000 ml",
    "weight": "14 kg",
    "harvest": "human",
    "hp": 16,
    "speed": 40,
    "material": [ "flesh" ],
    "symbol": "b",
    "color": "pink",
    "aggression": 5,
    "morale": 0,
    "melee_skill": 0,
    "melee_dice": 0,
    "melee_dice_sides": 0,
    "melee_cut": 0,
    "dodge": 0,
    "vision_night": 3,
    "path_settings": { "max_dist": 10 },
    "fear_triggers": [ "SOUND", "FRIEND_ATTACKED" ],
    "death_function": [ "NORMAL" ],
    "special_attacks": [  ],
    "flags": [ "HEARS", "SEES", "SMELLS", "WARM", "SWARMS", "PATH_AVOID_DANGER_1" ],
    "upgrades": { "age_grow": 36, "into": "human_child" }
  },
  {
    "id": "human_child",
    "type": "MONSTER",
    "name": { "str": "child", "str_pl": "children" },
    "description": "A human child. Sometimes annoying and infuriating but its lack of understanding and sometimes cute way of doing things excuses its actions for the most part. This one was born and raised after the events of the cataclysm, and as such is aware of the dangers they must face and overcome. Its speed and skill with a knife might come in handy. It can also dodge very well. Slightly more primitive or feral than pre-cataclysm humans, so shout at it to put it back in its place if it becomes hostile towards you.",
    "default_faction": "your_followers",
    "bodytype": "human",
    "categories": [ "NULL" ],
    "species": [ "MAMMAL" ],
    "volume": "21000 ml",
    "weight": "23 kg",
    "harvest": "human",
    "hp": 32,
    "speed": 150,
    "material": [ "flesh" ],
    "symbol": "c",
    "color": "pink",
    "aggression": 10,
    "morale": 60,
    "melee_skill": 4,
    "melee_dice": 3,
    "melee_dice_sides": 3,
    "melee_cut": 3,
    "dodge": 6,
    "vision_day": 50,
    "vision_night": 3,
    "path_settings": { "max_dist": 10 },
    "anger_triggers": [ "HURT", "FRIEND_ATTACKED", "FRIEND_DIED" ],
    "placate_triggers": [ "SOUND" ],
    "death_function": [ "NORMAL" ],
    "special_attacks": [ [ "impale", 10 ] ],
    "flags": [
      "HEARS",
      "SEES",
      "SMELLS",
      "WARM",
      "SWARMS",
      "DOGFOOD",
      "PATH_AVOID_DANGER_1",
      "GUILT",
      "ATTACKMON",
      "CLIMBS",
      "HUMAN"
    ],
    "upgrades": { "age_grow": 54, "into": "human_teen" }
  },
  {
    "id": "human_teen",
    "type": "MONSTER",
    "name": { "str": "teen", "str_pl": "teens" },
    "description": "A human teenager. It's common for them to think they know better than the ones who raised them. While this might prove true for new things they're involved with, for everything else they really ought to listen to their elders. This one was born and raised after the events of the catalcysm, and has lived a life of fighting for survival. It carries a spear. It can't dodge as well as when it was a kid anymore but some of that skill still remains. Slightly more primitive or feral than pre-cataclysm humans, so shout at it to put it back in its place if it becomes hostile towards you.",
    "default_faction": "your_followers",
    "bodytype": "human",
    "categories": [ "NULL" ],
    "species": [ "MAMMAL" ],
    "volume": "55000 ml",
    "weight": "60 kg",
    "harvest": "human",
    "hp": 64,
    "speed": 120,
    "material": [ "flesh" ],
    "symbol": "t",
    "color": "pink",
    "aggression": 10,
    "morale": 60,
    "melee_skill": 6,
    "melee_dice": 5,
    "melee_dice_sides": 5,
    "melee_cut": 5,
    "dodge": 6,
    "vision_day": 50,
    "vision_night": 3,
    "path_settings": { "max_dist": 50 },
    "anger_triggers": [ "HURT", "FRIEND_ATTACKED", "FRIEND_DIED" ],
    "placate_triggers": [ "SOUND" ],
    "death_function": [ "NORMAL" ],
    "special_attacks": [ [ "impale", 10 ], [ "STRETCH_ATTACK", 10 ] ],
    "flags": [
      "HEARS",
      "SEES",
      "SMELLS",
      "WARM",
      "SWARMS",
      "DOGFOOD",
      "PATH_AVOID_DANGER_2",
      "GUILT",
      "ATTACKMON",
      "CLIMBS",
      "HUMAN"
    ],
    "upgrades": { "age_grow": 54, "into": "OS_spawner" }
  },
  {
    "id": "OS_spawner",
    "type": "MONSTER",
    "name": { "str": "Offspring item spawner spawner", "str_pl": "Offspring item spawner spawners" },
    "description": "This entity is a necessary meta one since monster can't upgrade into NPCs. It will drop an item once it is hit, and is the end of the growth line of the thing you've been taking care of for the past 18 years. It will not do anything until killed. Using the item it drops will spawn an npc of the class type of your offspring.",
    "default_faction": "hostile",
    "bodytype": "human",
    "species": [ "MAMMAL" ],
    "volume": "2500 ml",
    "weight": "12 kg",
    "hp": 1,
    "speed": 0,
    "material": [ "flesh" ],
    "symbol": "A",
    "color": "pink",
    "aggression": 0,
    "morale": 0,
    "melee_skill": 0,
    "melee_dice": 0,
    "melee_dice_sides": 0,
    "melee_bash": 0,
    "dodge": 0,
    "vision_day": 30,
    "vision_night": 0,
    "path_settings": { "max_dist": 10 },
    "death_function": [ "DISAPPEAR" ],
    "harvest": "human",
    "death_drops": "OS_spawner_drop",
    "flags": [ "SEES", "HEARS", "SMELLS", "ANIMAL", "PATH_AVOID_DANGER_1" ]
  }
]
