[
  {
    "id": "baby_carrier",
    "type": "TOOL",
    "name": { "str": "Baby carrier" },
    "description": "A modern baby carrier with soft paddings and a small built-in blanket. It comes with a sturdy over-arching handle and a breathable shutter to shield a baby from the outside elements like the sun and wind.",
    "weight": "4000 g",
    "volume": "6000 ml",
    "price": 100,
    "price_postapoc": 10,
    "bashing": 1,
    "cutting": 1,
    "material": [ "plastic", "cotton" ],
    "symbol": "@",
    "color": "light_gray",
    "properties": [ [ "creature_size_capacity", "TINY" ] ],
    "use_action": [ "CAPTURE_MONSTER_ACT" ],
    "flags": [ "TRADER_AVOID" ]
  },
  {
    "id": "baby_carrier_primitive",
    "type": "TOOL",
    "name": { "str": "Primitive baby carrier" },
    "description": "A more primitive baby carrier, it is merely a wicker basket with an over-arching handle and enough straw to pad a baby on top of the cloth that lays upon the straw. The cloth is large enough to fold double over the straw, and can cover a baby and pad the straw if need be.",
    "weight": "4000 g",
    "volume": "6000 ml",
    "price": 100,
    "price_postapoc": 10,
    "bashing": 1,
    "cutting": 1,
    "material": [ "wood", "cotton" ],
    "symbol": "@",
    "color": "yellow",
    "properties": [ [ "creature_size_capacity", "TINY" ] ],
    "use_action": [ "CAPTURE_MONSTER_ACT" ],
    "flags": [ "TRADER_AVOID" ]
  },
  {
    "type": "recipe",
    "result": "baby_carrier_primitive",
    "category": "CC_OTHER",
    "subcategory": "CSC_OTHER_OTHER",
    "skill_used": "fabrication",
    "difficulty": 3,
    "time": "3 h",
    "reversible": true,
    "autolearn": true,
    "using": [ [ "sewing_standard", 100 ] ],
    "components": [ [ [ "straw_pile", 12 ] ], [ [ "rag", 12 ] ], [ [ "withered", 24 ] ] ]
  },
  {
    "type": "recipe",
    "result": "baby_carrier",
    "category": "CC_OTHER",
    "subcategory": "CSC_OTHER_OTHER",
    "skill_used": "fabrication",
    "difficulty": 5,
    "time": "3 h",
    "reversible": true,
    "autolearn": true,
    "tools": [ [ [ "mold_plastic", -1 ] ], [ [ "fire", -1 ], [ "hotplate", 2 ], [ "toolset", 2 ] ] ],
    "components": [ [ [ "felt_patch", 12 ] ], [ [ "rag", 12 ] ], [ [ "plastic_chunk", 24 ] ] ]
  },
  {
    "id": "npc_spawner_item",
    "type": "COMESTIBLE",
    "name": "Offspring npc spawner",
    "description": "A sadly necessary meta item. Use it to spawn your offspring as an NPC.",
    "comestible_type": "MED",
    "symbol": "N",
    "material": "alcohol",
    "flags": [ "NO_INGEST", "NUTRIENT_OVERRIDE", "ZERO_WEIGHT" ],
    "use_action": {
      "type": "place_npc",
      "npc_class_id": "offspring",
      "summon_msg": "Finally an adult. It's been a long journey, but your kid can now go their own way and take care of themselves, or continue helping you if you want them to.",
      "place_randomly": false,
      "moves": 1
    }
  },
  {
    "id": "human_ovum",
    "type": "TOOL_ARMOR",
    "category": "clothing",
    "symbol": "o",
    "name": { "str": "ovum", "str_pl": "ovums" },
    "description": "A meta item due to limitations. Think of it and its subsequent forms as something like a monitor of the pregnancy either you or the npc is having. This is a human ovum. Use it to fertilize and start pregnancy. Drop it or its subsequent if you don't want it.",
    "flags": [ "ONLY_ONE", "INEDIBLE", "TRADER_AVOID", "NO_DROP", "ZERO_WEIGHT" ],
    "weight": "0 g",
    "volume": "0 ml",
    "pocket_data": [ { "pocket_type": "MAGAZINE", "rigid": true, "ammo_restriction": { "human_sperm_type": 10 } } ],
    "max_charges": 10,
    "charges_per_use": 1,
    "ammo": "human_sperm_type",
    "use_action": [
      {
        "type": "transform",
        "msg": "Congratulations on the pregnancy.",
        "target": "human_pregnancy_item",
        "active": true,
        "need_charges": 10,
        "need_charges_msg": "Not enough sperm to ensure fertilization.",
        "moves": 1
      }
    ],
    "covers": [ "torso" ],
    "warmth": 0,
    "coverage": 0
  },
  {
    "id": "human_pregnancy_item",
    "type": "TOOL_ARMOR",
    "category": "clothing",
    "symbol": "O",
    "name": { "str": "pregnancy", "str_pl": "pregnancies" },
    "description": "This is a human pregnancy in development. Wait until its timer runs out.",
    "flags": [ "ONLY_ONE", "TRADER_AVOID", "NO_DROP", "ZERO_WEIGHT" ],
    "weight": "0 g",
    "volume": "0 ml",
    "covers": [ "torso" ],
    "warmth": 10,
    "coverage": 25,
    "encumbrance": 15,
    "max_charges": 9,
    "initial_charges": 9,
    "turns_per_charge": 64800,
    "revert_to": "human_birth_item"
  },
  {
    "id": "human_birth_item",
    "type": "COMESTIBLE",
    "comestible_type": "MED",
    "material": "alcohol",
    "symbol": "b",
    "name": { "str": "Completed pregnancy", "str_pl": "Completed pregnancies" },
    "description": "A pregnancy come to full term. Activate to give birth.",
    "flags": [ "TRADER_AVOID", "NO_INGEST", "ONLY_ONE", "ZERO_WEIGHT" ],
    "max_charges": 2,
    "initial_charges": 2,
    "use_action": {
      "type": "place_monster",
      "monster_id": "human_baby",
      "summon_msg": "It's a healthy baby! Hope you have a baby carrier handy, because you sure as shit aren't allowed you to carry living things without such a thing.",
      "place_randomly": false,
      "moves": 1
    }
  }
]
