[
  {
    "type": "MOD_INFO",
    "id": "BL9_175monres",
    "name": "<color_light_blue>BL9-175%-怪物耐性版</color>",
    "description": "\n <color_yellow>你有足够的勇气去探索BL9之谜吗？探索关于秘密大灾变组织的习俗传说，他们的黑暗计划和他们试图使用一种新的危险和不可预测的斑点状有机体类型在这个疯狂的世界中夺取权力的尝试！</color> \n\n <color_light_cyan>巨大的异国情调的位置-污染的中世纪城堡，秘密组织的军事化岛屿，巨大的茂盛和危险的地下生物群落（超过150+自定义过量！）</color>，<color_red>卑鄙可怕变异的危险怪物，新武器（弹道学也！）和装甲</color>\n<color_light_blue>增加了地点和怪物，灵感来自Capcom制作的标志性生化危机系列",
    "category": "content",
    "authors": [
      "Mrsecretguy1/Kenan, Axema Vales, Goat-God"
    ],
    "dependencies": [
      "dda"
    ],
    "path": ""
  }
]