[
  {
    "type": "AMMO",
    "id": "firework_rocket",
    "price": "100 USD",
    "name": {
      "str": "烟花火箭"
    },
    "symbol": "=",
    "color": "red",
    "description": "经典的纸烟花火箭…不是最好的拆迁工具，但总比没有的好。",
    "material": [
      "paper",
      "powder"
    ],
    "volume": "1750 ml",
    "weight": "2600 g",
    "ammo_type": "firework",
    "damage": {
      "damage_type": "stab",
      "amount": 2000,
      "armor_penetration": 750
    },
    "range": 80,
    "dispersion": 75,
    "recoil": 450,
    "effects": [
      "COOKOFF",
      "EXPLOSIVE",
      "TRAIL",
      "NEVER_MISFIRES",
      "SMOKE",
      "MUZZLE_SMOKE"
    ]
  },
  {
    "type": "AMMO",
    "id": "firework_incendiary",
    "price": "100 USD",
    "name": {
      "str": "燃烧烟火火箭"
    },
    "symbol": "=",
    "color": "red",
    "description": "经典的纸烟花火箭…不是最好的拆迁工具，但它会引发火灾，并留下火迹。Made in CHINA。",
    "material": [
      "paper",
      "powder"
    ],
    "volume": "1750 ml",
    "weight": "2600 g",
    "ammo_type": "firework",
    "damage": {
      "damage_type": "stab",
      "amount": 2000,
      "armor_penetration": 750
    },
    "range": 80,
    "dispersion": 75,
    "recoil": 450,
    "effects": [
      "COOKOFF",
      "NAPALM",
      "TRAIL",
      "NEVER_MISFIRES",
      "STREAM",
      "SMOKE_BIG",
      "MUZZLE_SMOKE"
    ]
  },
  {
    "type": "AMMO",
    "id": "firework_flash",
    "price": "100 USD",
    "name": {
      "str": "明亮的焰火火箭"
    },
    "symbol": "=",
    "color": "red",
    "description": "经典的纸烟花火箭。这发会有一个额外的明亮爆炸。通常，这些孩子会被留到焰火表演的最后…向低轨道发射而不是向观众发射。",
    "material": [
      "paper",
      "powder"
    ],
    "volume": "1750 ml",
    "weight": "2600 g",
    "ammo_type": "firework",
    "damage": {
      "damage_type": "stab",
      "amount": 2000,
      "armor_penetration": 750
    },
    "range": 80,
    "dispersion": 75,
    "recoil": 450,
    "effects": [
      "COOKOFF",
      "EXPLOSIVE",
      "TRAIL",
      "NEVER_MISFIRES",
      "STREAM",
      "MUZZLE_SMOKE",
      "FLASHBANG"
    ]
  }
]