[
  {
    "id": "punt_shot_basic",
    "type": "AMMO",
    "name": {
      "str": "平底球"
    },
    "description": "装满火药和弹丸的巨大炮弹。",
    "weight": "320 g",
    "volume": "5 L",
    "price": "350 USD",
    "material": [
      "plastic",
      "powder"
    ],
    "symbol": "=",
    "color": "red",
    "count": 20,
    "stack_size": 20,
    "ammo_type": "puntshot",
    "casing": "puntshot_hull",
    "range": 12,
    "damage": {
      "damage_type": "stab",
      "amount": 100
    },
    "recoil": 25000,
    "loudness": 160,
    "effects": [
      "COOKOFF",
      "SHOT",
      "MUZZLE_SMOKE"
    ]
  },
  {
    "id": "punt_shot_slug",
    "type": "AMMO",
    "name": {
      "str": "平底船"
    },
    "description": "一个巨大的贝壳，里面有一大块铅。这个婴儿能在坦克上打洞",
    "weight": "320 g",
    "volume": "5 L",
    "price": "350 USD",
    "material": [
      "plastic",
      "powder"
    ],
    "symbol": "=",
    "color": "red",
    "count": 20,
    "stack_size": 20,
    "ammo_type": "puntshot",
    "casing": "puntshot_hull",
    "range": 24,
    "damage": {
      "damage_type": "stab",
      "amount": 100
    },
    "recoil": 25000,
    "loudness": 160,
    "effects": [
      "COOKOFF",
      "MUZZLE_SMOKE"
    ]
  },
  {
    "id": "puntshot_hull",
    "type": "GENERIC",
    "category": "spare_parts",
    "name": {
      "str": "2号口径霰弹弹壳"
    },
    "description": "2号口径霰弹的空壳。",
    "weight": "8 g",
    "volume": "32 ml",
    "stackable": true,
    "material": [
      "plastic"
    ],
    "symbol": "=",
    "color": "red",
    "damage_states": [
      0,
      0
    ]
  }
]