[
  {
    "type": "MOD_INFO",
    "id": "More_Survivors_Stories",
    "name": "更多幸存者故事",
    "authors": [
      "El-Jekozo"
    ],
    "description": "增加了5个新的辅助故事（1个在制品），1个随机NPC的任务和一个地狱突袭者的故事线（在开发的早期阶段，完全可玩，目前有相当多的内容）。\n如何到达地狱奇兵的故事线:\n1.前往难民中心，完成永生守卫代表的第一项任务。\n2.<color_red>重要！</color>与OG代表、FM商人、医生和经纪人至少交谈一次。你将得到4个“你遇到了X”任务。由于JSON的一些限制，这一步很重要。\n3.OG代表第二次任务，找到线人，选择最后回复。",
    "category": "content",
    "dependencies": [
      "dda"
    ]
  }
]