[
  {
    "id": "BL9_sample_type",
    "name": "BL9样品",
    "default": "BL9_sample",
    "type": "ammunition_type"
  },
  {
    "id": "goldcoin_type",
    "name": "金币",
    "default": "goldcoin",
    "type": "ammunition_type"
  },
  {
    "id": "goldcoincomb_type",
    "name": "金币组合",
    "default": "goldcoincomb",
    "type": "ammunition_type"
  },
  {
    "id": "platinumcoin_type",
    "name": "铂币",
    "default": "platcoin",
    "type": "ammunition_type"
  },
  {
    "id": "platinumcoincomb_type",
    "name": "白金硬币组合",
    "default": "platcoincomb",
    "type": "ammunition_type"
  },
  {
    "id": "9mmBL9_type",
    "name": "BL9 9毫米",
    "default": "9mmBL9",
    "type": "ammunition_type"
  },
  {
    "id": "9mmBL9mk2_type",
    "name": "BL9 9mm MK ii型",
    "default": "9mmBL9mk2",
    "type": "ammunition_type"
  },
  {
    "id": "9mmBL9mk3_type",
    "name": "BL9 9mm MK iii型",
    "default": "9mmBL9mk3",
    "type": "ammunition_type"
  },
  {
    "id": "9mmBL9smg_type",
    "name": "BL9 9毫米smg",
    "default": "9mmBL9smg",
    "type": "ammunition_type"
  },
  {
    "id": "9mmBL9smgmk2_type",
    "name": "BL9 9毫米smg MK ii",
    "default": "9mmBL9smgmk2",
    "type": "ammunition_type"
  },
  {
    "id": "9mmBL9smgmk3_type",
    "name": "BL9 9毫米smg MK iii",
    "default": "9mmBL9smgmk3",
    "type": "ammunition_type"
  },
  {
    "id": "308BL9_type",
    "name": "BL9 308号",
    "default": "308BL9",
    "type": "ammunition_type"
  },
  {
    "id": "308BL9mk2_type",
    "name": "BL9 308 MK ii",
    "default": "308BL9mk2",
    "type": "ammunition_type"
  },
  {
    "id": "308BL9mk3_type",
    "name": "BL9 308 MK iii",
    "default": "308BL9mk3",
    "type": "ammunition_type"
  },
  {
    "id": "556BL9_type",
    "name": "BL9 556号",
    "default": "556BL9",
    "type": "ammunition_type"
  },
  {
    "id": "556BL9mk2_type",
    "name": "BL9 556 MK ii",
    "default": "556BL9mk2",
    "type": "ammunition_type"
  },
  {
    "id": "556BL9mk3_type",
    "name": "BL9 556 MK iii",
    "default": "556BL9mk3",
    "type": "ammunition_type"
  },
  {
    "id": "BL9shot_type",
    "name": "猎鹿弹 BL9弹",
    "default": "BL9shot",
    "type": "ammunition_type"
  },
  {
    "id": "BL9shotmk2_type",
    "name": "猎鹿弹 BL9弹 MK ii",
    "default": "BL9shotmk2",
    "type": "ammunition_type"
  },
  {
    "id": "BL9shotmk3_type",
    "name": "BL9射击MK iii",
    "default": "BL9shotmk3",
    "type": "ammunition_type"
  },
  {
    "id": "357magBL9_type",
    "name": "357毫克",
    "default": "357magBL9",
    "type": "ammunition_type"
  },
  {
    "id": "357magBL9mk2_type",
    "name": "BL9 357mag MK ii号",
    "default": "357magBL9mk2",
    "type": "ammunition_type"
  },
  {
    "id": "357magBL9mk3_type",
    "name": "357mag MK iii型",
    "default": "357magBL9mk3",
    "type": "ammunition_type"
  },
  {
    "id": "BL9spray_type",
    "name": "BL9喷雾",
    "default": "BL9_spray",
    "type": "ammunition_type"
  },
  {
    "id": "BL9meltingspray_type",
    "name": "BL9熔化喷雾",
    "default": "BL9_melting_spray",
    "type": "ammunition_type"
  },
  {
    "id": "BL9spraymk2_type",
    "name": "BL9喷雾MK ii",
    "default": "BL9_spraymk2",
    "type": "ammunition_type"
  },
  {
    "id": "BL9meltingspraymk2_type",
    "name": "BL9熔喷MK ii",
    "default": "BL9_melting_spraymk2",
    "type": "ammunition_type"
  },
  {
    "id": "BL9spraymk3_type",
    "name": "BL9喷雾MK iii",
    "default": "BL9_spraymk3",
    "type": "ammunition_type"
  },
  {
    "id": "BL9meltingspraymk3_type",
    "name": "BL9熔喷MK iii",
    "default": "BL9_melting_spraymk3",
    "type": "ammunition_type"
  },
  {
    "id": "railBL9_type",
    "name": "BL9轨道",
    "default": "railBL9",
    "type": "ammunition_type"
  },
  {
    "id": "railBL9mk2_type",
    "name": "BL9轨道MK ii",
    "default": "railBL9mk2",
    "type": "ammunition_type"
  },
  {
    "id": "railBL9mk3_type",
    "name": "BL9轨道MK iii",
    "default": "railBL9mk3",
    "type": "ammunition_type"
  },
  {
    "id": "BL9arrow_type",
    "name": "BL9灌注 箭",
    "default": "BL9_arrow",
    "type": "ammunition_type"
  },
  {
    "id": "BL9bolt_type",
    "name": "BL9灌注 弩箭",
    "default": "BL9_bolt",
    "type": "ammunition_type"
  },
  {
    "id": "BL9arrowmk2_type",
    "name": "BL9灌注 箭 MK ii",
    "default": "BL9_arrowmk2",
    "type": "ammunition_type"
  },
  {
    "id": "BL9boltmk2_type",
    "name": "BL9灌注 弩箭 MK ii",
    "default": "BL9_boltmk2",
    "type": "ammunition_type"
  },
  {
    "id": "BL9arrowmk3_type",
    "name": "BL9注入箭头MK iii",
    "default": "BL9_arrowmk3",
    "type": "ammunition_type"
  },
  {
    "id": "BL9boltmk3_type",
    "name": "BL9螺栓MK iii",
    "default": "BL9_boltmk3",
    "type": "ammunition_type"
  },
  {
    "id": "40mmBL9_type",
    "name": "BL9 40mm毫米",
    "default": "40mmBL9",
    "type": "ammunition_type"
  },
  {
    "id": "40mmBL9mk2_type",
    "name": "BL9 40毫米MK ii",
    "default": "40mmBL9mk2",
    "type": "ammunition_type"
  },
  {
    "id": "40mmBL9mk3_type",
    "name": "BL9 40mm毫米MK iii",
    "default": "40mmBL9mk3",
    "type": "ammunition_type"
  }
]