[
  {
    "id": "BL9_str1_bangle",
    "type": "TOOL",
    "name": {
      "str": "<color_light_red> BL9加强手镯</color"
    },
    "description": "一旦你激活了这个特殊的神器，你会感觉到力量的提升（<color_light_blue> +3 str </color>），感觉你不是被一个实体控制而是被一个实体引导，或者你是这么认为的...",
    "weight": "85 g",
    "volume": "15 ml",
    "price": "500 USD",
    "price_postapoc": "5 USD",
    "material": [
      "gold",
      "BL9"
    ],
    "looks_like": "gold_bracelet",
    "symbol": "[",
    "max_charges": 1,
    "initial_charges": 1,
    "charges_per_use": 0,
    "turns_per_charge": 0,
    "use_action": {
      "type": "cast_spell",
      "spell_id": "BL9_mutation_artifact_action1",
      "no_fail": true,
      "level": 0
    },
    "color": "red",
    "flags": [
      "NPC_SAFE",
      "INEDIBLE"
    ]
  },
  {
    "id": "BL9_str_endurance1_bangle",
    "type": "TOOL",
    "name": {
      "str": "<color_light_red> BL9耐久手镯</color"
    },
    "description": "你觉得你可以更好地忍受大灾变的苦难（<color_light_blue> +25%到最大负重，-15%到疲劳，+215到出血抗性</color>）。一旦你激活了这个特殊的神器，感觉你不是被一个实体控制而是被一个实体引导，或者你是这么想的...",
    "weight": "85 g",
    "volume": "15 ml",
    "price": "500 USD",
    "price_postapoc": "5 USD",
    "material": [
      "gold",
      "BL9"
    ],
    "looks_like": "gold_bracelet",
    "symbol": "[",
    "max_charges": 1,
    "initial_charges": 1,
    "charges_per_use": 0,
    "turns_per_charge": 0,
    "use_action": {
      "type": "cast_spell",
      "spell_id": "BL9_mutation_artifact_action2",
      "no_fail": true,
      "level": 0
    },
    "color": "red",
    "flags": [
      "NPC_SAFE",
      "INEDIBLE"
    ]
  },
  {
    "id": "BL9_str_tentacle_stab1_bangle",
    "type": "TOOL",
    "name": {
      "str": "<color_light_red> BL9触手刺手镯</颜色"
    },
    "description": "一旦你激活了这个特殊的神器，你会有一种挥舞<color_light_blue>武器</color>的感觉，这种感觉就好像你不是被一个实体控制而是被一个实体引导，或者你是这么认为的...",
    "weight": "85 g",
    "volume": "15 ml",
    "price": "500 USD",
    "price_postapoc": "5 USD",
    "material": [
      "gold",
      "BL9"
    ],
    "looks_like": "gold_bracelet",
    "symbol": "[",
    "max_charges": 1,
    "initial_charges": 1,
    "charges_per_use": 0,
    "turns_per_charge": 0,
    "use_action": {
      "type": "cast_spell",
      "spell_id": "BL9_mutation_artifact_action3",
      "no_fail": true,
      "level": 0
    },
    "color": "red",
    "flags": [
      "NPC_SAFE",
      "INEDIBLE"
    ]
  },
  {
    "id": "BL9_str_tentacle_hit1_bangle",
    "type": "TOOL",
    "name": {
      "str": "<color_light_red> BL9触手可及手镯</颜色"
    },
    "description": "一旦你激活了这个特殊的神器，你会有一种挥舞<color_light_blue>武器</color>的感觉，这种感觉就好像你不是被一个实体控制而是被一个实体引导，或者你是这么认为的...",
    "weight": "85 g",
    "volume": "15 ml",
    "price": "500 USD",
    "price_postapoc": "5 USD",
    "material": [
      "gold",
      "BL9"
    ],
    "looks_like": "gold_bracelet",
    "symbol": "[",
    "max_charges": 1,
    "initial_charges": 1,
    "charges_per_use": 0,
    "turns_per_charge": 0,
    "use_action": {
      "type": "cast_spell",
      "spell_id": "BL9_mutation_artifact_action4",
      "no_fail": true,
      "level": 0
    },
    "color": "red",
    "flags": [
      "NPC_SAFE",
      "INEDIBLE"
    ]
  },
  {
    "id": "BL9_str_armoredskin1_bangle",
    "type": "TOOL",
    "name": {
      "str": "<color_light_red> BL9装甲皮肤手镯</颜色"
    },
    "description": "你觉得你的皮肤完全被BL9的保护层所覆盖（<color_light_blue>对所有身体部位包括元素</color>在内的所有类型的伤害提供大约+4的保护）。一旦你激活了这个特殊的神器，感觉你不是被一个实体控制而是被一个实体引导，或者你是这么认为的...",
    "weight": "85 g",
    "volume": "15 ml",
    "price": "500 USD",
    "price_postapoc": "5 USD",
    "material": [
      "gold",
      "BL9"
    ],
    "looks_like": "gold_bracelet",
    "symbol": "[",
    "max_charges": 1,
    "initial_charges": 1,
    "charges_per_use": 0,
    "turns_per_charge": 0,
    "use_action": {
      "type": "cast_spell",
      "spell_id": "BL9_mutation_artifact_action5",
      "no_fail": true,
      "level": 0
    },
    "color": "red",
    "flags": [
      "NPC_SAFE",
      "INEDIBLE"
    ]
  },
  {
    "id": "BL9_str2_bangle",
    "type": "TOOL",
    "name": {
      "str": "<color_light_red> BL9高级加强手镯</color"
    },
    "description": "一旦你激活了这个特殊的神器，你会感觉到一种难以置信的力量提升（<color_light_blue> +6 str </color>），这感觉不像是你被一个实体所控制，而是被一个实体所引导，或者你是这么认为的...",
    "weight": "85 g",
    "volume": "15 ml",
    "price": "500 USD",
    "price_postapoc": "5 USD",
    "material": [
      "gold",
      "BL9"
    ],
    "looks_like": "gold_bracelet",
    "symbol": "[",
    "max_charges": 1,
    "initial_charges": 1,
    "charges_per_use": 0,
    "turns_per_charge": 0,
    "use_action": {
      "type": "cast_spell",
      "spell_id": "BL9_mutation_artifact_action6",
      "no_fail": true,
      "level": 0
    },
    "color": "red",
    "flags": [
      "NPC_SAFE",
      "INEDIBLE"
    ]
  },
  {
    "id": "BL9_str_endurance2_bangle",
    "type": "TOOL",
    "name": {
      "str": "<color_light_red> BL9高级耐久手镯</颜色"
    },
    "description": "你觉得你可以以更高的效率忍受大灾变的苦难（<color_light_blue> +55%到最大负重，-35%到疲劳，+325到流血抵抗</color>）。一旦你激活了这个特殊的神器，感觉你不是被一个实体控制而是被一个实体引导，或者你是这么认为的...",
    "weight": "85 g",
    "volume": "15 ml",
    "price": "500 USD",
    "price_postapoc": "5 USD",
    "material": [
      "gold",
      "BL9"
    ],
    "looks_like": "gold_bracelet",
    "symbol": "[",
    "max_charges": 1,
    "initial_charges": 1,
    "charges_per_use": 0,
    "turns_per_charge": 0,
    "use_action": {
      "type": "cast_spell",
      "spell_id": "BL9_mutation_artifact_action7",
      "no_fail": true,
      "level": 0
    },
    "color": "red",
    "flags": [
      "NPC_SAFE",
      "INEDIBLE"
    ]
  },
  {
    "id": "BL9_str_tentacle_stab2_bangle",
    "type": "TOOL",
    "name": {
      "str": "<color_light_red> BL9高级触手刺手镯</颜色"
    },
    "description": "一旦你激活了这个特殊的神器，你会感觉到一种挥舞着<color_light_blue>非常强大的武器</color>的感觉，它感觉到你不是被一个实体控制而是被一个实体引导，或者你认为…",
    "weight": "85 g",
    "volume": "15 ml",
    "price": "500 USD",
    "price_postapoc": "5 USD",
    "material": [
      "gold",
      "BL9"
    ],
    "looks_like": "gold_bracelet",
    "symbol": "[",
    "max_charges": 1,
    "initial_charges": 1,
    "charges_per_use": 0,
    "turns_per_charge": 0,
    "use_action": {
      "type": "cast_spell",
      "spell_id": "BL9_mutation_artifact_action8",
      "no_fail": true,
      "level": 0
    },
    "color": "red",
    "flags": [
      "NPC_SAFE",
      "INEDIBLE"
    ]
  },
  {
    "id": "BL9_str_tentacle_hit2_bangle",
    "type": "TOOL",
    "name": {
      "str": "<color_light_red> BL9高级触手可及手镯</颜色"
    },
    "description": "一旦你激活了这个特殊的神器，你会感觉到一种挥舞着<color_light_blue>非常强大的武器</color>的感觉，它感觉到你不是被一个实体控制而是被一个实体引导，或者你认为…",
    "weight": "85 g",
    "volume": "15 ml",
    "price": "500 USD",
    "price_postapoc": "5 USD",
    "material": [
      "gold",
      "BL9"
    ],
    "looks_like": "gold_bracelet",
    "symbol": "[",
    "max_charges": 1,
    "initial_charges": 1,
    "charges_per_use": 0,
    "turns_per_charge": 0,
    "use_action": {
      "type": "cast_spell",
      "spell_id": "BL9_mutation_artifact_action9",
      "no_fail": true,
      "level": 0
    },
    "color": "red",
    "flags": [
      "NPC_SAFE",
      "INEDIBLE"
    ]
  },
  {
    "id": "BL9_str_armoredskin2_bangle",
    "type": "TOOL",
    "name": {
      "str": "<color_light_red> BL9高级装甲皮肤手镯</颜色"
    },
    "description": "你觉得你的皮肤完全被BL9的保护层所覆盖（<color_light_blue>大约+6保护所有身体部位免受所有类型的伤害，包括元素伤害</color>）。一旦你激活这个特殊的神器，感觉你不是被一个实体控制而是被一个实体引导，或者你是这么认为的...",
    "weight": "85 g",
    "volume": "15 ml",
    "price": "500 USD",
    "price_postapoc": "5 USD",
    "material": [
      "gold",
      "BL9"
    ],
    "looks_like": "gold_bracelet",
    "symbol": "[",
    "max_charges": 1,
    "initial_charges": 1,
    "charges_per_use": 0,
    "turns_per_charge": 0,
    "use_action": {
      "type": "cast_spell",
      "spell_id": "BL9_mutation_artifact_action10",
      "no_fail": true,
      "level": 0
    },
    "color": "red",
    "flags": [
      "NPC_SAFE",
      "INEDIBLE"
    ]
  },
  {
    "id": "BL9_str3_bangle",
    "type": "TOOL",
    "name": {
      "str": "<color_light_red> BL9派拉蒙加强手镯</color"
    },
    "description": "你已经获得了超乎你想象或想象的力量（<color_light_blue> +11 str </color>），一旦你激活了这个特殊的神器，你就不会觉得自己被一个实体所控制，而是被一个实体所引导，或者你是这么认为的...",
    "weight": "85 g",
    "volume": "15 ml",
    "price": "500 USD",
    "price_postapoc": "5 USD",
    "material": [
      "gold",
      "BL9"
    ],
    "looks_like": "gold_bracelet",
    "symbol": "[",
    "max_charges": 1,
    "initial_charges": 1,
    "charges_per_use": 0,
    "turns_per_charge": 0,
    "use_action": {
      "type": "cast_spell",
      "spell_id": "BL9_mutation_artifact_action11",
      "no_fail": true,
      "level": 0
    },
    "color": "red",
    "flags": [
      "NPC_SAFE",
      "INEDIBLE"
    ]
  },
  {
    "id": "BL9_str_endurance3_bangle",
    "type": "TOOL",
    "name": {
      "str": "<color_light_red> BL9派拉蒙耐久手镯</color"
    },
    "description": "你觉得你可以忍受大灾变的苦难，几乎没有挣扎或问题（<color_light_blue> +90%到最大负重，-65%到疲劳，+500到流血抵抗</color>）。一旦你激活这个特殊的神器，感觉你不是被控制而是被一个实体引导，或者你是这么想的...",
    "weight": "85 g",
    "volume": "15 ml",
    "price": "500 USD",
    "price_postapoc": "5 USD",
    "material": [
      "gold",
      "BL9"
    ],
    "looks_like": "gold_bracelet",
    "symbol": "[",
    "max_charges": 1,
    "initial_charges": 1,
    "charges_per_use": 0,
    "turns_per_charge": 0,
    "use_action": {
      "type": "cast_spell",
      "spell_id": "BL9_mutation_artifact_action12",
      "no_fail": true,
      "level": 0
    },
    "color": "red",
    "flags": [
      "NPC_SAFE",
      "INEDIBLE"
    ]
  },
  {
    "id": "BL9_str_tentacle_stab3_bangle",
    "type": "TOOL",
    "name": {
      "str": "<color_light_red> BL9派拉蒙触须刺手镯</color"
    },
    "description": "你感觉到一种挥舞<color_light_blue>的感觉，这种武器的力量和起源超出了你的想象或概念</color>。一旦你激活了这种特殊的神器，你就感觉不到你被一个实体所控制，而是被一个实体所引导，或者你是这样认为的...",
    "weight": "85 g",
    "volume": "15 ml",
    "price": "500 USD",
    "price_postapoc": "5 USD",
    "material": [
      "gold",
      "BL9"
    ],
    "looks_like": "gold_bracelet",
    "symbol": "[",
    "max_charges": 1,
    "initial_charges": 1,
    "charges_per_use": 0,
    "turns_per_charge": 0,
    "use_action": {
      "type": "cast_spell",
      "spell_id": "BL9_mutation_artifact_action13",
      "no_fail": true,
      "level": 0
    },
    "color": "red",
    "flags": [
      "NPC_SAFE",
      "INEDIBLE"
    ]
  },
  {
    "id": "BL9_str_tentacle_hit3_bangle",
    "type": "TOOL",
    "name": {
      "str": "<color_light_red> BL9派拉蒙触须撞手镯</color"
    },
    "description": "你感觉到一种挥舞<color_light_blue>的感觉，这种武器的力量和起源超出了你的想象或概念</color>。一旦你激活了这种特殊的神器，你就感觉不到你被一个实体所控制，而是被一个实体所引导，或者你是这样认为的...",
    "weight": "85 g",
    "volume": "15 ml",
    "price": "500 USD",
    "price_postapoc": "5 USD",
    "material": [
      "gold",
      "BL9"
    ],
    "looks_like": "gold_bracelet",
    "symbol": "[",
    "max_charges": 1,
    "initial_charges": 1,
    "charges_per_use": 0,
    "turns_per_charge": 0,
    "use_action": {
      "type": "cast_spell",
      "spell_id": "BL9_mutation_artifact_action14",
      "no_fail": true,
      "level": 0
    },
    "color": "red",
    "flags": [
      "NPC_SAFE",
      "INEDIBLE"
    ]
  },
  {
    "id": "BL9_str_armoredskin3_bangle",
    "type": "TOOL",
    "name": {
      "str": "<color_light_red> BL9派拉蒙装甲皮肤手镯</颜色"
    },
    "description": "一旦你激活这个特殊的神器，你感觉你的皮肤完全被一层BL9保护性质所覆盖，这些保护性质超出了你的想象或概念（<color_light_blue>大约+9保护所有身体部位免受所有类型的伤害，包括元素的</color>），感觉你不是被一个实体控制，而是被一个实体引导，或者你认为…",
    "weight": "85 g",
    "volume": "15 ml",
    "price": "500 USD",
    "price_postapoc": "5 USD",
    "material": [
      "gold",
      "BL9"
    ],
    "looks_like": "gold_bracelet",
    "symbol": "[",
    "max_charges": 1,
    "initial_charges": 1,
    "charges_per_use": 0,
    "turns_per_charge": 0,
    "use_action": {
      "type": "cast_spell",
      "spell_id": "BL9_mutation_artifact_action15",
      "no_fail": true,
      "level": 0
    },
    "color": "red",
    "flags": [
      "NPC_SAFE",
      "INEDIBLE"
    ]
  },
  {
    "id": "BL9_dex1_ring",
    "type": "TOOL",
    "name": {
      "str": "<color_light_cyan> BL9灵巧戒指</颜色"
    },
    "description": "当你激活这个特殊的神器时，你会感觉到灵巧度的提升（<color_light_blue>+3 dex </color>），感觉不是被一个实体控制而是被一个实体引导，或者你认为…",
    "weight": "85 g",
    "volume": "15 ml",
    "price": "500 USD",
    "price_postapoc": "5 USD",
    "material": [
      "gold",
      "BL9"
    ],
    "looks_like": "gold_ring",
    "symbol": "[",
    "max_charges": 1,
    "initial_charges": 1,
    "charges_per_use": 0,
    "turns_per_charge": 0,
    "use_action": {
      "type": "cast_spell",
      "spell_id": "BL9_mutation_artifact_action16",
      "no_fail": true,
      "level": 0
    },
    "color": "cyan",
    "flags": [
      "NPC_SAFE",
      "INEDIBLE"
    ]
  },
  {
    "id": "BL9_dex_energeticness1_ring",
    "type": "TOOL",
    "name": {
      "str": "<color_light_cyan> BL9节能戒指</颜色"
    },
    "description": "你感觉自己变得更加健壮和精力充沛（最大耐力<color_light_blue> +25%，耐力再生</color>+15%），一旦你激活了这个特殊的神器，感觉你不是被一个实体控制而是被一个实体引导，或者你是这么认为的...",
    "weight": "85 g",
    "volume": "15 ml",
    "price": "500 USD",
    "price_postapoc": "5 USD",
    "material": [
      "gold",
      "BL9"
    ],
    "looks_like": "gold_ring",
    "symbol": "[",
    "max_charges": 1,
    "initial_charges": 1,
    "charges_per_use": 0,
    "turns_per_charge": 0,
    "use_action": {
      "type": "cast_spell",
      "spell_id": "BL9_mutation_artifact_action17",
      "no_fail": true,
      "level": 0
    },
    "color": "cyan",
    "flags": [
      "NPC_SAFE",
      "INEDIBLE"
    ]
  },
  {
    "id": "BL9_dex_deftness1_ring",
    "type": "TOOL",
    "name": {
      "str": "<color_light_cyan> BL9灵巧环</color"
    },
    "description": "你觉得你变得更快更灵巧（<color_light_blue> +1闪避，15%行动点</color>），一旦你激活了这个特殊的神器，感觉你不是被一个实体控制而是被一个实体引导，或者你是这么想的...",
    "weight": "85 g",
    "volume": "15 ml",
    "price": "500 USD",
    "price_postapoc": "5 USD",
    "material": [
      "gold",
      "BL9"
    ],
    "looks_like": "gold_ring",
    "symbol": "[",
    "max_charges": 1,
    "initial_charges": 1,
    "charges_per_use": 0,
    "turns_per_charge": 0,
    "use_action": {
      "type": "cast_spell",
      "spell_id": "BL9_mutation_artifact_action18",
      "no_fail": true,
      "level": 0
    },
    "color": "cyan",
    "flags": [
      "NPC_SAFE",
      "INEDIBLE"
    ]
  },
  {
    "id": "BL9_dex_agility1_ring",
    "type": "TOOL",
    "name": {
      "str": "<color_light_cyan> BL9 Agility戒指"
    },
    "description": "你觉得你可以在所有表面上更好地移动，更有效地清除障碍物（<color_light_blue> +15%的速度在所有表面上，15%的速度在游泳速度</color>上）。一旦你激活了这个特殊的神器，感觉你不是被一个实体控制而是被一个实体引导，或者你是这么认为的...",
    "weight": "85 g",
    "volume": "15 ml",
    "price": "500 USD",
    "price_postapoc": "5 USD",
    "material": [
      "gold",
      "BL9"
    ],
    "looks_like": "gold_ring",
    "symbol": "[",
    "max_charges": 1,
    "initial_charges": 1,
    "charges_per_use": 0,
    "turns_per_charge": 0,
    "use_action": {
      "type": "cast_spell",
      "spell_id": "BL9_mutation_artifact_action19",
      "no_fail": true,
      "level": 0
    },
    "color": "cyan",
    "flags": [
      "NPC_SAFE",
      "INEDIBLE"
    ]
  },
  {
    "id": "BL9_dex2_ring",
    "type": "TOOL",
    "name": {
      "str": "<color_light_cyan> BL9高级灵巧戒指"
    },
    "description": "一旦你激活了这个特殊的神器，你会感觉到灵巧性有了惊人的提升（<color_light_blue> +6 dex </color>），感觉上你不是被一个实体控制而是被一个实体引导，或者你是这么认为的...",
    "weight": "85 g",
    "volume": "15 ml",
    "price": "500 USD",
    "price_postapoc": "5 USD",
    "material": [
      "gold",
      "BL9"
    ],
    "looks_like": "gold_ring",
    "symbol": "[",
    "max_charges": 1,
    "initial_charges": 1,
    "charges_per_use": 0,
    "turns_per_charge": 0,
    "use_action": {
      "type": "cast_spell",
      "spell_id": "BL9_mutation_artifact_action20",
      "no_fail": true,
      "level": 0
    },
    "color": "cyan",
    "flags": [
      "NPC_SAFE",
      "INEDIBLE"
    ]
  },
  {
    "id": "BL9_dex_energeticness2_ring",
    "type": "TOOL",
    "name": {
      "str": "<color_light_cyan> BL9高级能量环"
    },
    "description": "你觉得自己变得异常健壮和精力充沛（最大耐力<color_light_blue> +55%，耐力再生</color>+35%），一旦你激活了这个特殊的神器，感觉你不是被一个实体控制而是被一个实体引导，或者你是这么认为的...",
    "weight": "85 g",
    "volume": "15 ml",
    "price": "500 USD",
    "price_postapoc": "5 USD",
    "material": [
      "gold",
      "BL9"
    ],
    "looks_like": "gold_ring",
    "symbol": "[",
    "max_charges": 1,
    "initial_charges": 1,
    "charges_per_use": 0,
    "turns_per_charge": 0,
    "use_action": {
      "type": "cast_spell",
      "spell_id": "BL9_mutation_artifact_action21",
      "no_fail": true,
      "level": 0
    },
    "color": "cyan",
    "flags": [
      "NPC_SAFE",
      "INEDIBLE"
    ]
  },
  {
    "id": "BL9_dex_deftness2_ring",
    "type": "TOOL",
    "name": {
      "str": "<color_light_cyan> BL9高级灵巧戒指</color"
    },
    "description": "你觉得自己变得更加敏捷和灵巧（闪避<color_light_blue> +2，行动点</color>+35%），一旦你激活了这个特殊的神器，你会觉得你不是被一个实体控制而是被一个实体引导，或者你是这么想的...",
    "weight": "85 g",
    "volume": "15 ml",
    "price": "500 USD",
    "price_postapoc": "5 USD",
    "material": [
      "gold",
      "BL9"
    ],
    "looks_like": "gold_ring",
    "symbol": "[",
    "max_charges": 1,
    "initial_charges": 1,
    "charges_per_use": 0,
    "turns_per_charge": 0,
    "use_action": {
      "type": "cast_spell",
      "spell_id": "BL9_mutation_artifact_action22",
      "no_fail": true,
      "level": 0
    },
    "color": "cyan",
    "flags": [
      "NPC_SAFE",
      "INEDIBLE"
    ]
  },
  {
    "id": "BL9_dex_agility2_ring",
    "type": "TOOL",
    "name": {
      "str": "<color_light_cyan> BL9高级敏捷戒指"
    },
    "description": "你觉得你可以在所有表面上移动得更好，并以令人难以置信的效率清除障碍物（所有表面上的速度为<color_light_blue> +35%，游泳速度为</color>+35%）。一旦你激活了这个特定的神器，感觉你不是被一个实体控制而是被一个实体引导，或者你是这样认为的...",
    "weight": "85 g",
    "volume": "15 ml",
    "price": "500 USD",
    "price_postapoc": "5 USD",
    "material": [
      "gold",
      "BL9"
    ],
    "looks_like": "gold_ring",
    "symbol": "[",
    "max_charges": 1,
    "initial_charges": 1,
    "charges_per_use": 0,
    "turns_per_charge": 0,
    "use_action": {
      "type": "cast_spell",
      "spell_id": "BL9_mutation_artifact_action23",
      "no_fail": true,
      "level": 0
    },
    "color": "cyan",
    "flags": [
      "NPC_SAFE",
      "INEDIBLE"
    ]
  },
  {
    "id": "BL9_dex3_ring",
    "type": "TOOL",
    "name": {
      "str": "<color_light_cyan> BL9派拉蒙灵巧戒指"
    },
    "description": "你已经获得了超乎你想象或想象的敏捷（<color_light_blue> +11 dex </color>）。一旦你激活了这个特殊的神器，你就不会觉得自己被一个实体所控制，而是被一个你认为的实体所引导...",
    "weight": "85 g",
    "volume": "15 ml",
    "price": "500 USD",
    "price_postapoc": "5 USD",
    "material": [
      "gold",
      "BL9"
    ],
    "looks_like": "gold_ring",
    "symbol": "[",
    "max_charges": 1,
    "initial_charges": 1,
    "charges_per_use": 0,
    "turns_per_charge": 0,
    "use_action": {
      "type": "cast_spell",
      "spell_id": "BL9_mutation_artifact_action24",
      "no_fail": true,
      "level": 0
    },
    "color": "cyan",
    "flags": [
      "NPC_SAFE",
      "INEDIBLE"
    ]
  },
  {
    "id": "BL9_dex_energeticness3_ring",
    "type": "TOOL",
    "name": {
      "str": "<color_light_cyan> BL9派拉蒙能量环"
    },
    "description": "你觉得自己变得没有人性，精力充沛（<color_light_blue> +最大耐力90%，耐力再生</color>+65%），一旦你激活了这个特殊的神器，感觉你不是被一个实体控制而是被一个实体引导，或者你是这么认为的...",
    "weight": "85 g",
    "volume": "15 ml",
    "price": "500 USD",
    "price_postapoc": "5 USD",
    "material": [
      "gold",
      "BL9"
    ],
    "looks_like": "gold_ring",
    "symbol": "[",
    "max_charges": 1,
    "initial_charges": 1,
    "charges_per_use": 0,
    "turns_per_charge": 0,
    "use_action": {
      "type": "cast_spell",
      "spell_id": "BL9_mutation_artifact_action25",
      "no_fail": true,
      "level": 0
    },
    "color": "cyan",
    "flags": [
      "NPC_SAFE",
      "INEDIBLE"
    ]
  },
  {
    "id": "BL9_dex_deftness3_ring",
    "type": "TOOL",
    "name": {
      "str": "<color_light_cyan> BL9派拉蒙灵巧戒指</color"
    },
    "description": "你觉得你已经获得了超乎想象或想象的敏捷和反应能力（<color_light_blue> +3闪避，</color>+65%行动点），一旦你激活了这个特殊的神器，你会觉得你不是被一个实体控制而是被它引导，或者你是这么认为的...",
    "weight": "85 g",
    "volume": "15 ml",
    "price": "500 USD",
    "price_postapoc": "5 USD",
    "material": [
      "gold",
      "BL9"
    ],
    "looks_like": "gold_ring",
    "symbol": "[",
    "max_charges": 1,
    "initial_charges": 1,
    "charges_per_use": 0,
    "turns_per_charge": 0,
    "use_action": {
      "type": "cast_spell",
      "spell_id": "BL9_mutation_artifact_action26",
      "no_fail": true,
      "level": 0
    },
    "color": "cyan",
    "flags": [
      "NPC_SAFE",
      "INEDIBLE"
    ]
  },
  {
    "id": "BL9_dex_agility3_ring",
    "type": "TOOL",
    "name": {
      "str": "<color_light_cyan> BL9派拉蒙敏捷戒指"
    },
    "description": "你觉得你已经获得了超乎想象或想象的敏捷，让你可以在任何表面上以惊人的速度移动（<color_light_blue> +65%的速度在所有表面上移动，</color>+65%的速度在游泳速度上移动）。一旦你激活了这个特殊的神器，感觉你不是被一个实体所控制，而是被一个你认为的实体所引导...",
    "weight": "85 g",
    "volume": "15 ml",
    "price": "500 USD",
    "price_postapoc": "5 USD",
    "material": [
      "gold",
      "BL9"
    ],
    "looks_like": "gold_ring",
    "symbol": "[",
    "max_charges": 1,
    "initial_charges": 1,
    "charges_per_use": 0,
    "turns_per_charge": 0,
    "use_action": {
      "type": "cast_spell",
      "spell_id": "BL9_mutation_artifact_action27",
      "no_fail": true,
      "level": 0
    },
    "color": "cyan",
    "flags": [
      "NPC_SAFE",
      "INEDIBLE"
    ]
  },
  {
    "id": "BL9_hp1_necklace",
    "type": "TOOL",
    "name": {
      "str": "<color_light_green> BL9健康项链"
    },
    "description": "一旦你激活了这个特殊的神器，你会感觉到你的健康有所提升（<color_light_blue>比</color>增加了15%），感觉你不是被一个实体控制而是被一个实体引导，或者你是这么认为的...",
    "weight": "85 g",
    "volume": "15 ml",
    "price": "500 USD",
    "price_postapoc": "5 USD",
    "material": [
      "gold",
      "BL9"
    ],
    "looks_like": "gold_necklace",
    "symbol": "[",
    "max_charges": 1,
    "initial_charges": 1,
    "charges_per_use": 0,
    "turns_per_charge": 0,
    "use_action": {
      "type": "cast_spell",
      "spell_id": "BL9_mutation_artifact_action28",
      "no_fail": true,
      "level": 0
    },
    "color": "green",
    "flags": [
      "NPC_SAFE",
      "INEDIBLE"
    ]
  },
  {
    "id": "BL9_hp_regen1_necklace",
    "type": "TOOL",
    "name": {
      "str": "<color_light_green> BL9再生项链</color"
    },
    "description": "你觉得你的伤害再生速度更快（清醒时<color_light_blue> +25%的生命值再生，睡眠时55%的生命值再生，断肢再生</color>+225%）一旦你激活了这个特殊的神器，感觉你不是被一个实体控制而是被一个实体引导，或者你是这么想的...",
    "weight": "85 g",
    "volume": "15 ml",
    "price": "500 USD",
    "price_postapoc": "5 USD",
    "material": [
      "gold",
      "BL9"
    ],
    "looks_like": "gold_necklace",
    "symbol": "[",
    "max_charges": 1,
    "initial_charges": 1,
    "charges_per_use": 0,
    "turns_per_charge": 0,
    "use_action": {
      "type": "cast_spell",
      "spell_id": "BL9_mutation_artifact_action29",
      "no_fail": true,
      "level": 0
    },
    "color": "green",
    "flags": [
      "NPC_SAFE",
      "INEDIBLE"
    ]
  },
  {
    "id": "BL9_hp_wakeful_mind1_necklace",
    "type": "TOOL",
    "name": {
      "str": "<color_light_green> BL9唤醒心灵项链"
    },
    "description": "你觉得你现在可以保持更长时间的清醒（疲劳<color_light_blue> -35%，疲劳再生</color>+48%），一旦你激活了这个特殊的神器，感觉你不是被一个实体控制而是被一个实体引导，或者你是这么想的...",
    "weight": "85 g",
    "volume": "15 ml",
    "price": "500 USD",
    "price_postapoc": "5 USD",
    "material": [
      "gold",
      "BL9"
    ],
    "looks_like": "gold_necklace",
    "symbol": "[",
    "max_charges": 1,
    "initial_charges": 1,
    "charges_per_use": 0,
    "turns_per_charge": 0,
    "use_action": {
      "type": "cast_spell",
      "spell_id": "BL9_mutation_artifact_action30",
      "no_fail": true,
      "level": 0
    },
    "color": "green",
    "flags": [
      "NPC_SAFE",
      "INEDIBLE"
    ]
  },
  {
    "id": "BL9_hp_amplified_metabolism1_necklace",
    "type": "TOOL",
    "name": {
      "str": "<color_light_green> BL9放大代谢项链</color"
    },
    "description": "你觉得你的新陈代谢现在更有效率了（<color_light_blue>对治疗的小促进，疲劳的小减少和对耐力的小促进</color>）一旦你激活了这个特殊的神器，感觉你不是被一个实体控制而是被一个实体引导，或者你是这么认为的...",
    "weight": "85 g",
    "volume": "15 ml",
    "price": "500 USD",
    "price_postapoc": "5 USD",
    "material": [
      "gold",
      "BL9"
    ],
    "looks_like": "gold_necklace",
    "symbol": "[",
    "max_charges": 1,
    "initial_charges": 1,
    "charges_per_use": 0,
    "turns_per_charge": 0,
    "use_action": {
      "type": "cast_spell",
      "spell_id": "BL9_mutation_artifact_action31",
      "no_fail": true,
      "level": 0
    },
    "color": "green",
    "flags": [
      "NPC_SAFE",
      "INEDIBLE"
    ]
  },
  {
    "id": "BL9_hp2_necklace",
    "type": "TOOL",
    "name": {
      "str": "<color_light_green> BL9高级健康项链"
    },
    "description": "一旦你激活了这个特殊的神器，你会感觉到你的健康水平有了惊人的提升（<color_light_blue> +35%到</color>）。这种感觉就好像你不是被一个实体所控制，而是被一个实体所引导，或者你是这么认为的...",
    "weight": "85 g",
    "volume": "15 ml",
    "price": "500 USD",
    "price_postapoc": "5 USD",
    "material": [
      "gold",
      "BL9"
    ],
    "looks_like": "gold_necklace",
    "symbol": "[",
    "max_charges": 1,
    "initial_charges": 1,
    "charges_per_use": 0,
    "turns_per_charge": 0,
    "use_action": {
      "type": "cast_spell",
      "spell_id": "BL9_mutation_artifact_action32",
      "no_fail": true,
      "level": 0
    },
    "color": "green",
    "flags": [
      "NPC_SAFE",
      "INEDIBLE"
    ]
  },
  {
    "id": "BL9_hp_regen2_necklace",
    "type": "TOOL",
    "name": {
      "str": "<color_light_green> BL9高级再生项链</color"
    },
    "description": "你感觉你的伤害以难以置信的速度再生（清醒时<color_light_blue> 45%的生命再生和睡眠时+75%的生命再生，+265%的断肢再生</color>）一旦你激活了这个特殊的神器，你感觉不是被控制而是被一个实体引导，或者你认为…",
    "weight": "85 g",
    "volume": "15 ml",
    "price": "500 USD",
    "price_postapoc": "5 USD",
    "material": [
      "gold",
      "BL9"
    ],
    "looks_like": "gold_necklace",
    "symbol": "[",
    "max_charges": 1,
    "initial_charges": 1,
    "charges_per_use": 0,
    "turns_per_charge": 0,
    "use_action": {
      "type": "cast_spell",
      "spell_id": "BL9_mutation_artifact_action33",
      "no_fail": true,
      "level": 0
    },
    "color": "green",
    "flags": [
      "NPC_SAFE",
      "INEDIBLE"
    ]
  },
  {
    "id": "BL9_hp_wakeful_mind2_necklace",
    "type": "TOOL",
    "name": {
      "str": "<color_light_green> BL9高级唤醒心灵项链"
    },
    "description": "你觉得你现在可以保持清醒更长的时间（疲劳<color_light_blue> -77%，疲劳再生</color>+105%），一旦你激活了这个特殊的神器，感觉你不是被一个实体控制而是被一个实体引导，或者你是这么认为的...",
    "weight": "85 g",
    "volume": "15 ml",
    "price": "500 USD",
    "price_postapoc": "5 USD",
    "material": [
      "gold",
      "BL9"
    ],
    "looks_like": "gold_necklace",
    "symbol": "[",
    "max_charges": 1,
    "initial_charges": 1,
    "charges_per_use": 0,
    "turns_per_charge": 0,
    "use_action": {
      "type": "cast_spell",
      "spell_id": "BL9_mutation_artifact_action34",
      "no_fail": true,
      "level": 0
    },
    "color": "green",
    "flags": [
      "NPC_SAFE",
      "INEDIBLE"
    ]
  },
  {
    "id": "BL9_hp_amplified_metabolism2_necklace",
    "type": "TOOL",
    "name": {
      "str": "<color_light_green> BL9高级放大代谢项链"
    },
    "description": "你觉得你的新陈代谢现在非常有效（<color_light_blue>对治疗的小促进，疲劳的小减少和耐力的小促进</color>）一旦你激活了这个特殊的神器，感觉你不是被一个实体控制而是被一个实体引导，或者你是这么认为的...",
    "weight": "85 g",
    "volume": "15 ml",
    "price": "500 USD",
    "price_postapoc": "5 USD",
    "material": [
      "gold",
      "BL9"
    ],
    "looks_like": "gold_necklace",
    "symbol": "[",
    "max_charges": 1,
    "initial_charges": 1,
    "charges_per_use": 0,
    "turns_per_charge": 0,
    "use_action": {
      "type": "cast_spell",
      "spell_id": "BL9_mutation_artifact_action35",
      "no_fail": true,
      "level": 0
    },
    "color": "green",
    "flags": [
      "NPC_SAFE",
      "INEDIBLE"
    ]
  },
  {
    "id": "BL9_hp3_necklace",
    "type": "TOOL",
    "name": {
      "str": "<color_light_green> BL9派拉蒙健康项链"
    },
    "description": "你已经获得了超乎你想象或想象的健康（<color_light_blue> +80%的健康</color>），一旦你激活了这个特殊的神器，感觉你不是被一个实体所控制，而是被一个你认为的实体所引导...",
    "weight": "85 g",
    "volume": "15 ml",
    "price": "500 USD",
    "price_postapoc": "5 USD",
    "material": [
      "gold",
      "BL9"
    ],
    "looks_like": "gold_necklace",
    "symbol": "[",
    "max_charges": 1,
    "initial_charges": 1,
    "charges_per_use": 0,
    "turns_per_charge": 0,
    "use_action": {
      "type": "cast_spell",
      "spell_id": "BL9_mutation_artifact_action36",
      "no_fail": true,
      "level": 0
    },
    "color": "green",
    "flags": [
      "NPC_SAFE",
      "INEDIBLE"
    ]
  },
  {
    "id": "BL9_hp_regen3_necklace",
    "type": "TOOL",
    "name": {
      "str": "<color_light_green> BL9派拉蒙再生项链"
    },
    "description": "你已经获得了超乎你想象或想象的再生能力（清醒时<color_light_blue> +75%的生命再生和睡眠时115%的生命再生，断肢再生</color>+345%）。一旦你激活了这个特殊的神器，你会觉得你不是被一个实体控制而是被它引导，或者你是这么认为的...",
    "weight": "85 g",
    "volume": "15 ml",
    "price": "500 USD",
    "price_postapoc": "5 USD",
    "material": [
      "gold",
      "BL9"
    ],
    "looks_like": "gold_necklace",
    "symbol": "[",
    "max_charges": 1,
    "initial_charges": 1,
    "charges_per_use": 0,
    "turns_per_charge": 0,
    "use_action": {
      "type": "cast_spell",
      "spell_id": "BL9_mutation_artifact_action37",
      "no_fail": true,
      "level": 0
    },
    "color": "green",
    "flags": [
      "NPC_SAFE",
      "INEDIBLE"
    ]
  },
  {
    "id": "BL9_hp_wakeful_mind3_necklace",
    "type": "TOOL",
    "name": {
      "str": "<color_light_green> BL9派拉蒙唤醒心灵项链"
    },
    "description": "你觉得你现在可以保持清醒更长的时间了（<color_light_blue>-125%疲劳，+160%疲劳再生</color>）一旦你激活了这个特殊的神器，感觉你不是被一个实体控制而是被一个实体引导，或者你认为…",
    "weight": "85 g",
    "volume": "15 ml",
    "price": "500 USD",
    "price_postapoc": "5 USD",
    "material": [
      "gold",
      "BL9"
    ],
    "looks_like": "gold_necklace",
    "symbol": "[",
    "max_charges": 1,
    "initial_charges": 1,
    "charges_per_use": 0,
    "turns_per_charge": 0,
    "use_action": {
      "type": "cast_spell",
      "spell_id": "BL9_mutation_artifact_action38",
      "no_fail": true,
      "level": 0
    },
    "color": "green",
    "flags": [
      "NPC_SAFE",
      "INEDIBLE"
    ]
  },
  {
    "id": "BL9_hp_amplified_metabolism3_necklace",
    "type": "TOOL",
    "name": {
      "str": "<color_light_green> BL9派拉蒙放大新陈代谢项链</颜色"
    },
    "description": "你觉得你的新陈代谢效率超出了你的想象或构想（<color_light_blue>极大地促进了愈合，极大地减少了疲劳，极大地增强了耐力</color>）一旦你激活了这个特殊的神器，你的感觉就不是被一个实体所控制，而是被一个你认为是这样的实体所引导…",
    "weight": "85 g",
    "volume": "15 ml",
    "price": "500 USD",
    "price_postapoc": "5 USD",
    "material": [
      "gold",
      "BL9"
    ],
    "looks_like": "gold_necklace",
    "symbol": "[",
    "max_charges": 1,
    "initial_charges": 1,
    "charges_per_use": 0,
    "turns_per_charge": 0,
    "use_action": {
      "type": "cast_spell",
      "spell_id": "BL9_mutation_artifact_action39",
      "no_fail": true,
      "level": 0
    },
    "color": "green",
    "flags": [
      "NPC_SAFE",
      "INEDIBLE"
    ]
  },
  {
    "id": "BL9_per1_brooch",
    "type": "TOOL",
    "name": {
      "str": "<color_yellow> BL9透视胸针</颜色"
    },
    "description": "一旦你激活了这个特殊的神器，你会感觉到知觉的提升（<color_light_blue>+3/</color>），感觉不是你被控制而是被一个实体引导，或者你认为是这样…",
    "weight": "85 g",
    "volume": "15 ml",
    "price": "500 USD",
    "price_postapoc": "5 USD",
    "material": [
      "gold",
      "BL9"
    ],
    "looks_like": "gold_bracelet",
    "symbol": "[",
    "max_charges": 1,
    "initial_charges": 1,
    "charges_per_use": 0,
    "turns_per_charge": 0,
    "use_action": {
      "type": "cast_spell",
      "spell_id": "BL9_mutation_artifact_action40",
      "no_fail": true,
      "level": 0
    },
    "color": "yellow",
    "flags": [
      "NPC_SAFE",
      "INEDIBLE"
    ]
  },
  {
    "id": "BL9_per_elevatedsense1_brooch",
    "type": "TOOL",
    "name": {
      "str": "<color_yellow> BL9高架感应胸针</颜色"
    },
    "description": "当你激活这个特殊的神器时，你的视觉和听觉感觉得到了提升（<color_light_blue>+5代表视觉过度，25%代表听觉</color>），感觉不是被一个实体控制而是被一个实体引导，或者你认为…",
    "weight": "85 g",
    "volume": "15 ml",
    "price": "500 USD",
    "price_postapoc": "5 USD",
    "material": [
      "gold",
      "BL9"
    ],
    "looks_like": "gold_bracelet",
    "symbol": "[",
    "max_charges": 1,
    "initial_charges": 1,
    "charges_per_use": 0,
    "turns_per_charge": 0,
    "use_action": {
      "type": "cast_spell",
      "spell_id": "BL9_mutation_artifact_action41",
      "no_fail": true,
      "level": 0
    },
    "color": "yellow",
    "flags": [
      "NPC_SAFE",
      "INEDIBLE"
    ]
  },
  {
    "id": "BL9_per_stealthaura1_brooch",
    "type": "TOOL",
    "name": {
      "str": "<color_yellow> BL9隐形光环胸针</颜色"
    },
    "description": "你感觉到一种无形的光环包围着你，这会提升你的隐身能力（<color_light_blue>+15到隐身能力，+15%到气味减少，+15%到噪音减少</color>）一旦你激活了这个特殊的神器，你会感觉到你不是被一个实体控制，而是被一个实体引导，或者你认为是这样的…",
    "weight": "85 g",
    "volume": "15 ml",
    "price": "500 USD",
    "price_postapoc": "5 USD",
    "material": [
      "gold",
      "BL9"
    ],
    "looks_like": "gold_bracelet",
    "symbol": "[",
    "max_charges": 1,
    "initial_charges": 1,
    "charges_per_use": 0,
    "turns_per_charge": 0,
    "use_action": {
      "type": "cast_spell",
      "spell_id": "BL9_mutation_artifact_action42",
      "no_fail": true,
      "level": 0
    },
    "color": "yellow",
    "flags": [
      "NPC_SAFE",
      "INEDIBLE"
    ]
  },
  {
    "id": "BL9_per2_brooch",
    "type": "TOOL",
    "name": {
      "str": "<color_yellow> BL9高级透视胸针</颜色"
    },
    "description": "当你激活这个特殊的神器时，你会感觉到一个不可思议的感知力提升（<color_light_blue>+6/</color>），感觉不是你被一个实体所控制，而是你认为的某个实体所引导…",
    "weight": "85 g",
    "volume": "15 ml",
    "price": "500 USD",
    "price_postapoc": "5 USD",
    "material": [
      "gold",
      "BL9"
    ],
    "looks_like": "gold_bracelet",
    "symbol": "[",
    "max_charges": 1,
    "initial_charges": 1,
    "charges_per_use": 0,
    "turns_per_charge": 0,
    "use_action": {
      "type": "cast_spell",
      "spell_id": "BL9_mutation_artifact_action43",
      "no_fail": true,
      "level": 0
    },
    "color": "yellow",
    "flags": [
      "NPC_SAFE",
      "INEDIBLE"
    ]
  },
  {
    "id": "BL9_per_elevatedsense2_brooch",
    "type": "TOOL",
    "name": {
      "str": "<color_yellow> BL9高级提升感胸针</颜色"
    },
    "description": "当你激活这个特殊的神器时，你的视觉和听觉都会得到难以置信的提升（<color_light_blue>+10代表视觉过度，55%代表听觉</color>），感觉不是被一个实体控制而是被一个实体引导，或者你认为…",
    "weight": "85 g",
    "volume": "15 ml",
    "price": "500 USD",
    "price_postapoc": "5 USD",
    "material": [
      "gold",
      "BL9"
    ],
    "looks_like": "gold_bracelet",
    "symbol": "[",
    "max_charges": 1,
    "initial_charges": 1,
    "charges_per_use": 0,
    "turns_per_charge": 0,
    "use_action": {
      "type": "cast_spell",
      "spell_id": "BL9_mutation_artifact_action44",
      "no_fail": true,
      "level": 0
    },
    "color": "yellow",
    "flags": [
      "NPC_SAFE",
      "INEDIBLE"
    ]
  },
  {
    "id": "BL9_per_stealthaura2_brooch",
    "type": "TOOL",
    "name": {
      "str": "<color_yellow> BL9高级隐形光环胸针"
    },
    "description": "你会感觉到一个无形的光环围绕着你，这极大地增强了你的隐身能力（<color_light_blue> +35隐身，45减香，45减噪</color>）。一旦你激活了这个特殊的神器，感觉你不是被一个实体控制而是被一个实体引导，或者你是这么想的...",
    "weight": "85 g",
    "volume": "15 ml",
    "price": "500 USD",
    "price_postapoc": "5 USD",
    "material": [
      "gold",
      "BL9"
    ],
    "looks_like": "gold_bracelet",
    "symbol": "[",
    "max_charges": 1,
    "initial_charges": 1,
    "charges_per_use": 0,
    "turns_per_charge": 0,
    "use_action": {
      "type": "cast_spell",
      "spell_id": "BL9_mutation_artifact_action45",
      "no_fail": true,
      "level": 0
    },
    "color": "yellow",
    "flags": [
      "NPC_SAFE",
      "INEDIBLE"
    ]
  },
  {
    "id": "BL9_per3_brooch",
    "type": "TOOL",
    "name": {
      "str": "<color_yellow> BL9派拉蒙Insightness胸针</color"
    },
    "description": "一旦你激活了这个特殊的神器，你就获得了一定的感知（<color_light_blue>+11/</color>），感觉你不是被一个实体控制而是被一个实体引导，或者你是这么认为的...",
    "weight": "85 g",
    "volume": "15 ml",
    "price": "500 USD",
    "price_postapoc": "5 USD",
    "material": [
      "gold",
      "BL9"
    ],
    "looks_like": "gold_bracelet",
    "symbol": "[",
    "max_charges": 1,
    "initial_charges": 1,
    "charges_per_use": 0,
    "turns_per_charge": 0,
    "use_action": {
      "type": "cast_spell",
      "spell_id": "BL9_mutation_artifact_action46",
      "no_fail": true,
      "level": 0
    },
    "color": "yellow",
    "flags": [
      "NPC_SAFE",
      "INEDIBLE"
    ]
  },
  {
    "id": "BL9_per_elevatedsense3_brooch",
    "type": "TOOL",
    "name": {
      "str": "<color_yellow> BL9派拉蒙提升感胸针</color"
    },
    "description": "你感觉到你的视觉和听觉得到了提升，这超出了你的想象或概念（<color_light_blue> +25比视力好，</color>+95比听力好），一旦你激活了这个特殊的神器，你会觉得你不是被一个实体控制而是被一个实体引导，或者你是这么认为的...",
    "weight": "85 g",
    "volume": "15 ml",
    "price": "500 USD",
    "price_postapoc": "5 USD",
    "material": [
      "gold",
      "BL9"
    ],
    "looks_like": "gold_bracelet",
    "symbol": "[",
    "max_charges": 1,
    "initial_charges": 1,
    "charges_per_use": 0,
    "turns_per_charge": 0,
    "use_action": {
      "type": "cast_spell",
      "spell_id": "BL9_mutation_artifact_action47",
      "no_fail": true,
      "level": 0
    },
    "color": "yellow",
    "flags": [
      "NPC_SAFE",
      "INEDIBLE"
    ]
  },
  {
    "id": "BL9_per_stealthaura3_brooch",
    "type": "TOOL",
    "name": {
      "str": "<color_yellow> BL9派拉蒙隐形光环胸针"
    },
    "description": "你感觉到一种无形的光环围绕着你，这会使你的隐身能力超出你的想象或概念（<color_light_blue>+65到隐身能力，+85%到气味减少，+85%到噪音减少</color>）一旦你激活了这个特殊的神器，你会感觉到你不是被一个实体控制，而是被一个实体引导，或者你认为是这样的…",
    "weight": "85 g",
    "volume": "15 ml",
    "price": "500 USD",
    "price_postapoc": "5 USD",
    "material": [
      "gold",
      "BL9"
    ],
    "looks_like": "gold_bracelet",
    "symbol": "[",
    "max_charges": 1,
    "initial_charges": 1,
    "charges_per_use": 0,
    "turns_per_charge": 0,
    "use_action": {
      "type": "cast_spell",
      "spell_id": "BL9_mutation_artifact_action48",
      "no_fail": true,
      "level": 0
    },
    "color": "yellow",
    "flags": [
      "NPC_SAFE",
      "INEDIBLE"
    ]
  },
  {
    "id": "BL9_int1_pendant",
    "type": "TOOL",
    "name": {
      "str": "<color_blue> BL9智能吊坠</color"
    },
    "description": "一旦你激活了这个特殊的神器，你会感觉到智力的提升（<color_light_blue> +3 int </color>），感觉你不是被一个实体控制而是被一个实体引导，或者你是这么认为的...",
    "weight": "85 g",
    "volume": "15 ml",
    "price": "500 USD",
    "price_postapoc": "5 USD",
    "material": [
      "gold",
      "BL9"
    ],
    "looks_like": "blue_topaz_gold_pendant_necklace",
    "symbol": "[",
    "max_charges": 1,
    "initial_charges": 1,
    "charges_per_use": 0,
    "turns_per_charge": 0,
    "use_action": {
      "type": "cast_spell",
      "spell_id": "BL9_mutation_artifact_action49",
      "no_fail": true,
      "level": 0
    },
    "color": "blue",
    "flags": [
      "NPC_SAFE",
      "INEDIBLE"
    ]
  },
  {
    "id": "BL9_int_aptitude1_pendant",
    "type": "TOOL",
    "name": {
      "str": "<color_blue> BL9智能吊坠</color"
    },
    "description": "你觉得你对信息的吸收以及与技能相关的天赋都增加了（阅读速度增加了<color_light_blue> +25%，技能增加了1+</color>）。一旦你激活了这个特殊的神器，你会觉得你不是被一个实体控制而是被一个实体引导，或者你是这么认为的...",
    "weight": "85 g",
    "volume": "15 ml",
    "price": "500 USD",
    "price_postapoc": "5 USD",
    "material": [
      "gold",
      "BL9"
    ],
    "looks_like": "blue_topaz_gold_pendant_necklace",
    "symbol": "[",
    "max_charges": 1,
    "initial_charges": 1,
    "charges_per_use": 0,
    "turns_per_charge": 0,
    "use_action": {
      "type": "cast_spell",
      "spell_id": "BL9_mutation_artifact_action50",
      "no_fail": true,
      "level": 0
    },
    "color": "blue",
    "flags": [
      "NPC_SAFE",
      "INEDIBLE"
    ]
  },
  {
    "id": "BL9_int2_pendant",
    "type": "TOOL",
    "name": {
      "str": "<color_blue> BL9高级智能吊坠</color"
    },
    "description": "一旦你激活了这个特殊的神器，你会感觉到智力有了惊人的提升（<color_light_blue> +6 int </color>），感觉你不是被一个实体控制而是被一个实体引导，或者你是这么认为的...",
    "weight": "85 g",
    "volume": "15 ml",
    "price": "500 USD",
    "price_postapoc": "5 USD",
    "material": [
      "gold",
      "BL9"
    ],
    "looks_like": "blue_topaz_gold_pendant_necklace",
    "symbol": "[",
    "max_charges": 1,
    "initial_charges": 1,
    "charges_per_use": 0,
    "turns_per_charge": 0,
    "use_action": {
      "type": "cast_spell",
      "spell_id": "BL9_mutation_artifact_action51",
      "no_fail": true,
      "level": 0
    },
    "color": "blue",
    "flags": [
      "NPC_SAFE",
      "INEDIBLE"
    ]
  },
  {
    "id": "BL9_int_aptitude2_pendant",
    "type": "TOOL",
    "name": {
      "str": "<color_blue> BL9高级智能吊坠</color"
    },
    "description": "你觉得你对信息的吸收以及与工艺相关的能力大大提高了（阅读速度提高了<color_light_blue> +65%，工艺技能提高了+1.5）一旦你激活了这个特殊的神器，你会觉得你不是被一个实体控制而是被一个实体引导，或者你是这么认为的...",
    "weight": "85 g",
    "volume": "15 ml",
    "price": "500 USD",
    "price_postapoc": "5 USD",
    "material": [
      "gold",
      "BL9"
    ],
    "looks_like": "blue_topaz_gold_pendant_necklace",
    "symbol": "[",
    "max_charges": 1,
    "initial_charges": 1,
    "charges_per_use": 0,
    "turns_per_charge": 0,
    "use_action": {
      "type": "cast_spell",
      "spell_id": "BL9_mutation_artifact_action52",
      "no_fail": true,
      "level": 0
    },
    "color": "blue",
    "flags": [
      "NPC_SAFE",
      "INEDIBLE"
    ]
  },
  {
    "id": "BL9_int3_pendant",
    "type": "TOOL",
    "name": {
      "str": "<color_blue> BL9派拉蒙智能吊坠</color"
    },
    "description": "你已经获得了超出你想象或想象的智力（<color_light_blue>+11 int </color>）一旦你激活了这个特殊的神器，你会感觉不是被一个实体控制而是被一个实体引导，或者你认为是这样的…",
    "weight": "85 g",
    "volume": "15 ml",
    "price": "500 USD",
    "price_postapoc": "5 USD",
    "material": [
      "gold",
      "BL9"
    ],
    "looks_like": "blue_topaz_gold_pendant_necklace",
    "symbol": "[",
    "max_charges": 1,
    "initial_charges": 1,
    "charges_per_use": 0,
    "turns_per_charge": 0,
    "use_action": {
      "type": "cast_spell",
      "spell_id": "BL9_mutation_artifact_action53",
      "no_fail": true,
      "level": 0
    },
    "color": "blue",
    "flags": [
      "NPC_SAFE",
      "INEDIBLE"
    ]
  },
  {
    "id": "BL9_int_aptitude3_pendant",
    "type": "TOOL",
    "name": {
      "str": "<color_blue> BL9派拉蒙智能吊坠</color"
    },
    "description": "你觉得你对信息的吸收以及与手工艺相关的才能超出了你的想象或概念（阅读速度<color_light_blue> +90%，手工艺技能</color>+2）。一旦你激活了这个特殊的艺术品，你会觉得你不是被一个实体所控制，而是被一个实体所引导，或者你是这么认为的...",
    "weight": "85 g",
    "volume": "15 ml",
    "price": "500 USD",
    "price_postapoc": "5 USD",
    "material": [
      "gold",
      "BL9"
    ],
    "looks_like": "blue_topaz_gold_pendant_necklace",
    "symbol": "[",
    "max_charges": 1,
    "initial_charges": 1,
    "charges_per_use": 0,
    "turns_per_charge": 0,
    "use_action": {
      "type": "cast_spell",
      "spell_id": "BL9_mutation_artifact_action54",
      "no_fail": true,
      "level": 0
    },
    "color": "blue",
    "flags": [
      "NPC_SAFE",
      "INEDIBLE"
    ]
  }
]