[
  {
    "type": "martial_art",
    "id": "style_brawling",
    "name": {
      "str": "斗殴技"
    },
    "copy-from": "style_brawling",
    "extend": {
      "weapons": [
        "BL9_tendril_sword",
        "BL9_worm_whip",
        "BL9_repto_spear",
        "BL9_spiky_sword",
        "BL9_tail_whip",
        "BL9_spiked_worm_polearm",
        "BL9_repto_evo_spear",
        "BL9_pincer_sword",
        "BL9_tail_whip_enhanced",
        "BL9_repto_evo_spear_enhanced",
        "BL9_pincer_sword_enhanced"
      ]
    }
  },
  {
    "type": "martial_art",
    "id": "style_swordsmanship",
    "name": {
      "str": "中世纪剑术"
    },
    "copy-from": "style_swordsmanship",
    "extend": {
      "weapons": [
        "BL9_tendril_sword",
        "BL9_spiky_sword",
        "BL9_pincer_sword",
        "BL9_pincer_sword_enhanced"
      ]
    }
  },
  {
    "type": "martial_art",
    "id": "style_silat",
    "name": {
      "str": "班卡苏拉刀术"
    },
    "copy-from": "style_silat",
    "extend": {
      "weapons": [
        "BL9_worm_whip",
        "BL9_tail_whip",
        "BL9_tentacle_spike_flail",
        "BL9_tail_whip_enhanced",
        "BL9_tentacle_spike_flail_enhanced"
      ]
    }
  },
  {
    "type": "martial_art",
    "id": "style_krav_maga",
    "name": {
      "str": "马伽术"
    },
    "copy-from": "style_krav_maga",
    "extend": {
      "weapons": [
        "BL9_claws_melee",
        "BL9_tentacle_axe",
        "BL9_bladed_tentacle_claws",
        "BL9_claws_evo",
        "BL9_spiked_sledgehammer",
        "BL9_tentacle_axe_enhanced",
        "BL9_claws_evo_enhanced",
        "BL9_pistol",
        "BL9_auto",
        "BL9_pistol_mk2",
        "BL9_auto_mk2",
        "BL9_pistol_mk3",
        "BL9_auto_mk3"
      ]
    }
  },
  {
    "type": "martial_art",
    "id": "style_niten",
    "name": {
      "str": "二天一流"
    },
    "copy-from": "style_niten",
    "extend": {
      "weapons": [
        "BL9_repto_spear",
        "BL9_tentacle_axe",
        "BL9_repto_evo_spear",
        "BL9_spiked_sledgehammer",
        "BL9_tentacle_axe_enhanced",
        "BL9_repto_evo_spear_enhanced"
      ]
    }
  },
  {
    "type": "martial_art",
    "id": "style_medievalpole",
    "name": {
      "str": "战斗之花"
    },
    "copy-from": "style_medievalpole",
    "extend": {
      "weapons": [
        "BL9_repto_spear",
        "BL9_tail_whip",
        "BL9_spiked_worm_polearm",
        "BL9_repto_evo_spear",
        "BL9_tail_whip_enhanced",
        "BL9_repto_evo_spear_enhanced"
      ]
    }
  }
]