[
  {
    "type": "material",
    "id": "BL9",
    "name": "BL9",
    "density": 6,
    "bash_resist": 8,
    "cut_resist": 12,
    "acid_resist": 7,
    "fire_resist": 10,
    "elec_resist": 9,
    "chip_resist": 23,
    "bullet_resist": 17,
    "repaired_with": "BL9_sample",
    "salvaged_into": "BL9_chunk",
    "dmg_adj": [
      "刮花",
      "斩击",
      "裂纹",
      "破碎"
    ],
    "bash_dmg_verb": "凹损",
    "cut_dmg_verb": "穿孔",
    "burn_products": [
      [
        "slime_scrap",
        1
      ]
    ]
  },
  {
    "type": "material",
    "id": "BL9_mid1",
    "name": "BL9中1",
    "density": 6,
    "bash_resist": 9,
    "cut_resist": 8,
    "acid_resist": 7,
    "fire_resist": 10,
    "elec_resist": 9,
    "chip_resist": 18,
    "bullet_resist": 12,
    "repaired_with": "BL9_sample",
    "salvaged_into": "BL9_chunk",
    "dmg_adj": [
      "刮花",
      "斩击",
      "裂纹",
      "破碎"
    ],
    "bash_dmg_verb": "凹损",
    "cut_dmg_verb": "穿孔",
    "burn_products": [
      [
        "slime_scrap",
        1
      ]
    ]
  },
  {
    "type": "material",
    "id": "BL9_mid2",
    "name": "中级2BL9",
    "density": 6,
    "bash_resist": 12,
    "cut_resist": 12,
    "acid_resist": 7,
    "fire_resist": 10,
    "elec_resist": 9,
    "chip_resist": 18,
    "bullet_resist": 14,
    "repaired_with": "BL9_sample",
    "salvaged_into": "BL9_chunk",
    "dmg_adj": [
      "刮花",
      "斩击",
      "裂纹",
      "破碎"
    ],
    "bash_dmg_verb": "凹损",
    "cut_dmg_verb": "穿孔",
    "burn_products": [
      [
        "slime_scrap",
        1
      ]
    ]
  },
  {
    "type": "material",
    "id": "BL9_mk2",
    "name": "BL9 MK ii型",
    "density": 8,
    "bash_resist": 22,
    "cut_resist": 28,
    "acid_resist": 10,
    "fire_resist": 14,
    "elec_resist": 10,
    "chip_resist": 35,
    "bullet_resist": 25,
    "repaired_with": "BL9_sample",
    "salvaged_into": "BL9_chunkmk2",
    "dmg_adj": [
      "刮花",
      "斩击",
      "裂纹",
      "破碎"
    ],
    "bash_dmg_verb": "凹损",
    "cut_dmg_verb": "穿孔",
    "burn_products": [
      [
        "slime_scrap",
        10
      ]
    ]
  },
  {
    "type": "material",
    "id": "BL9_mk2_mid1",
    "name": "MK ii mid1路9号",
    "density": 8,
    "bash_resist": 11,
    "cut_resist": 12,
    "acid_resist": 10,
    "fire_resist": 14,
    "elec_resist": 10,
    "chip_resist": 35,
    "bullet_resist": 11,
    "repaired_with": "BL9_sample",
    "salvaged_into": "BL9_chunkmk2",
    "dmg_adj": [
      "刮花",
      "斩击",
      "裂纹",
      "破碎"
    ],
    "bash_dmg_verb": "凹损",
    "cut_dmg_verb": "穿孔",
    "burn_products": [
      [
        "slime_scrap",
        10
      ]
    ]
  },
  {
    "type": "material",
    "id": "BL9_mk2_mid2",
    "name": "BL9MK2中级2",
    "density": 8,
    "bash_resist": 12,
    "cut_resist": 14,
    "acid_resist": 10,
    "fire_resist": 14,
    "elec_resist": 10,
    "chip_resist": 35,
    "bullet_resist": 14,
    "repaired_with": "BL9_sample",
    "salvaged_into": "BL9_chunkmk2",
    "dmg_adj": [
      "刮花",
      "斩击",
      "裂纹",
      "破碎"
    ],
    "bash_dmg_verb": "凹损",
    "cut_dmg_verb": "穿孔",
    "burn_products": [
      [
        "slime_scrap",
        10
      ]
    ]
  }
]