[
  {
    "type": "COMESTIBLE",
    "id": "rotgut",
    "name": {
      "str": "劣等酒",
      "str_pl": "劣等酒"
    },
    "weight": "33 g",
    "color": "brown",
    "addiction_type": "alcohol",
    "use_action": "ALCOHOL",
    "stim": -10,
    "container": "bottle_glass",
    "comestible_type": "DRINK",
    "symbol": "~",
    "quench": -12,
    "healthy": -2,
    "addiction_potential": 5,
    "calories": 17,
    "description": "一种很浓的酒或清洗液，你说了算。",
    "price": "23 USD",
    "material": [
      "alcohol"
    ],
    "volume": "250 ml",
    "phase": "liquid",
    "charges": 7,
    "fun": 15,
    "flags": [
      "EATEN_COLD"
    ],
    "freezing_point": -22
  },
  {
    "type": "COMESTIBLE",
    "id": "rum_roentgen",
    "name": {
      "str": "伦琴朗姆酒",
      "str_pl": "伦琴朗姆酒"
    },
    "weight": "33 g",
    "color": "yellow",
    "addiction_type": "alcohol",
    "use_action": "ALCOHOL",
    "stim": -10,
    "container": "bottle_glass",
    "comestible_type": "DRINK",
    "symbol": "~",
    "quench": -12,
    "healthy": -4,
    "addiction_potential": 5,
    "calories": 17,
    "description": "一瓶伦琴朗姆酒。它在黑暗中发光！",
    "price": "23 USD",
    "material": [
      "alcohol"
    ],
    "volume": "250 ml",
    "phase": "liquid",
    "charges": 7,
    "fun": 15,
    "flags": [
      "EATEN_COLD"
    ],
    "freezing_point": -44
  },
  {
    "type": "COMESTIBLE",
    "id": "beer_gamma",
    "name": {
      "str": "伽玛啤酒",
      "str_pl": "伽玛啤酒"
    },
    "weight": "33 g",
    "color": "green",
    "addiction_type": "alcohol",
    "use_action": "ALCOHOL",
    "stim": -10,
    "container": "bottle_glass",
    "comestible_type": "DRINK",
    "symbol": "~",
    "quench": -12,
    "healthy": -4,
    "addiction_potential": 5,
    "calories": 17,
    "description": "一瓶伽马啤酒。它在黑暗中发光！",
    "price": "23 USD",
    "material": [
      "alcohol"
    ],
    "volume": "250 ml",
    "phase": "liquid",
    "charges": 7,
    "fun": 15,
    "flags": [
      "EATEN_COLD"
    ],
    "freezing_point": -44
  },
  {
    "type": "COMESTIBLE",
    "id": "healing_powder",
    "name": {
      "str": "疗伤粉",
      "str_pl": "治疗粉"
    },
    "weight": "6 g",
    "color": "yellow",
    "container": "bottle_plastic_small",
    "comestible_type": "FOOD",
    "symbol": "%",
    "stim": -12,
    "quench": -1,
    "healthy": 40,
    "calories": 9,
    "description": "一个非常强大的治疗魔法-虽然它会带来睡眠的感觉到你的头。",
    "price": 10,
    "material": [
      "powder",
      "fruit",
      "veggy"
    ],
    "volume": "250 ml",
    "flags": [
      "EDIBLE_FROZEN"
    ],
    "charges": 15,
    "fun": -3
  },
  {
    "type": "COMESTIBLE",
    "id": "healing_powder_drink",
    "name": {
      "str": "疗伤饮料",
      "str_pl": "疗伤饮料"
    },
    "weight": "263 g",
    "color": "yellow",
    "container": "bottle_glass",
    "comestible_type": "DRINK",
    "symbol": "~",
    "stim": -24,
    "quench": 35,
    "healthy": 80,
    "calories": 35,
    "description": "混合在甜饮料中的疗伤粉。它味道更好，对你更好，而且有助于你睡眠。这是一种神奇的药物。只是不要在战斗中使用它。",
    "price": 80,
    "material": [
      "fruit",
      "veggy"
    ],
    "volume": "250 ml",
    "phase": "liquid",
    "flags": [
      "EATEN_COLD"
    ],
    "charges": 7,
    "fun": 3
  },
  {
    "type": "COMESTIBLE",
    "id": "jerky_gecko",
    "name": {
      "str": "捕食者的肉干"
    },
    "weight": "56 g",
    "color": "red",
    "comestible_type": "FOOD",
    "symbol": "%",
    "quench": -3,
    "calories": 174,
    "container": "box_small",
    "description": "这些熏过的和干过的大块兽肉，多年来都保持着嚼劲和多汁，甚至有些营养…用精选靴片制成！",
    "price": 900,
    "material": [
      "flesh"
    ],
    "volume": "250 ml",
    "flags": [
      "EDIBLE_FROZEN"
    ],
    "charges": 2,
    "fun": 10
  },
  {
    "type": "COMESTIBLE",
    "id": "kebab_gecko",
    "name": {
      "str": "木棍上的壁虎"
    },
    "weight": "56 g",
    "color": "red",
    "spoils_in": "720 days",
    "comestible_type": "FOOD",
    "symbol": "%",
    "quench": -3,
    "calories": 174,
    "description": "干壁虎肉，放在一根棍子上与蔬菜和进一步调味。不是很健康，但是里面有蔬菜，而且很饱。",
    "price": 900,
    "material": [
      "flesh",
      "veggy",
      "junk"
    ],
    "volume": "250 ml",
    "flags": [
      "EDIBLE_FROZEN"
    ],
    "charges": 4,
    "fun": 10
  },
  {
    "type": "COMESTIBLE",
    "id": "xander_root",
    "name": {
      "str": "找山达根",
      "str_pl": "仙人掌"
    },
    "weight": "238 g",
    "color": "green",
    "comestible_type": "FOOD",
    "symbol": "%",
    "healthy": 10,
    "calories": 217,
    "description": "一种稀有的根，能使愈合的粉末具有愈合的特性",
    "price": 60,
    "material": [
      "veggy"
    ],
    "volume": "250 ml",
    "fun": -10,
    "flags": [
      "SMOKABLE"
    ],
    "rot_spawn": "GROUP_ROTTING_PLANT",
    "rot_spawn_chance": 5
  },
  {
    "type": "COMESTIBLE",
    "id": "broc_flower",
    "name": {
      "str": "布洛克花",
      "str_pl": "花椰"
    },
    "weight": "96 g",
    "color": "yellow",
    "comestible_type": "FOOD",
    "symbol": "%",
    "healthy": 1,
    "calories": 35,
    "description": "形成治疗粉末的基部的丰富的花。",
    "price": 60,
    "material": [
      "veggy"
    ],
    "volume": "250 ml",
    "stack_size": 4,
    "charges": 2,
    "fun": -12,
    "rot_spawn": "GROUP_ROTTING_PLANT",
    "rot_spawn_chance": 2
  },
  {
    "type": "COMESTIBLE",
    "id": "cola_nuka_piss",
    "name": {
      "str": "黄色努卡可乐"
    },
    "weight": "260 g",
    "color": "yellow",
    "addiction_type": "caffeine",
    "fatigue_mod": 32,
    "stim": 12,
    "container": "bottle_glass",
    "comestible_type": "DRINK",
    "symbol": "~",
    "quench": 108,
    "healthy": -20,
    "addiction_potential": 2,
    "calories": 26,
    "description": "一种鲜为人知的努卡可乐，只有“疯狂裸体男人”才能提供。它有一个“有趣”的花束。",
    "price": 95,
    "material": [
      "junk"
    ],
    "volume": "250 ml",
    "flags": [
      "EATEN_HOT"
    ],
    "phase": "liquid",
    "fun": -100
  },
  {
    "type": "COMESTIBLE",
    "id": "beer_5x",
    "name": {
      "str": "XXXXX啤酒",
      "str_pl": "XXXXX啤酒"
    },
    "weight": "249 g",
    "color": "brown",
    "addiction_type": "alcohol",
    "use_action": "ALCOHOL_WEAK",
    "stim": -40,
    "container": "bottle_glass",
    "comestible_type": "DRINK",
    "symbol": "~",
    "quench": 18,
    "addiction_potential": 8,
    "calories": 55,
    "description": "原产于远方的一种啤酒，品种繁多。尝起来有点像小便。",
    "price": 110,
    "material": [
      "alcohol",
      "water"
    ],
    "volume": "250 ml",
    "phase": "liquid",
    "flags": [
      "EATEN_COLD"
    ],
    "freezing_point": -23,
    "fun": 100
  },
  {
    "type": "COMESTIBLE",
    "id": "pie_happy",
    "name": {
      "str": "快乐派"
    },
    "weight": "252 g",
    "color": "yellow",
    "addiction_type": "alcohol",
    "use_action": "ALCOHOL_WEAK",
    "stim": 2,
    "container": "wrapper",
    "comestible_type": "FOOD",
    "symbol": "%",
    "quench": 5,
    "addiction_potential": 2,
    "healthy": -1,
    "calories": 139,
    "description": "令人惊奇的是，仍然可以食用。",
    "price": "12 USD",
    "material": [
      "wheat",
      "fruit",
      "junk"
    ],
    "volume": "1000 ml",
    "charges": 6,
    "flags": [
      "EATEN_HOT"
    ],
    "fun": 20,
    "rot_spawn": "GROUP_ROTTING_PLANT"
  }
]