[
  {
    "id": "seed_broc",
    "copy-from": "seed_fruit",
    "type": "COMESTIBLE",
    "name": {
      "str": "花椰子",
      "str_pl": "花椰子"
    },
    "description": "一些花椰子种子。",
    "volume": "3 ml",
    "weight": "5 g",
    "stack_size": 40,
    "flags": [
      "ZERO_WEIGHT"
    ],
    "seed_data": {
      "plant_name": "Broc Flower",
      "fruit": "broc_flower",
      "byproducts": [
        "withered"
      ],
      "grow": "3 days"
    }
  },
  {
    "type": "COMESTIBLE",
    "id": "seed_xander_root",
    "copy-from": "seed",
    "price": 120,
    "name": {
      "str": "仙人掌种子",
      "str_pl": "仙人掌种子"
    },
    "description": "一些仙人掌种子。",
    "volume": "3 ml",
    "weight": "5 g",
    "stack_size": 40,
    "flags": [
      "ZERO_WEIGHT"
    ],
    "seed_data": {
      "plant_name": "Xander Root",
      "fruit": "xander_root",
      "grow": "3 days"
    }
  },
  {
    "type": "COMESTIBLE",
    "id": "seed_cave_fungus",
    "copy-from": "seed_mushroom_base",
    "name": {
      "str": "洞穴真菌孢子",
      "str_pl": "洞穴真菌孢子"
    },
    "seed_data": {
      "plant_name": "Cave Fungus",
      "fruit": "cave_fungus",
      "grow": "3 days"
    }
  },
  {
    "id": "seed_crunchy_mutfruit",
    "copy-from": "seed_fruit",
    "type": "COMESTIBLE",
    "name": {
      "str": "脆果籽",
      "str_pl": "脆果籽"
    },
    "description": "一些松脆的水果种子。",
    "volume": "3 ml",
    "weight": "5 g",
    "stack_size": 40,
    "flags": [
      "ZERO_WEIGHT"
    ],
    "seed_data": {
      "plant_name": "Crunchy Mutfruit",
      "fruit": "mutfruit_crunchy",
      "byproducts": [
        "withered"
      ],
      "grow": "3 days"
    }
  },
  {
    "id": "seed_mutfruit",
    "copy-from": "seed_fruit",
    "type": "COMESTIBLE",
    "name": {
      "str": "异果种子",
      "str_pl": "异果种子"
    },
    "description": "一些水果种子。",
    "volume": "3 ml",
    "weight": "5 g",
    "stack_size": 40,
    "flags": [
      "ZERO_WEIGHT"
    ],
    "seed_data": {
      "plant_name": "Mutfruit",
      "fruit": "mutfruit",
      "byproducts": [
        "withered"
      ],
      "grow": "3 days"
    }
  },
  {
    "id": "seed_punga",
    "copy-from": "seed_fruit",
    "type": "COMESTIBLE",
    "name": {
      "str": "蓬嘎种子",
      "str_pl": "蓬嘎种子"
    },
    "description": "一些水果种子。",
    "volume": "3 ml",
    "weight": "5 g",
    "stack_size": 40,
    "flags": [
      "ZERO_WEIGHT"
    ],
    "seed_data": {
      "plant_name": "Punga Plant",
      "fruit": "fruit_punga",
      "byproducts": [
        "withered"
      ],
      "grow": "3 days"
    }
  },
  {
    "id": "seed_cactus_barrel",
    "copy-from": "seed_fruit",
    "type": "COMESTIBLE",
    "name": {
      "str": "桶装仙人掌种子",
      "str_pl": "桶装仙人掌种子"
    },
    "description": "一些桶装仙人掌种子。",
    "seed_data": {
      "plant_name": "barrel cactus",
      "fruit": "fruit_cactus_barrel",
      "byproducts": [
        "withered"
      ],
      "grow": "91 days"
    }
  },
  {
    "id": "seed_cactus_prickly",
    "copy-from": "seed_fruit",
    "type": "COMESTIBLE",
    "name": {
      "str": "花梨籽",
      "str_pl": "花梨籽"
    },
    "description": "一些花梨仙人掌种子。",
    "seed_data": {
      "plant_name": "prickly pear cactus",
      "fruit": "fruit_cactus_barrel",
      "byproducts": [
        "withered"
      ],
      "grow": "91 days"
    }
  }
]