[
  {
    "type": "COMESTIBLE",
    "id": "macaroni_blamco_cram",
    "name": {
      "str": "布拉姆科奶酪",
      "str_pl": "布拉姆科奶酪"
    },
    "weight": "323 g",
    "color": "yellow",
    "spoils_in": "10 hours",
    "container": "box_small",
    "comestible_type": "FOOD",
    "symbol": "%",
    "quench": 25,
    "calories": 534,
    "description": "煮熟的布朗科奶酪。好吃。现在添加了Cram，用于蛋白质。",
    "price": 380,
    "material": [
      "wheat",
      "milk",
      "flesh"
    ],
    "volume": "1000 ml",
    "charges": 2,
    "flags": [
      "EATEN_HOT",
      "TRADER_AVOID"
    ],
    "fun": 15,
    "rot_spawn": "GROUP_CARRION"
  },
  {
    "type": "COMESTIBLE",
    "id": "macaroni_blamco_deluxe",
    "name": {
      "str": "豪华布朗科奶酪",
      "str_pl": "豪华布朗科奶酪"
    },
    "weight": "323 g",
    "color": "yellow",
    "spoils_in": "10 hours",
    "container": "box_small",
    "comestible_type": "FOOD",
    "symbol": "%",
    "healthy": 5,
    "quench": 25,
    "calories": 656,
    "description": "煮熟的布朗科奶酪。好吃。现在加上补习班和洞穴真菌！",
    "price": 380,
    "material": [
      "wheat",
      "milk",
      "flesh",
      "mushroom"
    ],
    "volume": "1000 ml",
    "charges": 2,
    "flags": [
      "EATEN_HOT",
      "TRADER_AVOID"
    ],
    "fun": 25,
    "rot_spawn": "GROUP_CARRION"
  },
  {
    "type": "COMESTIBLE",
    "id": "instamash_cooked_cram",
    "name": {
      "str": "速食土豆泥"
    },
    "weight": "210 g",
    "color": "brown",
    "spoils_in": "2 days",
    "comestible_type": "FOOD",
    "symbol": "%",
    "healthy": -1,
    "calories": 374,
    "description": "美味的，煮熟的。加上一点干面包！",
    "price": 150,
    "material": [
      "veggy",
      "flesh"
    ],
    "volume": "250 ml",
    "flags": [
      "EATEN_HOT"
    ],
    "fun": 3,
    "rot_spawn": "GROUP_ROTTING_PLANT"
  },
  {
    "type": "COMESTIBLE",
    "id": "instamash_cooked_deluxe",
    "name": {
      "str": "豪华土豆泥"
    },
    "weight": "210 g",
    "color": "brown",
    "spoils_in": "2 days",
    "comestible_type": "FOOD",
    "symbol": "%",
    "healthy": 12,
    "calories": 674,
    "description": "美味的，煮熟的。添加少量干面包、奶酪，甚至蘑菇！",
    "price": 150,
    "material": [
      "veggy",
      "flesh",
      "milk",
      "mushroom"
    ],
    "volume": "250 ml",
    "flags": [
      "EATEN_HOT"
    ],
    "fun": 3,
    "rot_spawn": "GROUP_ROTTING_PLANT"
  },
  {
    "type": "COMESTIBLE",
    "id": "wastelander_fruit_salad",
    "name": {
      "str": "辐照水果沙拉"
    },
    "weight": "320 g",
    "color": "green",
    "container": "bowl_plastic",
    "comestible_type": "FOOD",
    "symbol": "%",
    "quench": 15,
    "healthy": 20,
    "calories": 391,
    "description": "里面有各种水果的沙拉。",
    "price": 350,
    "material": [
      "fruit"
    ],
    "volume": "250 ml",
    "charges": 2,
    "fun": 5,
    "flags": [
      "EATEN_COLD"
    ],
    "rot_spawn": "GROUP_ROTTING_PLANT"
  }
]