[
  {
    "type": "COMESTIBLE",
    "id": "fruit_cactus_barrel",
    "name": {
      "str": "桶装仙人掌果",
      "str_pl": "桶装仙人掌果"
    },
    "weight": "97 g",
    "color": "yellow",
    "spoils_in": "5 days",
    "comestible_type": "FOOD",
    "symbol": "%",
    "quench": 5,
    "healthy": -1,
    "calories": 65,
    "description": "圆桶仙人掌的果实。非常美味，但生的时候不健康。",
    "price": 75,
    "material": [
      "fruit"
    ],
    "volume": "250 ml",
    "fun": 4,
    "flags": [
      "FREEZERBURN",
      "SMOKABLE"
    ],
    "smoking_result": "dry_fruit",
    "vitamins": [
      [
        "vitC",
        4
      ],
      [
        "calcium",
        1
      ],
      [
        "iron",
        2
      ]
    ]
  },
  {
    "type": "COMESTIBLE",
    "id": "fruit_cactus_prickly",
    "name": {
      "str": "花梨",
      "str_pl": "花梨"
    },
    "weight": "97 g",
    "color": "red",
    "spoils_in": "5 days",
    "comestible_type": "FOOD",
    "symbol": "%",
    "quench": 5,
    "healthy": 4,
    "calories": 165,
    "description": "仙人掌的果实。美味无比，超级健康！",
    "price": 75,
    "material": [
      "fruit"
    ],
    "volume": "250 ml",
    "fun": 4,
    "flags": [
      "FREEZERBURN",
      "SMOKABLE"
    ],
    "smoking_result": "dry_fruit",
    "vitamins": [
      [
        "vitC",
        4
      ],
      [
        "calcium",
        1
      ],
      [
        "iron",
        2
      ]
    ]
  }
]