[
  {
    "id": "BGSS_HH_GIRL_STORY1",
    "type": "talk_topic",
    "dynamic_line": "我不想谈那个…",
    "responses": [
      {
        "text": "我很抱歉你…",
        "topic": "BGSS_HH_GIRL_STORY2"
      },
      {
        "text": "<done_conversation_section>",
        "topic": "TALK_FRIEND"
      },
      {
        "text": "<end_talking>",
        "topic": "TALK_DONE"
      }
    ]
  },
  {
    "id": "BGSS_HH_GIRL_STORY2",
    "type": "talk_topic",
    "dynamic_line": "*哭声",
    "responses": [
      {
        "text": "<done_conversation_section>",
        "topic": "TALK_FRIEND"
      },
      {
        "text": "<end_talking>",
        "topic": "TALK_DONE"
      }
    ]
  }
]