[
  {
    "type": "npc_class",
    "id": "NC_naked_girl",
    "name": {
      "str": "Naked Girl"
    },
    "job_description": "Naked Girl.",
    "traits": [
      {
        "trait": "BGSS_HH_GIRL"
      },
      {
        "group": "NPC_starting_traits"
      },
      {
        "group": "Appearance_demographics"
      }
    ],
    "worn_override": "NC_naked_girl_worn",
    "weapon_override": "EMPTY_GROUP",
    "carry_override": "EMPTY_GROUP",
    "common": false
  },
  {
    "type": "item_group",
    "id": "NC_naked_girl_worn",
    "subtype": "collection",
    "entries": [
      {
        "item": "panties"
      },
      {
        "item": "stockings"
      }
    ]
  },
  {
    "type": "npc_class",
    "id": "NC_GS_SLAVE",
    "name": {
      "str": "Slave"
    },
    "job_description": "Slave.",
    "traits": [
      {
        "group": "NPC_starting_traits"
      },
      {
        "group": "Appearance_demographics"
      }
    ],
    "worn_override": "NC_GS_SLAVE_worn",
    "weapon_override": "EMPTY_GROUP",
    "carry_override": "EMPTY_GROUP",
    "common": false
  },
  {
    "type": "item_group",
    "id": "NC_GS_SLAVE_worn",
    "subtype": "collection",
    "entries": [
      {
        "item": "briefs"
      },
      {
        "item": "striped_shirt"
      },
      {
        "item": "striped_pants"
      },
      {
        "item": "sneakers"
      },
      {
        "item": "socks"
      }
    ]
  }
]