[
  {
    "type": "snippet",
    "category": "epilogue_factions",
    "text": [
      {
        "id": "epilogue_faction_forest_snakes_0",
        "text": "森林里的蛇出事了…"
      },
      {
        "id": "epilogue_faction_forest_snakes_60",
        "text": "森林里的蛇出事了，但后来…"
      },
      {
        "id": "epilogue_faction_red_suns_0",
        "text": "红太阳出了什么事…"
      },
      {
        "id": "epilogue_faction_red_suns_60",
        "text": "红太阳出了点事，但后来…"
      }
    ]
  }
]