[
  {
    "type": "faction",
    "id": "hells_raiders_slaves",
    "name": "地狱掠夺者奴隶",
    "likes_u": 0,
    "respects_u": 0,
    "known_by_u": false,
    "size": 6,
    "power": 0,
    "food_supply": 100,
    "wealth": 100,
    "relations": {
      "free_merchants": {
        "knows your voice": true
      },
      "old_guard": {
        "knows your voice": true
      },
      "your_followers": {
        "knows your voice": true
      },
      "no_faction": {
        "knows your voice": true
      }
    },
    "description": "地狱掠夺者奴隶！"
  },
  {
    "//": "Subfaction that will spawn during OG Rep quest line",
    "//2": "will be located in bandit camp, preferably not to be used anywhere else",
    "type": "faction",
    "id": "forest_snakes",
    "name": "森林蛇",
    "likes_u": -25,
    "respects_u": -25,
    "known_by_u": false,
    "size": 35,
    "power": 35,
    "food_supply": 110400,
    "wealth": 10000000,
    "currency": "jerky",
    "relations": {
      "forest_snakes": {
        "kill on sight": false,
        "watch your back": true,
        "share my stuff": true,
        "guard your stuff": true,
        "lets you in": true,
        "defends your space": true,
        "knows your voice": true
      },
      "hells_raiders": {
        "kill on sight": false,
        "lets you in": true,
        "knows your voice": true
      },
      "red_suns": {
        "kill on sight": false,
        "lets you in": true,
        "knows your voice": true
      },
      "sunset_bikers": {
        "kill on sight": false,
        "lets you in": true,
        "knows your voice": true
      },
      "grim_sisters": {
        "kill on sight": false,
        "lets you in": true,
        "knows your voice": true
      },
      "free_merchants": {
        "kill on sight": true
      },
      "old_guard": {
        "kill on sight": true
      }
    },
    "epilogues": [
      {
        "power_min": 0,
        "id": "epilogue_faction_forest_snakes_0"
      },
      {
        "power_max": 60,
        "id": "epilogue_faction_forest_snakes_60"
      }
    ],
    "description": "一个地狱的袭击者团伙的流氓和强盗，掠夺其他幸存者。顽强的军国主义游击队，躲在树林里太久了，最终决定利用他们的知识和训练来造福自己。"
  },
  {
    "//": "Subfaction that will spawn during Forest Snakes quest line",
    "//2": "will be located in Refugee Center, preferably not to be used anywhere else",
    "type": "faction",
    "id": "red_suns",
    "name": "红太阳",
    "likes_u": -25,
    "respects_u": -25,
    "known_by_u": false,
    "size": 35,
    "power": 35,
    "food_supply": 110400,
    "wealth": 10000000,
    "currency": "FMCNote",
    "relations": {
      "red_suns": {
        "kill on sight": false,
        "watch your back": true,
        "share my stuff": true,
        "guard your stuff": true,
        "lets you in": true,
        "defends your space": true,
        "knows your voice": true
      },
      "hells_raiders": {
        "kill on sight": false,
        "lets you in": true,
        "knows your voice": true
      },
      "forest_snakes": {
        "kill on sight": false,
        "lets you in": true,
        "knows your voice": true
      },
      "sunset_bikers": {
        "kill on sight": false,
        "lets you in": true,
        "knows your voice": true
      },
      "grim_sisters": {
        "kill on sight": false,
        "lets you in": true,
        "knows your voice": true
      },
      "free_merchants": {
        "kill on sight": true
      },
      "old_guard": {
        "kill on sight": true
      }
    },
    "epilogues": [
      {
        "power_min": 0,
        "id": "epilogue_faction_red_suns_0"
      },
      {
        "power_max": 150,
        "id": "epilogue_faction_red_suns_60"
      }
    ],
    "description": "一个地狱的袭击者团伙的流氓和强盗，掠夺其他幸存者。商人，阴暗的商人和其他黑市工人决定团结在日益增长的丧尸面前。"
  },
  {
    "//": "Subfaction that related to one of the Red Suns quests",
    "//2": "can be found at bandit dump, may be used anywhere else",
    "type": "faction",
    "id": "sunset_bikers",
    "name": "日落摩托团",
    "likes_u": -25,
    "respects_u": -25,
    "known_by_u": false,
    "size": 30,
    "power": 30,
    "food_supply": 10000,
    "wealth": 450000,
    "relations": {
      "red_suns": {
        "kill on sight": false,
        "lets you in": true,
        "knows your voice": true
      },
      "hells_raiders": {
        "kill on sight": false,
        "lets you in": true,
        "knows your voice": true
      },
      "forest_snakes": {
        "kill on sight": false,
        "lets you in": true,
        "knows your voice": true
      },
      "sunset_bikers": {
        "kill on sight": false,
        "watch your back": true,
        "share my stuff": true,
        "guard your stuff": true,
        "lets you in": true,
        "defends your space": true,
        "knows your voice": true
      },
      "grim_sisters": {
        "kill on sight": false,
        "lets you in": true,
        "knows your voice": true
      },
      "free_merchants": {
        "kill on sight": true
      },
      "old_guard": {
        "kill on sight": true
      }
    },
    "description": "一个地狱的袭击者团伙的流氓和强盗，掠夺其他幸存者。吸毒者，骑自行车的怪胎和其他铁马爱好者骑在荒凉的街道上咆哮的自由马。"
  },
  {
    "//": "Subfaction that related to one of the Sunset Bikers quests",
    "//2": "can be found at prison_1, may be used anywhere else",
    "//3": "TODO write description",
    "type": "faction",
    "id": "grim_sisters",
    "name": "冷酷的姐妹",
    "likes_u": -25,
    "respects_u": -25,
    "known_by_u": false,
    "size": 30,
    "power": 30,
    "food_supply": 10000,
    "wealth": 450000,
    "relations": {
      "grim_sisters": {
        "kill on sight": false,
        "watch your back": true,
        "share my stuff": true,
        "guard your stuff": true,
        "lets you in": true,
        "defends your space": true,
        "knows your voice": true
      },
      "hells_raiders": {
        "kill on sight": false,
        "lets you in": true,
        "knows your voice": true
      },
      "forest_snakes": {
        "kill on sight": false,
        "lets you in": true,
        "knows your voice": true
      },
      "red_suns": {
        "kill on sight": false,
        "lets you in": true,
        "knows your voice": true
      },
      "sunset_bikers": {
        "kill on sight": false,
        "lets you in": true,
        "knows your voice": true
      },
      "free_merchants": {
        "kill on sight": true
      },
      "old_guard": {
        "kill on sight": true
      }
    },
    "description": "一个地狱的袭击者团伙的流氓和强盗，掠夺其他幸存者。对。"
  }
]