[
  {
    "//": "For Forest Snakes trapper repeated hunt quest",
    "type": "monstergroup",
    "name": "GROUP_RARE_BEASTS",
    "default": "mon_zoose_brute",
    "is_animal": true,
    "monsters": [
      {
        "monster": "mon_zoose_brute",
        "freq": 100,
        "cost_multiplier": 1
      },
      {
        "monster": "mon_wolf_mutant_huge",
        "freq": 80,
        "cost_multiplier": 1
      },
      {
        "monster": "mon_slug_giant",
        "freq": 80,
        "cost_multiplier": 1
      },
      {
        "monster": "mon_bear_mutant_3headed",
        "freq": 70,
        "cost_multiplier": 1
      },
      {
        "monster": "mon_zougar_hunter",
        "freq": 70,
        "cost_multiplier": 1
      },
      {
        "monster": "mon_centipede_giant",
        "freq": 60,
        "cost_multiplier": 1
      },
      {
        "monster": "mon_centipede_mom",
        "freq": 60,
        "cost_multiplier": 1
      },
      {
        "monster": "mon_centipede_mega",
        "freq": 50,
        "cost_multiplier": 1
      },
      {
        "monster": "mon_deer_mutant_spider",
        "freq": 50,
        "cost_multiplier": 1
      },
      {
        "monster": "mon_zoose_thorny",
        "freq": 50,
        "cost_multiplier": 1
      },
      {
        "monster": "mon_dark_wyrm",
        "freq": 40,
        "cost_multiplier": 1
      },
      {
        "monster": "mon_graboid",
        "freq": 40,
        "cost_multiplier": 1
      },
      {
        "monster": "mon_dragonfly_mega",
        "freq": 40,
        "cost_multiplier": 1
      },
      {
        "monster": "mon_mutant_evolved",
        "freq": 30,
        "cost_multiplier": 1
      },
      {
        "monster": "mon_ant_queen",
        "freq": 30,
        "cost_multiplier": 1
      },
      {
        "monster": "mon_rattlesnake_giant",
        "freq": 20,
        "cost_multiplier": 1
      },
      {
        "monster": "mon_sludge_crawler",
        "freq": 20,
        "cost_multiplier": 1
      },
      {
        "monster": "mon_frog_giant",
        "freq": 20,
        "cost_multiplier": 1
      },
      {
        "monster": "mon_cockatrice",
        "freq": 20,
        "cost_multiplier": 1
      },
      {
        "monster": "mon_albino_penguin",
        "freq": 10,
        "cost_multiplier": 1
      },
      {
        "monster": "mon_amigara_horror",
        "freq": 10,
        "cost_multiplier": 1
      },
      {
        "monster": "mon_headless_dog_thing",
        "freq": 10,
        "cost_multiplier": 1
      },
      {
        "monster": "mon_gracke",
        "freq": 10,
        "cost_multiplier": 1
      },
      {
        "monster": "mon_hound_tindalos",
        "freq": 5,
        "cost_multiplier": 1
      },
      {
        "monster": "mon_gozu",
        "freq": 5,
        "cost_multiplier": 1
      },
      {
        "monster": "mon_darkman",
        "freq": 5,
        "cost_multiplier": 1
      },
      {
        "monster": "mon_hunting_horror",
        "freq": 5,
        "cost_multiplier": 1
      },
      {
        "monster": "mon_thing",
        "freq": 5,
        "cost_multiplier": 1
      },
      {
        "monster": "mon_shoggoth",
        "freq": 1,
        "cost_multiplier": 1
      },
      {
        "monster": "mon_yugg",
        "freq": 1,
        "cost_multiplier": 1
      }
    ]
  }
]