[
  {
    "type": "npc",
    "id": "bandit_rs",
    "//": "Generic pistol/rifle focused guard for the Red Suns faction.",
    "name_suffix": "强盗",
    "class": "NC_SCAVENGER",
    "attitude": 0,
    "mission": 8,
    "chat": "TALK_RED_SUNS",
    "faction": "red_suns"
  },
  {
    "type": "npc",
    "id": "thug_rs",
    "//": "Generic melee focused guard for the Red Suns faction.",
    "name_suffix": "恶棍",
    "class": "NC_THUG",
    "attitude": 0,
    "mission": 8,
    "chat": "TALK_RED_SUNS",
    "faction": "red_suns"
  },
  {
    "type": "npc",
    "id": "bandit_sb",
    "//": "Generic pistol/rifle focused guard for the Sunset Bikers faction.",
    "name_suffix": "强盗",
    "class": "NC_SCAVENGER",
    "attitude": 0,
    "mission": 8,
    "chat": "TALK_SUNSET_BIKERS",
    "faction": "sunset_bikers"
  },
  {
    "type": "npc",
    "id": "thug_sb",
    "//": "Generic melee focused guard for the Sunset Bikers faction.",
    "name_suffix": "恶棍",
    "class": "NC_THUG",
    "attitude": 0,
    "mission": 8,
    "chat": "TALK_SUNSET_BIKERS",
    "faction": "sunset_bikers"
  },
  {
    "type": "npc",
    "id": "bandit_fs",
    "//": "Generic pistol/rifle focused guard for the Forest Snakes faction.",
    "name_suffix": "强盗",
    "class": "NC_SCAVENGER",
    "attitude": 0,
    "mission": 8,
    "chat": "TALK_FOREST_SNAKES",
    "faction": "forest_snakes"
  },
  {
    "type": "npc",
    "id": "thug_fs",
    "//": "Generic melee focused guard for the Forest Snakes faction.",
    "name_suffix": "恶棍",
    "class": "NC_THUG",
    "attitude": 0,
    "mission": 8,
    "chat": "TALK_FOREST_SNAKES",
    "faction": "forest_snakes"
  },
  {
    "type": "npc",
    "id": "bandit_gs",
    "//": "Generic pistol/rifle focused guard for the Grim Sisters faction.",
    "name_suffix": "带宽",
    "class": "NC_SCAVENGER",
    "gender": "female",
    "attitude": 0,
    "mission": 8,
    "chat": "TALK_GRIM_SISTERS",
    "faction": "grim_sisters"
  },
  {
    "type": "npc",
    "id": "NPC_hh_girl",
    "class": "NC_naked_girl",
    "gender": "female",
    "attitude": 0,
    "mission": 8,
    "chat": "TALK_HH_GIRL",
    "faction": "no_faction"
  },
  {
    "type": "npc",
    "id": "guard_fm",
    "//": "A generic traveling guard for the Free Merchants faction.",
    "name_suffix": "守卫",
    "class": "NC_BOUNTY_HUNTER",
    "attitude": 0,
    "mission": 10,
    "chat": "TALK_DONE",
    "faction": "free_merchants"
  },
  {
    "type": "npc",
    "id": "NPC_random_fm",
    "//": "Generic traveling random refugee for the Free Merchants.",
    "class": "NC_NONE",
    "attitude": 0,
    "mission": 10,
    "chat": "TALK_DONE",
    "faction": "free_merchants"
  }
]