[
  {
    "type": "talk_topic",
    "id": "TALK_HH_GIRL",
    "dynamic_line": "*看起来像个被打得遍体鳞伤的女人",
    "responses": [
      {
        "text": "你和我一起去。收拾好东西，我们走。",
        "condition": {
          "u_has_var": "hh_reward_chick",
          "type": "generic",
          "context": "reward",
          "value": "yes"
        },
        "effect": [
          {
            "u_lose_var": "hh_reward_chick",
            "type": "generic",
            "context": "reward"
          },
          "follow"
        ],
        "topic": "TALK_DONE"
      },
      {
        "text": "…",
        "topic": "TALK_DONE"
      }
    ]
  }
]