[
  {
    "id": "cannonball",
    "type": "AMMO",
    "name": {
      "str": "炮弹"
    },
    "description": "一个巨大的铸铁炮弹。",
    "weight": "15 g",
    "volume": "250 ml",
    "price": "35 USD",
    "material": [
      "steel",
      "powder"
    ],
    "symbol": "=",
    "color": "light_gray",
    "count": 20,
    "stack_size": 10,
    "ammo_type": "cannonball",
    "range": 160,
    "damage": {
      "damage_type": "stab",
      "amount": 255,
      "armor_penetration": 8
    },
    "dispersion": 30,
    "recoil": 3000,
    "effects": [
      "RECOVER_100",
      "WIDE",
      "MUZZLE_SMOKE"
    ]
  },
  {
    "id": "cannonshot",
    "type": "AMMO",
    "name": {
      "str": "葡萄树"
    },
    "copy-from": "cannonball",
    "description": "一小堆铸铁球。",
    "weight": "15 g",
    "volume": "250 ml",
    "price": "35 USD",
    "material": [
      "steel",
      "powder"
    ],
    "symbol": "=",
    "color": "light_gray",
    "count": 20,
    "stack_size": 10,
    "ammo_type": "cannonball",
    "range": 16,
    "damage": {
      "damage_type": "stab",
      "amount": 255,
      "armor_penetration": 8
    },
    "dispersion": 30,
    "recoil": 3000,
    "effects": [
      "SHOT",
      "MUZZLE_SMOKE"
    ]
  },
  {
    "id": "cannonball_explosive",
    "type": "AMMO",
    "name": {
      "str": "爆炸性炮弹"
    },
    "copy-from": "cannonball",
    "description": "一种巨大的、爆炸性的铸铁炮弹。撞击时，它会爆炸成碎片",
    "weight": "15 g",
    "volume": "250 ml",
    "price": "35 USD",
    "material": [
      "steel",
      "powder"
    ],
    "symbol": "=",
    "color": "light_gray",
    "count": 20,
    "stack_size": 10,
    "ammo_type": "cannonball",
    "range": 160,
    "damage": {
      "damage_type": "stab",
      "amount": 255,
      "armor_penetration": 8
    },
    "dispersion": 30,
    "recoil": 3000,
    "effects": [
      "FRAG",
      "WIDE",
      "MUZZLE_SMOKE"
    ]
  },
  {
    "id": "cannonshell",
    "type": "AMMO",
    "name": {
      "str": "炮弹"
    },
    "copy-from": "cannonball",
    "description": "一个巨大的铸铁炮弹。",
    "weight": "15 g",
    "volume": "250 ml",
    "price": "35 USD",
    "material": [
      "steel",
      "powder"
    ],
    "symbol": "=",
    "color": "light_gray",
    "count": 20,
    "stack_size": 10,
    "ammo_type": "cannonball",
    "range": 200,
    "damage": {
      "damage_type": "stab",
      "amount": 510,
      "armor_penetration": 8
    },
    "dispersion": 30,
    "recoil": 3000,
    "effects": [
      "RECOVER_100",
      "WIDE",
      "MUZZLE_SMOKE"
    ]
  },
  {
    "id": "47mm_caseless",
    "type": "AMMO",
    "name": {
      "str": "4.7mm 无壳弹"
    },
    "//": "Cased ammo tends to be roughly $1/shot, more or less.  Rivtech ammo, being New and Proprietary and Expensive, $2-2.50 or so.",
    "description": "4.7毫米无壳弹。高端弹药，在重型枪械中很流行。",
    "weight": "12 g",
    "volume": "250 ml",
    "price": "125 USD",
    "material": [
      "plastic",
      "powder"
    ],
    "symbol": "=",
    "color": "pink",
    "count": 40,
    "stack_size": 40,
    "ammo_type": "47mm",
    "range": 42,
    "damage": {
      "damage_type": "stab",
      "amount": 84,
      "armor_penetration": 18
    },
    "dispersion": 75,
    "recoil": 2200,
    "effects": [
      "NEVER_MISFIRES"
    ]
  },
  {
    "abstract": "25mm_grenade",
    "type": "AMMO",
    "name": {
      "str": "25mm 榴弹"
    },
    "weight": "230 g",
    "volume": "250 ml",
    "price": "400 USD",
    "material": [
      "steel",
      "powder"
    ],
    "symbol": "=",
    "color": "yellow",
    "count": 40,
    "stack_size": 10,
    "ammo_type": "25mm",
    "casing": "25mm_casing",
    "range": 40,
    "damage": {
      "damage_type": "stab",
      "amount": 5
    },
    "dispersion": 30,
    "recoil": 225,
    "effects": [
      "COOKOFF",
      "NEVER_MISFIRES"
    ]
  },
  {
    "id": "25mm_beanbag",
    "copy-from": "25mm_grenade",
    "type": "AMMO",
    "name": {
      "str": "25mm 豆袋弹"
    },
    "description": "一个25mm的豆袋弹，能产生巨大但不那么致命的威力。",
    "extend": {
      "effects": [
        "LARGE_BEANBAG"
      ]
    }
  },
  {
    "id": "25mm_concussive",
    "copy-from": "25mm_grenade",
    "type": "AMMO",
    "name": {
      "str": "25mm 震荡弹"
    },
    "description": "一枚25mm榴弹，带有爆破冲击效果。",
    "extend": {
      "effects": [
        "EXPLOSIVE"
      ]
    }
  },
  {
    "id": "25mm_flare",
    "copy-from": "25mm_grenade",
    "type": "AMMO",
    "name": {
      "str": "25mm 照明弹"
    },
    "description": "一枚25mm照明弹。它会明亮地燃烧长达一分钟，还会在尾迹中留下一道浓烟。",
    "drop": "handflare_lit",
    "extend": {
      "effects": [
        "TRAIL",
        "NO_EMBED"
      ]
    }
  },
  {
    "id": "25mm_flashbang",
    "copy-from": "25mm_grenade",
    "type": "AMMO",
    "name": {
      "str": "25mm 震撼弹"
    },
    "description": "一枚25mm震撼弹。它会发出强光与噪音，闪瞎和振聋附近所有敌人，使其迷失方向。哦对了，可能包括自己",
    "extend": {
      "effects": [
        "FLASHBANG"
      ]
    }
  },
  {
    "id": "25mm_flechette",
    "copy-from": "25mm_shot",
    "type": "AMMO",
    "name": {
      "str": "25mm 镖形弹"
    },
    "description": "一枚25mm镖形弹，配有破甲弹头。",
    "relative": {
      "damage": {
        "damage_type": "stab",
        "amount": -10,
        "armor_penetration": 30
      }
    }
  },
  {
    "id": "25mm_frag",
    "copy-from": "25mm_grenade",
    "type": "AMMO",
    "name": {
      "str": "25mm 破片榴弹"
    },
    "description": "一种25mm破片榴弹，装药量小，却有着大量的破坏性弹片。",
    "extend": {
      "effects": [
        "FRAG"
      ]
    }
  },
  {
    "id": "25mm_incendiary",
    "copy-from": "25mm_grenade",
    "type": "AMMO",
    "name": {
      "str": "25mm 燃烧弹",
      "str_pl": "25mm 燃烧弹"
    },
    "description": "装有少量凝固汽油的25mm榴弹，设计用来制造火焰爆发。",
    "extend": {
      "effects": [
        "NAPALM"
      ]
    }
  },
  {
    "id": "25mm_shot",
    "copy-from": "25mm_grenade",
    "type": "AMMO",
    "name": {
      "str": "25mm 猎鹿弹"
    },
    "description": "一个25mm的猎鹿弹",
    "range": 12,
    "damage": {
      "damage_type": "stab",
      "amount": 70
    },
    "recoil": 525,
    "extend": {
      "effects": [
        "SHOT"
      ]
    }
  },
  {
    "id": "25mm_smoke",
    "copy-from": "25mm_grenade",
    "type": "AMMO",
    "name": {
      "str": "25mm 烟幕弹"
    },
    "description": "一种25mm的烟幕榴弹，用来提供烟雾掩护。",
    "drop": "smokebomb_act",
    "extend": {
      "effects": [
        "TRAIL",
        "NO_EMBED"
      ]
    }
  },
  {
    "id": "25mm_teargas",
    "copy-from": "25mm_grenade",
    "type": "AMMO",
    "name": {
      "str": "25mm 催泪弹",
      "str_pl": "25mm 催泪瓦斯榴弹"
    },
    "description": "一枚装有催泪瓦斯的25mm催泪榴弹，它会在爆炸时释放出一大团高度失能性毒气",
    "drop": "gasbomb_act",
    "extend": {
      "effects": [
        "NO_EMBED"
      ]
    }
  },
  {
    "type": "AMMO",
    "id": "bbrocket",
    "price": "0 cent",
    "name": {
      "str": "爆炸火箭"
    },
    "symbol": "=",
    "color": "dark_gray",
    "description": "装有大型爆炸弹头的火箭",
    "material": [
      "steel",
      "powder"
    ],
    "volume": "250 ml",
    "weight": "1803 g",
    "ammo_type": "bbrocket",
    "damage": {
      "damage_type": "stab",
      "amount": 1
    },
    "range": 80,
    "count": 4,
    "dispersion": 30,
    "recoil": 225,
    "explosion": {
      "power": 4675,
      "shrapnel": {
        "casing_mass": 4215,
        "fragment_mass": 1
      }
    },
    "effects": [
      "COOKOFF",
      "EXPLOSIVE",
      "TRAIL"
    ]
  },
  {
    "type": "AMMO",
    "id": "bbrocketap",
    "price": "0 cent",
    "name": {
      "str": "穿甲火箭"
    },
    "symbol": "=",
    "color": "dark_gray",
    "description": "一种火箭炮弹，带有较小的炸药，但设计用来穿透装甲板。",
    "material": [
      "steel",
      "powder"
    ],
    "volume": "250 ml",
    "weight": "1803 g",
    "ammo_type": "bbrocket",
    "damage": {
      "damage_type": "stab",
      "amount": 1,
      "armor_penetration": 400
    },
    "range": 80,
    "count": 4,
    "dispersion": 30,
    "recoil": 225,
    "explosion": {
      "power": 4675,
      "shrapnel": {
        "casing_mass": 4215,
        "fragment_mass": 1
      }
    },
    "effects": [
      "COOKOFF",
      "EXPLOSIVE",
      "TRAIL"
    ]
  },
  {
    "type": "AMMO",
    "id": "105mm_heat",
    "price": "1000 USD",
    "name": {
      "str": "105mm 高爆反坦克弹"
    },
    "symbol": "=",
    "color": "dark_gray",
    "description": "105毫米高爆反坦克子弹。它会毁了任何人的一生。",
    "material": [
      "steel",
      "powder"
    ],
    "volume": "2500 ml",
    "weight": "22500 g",
    "bashing": 1,
    "ammo_type": "105mm",
    "casing": "105mm_casing",
    "damage": {
      "damage_type": "stab",
      "amount": 1,
      "armor_penetration": 800
    },
    "range": 90,
    "dispersion": 5,
    "recoil": 6000,
    "count": 1,
    "effects": [
      "CUSTOM_EXPLOSION",
      "TRAIL"
    ],
    "explode_in_fire": true,
    "explosion": {
      "power": 10775,
      "shrapnel": {
        "casing_mass": 9975,
        "fragment_mass": 1
      }
    }
  },
  {
    "id": "belt70mm",
    "copy-from": "magazine_belt",
    "type": "MAGAZINE",
    "name": {
      "str": "70mm 子弹带"
    },
    "ammo_type": [
      "70mm"
    ],
    "default_ammo": "70mm_hedp",
    "capacity": 300,
    "count": 50,
    "linkage": "ammolink70mm",
    "pocket_data": [
      {
        "pocket_type": "MAGAZINE",
        "ammo_restriction": {
          "70mm": 300
        }
      }
    ]
  },
  {
    "id": "ammolink70mm",
    "copy-from": "ammolink",
    "type": "GENERIC",
    "name": {
      "str": "70mm 子弹带链节"
    },
    "weight": "6 g",
    "volume": "10 ml",
    "stackable": true,
    "use_action": {
      "type": "ammobelt",
      "belt": "belt70mm"
    }
  },
  {
    "type": "AMMO",
    "id": "70mm_hedp",
    "price": "155 USD",
    "name": {
      "str": "70mm 高爆两用弹",
      "str_pl": "70mm 高爆两用弹"
    },
    "symbol": "=",
    "color": "dark_gray",
    "description": "一枚 70mm 机炮炮弹，高爆两用弹弹种。常用于打击轻型到中型装甲车辆。",
    "material": [
      "steel",
      "powder"
    ],
    "volume": "2500 ml",
    "weight": "350 g",
    "bashing": 1,
    "ammo_type": "70mm",
    "casing": "70mm_casing",
    "damage": {
      "damage_type": "stab",
      "amount": 500,
      "armor_penetration": 250
    },
    "range": 60,
    "dispersion": 50,
    "recoil": 8000,
    "count": 15,
    "effects": [
      "CUSTOM_EXPLOSION"
    ],
    "explode_in_fire": true,
    "explosion": {
      "power": 1560,
      "shrapnel": {
        "casing_mass": 1420,
        "fragment_mass": 1
      }
    }
  },
  {
    "type": "AMMO",
    "id": "70mm_hei",
    "price": "155 USD",
    "name": {
      "str": "70mm 高爆燃烧弹",
      "str_pl": "70mm 高爆燃烧弹"
    },
    "symbol": "=",
    "color": "dark_gray",
    "description": "一枚 70mm 机炮炮弹，高爆燃烧弹。设计用于对付无武装车辆和镇压步兵目标。",
    "material": [
      "steel",
      "powder"
    ],
    "volume": "2500 ml",
    "weight": "380 g",
    "bashing": 1,
    "ammo_type": "70mm",
    "casing": "70mm_casing",
    "damage": {
      "damage_type": "stab",
      "amount": 1,
      "armor_penetration": 75
    },
    "range": 60,
    "dispersion": 50,
    "recoil": 8000,
    "count": 15,
    "effects": [
      "CUSTOM_EXPLOSION"
    ],
    "explode_in_fire": true,
    "explosion": {
      "power": 780,
      "shrapnel": {
        "casing_mass": 710,
        "fragment_mass": 1
      }
    }
  },
  {
    "type": "AMMO",
    "id": "70mm_slug",
    "price": "15 USD",
    "name": {
      "str": "70mm炮弹（复装）",
      "str_pl": "70mm炮弹（复装）"
    },
    "symbol": "=",
    "color": "dark_gray",
    "description": "一个70mm机炮炮弹，它的底火已经被替换，填装了一个基本的铅弹。不如真货那么有效。",
    "material": [
      "steel",
      "powder"
    ],
    "volume": "2500 ml",
    "weight": "380 g",
    "bashing": 1,
    "ammo_type": "70mm",
    "casing": "70mm_casing",
    "damage": {
      "damage_type": "stab",
      "amount": 150,
      "armor_penetration": 15
    },
    "range": 30,
    "dispersion": 60,
    "recoil": 8000,
    "count": 10,
    "effects": [
      "COOKOFF",
      "RECYCLED"
    ]
  },
  {
    "type": "AMMO",
    "id": "140mm_heat",
    "price": "1200 USD",
    "name": {
      "str": "140mm 高爆反坦克弹"
    },
    "symbol": "=",
    "color": "dark_gray",
    "description": "140毫米高爆反坦克弹。有足够的火力来对付任何你能想到的玩意。",
    "material": [
      "steel",
      "powder"
    ],
    "volume": "3500 ml",
    "weight": "45 kg",
    "bashing": 1,
    "ammo_type": "140mm",
    "casing": "140mm_casing",
    "damage": {
      "damage_type": "stab",
      "amount": 1,
      "armor_penetration": 1200
    },
    "range": 120,
    "dispersion": 25,
    "recoil": 6000,
    "count": 1,
    "effects": [
      "CUSTOM_EXPLOSION",
      "TRAIL"
    ],
    "explode_in_fire": true,
    "explosion": {
      "power": 12475,
      "shrapnel": {
        "casing_mass": 11275,
        "fragment_mass": 1
      }
    }
  },
  {
    "type": "AMMO",
    "id": "140mm_frag",
    "price": "1200 USD",
    "name": {
      "str": "140mm 榴弹"
    },
    "symbol": "=",
    "color": "dark_gray",
    "description": "155mm 口径的高爆榴弹。能给目标及其周围任何东西狠狠一击。",
    "material": [
      "steel",
      "powder"
    ],
    "volume": "3500 ml",
    "weight": "35 kg",
    "bashing": 1,
    "ammo_type": "140mm",
    "casing": "140mm_casing",
    "damage": {
      "damage_type": "stab",
      "amount": 1,
      "armor_penetration": 1200
    },
    "range": 120,
    "dispersion": 25,
    "recoil": 6000,
    "count": 1,
    "effects": [
      "CUSTOM_EXPLOSION",
      "TRAIL"
    ],
    "explode_in_fire": true,
    "explosion": {
      "power": 9475,
      "shrapnel": {
        "casing_mass": 9275,
        "fragment_mass": 1
      }
    }
  },
  {
    "type": "AMMO",
    "id": "140mm_shot",
    "price": "120 USD",
    "name": {
      "str": "140mm霰弹（复装）"
    },
    "symbol": "=",
    "color": "dark_gray",
    "description": "一枚安装了新底火的140毫米炮弹，战斗部装满了大量的弹丸。 有效地将你的坦克炮变成了一个死亡小球发射器。",
    "material": [
      "steel",
      "powder"
    ],
    "volume": "3750 ml",
    "weight": "44 kg",
    "bashing": 1,
    "ammo_type": "140mm",
    "casing": "140mm_casing",
    "damage": {
      "damage_type": "stab",
      "amount": 225,
      "armor_penetration": 15
    },
    "range": 25,
    "dispersion": 50,
    "recoil": 6800,
    "count": 1,
    "effects": [
      "COOKOFF",
      "SHOT",
      "RECYCLED"
    ]
  },
  {
    "type": "AMMO",
    "id": "140mm_slug",
    "price": "120 USD",
    "name": {
      "str": "140mm独头弹（复装）"
    },
    "symbol": "=",
    "color": "dark_gray",
    "description": "一个装有新底火的140mm炮弹，里面装填了一个巨大的手工制弹头。虽然不具有爆炸性，但它对生物的杀伤力仍然很强，很可能会穿透墙壁。",
    "material": [
      "steel",
      "powder"
    ],
    "volume": "3500 ml",
    "weight": "42500 g",
    "bashing": 1,
    "ammo_type": "140mm",
    "casing": "140mm_casing",
    "damage": {
      "damage_type": "stab",
      "amount": 450,
      "armor_penetration": 35
    },
    "range": 75,
    "dispersion": 150,
    "recoil": 8000,
    "count": 1,
    "effects": [
      "COOKOFF",
      "SHOT",
      "RECYCLED"
    ]
  },
  {
    "type": "AMMO",
    "id": "heavy_primer",
    "category": "spare_parts",
    "price": "30 USD",
    "name": {
      "str": "自动火炮底火"
    },
    "symbol": "=",
    "color": "dark_gray",
    "description": "自动火炮炮弹的底火。",
    "material": [
      "steel",
      "powder"
    ],
    "volume": "250 ml",
    "weight": "40 g",
    "ammo_type": "components",
    "count": 10,
    "effects": [
      "COOKOFF"
    ]
  },
  {
    "type": "AMMO",
    "id": "heavy_primer_large",
    "category": "spare_parts",
    "price": "30 USD",
    "name": {
      "str": "坦克炮弹底火"
    },
    "symbol": "=",
    "color": "dark_gray",
    "description": "坦克或火炮炮弹的底火。",
    "material": [
      "steel",
      "powder"
    ],
    "volume": "250 ml",
    "weight": "250 g",
    "ammo_type": "components",
    "count": 5,
    "effects": [
      "COOKOFF"
    ]
  }
]