[
  {
    "id": "5mm",
    "name": "5mm",
    "default": "5mm",
    "type": "ammunition_type"
  },
  {
    "id": "14mm",
    "name": "14mm 西格绍尔弹",
    "default": "14mm",
    "type": "ammunition_type"
  },
  {
    "id": "cannonball",
    "name": "炮弹",
    "default": "cannonball",
    "type": "ammunition_type"
  },
  {
    "id": "47mm",
    "name": "4.7mm 无壳弹",
    "default": "47mm_caseless",
    "type": "ammunition_type"
  },
  {
    "id": "25mm",
    "name": "25mm 榴弹",
    "default": "25mm_frag",
    "type": "ammunition_type"
  },
  {
    "id": "20ga",
    "name": "20号炮弹",
    "default": "20ga_shot",
    "type": "ammunition_type"
  },
  {
    "id": "4570",
    "name": ".45-70 弹",
    "default": "4570",
    "type": "ammunition_type"
  },
  {
    "type": "ammunition_type",
    "id": "bbrocket",
    "name": "罗克韦尔巴祖卡火箭弹",
    "default": "bbrocket"
  },
  {
    "type": "ammunition_type",
    "id": "105mm",
    "name": "105mm 炮弹",
    "default": "105mm_heat"
  },
  {
    "type": "ammunition_type",
    "id": "140mm",
    "name": "140mm 炮弹",
    "default": "140mm_heat"
  },
  {
    "type": "ammunition_type",
    "id": "70mm",
    "name": "70mm",
    "default": "70mm_hedp"
  }
]