[
  {
    "id": "357_magnum",
    "type": "AMMO",
    "name": {
      "str": ".357 马格南弹"
    },
    "description": ".357马格南弹。是.38SPL的大表哥。反冲更大，但是对于目标来说就是地狱了。",
    "weight": "8 g",
    "volume": "250 ml",
    "price": "44 USD",
    "material": [
      "brass",
      "powder"
    ],
    "symbol": "=",
    "color": "yellow",
    "count": 40,
    "stack_size": 40,
    "ammo_type": "38",
    "casing": "38_casing",
    "range": 28,
    "damage": {
      "damage_type": "stab",
      "amount": 44
    },
    "dispersion": 30,
    "recoil": 500,
    "effects": [
      "COOKOFF"
    ]
  },
  {
    "id": "357_magnum_hp",
    "type": "AMMO",
    "name": {
      "str": ".357 马格南空尖弹 "
    },
    "description": ".357马格南弹。是.38SPL的大表哥。反冲更大，但是对于目标来说就是地狱了。由于其工作方式，在一些国家和州是非法的。",
    "weight": "8 g",
    "volume": "250 ml",
    "price": "44 USD",
    "material": [
      "brass",
      "powder"
    ],
    "symbol": "=",
    "color": "yellow",
    "count": 40,
    "stack_size": 40,
    "ammo_type": "38",
    "casing": "38_casing",
    "range": 24,
    "damage": {
      "damage_type": "stab",
      "amount": 66
    },
    "dispersion": 30,
    "recoil": 500,
    "effects": [
      "COOKOFF"
    ]
  },
  {
    "id": "357_magnum_ap",
    "type": "AMMO",
    "name": {
      "str": ".357 马格南穿甲弹"
    },
    "description": ".357马格南弹。是.38SPL的大表哥。反冲更大，但是对于目标来说就是地狱了。可以穿甲。非常适合你腰上的大家伙（Big Iron）了。",
    "weight": "8 g",
    "volume": "250 ml",
    "price": "44 USD",
    "material": [
      "brass",
      "powder"
    ],
    "symbol": "=",
    "color": "yellow",
    "count": 40,
    "stack_size": 40,
    "ammo_type": "38",
    "casing": "38_casing",
    "range": 24,
    "damage": {
      "damage_type": "stab",
      "amount": 66,
      "armor_penetration": 4
    },
    "dispersion": 30,
    "recoil": 500,
    "effects": [
      "COOKOFF"
    ]
  },
  {
    "id": "4570",
    "type": "AMMO",
    "name": {
      "str": ".45-70 “政府”弹。"
    },
    "description": ".45-70政府弹药。在老西部很流行，但现在很少见。",
    "weight": "8 g",
    "volume": "250 ml",
    "price": "44 USD",
    "material": [
      "brass",
      "powder"
    ],
    "symbol": "=",
    "color": "yellow",
    "count": 40,
    "stack_size": 40,
    "ammo_type": "4570",
    "casing": "4570_casing",
    "range": 28,
    "damage": {
      "damage_type": "stab",
      "amount": 88
    },
    "dispersion": 30,
    "recoil": 500,
    "effects": [
      "COOKOFF"
    ]
  }
]