[
  {
    "id": "20ga_shot",
    "type": "AMMO",
    "name": {
      "str": "20号口径猎鹿弹"
    },
    "description": "弹壳内装满了金属颗粒，非常具有破坏性，在短距离内非常精确。20GA.的威力小于12GA.，但可以用减少反冲来弥补。",
    "weight": "28 g",
    "volume": "250 ml",
    "price": "35 USD",
    "material": [
      "plastic",
      "powder"
    ],
    "symbol": "=",
    "color": "red",
    "count": 20,
    "stack_size": 20,
    "ammo_type": "20ga",
    "casing": "20ga_hull",
    "range": 12,
    "damage": {
      "damage_type": "stab",
      "amount": 40
    },
    "recoil": 1500,
    "loudness": 160,
    "effects": [
      "COOKOFF",
      "SHOT"
    ]
  },
  {
    "id": "20ga_bird",
    "copy-from": "20ga_shot",
    "type": "AMMO",
    "name": {
      "str": "20号口径猎鸟弹"
    },
    "description": "霰弹枪弹药不足。专为猎鸟和其他小型游戏设计，其在战斗中的应用非常有限。我想这对练习有好处吗？",
    "price": "24 USD",
    "proportional": {
      "damage": {
        "damage_type": "stab",
        "amount": 0.3
      },
      "recoil": 0.6,
      "loudness": 0.8
    },
    "extend": {
      "effects": [
        "NOGIB"
      ]
    }
  },
  {
    "id": "20ga_flechette",
    "copy-from": "20ga_shot",
    "type": "AMMO",
    "name": {
      "str": "20号口径镖形霰弹"
    },
    "description": "一种填充微型镖头的霰弹。威力极大，并且近距离命中率极高，并且还附带破甲效果。",
    "price": "100 USD",
    "count": 10,
    "relative": {
      "damage": {
        "damage_type": "stab",
        "amount": -6,
        "armor_penetration": 12
      }
    }
  },
  {
    "id": "20ga_slug",
    "copy-from": "20ga_shot",
    "type": "AMMO",
    "name": {
      "str": "20号口径独头弹"
    },
    "description": "一颗沉重的金属弹，装填在霰弹枪里使其拥有步枪般的射程，威力极大但精准度不高。",
    "price": "45 USD",
    "dispersion": 100,
    "relative": {
      "range": 12,
      "damage": {
        "damage_type": "bullet",
        "armor_penetration": 6
      }
    },
    "proportional": {
      "recoil": 1.4
    },
    "delete": {
      "effects": [
        "SHOT"
      ]
    }
  }
]