[
  {
    "id": "jumpsuit_vault",
    "type": "ARMOR",
    "name": {
      "str": "跳马连身衣"
    },
    "description": "一件单薄的蓝色连体衣，有几个口袋，前面有一条黄色拉链，提供了不错的储物空间，也不太碍事。它是为有优先权的金库居住者定制的，并且有一个带口袋的腰带来弥补口袋的不足。",
    "weight": "610 g",
    "volume": "3500 ml",
    "price": "89 USD",
    "to_hit": -3,
    "looks_like": "jumpsuit",
    "material": [
      "leather",
      "plastic"
    ],
    "symbol": "[",
    "color": "blue",
    "covers": [
      "torso",
      "arm_l",
      "arm_r",
      "leg_l",
      "leg_r"
    ],
    "coverage": 95,
    "encumbrance": 1,
    "pocket_data": [
      {
        "pocket_type": "CONTAINER",
        "max_contains_volume": "1500 ml",
        "max_contains_weight": "3 kg",
        "moves": 80
      },
      {
        "pocket_type": "CONTAINER",
        "max_contains_volume": "1500 ml",
        "max_contains_weight": "3 kg",
        "moves": 80
      },
      {
        "pocket_type": "CONTAINER",
        "max_contains_volume": "500 ml",
        "max_contains_weight": "1 kg",
        "moves": 100
      },
      {
        "pocket_type": "CONTAINER",
        "max_contains_volume": "500 ml",
        "max_contains_weight": "1 kg",
        "moves": 100
      }
    ],
    "warmth": 15,
    "material_thickness": 1,
    "flags": [
      "VARSIZE",
      "POCKETS"
    ]
  },
  {
    "id": "jumpsuit_vault_13",
    "type": "ARMOR",
    "name": {
      "str": "13号避难所连身衣"
    },
    "description": "一件单薄的蓝色连体衣，有几个口袋，前面有一条黄色拉链，提供了不错的储物空间，也不太碍事。它是为有优先权的金库居住者定制的，并且有一个带口袋的腰带来弥补口袋的不足。这张背面的13号是黄色的。",
    "weight": "305 g",
    "volume": "3500 ml",
    "price": "89 USD",
    "to_hit": -3,
    "looks_like": "jumpsuit",
    "material": [
      "leather",
      "plastic"
    ],
    "symbol": "[",
    "color": "blue",
    "covers": [
      "torso",
      "arm_l",
      "arm_r",
      "leg_l",
      "leg_r"
    ],
    "coverage": 95,
    "encumbrance": 0,
    "pocket_data": [
      {
        "pocket_type": "CONTAINER",
        "max_contains_volume": "1500 ml",
        "max_contains_weight": "3 kg",
        "moves": 80
      },
      {
        "pocket_type": "CONTAINER",
        "max_contains_volume": "1500 ml",
        "max_contains_weight": "3 kg",
        "moves": 80
      },
      {
        "pocket_type": "CONTAINER",
        "max_contains_volume": "500 ml",
        "max_contains_weight": "1 kg",
        "moves": 100
      },
      {
        "pocket_type": "CONTAINER",
        "max_contains_volume": "500 ml",
        "max_contains_weight": "1 kg",
        "moves": 100
      }
    ],
    "warmth": 30,
    "material_thickness": 1,
    "flags": [
      "VARSIZE",
      "POCKETS"
    ]
  },
  {
    "id": "jumpsuit_vault_13_utility",
    "type": "ARMOR",
    "name": {
      "str": "13号避难所实用连身衣"
    },
    "description": "一件单薄的蓝色连体衣，有几个口袋，前面有一条黄色拉链，提供了不错的储物空间，也不太碍事。它是为有优先权的金库居住者定制的，并且有一个带口袋的腰带来弥补口袋的不足。这一个有数字13在后面的黄色，并已定制了更多的存储。",
    "weight": "305 g",
    "volume": "3500 ml",
    "price": "89 USD",
    "to_hit": -3,
    "looks_like": "jumpsuit",
    "material": [
      "leather",
      "plastic"
    ],
    "symbol": "[",
    "color": "blue",
    "covers": [
      "torso",
      "arm_l",
      "arm_r",
      "leg_l",
      "leg_r"
    ],
    "coverage": 95,
    "encumbrance": 0,
    "pocket_data": [
      {
        "pocket_type": "CONTAINER",
        "max_contains_volume": "3 L",
        "max_contains_weight": "5 kg",
        "moves": 80
      },
      {
        "pocket_type": "CONTAINER",
        "max_contains_volume": "3 L",
        "max_contains_weight": "5 kg",
        "moves": 80
      },
      {
        "pocket_type": "CONTAINER",
        "max_contains_volume": "1 L",
        "max_contains_weight": "2 kg",
        "moves": 100
      },
      {
        "pocket_type": "CONTAINER",
        "max_contains_volume": "1 L",
        "max_contains_weight": "2 kg",
        "moves": 100
      }
    ],
    "warmth": 30,
    "material_thickness": 1,
    "flags": [
      "VARSIZE",
      "POCKETS"
    ]
  },
  {
    "id": "jumpsuit_vault_13_armored",
    "type": "ARMOR",
    "name": {
      "str": "装甲保险库13连体衣"
    },
    "description": "一件单薄的蓝色连体衣，有几个口袋，前面有一条黄色拉链，提供了不错的储物空间，也不太碍事。它是为有优先权的金库居住者定制的，并且有一个带口袋的腰带来弥补口袋的不足。它的装甲很轻，有更多的袋子，背上有一个亮黄色的13。",
    "weight": "610 g",
    "volume": "3500 ml",
    "price": "89 USD",
    "to_hit": -3,
    "material": [
      "leather",
      "plastic"
    ],
    "symbol": "[",
    "color": "blue",
    "covers": [
      "torso",
      "arm_l",
      "arm_r",
      "leg_l",
      "leg_r"
    ],
    "coverage": 95,
    "encumbrance": 2,
    "pocket_data": [
      {
        "pocket_type": "CONTAINER",
        "max_contains_volume": "2500 ml",
        "max_contains_weight": "3 kg",
        "moves": 80
      },
      {
        "pocket_type": "CONTAINER",
        "max_contains_volume": "2500 ml",
        "max_contains_weight": "3 kg",
        "moves": 80
      },
      {
        "pocket_type": "CONTAINER",
        "max_contains_volume": "500 ml",
        "max_contains_weight": "1 kg",
        "moves": 100
      },
      {
        "pocket_type": "CONTAINER",
        "max_contains_volume": "500 ml",
        "max_contains_weight": "1 kg",
        "moves": 100
      }
    ],
    "warmth": 15,
    "material_thickness": 3,
    "flags": [
      "VARSIZE",
      "POCKETS"
    ]
  },
  {
    "id": "jumpsuit_xl_vault",
    "looks_like": "jumpsuit",
    "type": "ARMOR",
    "name": {
      "str": "XL拱顶连体衣"
    },
    "description": "一件轻薄的短袖连身衣，为某些需要全身着装的超人类所设计。可以提供一些储存空间，能够调整已使得累赘最低。",
    "weight": "810 g",
    "volume": "5 L",
    "price": "200 USD",
    "to_hit": -3,
    "material": [
      "leather",
      "plastic"
    ],
    "symbol": "[",
    "color": "blue",
    "covers": [
      "torso",
      "arm_l",
      "arm_r",
      "leg_l",
      "leg_r"
    ],
    "coverage": 95,
    "encumbrance": 2,
    "pocket_data": [
      {
        "pocket_type": "CONTAINER",
        "max_contains_volume": "1500 ml",
        "max_contains_weight": "3 kg",
        "moves": 80
      },
      {
        "pocket_type": "CONTAINER",
        "max_contains_volume": "1500 ml",
        "max_contains_weight": "3 kg",
        "moves": 80
      },
      {
        "pocket_type": "CONTAINER",
        "max_contains_volume": "1 L",
        "max_contains_weight": "1500 g",
        "moves": 100
      },
      {
        "pocket_type": "CONTAINER",
        "max_contains_volume": "1 L",
        "max_contains_weight": "1500 g",
        "moves": 100
      }
    ],
    "warmth": 15,
    "material_thickness": 1,
    "flags": [
      "POCKETS",
      "OVERSIZE"
    ]
  },
  {
    "id": "armor_wasteplate",
    "type": "ARMOR",
    "category": "armor",
    "name": {
      "str": "手工板甲"
    },
    "description": "一套手工制作的金属盔甲。手臂上有刺",
    "weight": "11000 g",
    "volume": "17500 ml",
    "price": "600 USD",
    "to_hit": -3,
    "bashing": 8,
    "material": [
      "steel",
      "leather"
    ],
    "symbol": "[",
    "color": "light_gray",
    "covers": [
      "torso",
      "arm_l",
      "arm_r"
    ],
    "coverage": 95,
    "encumbrance": 15,
    "warmth": 20,
    "material_thickness": 4,
    "flags": [
      "VARSIZE",
      "OUTER",
      "STURDY",
      "STAB"
    ]
  },
  {
    "id": "helm_nullifier",
    "type": "ARMOR",
    "category": "armor",
    "name": {
      "str": "心灵消隐器"
    },
    "description": "一个奇怪的装置，用一种奇怪的技术…",
    "weight": "2006 g",
    "volume": "500 ml",
    "price": "50 USD",
    "to_hit": -1,
    "material": [
      "iron"
    ],
    "symbol": "[",
    "color": "light_gray",
    "covers": [
      "head"
    ],
    "coverage": 5,
    "encumbrance": 0,
    "material_thickness": 4,
    "flags": [
      "VARSIZE",
      "STURDY",
      "HELMET_COMPAT",
      "PSYSHIELD_PARTIAL"
    ]
  },
  {
    "id": "jacket_leather_tunnel",
    "type": "ARMOR",
    "name": {
      "str": "隧道蛇皮夹克"
    },
    "description": "用厚皮革制成的夹克。笨重，但提供良好的保护，从削减。背面是一条蛇扭曲成“s”形的图像。这件夹克让你觉得自己是统治者。",
    "weight": "1450 g",
    "volume": "4500 ml",
    "price": "179 USD",
    "to_hit": 1,
    "material": [
      "leather"
    ],
    "symbol": "[",
    "looks_like": "jacket_windbreaker",
    "color": "dark_gray",
    "covers": [
      "torso",
      "arm_l",
      "arm_r"
    ],
    "coverage": 90,
    "encumbrance": 15,
    "pocket_data": [
      {
        "pocket_type": "CONTAINER",
        "max_contains_volume": "500 ml",
        "max_contains_weight": "1 kg",
        "moves": 60
      },
      {
        "pocket_type": "CONTAINER",
        "max_contains_volume": "500 ml",
        "max_contains_weight": "1 kg",
        "moves": 60
      }
    ],
    "warmth": 35,
    "material_thickness": 5,
    "environmental_protection": 2,
    "valid_mods": [
      "steel_padded"
    ],
    "flags": [
      "VARSIZE",
      "POCKETS",
      "OUTER"
    ]
  },
  {
    "id": "jacket_leather_king",
    "type": "ARMOR",
    "name": {
      "str": "国王皮夹克"
    },
    "description": "用厚皮革制成的夹克。笨重，但提供良好的保护，从削减。背面是王冠的图案，上面写着“国王”。向国王致敬，宝贝。",
    "weight": "1450 g",
    "volume": "4500 ml",
    "price": "179 USD",
    "to_hit": 1,
    "material": [
      "leather"
    ],
    "symbol": "[",
    "looks_like": "jacket_windbreaker",
    "color": "dark_gray",
    "covers": [
      "torso",
      "arm_l",
      "arm_r"
    ],
    "coverage": 90,
    "encumbrance": 5,
    "pocket_data": [
      {
        "pocket_type": "CONTAINER",
        "max_contains_volume": "500 ml",
        "max_contains_weight": "1 kg",
        "moves": 60
      },
      {
        "pocket_type": "CONTAINER",
        "max_contains_volume": "500 ml",
        "max_contains_weight": "1 kg",
        "moves": 60
      }
    ],
    "warmth": 15,
    "material_thickness": 3,
    "environmental_protection": 1,
    "valid_mods": [
      "steel_padded"
    ],
    "flags": [
      "VARSIZE",
      "POCKETS",
      "OUTER",
      "FANCY"
    ]
  },
  {
    "id": "jacket_leather_khan",
    "looks_like": "jacket_leather_tunnel",
    "type": "ARMOR",
    "name": {
      "str": "大汗皮夹克"
    },
    "description": "用厚皮革制成的夹克。笨重，但提供良好的保护，从削减。它用火焰图案装饰，背面有“大汗”字样的头骨图像。袖子被剪掉了。残酷的。",
    "weight": "1450 g",
    "volume": "4500 ml",
    "price": "179 USD",
    "to_hit": 1,
    "material": [
      "leather"
    ],
    "symbol": "[",
    "color": "dark_gray",
    "covers": [
      "torso"
    ],
    "coverage": 90,
    "encumbrance": 10,
    "pocket_data": [
      {
        "pocket_type": "CONTAINER",
        "max_contains_volume": "500 ml",
        "max_contains_weight": "1 kg",
        "moves": 60
      },
      {
        "pocket_type": "CONTAINER",
        "max_contains_volume": "500 ml",
        "max_contains_weight": "1 kg",
        "moves": 60
      }
    ],
    "warmth": 5,
    "material_thickness": 4,
    "environmental_protection": 1,
    "valid_mods": [
      "steel_padded"
    ],
    "flags": [
      "VARSIZE",
      "POCKETS",
      "OUTER"
    ]
  },
  {
    "id": "jacket_leather_atomcat",
    "looks_like": "jacket_leather_king",
    "type": "ARMOR",
    "name": {
      "str": "Atom猫皮夹克"
    },
    "description": "用厚皮革制成的夹克。笨重，但提供良好的保护，从削减。背面是蘑菇云和猫的图像，上面印着“原子猫”的字样。你穿上这个就觉得自己很酷。",
    "weight": "1450 g",
    "volume": "4500 ml",
    "price": "179 USD",
    "to_hit": 1,
    "material": [
      "leather"
    ],
    "symbol": "[",
    "color": "dark_gray",
    "covers": [
      "torso",
      "arm_l",
      "arm_r"
    ],
    "coverage": 90,
    "encumbrance": 20,
    "pocket_data": [
      {
        "pocket_type": "CONTAINER",
        "max_contains_volume": "2 L",
        "max_contains_weight": "3 kg",
        "moves": 80
      },
      {
        "pocket_type": "CONTAINER",
        "max_contains_volume": "2 L",
        "max_contains_weight": "3 kg",
        "moves": 80
      }
    ],
    "warmth": 35,
    "material_thickness": 2,
    "environmental_protection": 1,
    "valid_mods": [
      "steel_padded"
    ],
    "flags": [
      "VARSIZE",
      "POCKETS",
      "OUTER",
      "FANCY"
    ]
  },
  {
    "id": "nightpants_naughty",
    "type": "ARMOR",
    "name": {
      "str": "淘气的睡裤"
    },
    "description": "一条leapard印花睡裤。完美的诱惑，或只是睡觉。",
    "weight": "88 g",
    "volume": "500 ml",
    "price": "15 USD",
    "material": [
      "cotton"
    ],
    "symbol": "[",
    "looks_like": "leggings",
    "color": "yellow",
    "covers": [
      "leg_l",
      "leg_r"
    ],
    "coverage": 95,
    "encumbrance": 3,
    "warmth": 30,
    "material_thickness": 1,
    "flags": [
      "VARSIZE",
      "FANCY"
    ]
  },
  {
    "id": "nightshirt_naughty",
    "type": "ARMOR",
    "name": {
      "str": "淘气睡衣"
    },
    "description": "豹纹睡衣。当你想以一种俗气却又古怪可爱的方式展示你的性能力时。",
    "weight": "96 g",
    "volume": "500 ml",
    "price": "15 USD",
    "material": [
      "cotton"
    ],
    "symbol": "[",
    "looks_like": "longshirt",
    "color": "yellow",
    "covers": [
      "torso",
      "arm_l",
      "arm_r"
    ],
    "coverage": 95,
    "encumbrance": 3,
    "warmth": 30,
    "material_thickness": 1,
    "flags": [
      "VARSIZE",
      "FANCY"
    ]
  },
  {
    "id": "jumpsuit_china",
    "type": "ARMOR",
    "name": {
      "str": "中式连身衣"
    },
    "description": "一件上面有天朝国旗图案的绿色连身衣。好像是一个天朝渗透者穿的。",
    "weight": "610 g",
    "volume": "3500 ml",
    "price": "89 USD",
    "to_hit": -3,
    "material": [
      "cotton"
    ],
    "symbol": "[",
    "looks_like": "touring_suit",
    "color": "green",
    "covers": [
      "torso",
      "arm_l",
      "arm_r",
      "leg_l",
      "leg_r"
    ],
    "coverage": 95,
    "encumbrance": 2,
    "pocket_data": [
      {
        "pocket_type": "CONTAINER",
        "max_contains_volume": "1500 ml",
        "max_contains_weight": "3 kg",
        "moves": 80
      },
      {
        "pocket_type": "CONTAINER",
        "max_contains_volume": "1500 ml",
        "max_contains_weight": "3 kg",
        "moves": 80
      },
      {
        "pocket_type": "CONTAINER",
        "max_contains_volume": "500 ml",
        "max_contains_weight": "1 kg",
        "moves": 100
      },
      {
        "pocket_type": "CONTAINER",
        "max_contains_volume": "500 ml",
        "max_contains_weight": "1 kg",
        "moves": 100
      }
    ],
    "warmth": 15,
    "material_thickness": 1,
    "flags": [
      "VARSIZE",
      "POCKETS"
    ]
  },
  {
    "id": "jumpsuit_racer",
    "type": "ARMOR",
    "name": {
      "str": "红色赛车连身衣"
    },
    "description": "一个三轮车厂的红色机修工的连体衣。口袋里装满了你所有的工具和备件。",
    "weight": "610 g",
    "volume": "3500 ml",
    "price": "89 USD",
    "to_hit": -3,
    "material": [
      "cotton"
    ],
    "symbol": "[",
    "color": "red",
    "covers": [
      "torso",
      "arm_l",
      "arm_r",
      "leg_l",
      "leg_r"
    ],
    "coverage": 95,
    "encumbrance": 2,
    "pocket_data": [
      {
        "pocket_type": "CONTAINER",
        "max_contains_volume": "3 L",
        "max_contains_weight": "4 kg",
        "moves": 80
      },
      {
        "pocket_type": "CONTAINER",
        "max_contains_volume": "3 L",
        "max_contains_weight": "4 kg",
        "moves": 80
      },
      {
        "pocket_type": "CONTAINER",
        "max_contains_volume": "1 L",
        "max_contains_weight": "1500 g",
        "moves": 100
      },
      {
        "pocket_type": "CONTAINER",
        "max_contains_volume": "1 L",
        "max_contains_weight": "1500 g",
        "moves": 100
      }
    ],
    "warmth": 15,
    "material_thickness": 1,
    "flags": [
      "VARSIZE",
      "POCKETS"
    ]
  },
  {
    "id": "jumpsuit_enclave",
    "type": "ARMOR",
    "name": {
      "str": "Enclave连身衣"
    },
    "description": "飞地人穿的黑色连体衣。它不是很暖和，应该穿在他们的盔甲下。",
    "weight": "610 g",
    "volume": "3500 ml",
    "price": "89 USD",
    "to_hit": -3,
    "material": [
      "cotton"
    ],
    "symbol": "[",
    "looks_like": "touring_suit",
    "color": "yellow",
    "covers": [
      "torso",
      "arm_l",
      "arm_r",
      "leg_l",
      "leg_r"
    ],
    "coverage": 95,
    "encumbrance": 2,
    "pocket_data": [
      {
        "pocket_type": "CONTAINER",
        "max_contains_volume": "2500 ml",
        "max_contains_weight": "3 kg",
        "moves": 80
      },
      {
        "pocket_type": "CONTAINER",
        "max_contains_volume": "2500 ml",
        "max_contains_weight": "3 kg",
        "moves": 80
      },
      {
        "pocket_type": "CONTAINER",
        "max_contains_volume": "500 ml",
        "max_contains_weight": "1 kg",
        "moves": 100
      },
      {
        "pocket_type": "CONTAINER",
        "max_contains_volume": "500 ml",
        "max_contains_weight": "1 kg",
        "moves": 100
      }
    ],
    "warmth": 5,
    "material_thickness": 2,
    "valid_mods": [
      "steel_padded"
    ],
    "flags": [
      "VARSIZE",
      "POCKETS"
    ]
  },
  {
    "id": "winter_jacket_enclave",
    "type": "ARMOR",
    "name": {
      "str": "Enclave夹克",
      "str_pl": "Enclave夹克"
    },
    "description": "一件结实的有兜帽的夹克，有很多口袋，厚垫保暖。受到飞地东部分支的青睐。",
    "weight": "1000 g",
    "volume": "3 L",
    "price": "43 USD",
    "material": [
      "cotton",
      "plastic"
    ],
    "symbol": "[",
    "looks_like": "coat_winter",
    "color": "brown",
    "covers": [
      "torso",
      "arm_l",
      "arm_r"
    ],
    "coverage": 95,
    "encumbrance": 10,
    "pocket_data": [
      {
        "pocket_type": "CONTAINER",
        "max_contains_volume": "1750 ml",
        "max_contains_weight": "3 kg",
        "moves": 80
      },
      {
        "pocket_type": "CONTAINER",
        "max_contains_volume": "1750 ml",
        "max_contains_weight": "3 kg",
        "moves": 80
      }
    ],
    "warmth": 50,
    "material_thickness": 5,
    "valid_mods": [
      "steel_padded"
    ],
    "flags": [
      "VARSIZE",
      "POCKETS",
      "HOOD",
      "OUTER",
      "WATERPROOF"
    ]
  },
  {
    "id": "winter_pants_enclave",
    "type": "ARMOR",
    "name": {
      "str": "飞地长裤",
      "str_pl": "飞地长裤"
    },
    "description": "一条结实的裤子，内衬口袋，加厚衬垫保暖。受到飞地东部分支的青睐。",
    "weight": "1000 g",
    "volume": "2500 ml",
    "price": "43 USD",
    "material": [
      "cotton",
      "plastic"
    ],
    "symbol": "[",
    "looks_like": "pants_army",
    "color": "brown",
    "covers": [
      "leg_l",
      "leg_r"
    ],
    "coverage": 95,
    "encumbrance": 11,
    "pocket_data": [
      {
        "pocket_type": "CONTAINER",
        "max_contains_volume": "1250 ml",
        "max_contains_weight": "2 kg",
        "moves": 80
      },
      {
        "pocket_type": "CONTAINER",
        "max_contains_volume": "1250 ml",
        "max_contains_weight": "2 kg",
        "moves": 80
      }
    ],
    "warmth": 50,
    "material_thickness": 5,
    "valid_mods": [
      "steel_padded"
    ],
    "flags": [
      "VARSIZE",
      "POCKETS",
      "WATERPROOF",
      "OUTER"
    ]
  },
  {
    "id": "hat_enclave",
    "type": "ARMOR",
    "name": {
      "str": "飞地指挥官帽"
    },
    "description": "英克雷军官的帽子。表面呈黑色，边缘上方带有英克雷的帽徽。",
    "weight": "88 g",
    "volume": "500 ml",
    "price": "25 USD",
    "material": [
      "cotton"
    ],
    "symbol": "[",
    "looks_like": "hat_cotton",
    "color": "black",
    "covers": [
      "head"
    ],
    "coverage": 50,
    "encumbrance": 10,
    "warmth": 5,
    "material_thickness": 1,
    "environmental_protection": 2,
    "flags": [
      "SUN_GLASSES"
    ]
  },
  {
    "id": "duster_minutemen",
    "looks_like": "duster",
    "type": "ARMOR",
    "name": {
      "str": "民兵除尘器"
    },
    "description": "一种浅棕色皮革的全身掸子，由英联邦民兵穿，民兵是一小群可能已经死亡的民兵。",
    "weight": "2655 g",
    "volume": "7 L",
    "price": "245 USD",
    "to_hit": -1,
    "material": [
      "leather"
    ],
    "symbol": "[",
    "color": "brown",
    "covers": [
      "torso",
      "arm_l",
      "arm_r",
      "leg_l",
      "leg_r"
    ],
    "coverage": 90,
    "encumbrance": 17,
    "pocket_data": [
      {
        "pocket_type": "CONTAINER",
        "max_contains_volume": "2 L",
        "max_contains_weight": "3 kg",
        "moves": 80
      },
      {
        "pocket_type": "CONTAINER",
        "max_contains_volume": "2 L",
        "max_contains_weight": "3 kg",
        "moves": 80
      },
      {
        "pocket_type": "CONTAINER",
        "max_contains_volume": "1 L",
        "max_contains_weight": "2 kg",
        "moves": 100
      },
      {
        "pocket_type": "CONTAINER",
        "max_contains_volume": "1 L",
        "max_contains_weight": "2 kg",
        "moves": 100
      }
    ],
    "warmth": 30,
    "material_thickness": 4,
    "environmental_protection": 2,
    "valid_mods": [
      "steel_padded"
    ],
    "flags": [
      "VARSIZE",
      "POCKETS",
      "OUTER",
      "WATERPROOF",
      "RAINPROOF"
    ]
  },
  {
    "id": "duster_minutemen_general",
    "looks_like": "duster",
    "type": "ARMOR",
    "name": {
      "str": "民兵将军的掸子"
    },
    "description": "一种厚厚的深蓝色掸子，曾被英联邦民兵的将军戴过。现在是你的了，将军。",
    "weight": "2655 g",
    "volume": "7 L",
    "price": "245 USD",
    "to_hit": -1,
    "material": [
      "leather",
      "kevlar"
    ],
    "symbol": "[",
    "color": "blue",
    "covers": [
      "torso",
      "arm_l",
      "arm_r",
      "leg_l",
      "leg_r"
    ],
    "coverage": 95,
    "encumbrance": 12,
    "pocket_data": [
      {
        "pocket_type": "CONTAINER",
        "max_contains_volume": "4 L",
        "max_contains_weight": "5 kg",
        "moves": 80
      },
      {
        "pocket_type": "CONTAINER",
        "max_contains_volume": "4 L",
        "max_contains_weight": "5 kg",
        "moves": 80
      },
      {
        "pocket_type": "CONTAINER",
        "max_contains_volume": "1 L",
        "max_contains_weight": "2 kg",
        "moves": 100
      },
      {
        "pocket_type": "CONTAINER",
        "max_contains_volume": "1 L",
        "max_contains_weight": "2 kg",
        "moves": 100
      }
    ],
    "warmth": 30,
    "material_thickness": 12,
    "environmental_protection": 4,
    "valid_mods": [
      "steel_padded"
    ],
    "flags": [
      "VARSIZE",
      "POCKETS",
      "OUTER",
      "WATERPROOF",
      "RAINPROOF",
      "FANCY"
    ]
  },
  {
    "id": "coat_frock_red",
    "looks_like": "robe",
    "type": "ARMOR",
    "name": {
      "str": "红色上衣"
    },
    "description": "一件厚厚的红色长外套。有许多口袋可供存放。",
    "weight": "2655 g",
    "volume": "7 L",
    "price": "245 USD",
    "to_hit": -1,
    "material": [
      "leather"
    ],
    "symbol": "[",
    "color": "red",
    "covers": [
      "torso",
      "arm_l",
      "arm_r",
      "leg_l",
      "leg_r"
    ],
    "coverage": 90,
    "encumbrance": 17,
    "pocket_data": [
      {
        "pocket_type": "CONTAINER",
        "max_contains_volume": "5 L",
        "max_contains_weight": "7 kg",
        "moves": 80
      },
      {
        "pocket_type": "CONTAINER",
        "max_contains_volume": "5 L",
        "max_contains_weight": "7 kg",
        "moves": 80
      },
      {
        "pocket_type": "CONTAINER",
        "max_contains_volume": "1 L",
        "max_contains_weight": "2 kg",
        "moves": 100
      },
      {
        "pocket_type": "CONTAINER",
        "max_contains_volume": "1 L",
        "max_contains_weight": "2 kg",
        "moves": 100
      }
    ],
    "warmth": 30,
    "material_thickness": 3,
    "environmental_protection": 1,
    "valid_mods": [
      "steel_padded"
    ],
    "flags": [
      "VARSIZE",
      "POCKETS",
      "OUTER",
      "WATERPROOF",
      "RAINPROOF",
      "FANCY"
    ]
  },
  {
    "id": "trenchcoat_general_green",
    "looks_like": "greatcoat",
    "type": "ARMOR",
    "name": {
      "str": "绿色长外套"
    },
    "description": "一件有口袋的厚皮战壕大衣。似乎只是需要尊重。",
    "weight": "1967 g",
    "volume": "5250 ml",
    "price": "245 USD",
    "to_hit": -1,
    "material": [
      "leather"
    ],
    "symbol": "[",
    "color": "green",
    "covers": [
      "torso",
      "arm_l",
      "arm_r"
    ],
    "coverage": 90,
    "encumbrance": 17,
    "pocket_data": [
      {
        "pocket_type": "CONTAINER",
        "max_contains_volume": "2500 ml",
        "max_contains_weight": "3500 g",
        "moves": 80
      },
      {
        "pocket_type": "CONTAINER",
        "max_contains_volume": "2500 ml",
        "max_contains_weight": "3500 g",
        "moves": 80
      },
      {
        "pocket_type": "CONTAINER",
        "max_contains_volume": "500 ml",
        "max_contains_weight": "1 kg",
        "moves": 100
      },
      {
        "pocket_type": "CONTAINER",
        "max_contains_volume": "500 ml",
        "max_contains_weight": "1 kg",
        "moves": 100
      }
    ],
    "warmth": 30,
    "material_thickness": 3,
    "environmental_protection": 1,
    "valid_mods": [
      "steel_padded"
    ],
    "flags": [
      "VARSIZE",
      "POCKETS",
      "OUTER",
      "FANCY"
    ]
  },
  {
    "id": "trenchcoat_general_white",
    "looks_like": "greatcoat",
    "type": "ARMOR",
    "name": {
      "str": "冬季长外套"
    },
    "description": "一件有口袋的厚皮战壕大衣。似乎只是需要尊重。",
    "weight": "1967 g",
    "volume": "5250 ml",
    "price": "245 USD",
    "to_hit": -1,
    "material": [
      "leather"
    ],
    "symbol": "[",
    "color": "white",
    "covers": [
      "torso",
      "arm_l",
      "arm_r"
    ],
    "coverage": 90,
    "encumbrance": 17,
    "pocket_data": [
      {
        "pocket_type": "CONTAINER",
        "max_contains_volume": "2500 ml",
        "max_contains_weight": "3500 g",
        "moves": 80
      },
      {
        "pocket_type": "CONTAINER",
        "max_contains_volume": "2500 ml",
        "max_contains_weight": "3500 g",
        "moves": 80
      },
      {
        "pocket_type": "CONTAINER",
        "max_contains_volume": "500 ml",
        "max_contains_weight": "1 kg",
        "moves": 100
      },
      {
        "pocket_type": "CONTAINER",
        "max_contains_volume": "500 ml",
        "max_contains_weight": "1 kg",
        "moves": 100
      }
    ],
    "warmth": 40,
    "material_thickness": 3,
    "environmental_protection": 1,
    "valid_mods": [
      "steel_padded"
    ],
    "flags": [
      "VARSIZE",
      "POCKETS",
      "OUTER",
      "FANCY"
    ]
  },
  {
    "id": "trenchcoat_general_black",
    "looks_like": "greatcoat",
    "type": "ARMOR",
    "name": {
      "str": "长外套"
    },
    "description": "一件有口袋的厚皮战壕大衣。如果有人穿这个走近你，快跑。",
    "weight": "1967 g",
    "volume": "5250 ml",
    "price": "245 USD",
    "to_hit": -1,
    "material": [
      "leather"
    ],
    "symbol": "[",
    "color": "black",
    "covers": [
      "torso",
      "arm_l",
      "arm_r"
    ],
    "coverage": 90,
    "encumbrance": 17,
    "pocket_data": [
      {
        "pocket_type": "CONTAINER",
        "max_contains_volume": "2500 ml",
        "max_contains_weight": "3500 g",
        "moves": 80
      },
      {
        "pocket_type": "CONTAINER",
        "max_contains_volume": "2500 ml",
        "max_contains_weight": "3500 g",
        "moves": 80
      },
      {
        "pocket_type": "CONTAINER",
        "max_contains_volume": "500 ml",
        "max_contains_weight": "1 kg",
        "moves": 100
      },
      {
        "pocket_type": "CONTAINER",
        "max_contains_volume": "500 ml",
        "max_contains_weight": "1 kg",
        "moves": 100
      }
    ],
    "warmth": 30,
    "material_thickness": 5,
    "environmental_protection": 3,
    "valid_mods": [
      "steel_padded"
    ],
    "flags": [
      "VARSIZE",
      "POCKETS",
      "OUTER",
      "FANCY"
    ]
  },
  {
    "id": "cathedralrobe",
    "looks_like": "robe",
    "type": "ARMOR",
    "name": {
      "str": "大教堂长袍"
    },
    "description": "飘逸的长袍。它们是紫色的，有金色的细节。穿上它们会让你感到安全。就像一些节食者在看着你，影响着你的一举一动…但你仍然感到不安。",
    "weight": "1587 g",
    "volume": "2500 ml",
    "price": "225 USD",
    "to_hit": -1,
    "material": [
      "cotton"
    ],
    "symbol": "[",
    "color": "blue",
    "covers": [
      "torso",
      "head",
      "arm_l",
      "arm_r",
      "hand_l",
      "hand_r",
      "leg_l",
      "leg_r"
    ],
    "coverage": 65,
    "encumbrance": 3,
    "warmth": 25,
    "material_thickness": 7,
    "environmental_protection": 5,
    "flags": [
      "OVERSIZE",
      "OUTER",
      "HELMET_COMPAT",
      "FANCY"
    ]
  },
  {
    "id": "hat_general_green",
    "type": "ARMOR",
    "name": {
      "str": "将军帽"
    },
    "description": "伟大将军的帽子。尊重穿这个的人。",
    "weight": "88 g",
    "volume": "500 ml",
    "price": "25 USD",
    "material": [
      "cotton"
    ],
    "symbol": "[",
    "looks_like": "hat_cotton",
    "color": "green",
    "covers": [
      "head"
    ],
    "coverage": 50,
    "encumbrance": 10,
    "warmth": 5,
    "material_thickness": 1,
    "environmental_protection": 2,
    "flags": [
      "SUN_GLASSES",
      "FANCY"
    ]
  },
  {
    "id": "hat_general_white",
    "type": "ARMOR",
    "name": {
      "str": "将军的帽子"
    },
    "description": "伟大将军的帽子。当你真的不应该攻击俄罗斯的时候，非常适合攻击俄罗斯。",
    "weight": "88 g",
    "volume": "500 ml",
    "price": "25 USD",
    "material": [
      "cotton"
    ],
    "symbol": "[",
    "looks_like": "hat_cotton",
    "color": "white",
    "covers": [
      "head"
    ],
    "coverage": 50,
    "encumbrance": 10,
    "warmth": 15,
    "material_thickness": 1,
    "environmental_protection": 2,
    "flags": [
      "SUN_GLASSES",
      "FANCY"
    ]
  },
  {
    "id": "hat_general_black",
    "type": "ARMOR",
    "name": {
      "str": "护工帽"
    },
    "description": "纯粹邪恶的帽子。不要相信它的佩戴者。",
    "weight": "88 g",
    "volume": "500 ml",
    "price": "25 USD",
    "material": [
      "cotton"
    ],
    "symbol": "[",
    "looks_like": "hat_cotton",
    "color": "green",
    "covers": [
      "head"
    ],
    "coverage": 50,
    "encumbrance": 10,
    "warmth": 5,
    "material_thickness": 1,
    "environmental_protection": 2,
    "flags": [
      "SUN_GLASSES",
      "FANCY"
    ]
  },
  {
    "id": "wastehound_mask",
    "looks_like": "balaclava",
    "type": "ARMOR",
    "name": {
      "str": "掠夺者废猎犬头巾"
    },
    "description": "一个粗麻袋加一副护目镜，组合在一起便成了一个很具威慑性的面罩。",
    "weight": "210 g",
    "volume": "1 L",
    "price": "40 USD",
    "to_hit": -3,
    "material": [
      "cotton"
    ],
    "symbol": "[",
    "color": "dark_gray",
    "covers": [
      "head",
      "eyes",
      "mouth"
    ],
    "coverage": 100,
    "encumbrance": 30,
    "warmth": 30,
    "material_thickness": 5,
    "environmental_protection": 3,
    "qualities": [
      [
        "GLARE",
        1
      ]
    ],
    "flags": [
      "VARSIZE",
      "SKINTIGHT",
      "SUN_GLASSES"
    ]
  },
  {
    "id": "helmet_biker_retro",
    "type": "ARMOR",
    "category": "armor",
    "name": {
      "str": "复古摩托车头盔"
    },
    "description": "一种很重的圆形头盔，能够很好地防护钝器的击打。",
    "weight": "1383 g",
    "volume": "1750 ml",
    "price": "150 USD",
    "to_hit": -1,
    "bashing": 10,
    "material": [
      "steel",
      "plastic"
    ],
    "symbol": "[",
    "looks_like": "hat_hard",
    "color": "green",
    "covers": [
      "head"
    ],
    "coverage": 95,
    "encumbrance": 20,
    "warmth": 20,
    "material_thickness": 5,
    "techniques": [
      "WBLOCK_1"
    ],
    "flags": [
      "VARSIZE",
      "WATERPROOF",
      "STURDY"
    ]
  },
  {
    "id": "hat_peoples",
    "type": "ARMOR",
    "name": {
      "str": "中国突击队帽"
    },
    "description": "一只温暖的乌山卡，前面有一颗恶心的红星。",
    "weight": "246 g",
    "volume": "750 ml",
    "price": "50 USD",
    "material": [
      "fur"
    ],
    "symbol": "[",
    "looks_like": "hat_knit",
    "color": "brown",
    "covers": [
      "head"
    ],
    "coverage": 95,
    "encumbrance": 10,
    "warmth": 70,
    "material_thickness": 3
  },
  {
    "id": "mask_pint",
    "type": "ARMOR",
    "category": "armor",
    "name": {
      "str": "一品脱大小的剃刀面具"
    },
    "//": "Jason-type costume masks are much cheaper and less protective.",
    "description": "一个看起来像精神病小丑的纸面具。它模仿了臭名昭著的连环杀手。",
    "weight": "228 g",
    "volume": "750 ml",
    "price": "40 USD",
    "to_hit": -3,
    "material": [
      "paper"
    ],
    "symbol": "[",
    "looks_like": "glasses_safety",
    "color": "white",
    "covers": [
      "mouth",
      "eyes"
    ],
    "coverage": 100,
    "encumbrance": 30,
    "warmth": 5,
    "material_thickness": 1,
    "environmental_protection": 1,
    "flags": [
      "STURDY"
    ]
  },
  {
    "id": "mask_pint_magic",
    "looks_like": "mask_pint",
    "type": "ARMOR",
    "category": "armor",
    "name": {
      "str": "一品脱大小的剃刀面具"
    },
    "//": "Jason-type costume masks are much cheaper and less protective.",
    "description": "一个看起来像精神病小丑的纸面具。它模仿了臭名昭著的连环杀手。有种感觉…关于这件事。",
    "weight": "228 g",
    "volume": "750 ml",
    "price": "40 USD",
    "to_hit": -3,
    "material": [
      "paper"
    ],
    "symbol": "[",
    "color": "white",
    "covers": [
      "mouth",
      "eyes"
    ],
    "coverage": 100,
    "encumbrance": 5,
    "warmth": 5,
    "material_thickness": 20,
    "environmental_protection": 5,
    "flags": [
      "WATER_FRIENDLY",
      "STURDY"
    ]
  },
  {
    "id": "suit_benny",
    "type": "ARMOR",
    "name": {
      "str": "上衣套装"
    },
    "description": "黑白格子西装。完美的赌徒，或那些只是赌博的命运。",
    "weight": "1587 g",
    "volume": "4750 ml",
    "price": "200 USD",
    "to_hit": -5,
    "material": [
      "cotton",
      "kevlar"
    ],
    "symbol": "[",
    "looks_like": "jumpsuit",
    "color": "light_gray",
    "covers": [
      "torso",
      "arm_l",
      "arm_r",
      "leg_l",
      "leg_r"
    ],
    "coverage": 95,
    "encumbrance": 15,
    "pocket_data": [
      {
        "pocket_type": "CONTAINER",
        "max_contains_volume": "1 L",
        "max_contains_weight": "2 kg",
        "moves": 80
      },
      {
        "pocket_type": "CONTAINER",
        "max_contains_volume": "1 L",
        "max_contains_weight": "2 kg",
        "moves": 80
      }
    ],
    "warmth": 25,
    "material_thickness": 4,
    "flags": [
      "VARSIZE",
      "FANCY",
      "POCKETS"
    ]
  },
  {
    "id": "jacket_boomer",
    "looks_like": "jacket_leather_king",
    "type": "ARMOR",
    "name": {
      "str": "boomer飞行夹克"
    },
    "description": "一种覆盖着军事奖章的皮制飞行夹克。",
    "weight": "1450 g",
    "volume": "4500 ml",
    "price": "179 USD",
    "to_hit": 1,
    "material": [
      "leather"
    ],
    "symbol": "[",
    "color": "brown",
    "covers": [
      "torso",
      "arm_l",
      "arm_r"
    ],
    "coverage": 90,
    "encumbrance": 15,
    "pocket_data": [
      {
        "pocket_type": "CONTAINER",
        "max_contains_volume": "500 ml",
        "max_contains_weight": "1 kg",
        "moves": 80
      },
      {
        "pocket_type": "CONTAINER",
        "max_contains_volume": "500 ml",
        "max_contains_weight": "1 kg",
        "moves": 80
      }
    ],
    "warmth": 30,
    "material_thickness": 3,
    "environmental_protection": 1,
    "valid_mods": [
      "steel_padded"
    ],
    "flags": [
      "VARSIZE",
      "POCKETS",
      "OUTER",
      "FANCY"
    ]
  },
  {
    "id": "scrubs_bigmt",
    "type": "ARMOR",
    "name": {
      "str": "科学家擦洗"
    },
    "description": "科学家的一套简单的白色擦布。它们缺乏储存能力或耐用性，但它们是科学的理想选择。",
    "weight": "2100 g",
    "volume": "2500 ml",
    "price": "77 USD",
    "material": [
      "plastic"
    ],
    "symbol": "[",
    "color": "white",
    "covers": [
      "torso",
      "arm_l",
      "arm_r",
      "leg_l",
      "leg_r"
    ],
    "coverage": 100,
    "encumbrance": 25,
    "warmth": 10,
    "material_thickness": 1,
    "environmental_protection": 10,
    "flags": [
      "VARSIZE",
      "WATERPROOF",
      "HOOD",
      "RAINPROOF",
      "RAD_RESIST",
      "OUTER"
    ]
  },
  {
    "id": "dress_shirt_NCR",
    "type": "ARMOR",
    "name": {
      "str": "NCR连衣裙衬衫"
    },
    "description": "一件长袖黄褐色纽扣衬衫，前面有NCR补丁。看起来很专业！",
    "weight": "250 g",
    "volume": "750 ml",
    "price": "15 USD",
    "material": [
      "cotton"
    ],
    "symbol": "[",
    "looks_like": "longshirt",
    "color": "brown",
    "covers": [
      "torso",
      "arm_l",
      "arm_r"
    ],
    "coverage": 90,
    "encumbrance": 5,
    "pocket_data": [
      {
        "pocket_type": "CONTAINER",
        "max_contains_volume": "250 ml",
        "max_contains_weight": "500 g",
        "moves": 80
      }
    ],
    "warmth": 10,
    "material_thickness": 1,
    "flags": [
      "VARSIZE",
      "FANCY"
    ]
  },
  {
    "id": "jeans_ncr",
    "type": "ARMOR",
    "name": {
      "str": "NCR长裤",
      "str_pl": "NCR长裤"
    },
    "description": "一条有两个深口袋的棕色裤子。",
    "weight": "600 g",
    "volume": "2 L",
    "price": "50 USD",
    "to_hit": 1,
    "material": [
      "cotton"
    ],
    "symbol": "[",
    "looks_like": "pants",
    "color": "brown",
    "covers": [
      "leg_l",
      "leg_r"
    ],
    "coverage": 95,
    "encumbrance": 16,
    "pocket_data": [
      {
        "pocket_type": "CONTAINER",
        "max_contains_volume": "500 ml",
        "max_contains_weight": "1 kg",
        "moves": 80
      },
      {
        "pocket_type": "CONTAINER",
        "max_contains_volume": "500 ml",
        "max_contains_weight": "1 kg",
        "moves": 80
      }
    ],
    "warmth": 10,
    "material_thickness": 3,
    "flags": [
      "VARSIZE",
      "POCKETS"
    ]
  },
  {
    "id": "ncr_armor",
    "type": "ARMOR",
    "name": {
      "str": "NCR装甲"
    },
    "description": "NCR士兵和游骑兵使用的一套棕色防弹衣。提供良好的环境保护",
    "weight": "2125 g",
    "volume": "1 L",
    "price": "150 USD",
    "bashing": 8,
    "material": [
      "kevlar",
      "cotton"
    ],
    "symbol": "[",
    "looks_like": "jacket_leather",
    "color": "dark_gray",
    "covers": [
      "torso",
      "arm_l",
      "arm_r",
      "leg_l",
      "leg_r"
    ],
    "coverage": 95,
    "encumbrance": 30,
    "pocket_data": [
      {
        "pocket_type": "CONTAINER",
        "max_contains_volume": "250 ml",
        "max_contains_weight": "750 g",
        "moves": 80
      },
      {
        "pocket_type": "CONTAINER",
        "max_contains_volume": "250 ml",
        "max_contains_weight": "750 g",
        "moves": 80
      }
    ],
    "warmth": 35,
    "material_thickness": 4,
    "environmental_protection": 5,
    "flags": [
      "VARSIZE",
      "RAINPROOF"
    ]
  },
  {
    "id": "armor_legate",
    "type": "ARMOR",
    "category": "armor",
    "name": {
      "str": "使节的盔甲"
    },
    "description": "一套来自西部的手工制作的重钢盔甲，只有最伟大的战士才穿。好吧，现在没有传统主义者来阻止你了。",
    "weight": "11000 g",
    "volume": "17500 ml",
    "price": "600 USD",
    "to_hit": -5,
    "bashing": 8,
    "material": [
      "steel",
      "leather"
    ],
    "symbol": "[",
    "looks_like": "armor_larmor",
    "color": "brown",
    "covers": [
      "torso",
      "arm_l",
      "arm_r",
      "leg_l",
      "leg_r"
    ],
    "coverage": 95,
    "encumbrance": 20,
    "warmth": 20,
    "material_thickness": 4,
    "flags": [
      "VARSIZE",
      "OUTER",
      "STURDY",
      "FANCY"
    ]
  },
  {
    "id": "helmet_legate",
    "type": "ARMOR",
    "category": "armor",
    "name": {
      "str": "连长头盔"
    },
    "description": "凯撒最强大的战士，公使的头盔。它有一个面部设计，非常漂亮。",
    "weight": "1625 g",
    "volume": "3500 ml",
    "price": "500 USD",
    "bashing": 6,
    "material": [
      "iron",
      "leather"
    ],
    "symbol": "[",
    "looks_like": "helmet_barbute",
    "color": "brown",
    "covers": [
      "head",
      "eyes",
      "mouth"
    ],
    "coverage": 95,
    "encumbrance": 20,
    "warmth": 25,
    "material_thickness": 4,
    "environmental_protection": 1,
    "techniques": [
      "WBLOCK_1"
    ],
    "flags": [
      "STURDY",
      "FANCY"
    ]
  },
  {
    "id": "hazmat_suit_ghost",
    "type": "ARMOR",
    "name": {
      "str": "实验危险品防护服"
    },
    "description": "用来防止外来物质进入的防毒服。与其他类似款式相比，这个款式非常耐用，不过有点笨重。它需要一个单独的防毒面具。",
    "weight": "5000 g",
    "volume": "17 L",
    "price": "1175 USD",
    "material": [
      "plastic"
    ],
    "symbol": "[",
    "looks_like": "beekeeping_suit",
    "color": "brown",
    "covers": [
      "torso",
      "arm_l",
      "arm_r",
      "hand_l",
      "hand_r",
      "leg_l",
      "leg_r",
      "foot_l",
      "foot_r"
    ],
    "coverage": 100,
    "encumbrance": 50,
    "warmth": 40,
    "material_thickness": 8,
    "environmental_protection": 20,
    "flags": [
      "VARSIZE",
      "WATERPROOF",
      "RAINPROOF",
      "GAS_PROOF",
      "RAD_PROOF",
      "ELECTRIC_IMMUNE",
      "OUTER"
    ]
  },
  {
    "id": "beret_recon",
    "type": "ARMOR",
    "name": {
      "str": "第一侦察营贝雷帽"
    },
    "description": "一顶柔软的红色棉帽。NCR第一侦察师穿的“你永远看不到的最后的东西”。",
    "weight": "120 g",
    "volume": "250 ml",
    "price": "12 USD",
    "material": [
      "cotton"
    ],
    "symbol": "[",
    "looks_like": "hat_cotton",
    "color": "red",
    "covers": [
      "head"
    ],
    "coverage": 40,
    "warmth": 10,
    "material_thickness": 1,
    "flags": [
      "VARSIZE",
      "WATER_FRIENDLY",
      "FANCY"
    ]
  },
  {
    "id": "helmet_fiend",
    "type": "ARMOR",
    "category": "armor",
    "name": {
      "str": "恶魔头盔"
    },
    "description": "有角头骨的小型自行车头盔。",
    "weight": "1315 g",
    "volume": "1250 ml",
    "price": "45 USD",
    "bashing": 8,
    "material": [
      "plastic",
      "bone"
    ],
    "symbol": "[",
    "looks_like": "helmet_bike",
    "color": "white",
    "covers": [
      "head"
    ],
    "coverage": 65,
    "encumbrance": 20,
    "warmth": 10,
    "material_thickness": 4,
    "techniques": [
      "WBLOCK_1"
    ]
  },
  {
    "id": "jacket_db_varsity",
    "type": "ARMOR",
    "name": {
      "str": "DB Tech大学风夹克"
    },
    "description": "一种用来代表大学足球队的薄棉袄。",
    "weight": "227 g",
    "volume": "2250 ml",
    "price": "90 USD",
    "material": [
      "cotton"
    ],
    "symbol": "[",
    "looks_like": "jacket_windbreaker",
    "color": "green",
    "covers": [
      "torso",
      "arm_l",
      "arm_r"
    ],
    "coverage": 90,
    "encumbrance": 8,
    "pocket_data": [
      {
        "pocket_type": "CONTAINER",
        "max_contains_volume": "500 ml",
        "max_contains_weight": "1 kg",
        "moves": 80
      },
      {
        "pocket_type": "CONTAINER",
        "max_contains_volume": "500 ml",
        "max_contains_weight": "1 kg",
        "moves": 80
      }
    ],
    "warmth": 15,
    "material_thickness": 3,
    "flags": [
      "VARSIZE",
      "POCKETS",
      "OUTER",
      "FANCY"
    ]
  },
  {
    "id": "armor_combat_light",
    "repairs_like": "miner_hat",
    "type": "ARMOR",
    "category": "armor",
    "name": {
      "str": "陆军战斗装甲"
    },
    "description": "大灾变前不久军队人员使用的一套全身绿色盔甲。包在口袋里。",
    "weight": "4000 g",
    "volume": "7500 ml",
    "price": "350 USD",
    "to_hit": -3,
    "bashing": 6,
    "material": [
      "plastic",
      "cotton",
      "kevlar"
    ],
    "symbol": "[",
    "looks_like": "kevlar",
    "color": "green",
    "covers": [
      "torso",
      "arm_l",
      "arm_r",
      "leg_l",
      "leg_r"
    ],
    "coverage": 85,
    "encumbrance": 15,
    "pocket_data": [
      {
        "pocket_type": "CONTAINER",
        "max_contains_volume": "4 L",
        "max_contains_weight": "6 kg",
        "moves": 80
      },
      {
        "pocket_type": "CONTAINER",
        "max_contains_volume": "4 L",
        "max_contains_weight": "6 kg",
        "moves": 80
      },
      {
        "pocket_type": "CONTAINER",
        "max_contains_volume": "2 L",
        "max_contains_weight": "3 kg",
        "moves": 100
      },
      {
        "pocket_type": "CONTAINER",
        "max_contains_volume": "2 L",
        "max_contains_weight": "3 kg",
        "moves": 100
      }
    ],
    "warmth": 10,
    "material_thickness": 6,
    "flags": [
      "STURDY",
      "WATERPROOF",
      "RAINPROOF",
      "POCKETS",
      "OUTER"
    ]
  },
  {
    "id": "armor_combat_light_winter",
    "repairs_like": "miner_hat",
    "type": "ARMOR",
    "category": "armor",
    "name": {
      "str": "冬季陆军战斗装甲"
    },
    "description": "大灾变前不久军队人员使用的一套全身白色盔甲。它比类似的盔甲暖和得多。",
    "weight": "4000 g",
    "volume": "7500 ml",
    "price": "350 USD",
    "to_hit": -3,
    "bashing": 6,
    "material": [
      "plastic",
      "cotton",
      "kevlar"
    ],
    "symbol": "[",
    "looks_like": "kevlar",
    "color": "green",
    "covers": [
      "torso",
      "arm_l",
      "arm_r",
      "leg_l",
      "leg_r"
    ],
    "coverage": 85,
    "encumbrance": 25,
    "pocket_data": [
      {
        "pocket_type": "CONTAINER",
        "max_contains_volume": "4 L",
        "max_contains_weight": "6 kg",
        "moves": 80
      },
      {
        "pocket_type": "CONTAINER",
        "max_contains_volume": "4 L",
        "max_contains_weight": "6 kg",
        "moves": 80
      },
      {
        "pocket_type": "CONTAINER",
        "max_contains_volume": "2 L",
        "max_contains_weight": "3 kg",
        "moves": 100
      },
      {
        "pocket_type": "CONTAINER",
        "max_contains_volume": "2 L",
        "max_contains_weight": "3 kg",
        "moves": 100
      }
    ],
    "warmth": 30,
    "material_thickness": 6,
    "flags": [
      "STURDY",
      "WATERPROOF",
      "RAINPROOF",
      "POCKETS",
      "OUTER"
    ]
  },
  {
    "id": "armor_combat_light_winter_medic",
    "looks_like": "armor_combat_light_winter",
    "repairs_like": "miner_hat",
    "type": "ARMOR",
    "category": "armor",
    "name": {
      "str": "冬季医疗战斗装甲"
    },
    "description": "大灾变前不久军队人员使用的一套全身白色盔甲。它比类似的盔甲温暖得多，虽然没有防护作用。它的背面有一个大的红十字，表示你不是一个活跃的战士。可悲的是，丧尸不承认日内瓦公约。",
    "weight": "4000 g",
    "volume": "7500 ml",
    "price": "350 USD",
    "to_hit": -3,
    "bashing": 6,
    "material": [
      "plastic",
      "cotton",
      "kevlar"
    ],
    "symbol": "[",
    "color": "white",
    "covers": [
      "torso",
      "arm_l",
      "arm_r",
      "leg_l",
      "leg_r"
    ],
    "coverage": 85,
    "encumbrance": 20,
    "pocket_data": [
      {
        "pocket_type": "CONTAINER",
        "max_contains_volume": "4 L",
        "max_contains_weight": "6 kg",
        "moves": 80
      },
      {
        "pocket_type": "CONTAINER",
        "max_contains_volume": "4 L",
        "max_contains_weight": "6 kg",
        "moves": 80
      },
      {
        "pocket_type": "CONTAINER",
        "max_contains_volume": "2 L",
        "max_contains_weight": "3 kg",
        "moves": 100
      },
      {
        "pocket_type": "CONTAINER",
        "max_contains_volume": "2 L",
        "max_contains_weight": "3 kg",
        "moves": 100
      }
    ],
    "warmth": 30,
    "material_thickness": 5,
    "flags": [
      "STURDY",
      "WATERPROOF",
      "RAINPROOF",
      "POCKETS",
      "OUTER"
    ]
  },
  {
    "id": "helmet_combat_light",
    "repairs_like": "xlkevlar",
    "type": "ARMOR",
    "category": "armor",
    "name": {
      "str": "战斗头盔"
    },
    "description": "一顶主要用于防御弹头和弹片对头部的伤害、内含凯夫拉衬里的头盔。",
    "weight": "1383 g",
    "volume": "1750 ml",
    "price": "150 USD",
    "to_hit": -1,
    "bashing": 10,
    "material": [
      "kevlar",
      "plastic"
    ],
    "symbol": "[",
    "looks_like": "hat_hard",
    "color": "green",
    "covers": [
      "head"
    ],
    "coverage": 85,
    "encumbrance": 25,
    "warmth": 20,
    "material_thickness": 10,
    "techniques": [
      "WBLOCK_1"
    ],
    "flags": [
      "VARSIZE",
      "WATERPROOF",
      "STURDY"
    ]
  },
  {
    "id": "helmet_combat_light_winter",
    "repairs_like": "xlkevlar",
    "type": "ARMOR",
    "category": "armor",
    "name": {
      "str": "战斗头盔"
    },
    "description": "一种厚重的防寒头盔，能提供极好的保护免受各种伤害。",
    "weight": "1383 g",
    "volume": "1750 ml",
    "price": "150 USD",
    "to_hit": -1,
    "bashing": 10,
    "material": [
      "kevlar",
      "plastic"
    ],
    "symbol": "[",
    "looks_like": "hat_hard",
    "color": "white",
    "covers": [
      "head"
    ],
    "coverage": 85,
    "encumbrance": 25,
    "warmth": 25,
    "material_thickness": 10,
    "techniques": [
      "WBLOCK_1"
    ],
    "flags": [
      "VARSIZE",
      "WATERPROOF",
      "STURDY"
    ]
  },
  {
    "id": "balclava_winter",
    "type": "ARMOR",
    "name": {
      "str": "越冬巴拉克拉瓦"
    },
    "description": "一种温暖的白色覆盖物，保护头部和面部免受寒冷。它用芳纶加固以保护你的脸。",
    "weight": "40 g",
    "volume": "250 ml",
    "price": "35 USD",
    "material": [
      "cotton",
      "kevlar"
    ],
    "symbol": "[",
    "looks_like": "balaclava",
    "color": "white",
    "covers": [
      "head",
      "mouth"
    ],
    "coverage": 95,
    "encumbrance": 10,
    "warmth": 30,
    "material_thickness": 2,
    "flags": [
      "VARSIZE",
      "SKINTIGHT"
    ]
  }
]