[
  {
    "id": "boots_gecko",
    "type": "ARMOR",
    "name": {
      "str": "一双壁虎皮靴子",
      "str_pl": "一双壁虎皮靴子"
    },
    "description": "结实的壁虎皮靴子。非常耐用。",
    "weight": "1060 g",
    "volume": "2500 ml",
    "price": "100 USD",
    "price_postapoc": "190 USD",
    "to_hit": -1,
    "bashing": 1,
    "material": [
      "leather_gecko"
    ],
    "symbol": "[",
    "looks_like": "dress_shoes",
    "color": "dark_gray",
    "covers": [
      "foot_l",
      "foot_r"
    ],
    "coverage": 100,
    "encumbrance": 5,
    "warmth": 20,
    "material_thickness": 3,
    "environmental_protection": 2,
    "flags": [
      "VARSIZE",
      "WATERPROOF"
    ]
  },
  {
    "id": "boots_gecko_gold",
    "type": "ARMOR",
    "name": {
      "str": "一双金色壁虎皮靴子",
      "str_pl": "一双金色壁虎皮靴子"
    },
    "description": "坚韧的金色壁虎皮靴子。非常耐用，对酸完全免疫，你可以涉水通过这些任何东西。",
    "weight": "1060 g",
    "volume": "2500 ml",
    "price": "100 USD",
    "price_postapoc": "190 USD",
    "to_hit": -1,
    "bashing": 1,
    "material": [
      "leather_gecko"
    ],
    "symbol": "[",
    "looks_like": "dress_shoes",
    "color": "dark_gray",
    "covers": [
      "foot_l",
      "foot_r"
    ],
    "coverage": 100,
    "encumbrance": 5,
    "warmth": 20,
    "material_thickness": 3,
    "environmental_protection": 3,
    "flags": [
      "VARSIZE",
      "WATERPROOF",
      "FANCY"
    ]
  },
  {
    "id": "gloves_leather_gecko",
    "type": "ARMOR",
    "name": {
      "str": "一副壁虎皮手套",
      "str_pl": "双壁虎皮手套"
    },
    "description": "一双薄薄的银色壁虎皮手套。",
    "weight": "160 g",
    "volume": "250 ml",
    "price": "45 USD",
    "to_hit": 2,
    "material": [
      "leather_gecko"
    ],
    "symbol": "[",
    "looks_like": "gloves_light",
    "color": "light_gray",
    "covers": [
      "hand_l",
      "hand_r"
    ],
    "coverage": 100,
    "encumbrance": 5,
    "warmth": 25,
    "material_thickness": 1,
    "valid_mods": [
      "steel_padded"
    ],
    "flags": [
      "VARSIZE",
      "WATERPROOF"
    ]
  },
  {
    "id": "gloves_leather_gecko_gold",
    "type": "ARMOR",
    "name": {
      "str": "金壁虎皮手套",
      "str_pl": "金壁虎皮手套"
    },
    "description": "一双薄薄的金壁虎皮手套。你有没有想过要掐死吐口水的人？有了这些孩子，你可以。",
    "weight": "160 g",
    "volume": "250 ml",
    "price": "45 USD",
    "to_hit": 2,
    "material": [
      "leather_gecko_gold"
    ],
    "symbol": "[",
    "looks_like": "gloves_light",
    "color": "yellow",
    "covers": [
      "hand_l",
      "hand_r"
    ],
    "coverage": 100,
    "encumbrance": 5,
    "warmth": 25,
    "material_thickness": 1,
    "valid_mods": [
      "steel_padded"
    ],
    "flags": [
      "VARSIZE",
      "WATERPROOF",
      "FANCY"
    ]
  },
  {
    "id": "backpack_leather_gecko",
    "type": "ARMOR",
    "name": {
      "str": "壁虎皮背包"
    },
    "description": "小壁虎皮背包。很好的存储空间，有点累赘。",
    "weight": "818 g",
    "volume": "2 L",
    "price": "119 USD",
    "price_postapoc": "268 USD",
    "material": [
      "leather_gecko"
    ],
    "symbol": "[",
    "looks_like": "backpack",
    "color": "light_gray",
    "covers": [
      "torso"
    ],
    "coverage": 30,
    "encumbrance": 2,
    "max_encumbrance": 10,
    "pocket_data": [
      {
        "pocket_type": "CONTAINER",
        "max_contains_volume": "8 L",
        "max_contains_weight": "12 kg",
        "moves": 80
      },
      {
        "pocket_type": "CONTAINER",
        "max_contains_volume": "8 L",
        "max_contains_weight": "12 kg",
        "moves": 80
      },
      {
        "pocket_type": "CONTAINER",
        "max_contains_volume": "3 L",
        "max_contains_weight": "4 kg",
        "moves": 80
      },
      {
        "pocket_type": "CONTAINER",
        "max_contains_volume": "3 L",
        "max_contains_weight": "4 kg",
        "moves": 80
      },
      {
        "pocket_type": "CONTAINER",
        "max_contains_volume": "1500 ml",
        "max_contains_weight": "2 kg",
        "moves": 80
      },
      {
        "pocket_type": "CONTAINER",
        "max_contains_volume": "1500 ml",
        "max_contains_weight": "2 kg",
        "moves": 80
      }
    ],
    "warmth": 9,
    "material_thickness": 3,
    "flags": [
      "BELTED",
      "WATER_FRIENDLY"
    ]
  },
  {
    "id": "backpack_leather_gecko_gold",
    "type": "ARMOR",
    "name": {
      "str": "金壁虎皮背包"
    },
    "description": "一个金色壁虎皮的小背包。很好的存储空间，有点累赘。非常适合携带金壁虎可能感兴趣的东西，或者只携带你担心会破碎的酸瓶子。",
    "weight": "818 g",
    "volume": "2 L",
    "price": "119 USD",
    "price_postapoc": "268 USD",
    "material": [
      "leather_gecko_gold"
    ],
    "symbol": "[",
    "looks_like": "backpack",
    "color": "yellow",
    "covers": [
      "torso"
    ],
    "coverage": 30,
    "encumbrance": 2,
    "max_encumbrance": 10,
    "pocket_data": [
      {
        "pocket_type": "CONTAINER",
        "max_contains_volume": "10 L",
        "max_contains_weight": "15 kg",
        "moves": 80
      },
      {
        "pocket_type": "CONTAINER",
        "max_contains_volume": "10 L",
        "max_contains_weight": "15 kg",
        "moves": 80
      },
      {
        "pocket_type": "CONTAINER",
        "max_contains_volume": "3 L",
        "max_contains_weight": "4 kg",
        "moves": 80
      },
      {
        "pocket_type": "CONTAINER",
        "max_contains_volume": "3 L",
        "max_contains_weight": "4 kg",
        "moves": 80
      },
      {
        "pocket_type": "CONTAINER",
        "max_contains_volume": "1500 ml",
        "max_contains_weight": "2 kg",
        "moves": 80
      },
      {
        "pocket_type": "CONTAINER",
        "max_contains_volume": "1500 ml",
        "max_contains_weight": "2 kg",
        "moves": 80
      }
    ],
    "warmth": 9,
    "material_thickness": 3,
    "flags": [
      "BELTED",
      "WATER_FRIENDLY",
      "FANCY"
    ]
  },
  {
    "id": "armguard_leather_gecko",
    "type": "ARMOR",
    "category": "armor",
    "name": {
      "str": "一对壁虎皮护臂",
      "str_pl": "双壁虎皮护臂"
    },
    "description": "一对结实的壁虎皮护臂。轻盈舒适。",
    "weight": "430 g",
    "volume": "2 L",
    "price": "40 USD",
    "to_hit": 1,
    "material": [
      "leather_gecko"
    ],
    "symbol": "[",
    "looks_like": "arm_warmers",
    "color": "light_gray",
    "covers": [
      "arm_l",
      "arm_r"
    ],
    "coverage": 90,
    "encumbrance": 5,
    "warmth": 25,
    "material_thickness": 4,
    "valid_mods": [
      "steel_padded"
    ],
    "flags": [
      "STURDY",
      "BELTED",
      "BLOCK_WHILE_WORN",
      "WATER_FRIENDLY"
    ]
  },
  {
    "id": "armguard_leather_gecko_gold",
    "type": "ARMOR",
    "category": "armor",
    "name": {
      "str": "一对金色壁虎皮护臂",
      "str_pl": "双金壁虎皮护臂"
    },
    "description": "一对坚韧的金色壁虎皮护臂。轻盈舒适。完美的插入酸蚁丘你的手臂。",
    "weight": "430 g",
    "volume": "2 L",
    "price": "40 USD",
    "to_hit": 1,
    "material": [
      "leather_gecko_gold"
    ],
    "symbol": "[",
    "looks_like": "arm_warmers",
    "color": "yellow",
    "covers": [
      "arm_l",
      "arm_r"
    ],
    "coverage": 10,
    "encumbrance": 5,
    "warmth": 25,
    "material_thickness": 4,
    "valid_mods": [
      "steel_padded"
    ],
    "flags": [
      "STURDY",
      "BELTED",
      "BLOCK_WHILE_WORN",
      "WATER_FRIENDLY",
      "FANCY"
    ]
  },
  {
    "id": "armor_leather_gecko",
    "type": "ARMOR",
    "category": "armor",
    "name": {
      "str": "壁虎皮防弹衣"
    },
    "description": "厚壁虎皮防弹衣。轻便耐用，配有多个储物袋。",
    "weight": "2108 g",
    "volume": "9500 ml",
    "price": "260 USD",
    "to_hit": -5,
    "bashing": 2,
    "material": [
      "leather_gecko"
    ],
    "symbol": "[",
    "looks_like": "armor_larmor",
    "color": "light_gray",
    "covers": [
      "torso",
      "arm_l",
      "arm_r",
      "leg_l",
      "leg_r"
    ],
    "coverage": 90,
    "encumbrance": 22,
    "pocket_data": [
      {
        "pocket_type": "CONTAINER",
        "max_contains_volume": "1500 ml",
        "max_contains_weight": "3 kg",
        "moves": 80
      },
      {
        "pocket_type": "CONTAINER",
        "max_contains_volume": "1500 ml",
        "max_contains_weight": "3 kg",
        "moves": 80
      },
      {
        "pocket_type": "CONTAINER",
        "max_contains_volume": "500 ml",
        "max_contains_weight": "1 kg",
        "moves": 80
      },
      {
        "pocket_type": "CONTAINER",
        "max_contains_volume": "500 ml",
        "max_contains_weight": "1 kg",
        "moves": 80
      }
    ],
    "warmth": 20,
    "material_thickness": 5,
    "valid_mods": [
      "steel_padded"
    ],
    "flags": [
      "VARSIZE",
      "POCKETS",
      "STURDY"
    ]
  },
  {
    "id": "armor_leather_gecko_gold",
    "type": "ARMOR",
    "category": "armor",
    "name": {
      "str": "金壁虎皮防弹衣"
    },
    "description": "厚壁虎皮防弹衣。轻便耐用，配有多个储物袋。你可以在酸里游泳，只要你有面部保护。",
    "weight": "2108 g",
    "volume": "9500 ml",
    "price": "260 USD",
    "to_hit": -5,
    "bashing": 2,
    "material": [
      "leather_gecko_gold"
    ],
    "symbol": "[",
    "looks_like": "armor_larmor",
    "color": "light_gray",
    "covers": [
      "torso",
      "arm_l",
      "arm_r",
      "leg_l",
      "leg_r"
    ],
    "coverage": 100,
    "encumbrance": 22,
    "pocket_data": [
      {
        "pocket_type": "CONTAINER",
        "max_contains_volume": "1500 ml",
        "max_contains_weight": "3 kg",
        "moves": 80
      },
      {
        "pocket_type": "CONTAINER",
        "max_contains_volume": "1500 ml",
        "max_contains_weight": "3 kg",
        "moves": 80
      },
      {
        "pocket_type": "CONTAINER",
        "max_contains_volume": "500 ml",
        "max_contains_weight": "1 kg",
        "moves": 80
      },
      {
        "pocket_type": "CONTAINER",
        "max_contains_volume": "500 ml",
        "max_contains_weight": "1 kg",
        "moves": 80
      }
    ],
    "warmth": 20,
    "material_thickness": 5,
    "valid_mods": [
      "steel_padded"
    ],
    "flags": [
      "VARSIZE",
      "POCKETS",
      "STURDY",
      "FANCY"
    ]
  },
  {
    "id": "mask_gecko",
    "type": "TOOL_ARMOR",
    "name": {
      "str": "壁虎皮面膜"
    },
    "category": "clothing",
    "description": "由自制的防毒面具和壁虎皮缝制的头盔，带有有色玻璃眼，这样你的眼睛里就不会有血液和阳光。",
    "weight": "897 g",
    "volume": "1 L",
    "price": "49 USD",
    "to_hit": -3,
    "material": [
      "leather_gecko"
    ],
    "symbol": "[",
    "color": "light_gray",
    "covers": [
      "mouth",
      "eyes",
      "head"
    ],
    "coverage": 100,
    "encumbrance": 100,
    "warmth": 20,
    "material_thickness": 2,
    "environmental_protection": 1,
    "environmental_protection_with_filter": 16,
    "max_charges": 100,
    "initial_charges": 100,
    "ammo": [
      "gasfilter_m"
    ],
    "use_action": "GASMASK",
    "qualities": [
      [
        "GLARE",
        2
      ]
    ],
    "flags": [
      "SUN_GLASSES",
      "STURDY"
    ]
  },
  {
    "id": "mask_gecko_gold",
    "type": "TOOL_ARMOR",
    "name": {
      "str": "金壁虎皮面膜"
    },
    "category": "clothing",
    "description": "自制的防毒面具和头盔，由普通的防毒面具和金色的壁虎皮缝制而成，带有有色的玻璃眼，这样你的眼睛里就不会有血液和阳光。空气是酸的吗？再也不会了！",
    "weight": "897 g",
    "volume": "1 L",
    "price": "49 USD",
    "to_hit": -3,
    "material": [
      "leather_gecko"
    ],
    "symbol": "[",
    "color": "yellow",
    "covers": [
      "mouth",
      "eyes",
      "head"
    ],
    "coverage": 100,
    "encumbrance": 100,
    "warmth": 20,
    "material_thickness": 2,
    "environmental_protection": 1,
    "environmental_protection_with_filter": 16,
    "max_charges": 100,
    "initial_charges": 100,
    "ammo": [
      "gasfilter_m"
    ],
    "use_action": "GASMASK",
    "qualities": [
      [
        "GLARE",
        2
      ]
    ],
    "flags": [
      "SUN_GLASSES",
      "STURDY",
      "FANCY"
    ]
  },
  {
    "id": "duster_leather_gecko",
    "type": "ARMOR",
    "name": {
      "str": "壁虎皮掸子"
    },
    "description": "厚厚的壁虎皮全长除尘器。有许多口袋可供存放。",
    "weight": "2655 g",
    "volume": "7 L",
    "price": "245 USD",
    "to_hit": -1,
    "material": [
      "leather_gecko"
    ],
    "symbol": "[",
    "looks_like": "duster",
    "color": "light_gray",
    "covers": [
      "torso",
      "arm_l",
      "arm_r",
      "leg_l",
      "leg_r"
    ],
    "coverage": 90,
    "encumbrance": 17,
    "pocket_data": [
      {
        "pocket_type": "CONTAINER",
        "max_contains_volume": "3 L",
        "max_contains_weight": "5 kg",
        "moves": 80
      },
      {
        "pocket_type": "CONTAINER",
        "max_contains_volume": "3 L",
        "max_contains_weight": "5 kg",
        "moves": 80
      },
      {
        "pocket_type": "CONTAINER",
        "max_contains_volume": "1 L",
        "max_contains_weight": "2 kg",
        "moves": 80
      },
      {
        "pocket_type": "CONTAINER",
        "max_contains_volume": "1 L",
        "max_contains_weight": "2 kg",
        "moves": 80
      }
    ],
    "warmth": 30,
    "material_thickness": 3,
    "environmental_protection": 1,
    "valid_mods": [
      "steel_padded"
    ],
    "flags": [
      "VARSIZE",
      "POCKETS",
      "OUTER",
      "WATERPROOF",
      "RAINPROOF"
    ]
  },
  {
    "id": "duster_leather_gecko_gold",
    "type": "ARMOR",
    "name": {
      "str": "金壁虎皮掸子"
    },
    "description": "厚厚的金色壁虎皮全长掸子。有许多口袋可供存放。它还兼作雨衣！",
    "weight": "2655 g",
    "volume": "7 L",
    "price": "245 USD",
    "to_hit": -1,
    "material": [
      "leather_gecko_gold"
    ],
    "symbol": "[",
    "looks_like": "duster",
    "color": "yellow",
    "covers": [
      "torso",
      "arm_l",
      "arm_r",
      "leg_l",
      "leg_r"
    ],
    "coverage": 90,
    "encumbrance": 17,
    "pocket_data": [
      {
        "pocket_type": "CONTAINER",
        "max_contains_volume": "3 L",
        "max_contains_weight": "5 kg",
        "moves": 80
      },
      {
        "pocket_type": "CONTAINER",
        "max_contains_volume": "3 L",
        "max_contains_weight": "5 kg",
        "moves": 80
      },
      {
        "pocket_type": "CONTAINER",
        "max_contains_volume": "1 L",
        "max_contains_weight": "2 kg",
        "moves": 80
      },
      {
        "pocket_type": "CONTAINER",
        "max_contains_volume": "1 L",
        "max_contains_weight": "2 kg",
        "moves": 80
      }
    ],
    "warmth": 30,
    "material_thickness": 3,
    "environmental_protection": 1,
    "valid_mods": [
      "steel_padded"
    ],
    "flags": [
      "VARSIZE",
      "POCKETS",
      "OUTER",
      "WATERPROOF",
      "RAINPROOF",
      "FANCY"
    ]
  }
]