[
  {
    "id": "armor_legion_recruit",
    "repairs_like": "armor_larmor",
    "type": "ARMOR",
    "category": "armor",
    "name": {
      "str": "军团招募护甲"
    },
    "description": "凯撒军团新兵穿的一套用皮革加固的足球盔甲。它有一条附加的皮裙。",
    "weight": "2810 g",
    "volume": "9 L",
    "price": "110 USD",
    "material": [
      "plastic",
      "cotton",
      "leather"
    ],
    "symbol": "[",
    "looks_like": "chestguard_hard",
    "color": "red",
    "covers": [
      "torso",
      "leg_l",
      "leg_r"
    ],
    "coverage": 45,
    "encumbrance": 25,
    "pocket_data": [
      {
        "pocket_type": "CONTAINER",
        "max_contains_volume": "750 ml",
        "max_contains_weight": "1500 g",
        "moves": 80
      },
      {
        "pocket_type": "CONTAINER",
        "max_contains_volume": "750 ml",
        "max_contains_weight": "1500 g",
        "moves": 80
      }
    ],
    "warmth": 10,
    "material_thickness": 6,
    "flags": [
      "VARSIZE",
      "STURDY"
    ]
  },
  {
    "id": "helmet_legion_recruit",
    "repairs_like": "helmet_barbute",
    "type": "ARMOR",
    "category": "armor",
    "name": {
      "str": "军团新兵头盔"
    },
    "description": "一种军团新兵用的皮帽子，配上某种颜色的眼镜和头巾以达到最佳效果。",
    "weight": "453 g",
    "volume": "1750 ml",
    "price": "31 USD",
    "to_hit": -1,
    "bashing": 7,
    "material": [
      "leather",
      "iron"
    ],
    "symbol": "[",
    "looks_like": "hat_hard",
    "color": "blue",
    "covers": [
      "head"
    ],
    "coverage": 95,
    "encumbrance": 10,
    "warmth": 15,
    "material_thickness": 3,
    "environmental_protection": 1,
    "techniques": [
      "WBLOCK_1"
    ],
    "flags": [
      "STURDY"
    ]
  },
  {
    "id": "armor_legion_prime",
    "repairs_like": "armor_larmor",
    "type": "ARMOR",
    "category": "armor",
    "name": {
      "str": "军团主盔甲"
    },
    "description": "凯撒军团的主力部队所穿的一套用大量皮革加固的足球盔甲。它有一条附加的皮裙。",
    "weight": "3010 g",
    "volume": "11 L",
    "price": "110 USD",
    "material": [
      "plastic",
      "cotton",
      "leather"
    ],
    "symbol": "[",
    "looks_like": "chestguard_hard",
    "color": "red",
    "covers": [
      "torso",
      "leg_l",
      "leg_r"
    ],
    "coverage": 45,
    "encumbrance": 30,
    "pocket_data": [
      {
        "pocket_type": "CONTAINER",
        "max_contains_volume": "1 L",
        "max_contains_weight": "2 kg",
        "moves": 80
      },
      {
        "pocket_type": "CONTAINER",
        "max_contains_volume": "1 L",
        "max_contains_weight": "2 kg",
        "moves": 80
      }
    ],
    "warmth": 10,
    "material_thickness": 7,
    "flags": [
      "VARSIZE",
      "STURDY"
    ]
  },
  {
    "id": "helmet_legion_prime",
    "repairs_like": "helmet_barbute",
    "type": "ARMOR",
    "category": "armor",
    "name": {
      "str": "军团主头盔"
    },
    "description": "军帽一种上等军人使用的皮帽子，常与某种有色眼镜和头巾结合以达到最佳效果。",
    "weight": "453 g",
    "volume": "1750 ml",
    "price": "31 USD",
    "to_hit": -1,
    "bashing": 7,
    "material": [
      "leather",
      "iron"
    ],
    "symbol": "[",
    "looks_like": "hat_hard",
    "color": "blue",
    "covers": [
      "head"
    ],
    "coverage": 95,
    "encumbrance": 10,
    "warmth": 15,
    "material_thickness": 4,
    "environmental_protection": 1,
    "techniques": [
      "WBLOCK_1"
    ],
    "flags": [
      "STURDY"
    ]
  },
  {
    "id": "armor_legion_veteran",
    "repairs_like": "armor_larmor",
    "type": "ARMOR",
    "category": "armor",
    "name": {
      "str": "军团老兵盔甲"
    },
    "description": "一套用皮革和铁加固的足球盔甲，由凯撒军团的精英退伍军人穿着。它有一条附加的皮裙。",
    "weight": "2810 g",
    "volume": "7 L",
    "price": "110 USD",
    "material": [
      "plastic",
      "cotton",
      "leather",
      "iron"
    ],
    "symbol": "[",
    "looks_like": "chestguard_hard",
    "color": "red",
    "covers": [
      "torso",
      "leg_l",
      "leg_r"
    ],
    "coverage": 45,
    "encumbrance": 35,
    "pocket_data": [
      {
        "pocket_type": "CONTAINER",
        "max_contains_volume": "1250 ml",
        "max_contains_weight": "2 kg",
        "moves": 80
      },
      {
        "pocket_type": "CONTAINER",
        "max_contains_volume": "1250 ml",
        "max_contains_weight": "2 kg",
        "moves": 80
      }
    ],
    "warmth": 10,
    "material_thickness": 8,
    "flags": [
      "VARSIZE",
      "STURDY"
    ]
  },
  {
    "id": "helmet_legion_veteran",
    "repairs_like": "helmet_barbute",
    "type": "ARMOR",
    "category": "armor",
    "name": {
      "str": "退伍军人头盔"
    },
    "description": "退伍军人用的塑料和铁的棒球帽，加上某种颜色的眼镜和头巾以达到最佳效果。",
    "weight": "453 g",
    "volume": "1750 ml",
    "price": "31 USD",
    "to_hit": -1,
    "bashing": 7,
    "material": [
      "leather",
      "plastic",
      "iron"
    ],
    "symbol": "[",
    "looks_like": "hat_hard",
    "color": "white",
    "covers": [
      "head"
    ],
    "coverage": 95,
    "encumbrance": 20,
    "warmth": 15,
    "material_thickness": 5,
    "environmental_protection": 1,
    "techniques": [
      "WBLOCK_1"
    ],
    "flags": [
      "STURDY"
    ]
  }
]