[
  {
    "id": "barrel_22",
    "type": "GUNMOD",
    "name": {
      "str": ".22无声枪管"
    },
    "description": "如果你从枪上看到这个，那就是虫子。：P它允许.22手枪和冲锋枪自然静音。",
    "volume": "3 ml",
    "price": "120 USD",
    "install_time": "15 m",
    "material": [
      "steel"
    ],
    "symbol": ":",
    "color": "light_gray",
    "location": "barrel",
    "mod_targets": [
      "pistol",
      "smg"
    ],
    "dispersion_modifier": 75,
    "loudness_modifier": -100,
    "flags": [
      "IRREMOVABLE",
      "ZERO_WEIGHT"
    ]
  }
]