[
  {
    "id": "10mm_casing",
    "copy-from": "casing",
    "type": "GENERIC",
    "name": {
      "str": "10mm Auto弹弹壳"
    },
    "description": "10mm子弹的空弹壳。",
    "weight": "4 g",
    "volume": "6 ml"
  },
  {
    "id": "5mm_casing",
    "copy-from": "casing",
    "type": "GENERIC",
    "name": {
      "str": "5mm 弹壳"
    },
    "description": "5mm子弹的空弹壳",
    "weight": "4 g",
    "volume": "6 ml"
  },
  {
    "id": "14mm_casing",
    "copy-from": "casing",
    "type": "GENERIC",
    "name": {
      "str": "14mm 弹壳"
    },
    "description": "14mm子弹的空弹壳。",
    "weight": "4 g",
    "volume": "6 ml"
  },
  {
    "id": "4570_casing",
    "copy-from": "casing",
    "type": "GENERIC",
    "name": {
      "str": ".45-70 弹壳"
    },
    "description": "45.70子弹的空弹壳。",
    "weight": "4 g",
    "volume": "6 ml"
  },
  {
    "id": "cannon_casing",
    "copy-from": "casing",
    "type": "GENERIC",
    "name": {
      "str": "炮筒"
    },
    "description": "炮弹的空弹壳。",
    "weight": "4 g",
    "volume": "24 ml"
  },
  {
    "id": "25mm_casing",
    "copy-from": "casing",
    "type": "GENERIC",
    "name": {
      "str": "25mm 榴弹弹壳"
    },
    "description": "25mm榴弹的空弹壳。",
    "weight": "4 g",
    "volume": "6 ml"
  },
  {
    "id": "20ga_hull",
    "type": "GENERIC",
    "category": "spare_parts",
    "name": {
      "str": "20号口径霰弹弹壳"
    },
    "description": "20号口径霰弹的空壳。",
    "weight": "8 g",
    "volume": "12 ml",
    "stackable": true,
    "material": [
      "plastic"
    ],
    "symbol": "=",
    "color": "red",
    "damage_states": [
      0,
      0
    ]
  },
  {
    "type": "GENERIC",
    "id": "70mm_casing",
    "copy-from": "casing",
    "color": "dark_gray",
    "material": [
      "steel"
    ],
    "name": {
      "str": "70mm 机炮弹壳"
    },
    "description": "70毫米炮弹的空弹壳。",
    "volume": "1250 ml",
    "weight": "20 g"
  },
  {
    "type": "GENERIC",
    "id": "105mm_casing",
    "copy-from": "casing",
    "name": {
      "str": "105mm 炮弹壳"
    },
    "color": "dark_gray",
    "description": "一个用过的105毫米炮弹制成的大罐子，现在是一个昂贵的镇纸。总有一天你会找到重新装填的东西。",
    "material": [
      "steel"
    ],
    "volume": "2500 ml",
    "weight": "300 g"
  },
  {
    "type": "GENERIC",
    "id": "140mm_casing",
    "copy-from": "casing",
    "color": "dark_gray",
    "material": [
      "steel"
    ],
    "name": {
      "str": "140mm 炮弹壳"
    },
    "description": "一个140毫米弹壳的大罐子，现在是一个昂贵的镇纸。总有一天你会找到重新装填的东西。",
    "volume": "3750 ml",
    "weight": "400 g"
  }
]