[
  {
    "type": "COMESTIBLE",
    "id": "cola_nuka",
    "name": {
      "str": "努卡可乐"
    },
    "weight": "260 g",
    "color": "brown",
    "addiction_type": "caffeine",
    "fatigue_mod": 32,
    "stim": 12,
    "container": "bottle_glass_nuka",
    "comestible_type": "DRINK",
    "symbol": "~",
    "quench": 18,
    "healthy": -1,
    "addiction_potential": 2,
    "calories": 26,
    "description": "努卡可乐，是荒原人的首选饮料。这是好东西，配西番莲果！",
    "price": 95,
    "material": [
      "junk"
    ],
    "volume": "250 ml",
    "phase": "liquid",
    "flags": [
      "EATEN_COLD"
    ],
    "freezing_point": -50,
    "fun": 7
  },
  {
    "type": "COMESTIBLE",
    "id": "cola_newka",
    "name": {
      "str": "纽卡可乐"
    },
    "weight": "260 g",
    "color": "brown",
    "addiction_type": "caffeine",
    "fatigue_mod": 7,
    "stim": 3,
    "container": "bottle_glass_nuka",
    "comestible_type": "DRINK",
    "symbol": "~",
    "quench": 28,
    "healthy": -1,
    "addiction_potential": 2,
    "calories": 26,
    "description": "努卡可乐，是荒原人的首选饮料。这东西很恶心，因为在西番莲大饥荒期间食谱发生了变化。只是淡化了。",
    "price": 95,
    "material": [
      "junk"
    ],
    "volume": "250 ml",
    "phase": "liquid",
    "flags": [
      "EATEN_COLD"
    ],
    "freezing_point": -50,
    "fun": -7
  },
  {
    "type": "COMESTIBLE",
    "id": "cola_nuka_quantum",
    "name": {
      "str": "Nuka Cola Quantum公司"
    },
    "weight": "260 g",
    "color": "blue",
    "addiction_type": "caffeine",
    "fatigue_mod": 142,
    "stim": 54,
    "container": "bottle_glass_nuka",
    "comestible_type": "DRINK",
    "symbol": "~",
    "quench": 18,
    "healthy": -6,
    "addiction_potential": 7,
    "calories": 26,
    "description": "Nuka Cola Quantum公司。这些东西在大灾变前刚刚发布，据说非常有活力。副作用可能包括蓝尿、轻度放射性发光和成瘾。",
    "price": 95,
    "material": [
      "junk"
    ],
    "volume": "250 ml",
    "phase": "liquid",
    "flags": [
      "EATEN_COLD"
    ],
    "freezing_point": -50,
    "fun": 4
  },
  {
    "type": "COMESTIBLE",
    "id": "stick_iguana",
    "name": {
      "str": "棍子上的鬣蜥"
    },
    "weight": "56 g",
    "color": "red",
    "spoils_in": "720 days",
    "comestible_type": "FOOD",
    "symbol": "%",
    "quench": -3,
    "calories": 174,
    "description": "鬣蜥做的肉干。鲍勃的专长！和Nuka可乐搭配很好。（注：并非由实际鬣蜥制成）",
    "price": 900,
    "material": [
      "flesh"
    ],
    "volume": "250 ml",
    "flags": [
      "EDIBLE_FROZEN"
    ],
    "charges": 2,
    "fun": 10
  },
  {
    "type": "COMESTIBLE",
    "id": "stick_iguana_premiumh",
    "name": {
      "str": "高级剪裁“鬣蜥”"
    },
    "weight": "56 g",
    "color": "red",
    "spoils_in": "720 days",
    "comestible_type": "FOOD",
    "symbol": "%",
    "quench": -3,
    "calories": 174,
    "container": "box_small",
    "description": "优质鬣蜥肉干，调味后与一些腌制蔬菜混合。好像有点不对劲…但味道真的很好！。（注：并非由实际鬣蜥制成）",
    "price": 900,
    "material": [
      "hflesh",
      "veggy"
    ],
    "volume": "250 ml",
    "flags": [
      "EDIBLE_FROZEN"
    ],
    "charges": 2,
    "fun": 40
  },
  {
    "type": "COMESTIBLE",
    "id": "stick_iguana_premium",
    "name": {
      "str": "优质鬣蜥"
    },
    "weight": "56 g",
    "color": "red",
    "spoils_in": "720 days",
    "comestible_type": "FOOD",
    "symbol": "%",
    "quench": -3,
    "calories": 174,
    "container": "box_small",
    "description": "优质鬣蜥肉干，用腌制蔬菜调味。味道真不错！。（注：并非由实际鬣蜥制成）",
    "price": 900,
    "material": [
      "flesh",
      "veggy"
    ],
    "volume": "250 ml",
    "flags": [
      "EDIBLE_FROZEN"
    ],
    "charges": 2,
    "fun": 40
  },
  {
    "type": "COMESTIBLE",
    "id": "omelette_survival",
    "name": {
      "str": "生存蛋卷"
    },
    "weight": "116 g",
    "color": "brown",
    "spoils_in": "2 days",
    "container": "wrapper",
    "comestible_type": "FOOD",
    "symbol": "%",
    "healthy": 1,
    "calories": 386,
    "description": "一种大的煎蛋卷，由容易觅食的食物制成。一顿丰盛的早餐。",
    "price": 500,
    "material": [
      "egg",
      "fruit",
      "veggy",
      "milk",
      "flesh"
    ],
    "volume": "250 ml",
    "charges": 6,
    "flags": [
      "EATEN_HOT"
    ],
    "fun": 40,
    "rot_spawn": "GROUP_CARRION"
  },
  {
    "type": "COMESTIBLE",
    "id": "omelette_survival_cheese",
    "name": {
      "str": "芝士生存蛋卷"
    },
    "weight": "116 g",
    "color": "brown",
    "spoils_in": "2 days",
    "container": "wrapper",
    "comestible_type": "FOOD",
    "symbol": "%",
    "healthy": 1,
    "calories": 450,
    "description": "一种大的煎蛋卷，由容易觅食的食物制成。一顿丰盛的早餐。现在是奶酪。",
    "price": 500,
    "material": [
      "egg",
      "fruit",
      "veggy",
      "milk",
      "flesh"
    ],
    "volume": "250 ml",
    "charges": 6,
    "flags": [
      "EATEN_HOT"
    ],
    "fun": 50,
    "rot_spawn": "GROUP_CARRION"
  },
  {
    "type": "COMESTIBLE",
    "id": "omelette_survival_spicy",
    "name": {
      "str": "麻辣生存蛋卷"
    },
    "weight": "116 g",
    "color": "brown",
    "spoils_in": "2 days",
    "container": "wrapper",
    "comestible_type": "FOOD",
    "symbol": "%",
    "healthy": 1,
    "calories": 450,
    "description": "一种大的煎蛋卷，由容易觅食的食物制成。一顿丰盛的早餐。现在有了更多的热量。",
    "price": 500,
    "material": [
      "egg",
      "fruit",
      "veggy",
      "milk",
      "flesh"
    ],
    "volume": "250 ml",
    "charges": 6,
    "flags": [
      "EATEN_HOT"
    ],
    "fun": 50,
    "rot_spawn": "GROUP_CARRION"
  },
  {
    "type": "COMESTIBLE",
    "id": "omelette_survival_deluxe",
    "name": {
      "str": "豪华生存煎蛋"
    },
    "weight": "116 g",
    "color": "brown",
    "spoils_in": "2 days",
    "container": "wrapper",
    "comestible_type": "FOOD",
    "symbol": "%",
    "healthy": 1,
    "calories": 550,
    "description": "一种大的煎蛋卷，由容易觅食的食物制成。一顿丰盛的早餐。现在加上热和奶酪。现在不算是一顿丰盛的饭了，但它太棒了。",
    "price": 500,
    "material": [
      "egg",
      "fruit",
      "veggy",
      "milk",
      "flesh"
    ],
    "volume": "250 ml",
    "charges": 6,
    "flags": [
      "EATEN_HOT"
    ],
    "fun": 80,
    "rot_spawn": "GROUP_CARRION"
  },
  {
    "type": "COMESTIBLE",
    "id": "omelette_survival_milkless",
    "name": {
      "str": "无奶生存煎蛋"
    },
    "weight": "116 g",
    "color": "brown",
    "spoils_in": "2 days",
    "container": "wrapper",
    "comestible_type": "FOOD",
    "symbol": "%",
    "healthy": 1,
    "calories": 386,
    "description": "一种大的煎蛋卷，由容易觅食的食物制成。这个用水代替牛奶。因为这样，鸡蛋有点淡，但是你能做什么呢？",
    "price": 500,
    "material": [
      "egg",
      "fruit",
      "veggy",
      "flesh"
    ],
    "volume": "250 ml",
    "charges": 6,
    "flags": [
      "EATEN_HOT"
    ],
    "fun": 35,
    "rot_spawn": "GROUP_CARRION"
  },
  {
    "type": "COMESTIBLE",
    "id": "omelette_survival_meatless",
    "name": {
      "str": "素食生存蛋卷"
    },
    "weight": "116 g",
    "color": "brown",
    "spoils_in": "2 days",
    "container": "wrapper",
    "comestible_type": "FOOD",
    "symbol": "%",
    "healthy": 1,
    "calories": 386,
    "description": "一种大的煎蛋卷，由容易觅食的食物制成。如果你喜欢这种东西的话，这个缺肉。",
    "price": 500,
    "material": [
      "egg",
      "fruit",
      "veggy",
      "milk"
    ],
    "volume": "250 ml",
    "charges": 6,
    "flags": [
      "EATEN_HOT"
    ],
    "fun": 35,
    "rot_spawn": "GROUP_CARRION"
  },
  {
    "type": "COMESTIBLE",
    "id": "omelette_survival_fruitless",
    "name": {
      "str": "无果生存煎蛋"
    },
    "weight": "116 g",
    "color": "brown",
    "spoils_in": "2 days",
    "container": "wrapper",
    "comestible_type": "FOOD",
    "symbol": "%",
    "healthy": 1,
    "calories": 386,
    "description": "一种大的煎蛋卷，由容易觅食的食物制成。这个缺水果。它不太好吃，但在无果季节更容易制作",
    "price": 500,
    "material": [
      "egg",
      "veggy",
      "milk",
      "flesh"
    ],
    "volume": "250 ml",
    "charges": 6,
    "flags": [
      "EATEN_HOT"
    ],
    "fun": 35,
    "rot_spawn": "GROUP_CARRION"
  },
  {
    "type": "COMESTIBLE",
    "id": "omelette_survival_vegan",
    "name": {
      "str": "半素食生存蛋卷"
    },
    "weight": "116 g",
    "color": "brown",
    "spoils_in": "2 days",
    "container": "wrapper",
    "comestible_type": "FOOD",
    "symbol": "%",
    "healthy": 1,
    "calories": 286,
    "description": "一种大的煎蛋卷，由容易觅食的食物制成。这个缺肉缺奶。如果不是为了鸡蛋，那就是一顿素食。不过，它更平淡。",
    "price": 500,
    "material": [
      "egg",
      "veggy",
      "fruit"
    ],
    "volume": "250 ml",
    "charges": 6,
    "flags": [
      "EATEN_HOT"
    ],
    "fun": 25,
    "rot_spawn": "GROUP_CARRION"
  },
  {
    "type": "COMESTIBLE",
    "id": "omelette_survival_vegan_nofruit",
    "name": {
      "str": "无果半素食生存煎蛋"
    },
    "weight": "116 g",
    "color": "brown",
    "spoils_in": "2 days",
    "container": "wrapper",
    "comestible_type": "FOOD",
    "symbol": "%",
    "healthy": 1,
    "calories": 186,
    "description": "一种大的煎蛋卷，由容易觅食的食物制成。这个缺肉缺奶。如果不是为了鸡蛋，那就是一顿素食。水果也被拿了出来。现在更平淡了。至少它更容易制作。",
    "price": 500,
    "material": [
      "egg",
      "veggy"
    ],
    "volume": "250 ml",
    "charges": 6,
    "flags": [
      "EATEN_HOT"
    ],
    "fun": 5,
    "rot_spawn": "GROUP_CARRION"
  }
]