[
  {
    "id": "bottle_glass_nuka",
    "type": "GENERIC",
    "category": "container",
    "name": {
      "str": "玻璃瓶"
    },
    "description": "一种可重新密封的玻璃瓶，最初用于努卡可乐。它有一个独特的火箭形状。",
    "weight": "300 g",
    "volume": "1000 ml",
    "price": "0 cent",
    "to_hit": 1,
    "bashing": 2,
    "material": [
      "glass"
    ],
    "symbol": ")",
    "color": "cyan",
    "flags": [
      "TARDIS"
    ],
    "pocket_data": [
      {
        "pocket_type": "CONTAINER",
        "watertight": true,
        "rigid": true,
        "max_contains_volume": "1000 ml",
        "max_contains_weight": "2 kg"
      }
    ],
    "qualities": [
      [
        "BOIL",
        1
      ]
    ]
  }
]