[
  {
    "id": "357_magnum_revolver",
    "copy-from": "pistol_revolver",
    "type": "GUN",
    "name": {
      "str": ".357 马格南左轮手枪",
      "str_pl": ".357 马格南左轮手枪"
    },
    "description": "一种普通的.357六发手枪，被骗子之类的人用过。它是非常流行的，因为它的模块化性质。",
    "weight": "1074 g",
    "volume": "500 ml",
    "price": "620 USD",
    "to_hit": -2,
    "bashing": 9,
    "looks_like": "sw_619",
    "material": [
      "steel",
      "plastic"
    ],
    "symbol": "(",
    "color": "light_gray",
    "ammo": [
      "38"
    ],
    "dispersion": 320,
    "durability": 10,
    "clip_size": 6,
    "valid_mod_locations": [
      [
        "accessories",
        2
      ],
      [
        "barrel",
        1
      ],
      [
        "bore",
        1
      ],
      [
        "grip",
        1
      ],
      [
        "mechanism",
        4
      ],
      [
        "rail",
        1
      ],
      [
        "sights",
        1
      ],
      [
        "stock",
        1
      ],
      [
        "underbarrel",
        1
      ]
    ],
    "pocket_data": [
      {
        "pocket_type": "MAGAZINE",
        "rigid": true,
        "ammo_restriction": {
          "38": 6
        }
      }
    ]
  },
  {
    "id": "357_magnum_revolver_lucky",
    "copy-from": "pistol_revolver",
    "type": "GUN",
    "name": {
      "str": "幸运转轮",
      "str_pl": "幸运的左轮手枪"
    },
    "description": "一支普通的.357马格南左轮手枪，在核心定制。这种设计比较紧凑，当你准备好的时候感觉很奇怪。把手上有扑克牌图案。",
    "weight": "1074 g",
    "volume": "250 ml",
    "price": "620 USD",
    "to_hit": -2,
    "bashing": 12,
    "looks_like": "sw_619",
    "material": [
      "steel",
      "plastic"
    ],
    "symbol": "(",
    "color": "black",
    "ammo": [
      "38"
    ],
    "dispersion": 80,
    "durability": 10,
    "clip_size": 6,
    "valid_mod_locations": [
      [
        "accessories",
        2
      ],
      [
        "barrel",
        1
      ],
      [
        "bore",
        1
      ],
      [
        "mechanism",
        4
      ],
      [
        "rail",
        1
      ],
      [
        "sights",
        1
      ],
      [
        "stock",
        1
      ],
      [
        "underbarrel",
        1
      ]
    ],
    "pocket_data": [
      {
        "pocket_type": "MAGAZINE",
        "rigid": true,
        "ammo_restriction": {
          "38": 6
        }
      }
    ]
  },
  {
    "id": "cowboy_repeater",
    "copy-from": "rifle_manual",
    "type": "GUN",
    "name": {
      "str": "牛仔步枪",
      "str_pl": "牛仔中继器"
    },
    "description": "这把优良的杠杆式步枪使用强大的.357马格南弹药，枪管光滑，在疯狂的西部重演者中很受欢迎。",
    "weight": "3937 g",
    "volume": "3 L",
    "price": "899 USD",
    "to_hit": -1,
    "bashing": 12,
    "looks_like": "henry_big_boy",
    "material": [
      "steel",
      "wood"
    ],
    "color": "light_gray",
    "ammo": [
      "38"
    ],
    "ranged_damage": {
      "damage_type": "stab",
      "amount": 2
    },
    "dispersion": 180,
    "durability": 8,
    "clip_size": 7,
    "barrel_volume": "500 ml",
    "valid_mod_locations": [
      [
        "accessories",
        2
      ],
      [
        "barrel",
        1
      ],
      [
        "bore",
        1
      ],
      [
        "grip",
        1
      ],
      [
        "mechanism",
        4
      ],
      [
        "sights",
        1
      ],
      [
        "stock",
        1
      ],
      [
        "barrel",
        1
      ],
      [
        "sling",
        1
      ],
      [
        "muzzle",
        1
      ],
      [
        "underbarrel",
        1
      ]
    ],
    "flags": [
      "RELOAD_ONE"
    ],
    "pocket_data": [
      {
        "pocket_type": "MAGAZINE",
        "rigid": true,
        "ammo_restriction": {
          "38": 6
        }
      }
    ]
  },
  {
    "id": "cowboy_repeater_longue",
    "copy-from": "rifle_manual",
    "type": "GUN",
    "name": {
      "str": "拉隆格卡拉宾",
      "str_pl": "拉隆格卡拉宾"
    },
    "description": "一把经过魔改的特制牛仔左轮手枪。拥有更大的弹仓空间，而且整体上也做了优化。",
    "weight": "3937 g",
    "volume": "3 L",
    "price": "899 USD",
    "to_hit": -1,
    "bashing": 12,
    "looks_like": "henry_big_boy",
    "material": [
      "steel",
      "wood"
    ],
    "color": "brown",
    "ammo": [
      "38"
    ],
    "ranged_damage": {
      "damage_type": "stab",
      "amount": 8
    },
    "dispersion": 80,
    "durability": 10,
    "clip_size": 11,
    "barrel_volume": "500 ml",
    "valid_mod_locations": [
      [
        "accessories",
        2
      ],
      [
        "barrel",
        1
      ],
      [
        "bore",
        1
      ],
      [
        "grip",
        1
      ],
      [
        "mechanism",
        4
      ],
      [
        "sling",
        1
      ],
      [
        "sights",
        1
      ],
      [
        "stock",
        1
      ],
      [
        "barrel",
        1
      ],
      [
        "muzzle",
        1
      ],
      [
        "underbarrel",
        1
      ]
    ],
    "flags": [
      "RELOAD_ONE"
    ],
    "pocket_data": [
      {
        "pocket_type": "MAGAZINE",
        "rigid": true,
        "ammo_restriction": {
          "38": 6
        }
      }
    ]
  },
  {
    "id": "brush_gun",
    "copy-from": "rifle_manual",
    "type": "GUN",
    "name": {
      "str": "电刷枪",
      "str_pl": "毛刷枪"
    },
    "description": "一支经典的步枪，子弹为45-70。这种弹药会牺牲远程精确性来造成绝对的伤害。在老兵中很受欢迎。",
    "weight": "3937 g",
    "volume": "3 L",
    "price": "899 USD",
    "to_hit": -1,
    "bashing": 12,
    "looks_like": "henry_big_boy",
    "material": [
      "steel",
      "wood"
    ],
    "color": "light_gray",
    "ammo": [
      "4570"
    ],
    "ranged_damage": {
      "damage_type": "stab",
      "amount": 4
    },
    "dispersion": 240,
    "durability": 8,
    "clip_size": 6,
    "valid_mod_locations": [
      [
        "accessories",
        2
      ],
      [
        "barrel",
        1
      ],
      [
        "bore",
        1
      ],
      [
        "grip",
        1
      ],
      [
        "mechanism",
        4
      ],
      [
        "sights",
        1
      ],
      [
        "stock",
        1
      ],
      [
        "barrel",
        1
      ],
      [
        "muzzle",
        1
      ],
      [
        "sling",
        1
      ],
      [
        "underbarrel",
        1
      ]
    ],
    "flags": [
      "RELOAD_ONE"
    ],
    "pocket_data": [
      {
        "pocket_type": "MAGAZINE",
        "rigid": true,
        "ammo_restriction": {
          "4570": 6
        }
      }
    ]
  },
  {
    "id": "brush_gun_medicine",
    "copy-from": "rifle_manual",
    "type": "GUN",
    "name": {
      "str": "药棒",
      "str_pl": "药棒"
    },
    "description": "一支经典步枪，子弹为45-70。这种弹药会牺牲远程精确性来造成绝对的伤害。在资深的沙漠游骑兵中很受欢迎，这是一个由军火贩子制作的实验原型枪。",
    "weight": "3937 g",
    "volume": "3 L",
    "price": "899 USD",
    "to_hit": 1,
    "bashing": 18,
    "looks_like": "henry_big_boy",
    "material": [
      "steel",
      "wood"
    ],
    "color": "light_gray",
    "ammo": [
      "4570"
    ],
    "ranged_damage": {
      "damage_type": "stab",
      "amount": 12
    },
    "dispersion": 240,
    "durability": 10,
    "clip_size": 8,
    "barrel_volume": "250 ml",
    "valid_mod_locations": [
      [
        "accessories",
        2
      ],
      [
        "barrel",
        1
      ],
      [
        "bore",
        1
      ],
      [
        "grip",
        1
      ],
      [
        "mechanism",
        4
      ],
      [
        "sights",
        1
      ],
      [
        "stock",
        1
      ],
      [
        "sling",
        1
      ],
      [
        "barrel",
        1
      ],
      [
        "muzzle",
        1
      ],
      [
        "underbarrel",
        1
      ]
    ],
    "flags": [
      "RELOAD_ONE"
    ],
    "pocket_data": [
      {
        "pocket_type": "MAGAZINE",
        "rigid": true,
        "ammo_restriction": {
          "4570": 8
        }
      }
    ]
  },
  {
    "id": "revolver_ranger",
    "copy-from": "pistol_revolver",
    "type": "GUN",
    "name": {
      "str": "轮手枪",
      "str_pl": "轮手枪"
    },
    "description": "一把普通的45-70五发手枪，沙漠游骑兵使用，大惊喜。上面镶嵌着黄金。这是老兵们荣誉的象征。",
    "weight": "1074 g",
    "volume": "500 ml",
    "price": "620 USD",
    "to_hit": -1,
    "bashing": 12,
    "looks_like": "lemat_revolver",
    "material": [
      "steel",
      "plastic"
    ],
    "symbol": "(",
    "color": "black",
    "ammo": [
      "4570"
    ],
    "dispersion": 320,
    "durability": 10,
    "clip_size": 5,
    "valid_mod_locations": [
      [
        "accessories",
        2
      ],
      [
        "barrel",
        1
      ],
      [
        "bore",
        1
      ],
      [
        "grip",
        1
      ],
      [
        "mechanism",
        4
      ],
      [
        "rail",
        1
      ],
      [
        "sights",
        1
      ],
      [
        "stock",
        1
      ],
      [
        "underbarrel",
        1
      ]
    ],
    "pocket_data": [
      {
        "pocket_type": "MAGAZINE",
        "rigid": true,
        "ammo_restriction": {
          "4570": 5
        }
      }
    ]
  }
]