[
  {
    "id": "colt6250",
    "type": "GUN",
    "reload_noise_volume": 10,
    "name": {
      "str": "柯尔特6250",
      "str_pl": "柯尔特6250"
    },
    "description": "柯尔特6520 10 mm自动手枪。每次扣动扳机都会自动重新装填枪械，直到弹匣清空。只能单发，使用10 mm的强力子弹。",
    "weight": "1800 g",
    "volume": "750 ml",
    "price": "875 USD",
    "to_hit": 0,
    "bashing": 12,
    "looks_like": "glock_22",
    "material": [
      "steel",
      "plastic"
    ],
    "symbol": "(",
    "color": "black",
    "ammo": [
      "40"
    ],
    "skill": "pistol",
    "ranged_damage": {
      "damage_type": "stab",
      "amount": 1
    },
    "dispersion": 480,
    "durability": 7,
    "valid_mod_locations": [
      [
        "accessories",
        2
      ],
      [
        "barrel",
        1
      ],
      [
        "bore",
        1
      ],
      [
        "grip",
        1
      ],
      [
        "mechanism",
        4
      ],
      [
        "muzzle",
        1
      ],
      [
        "rail",
        1
      ],
      [
        "sights",
        1
      ],
      [
        "stock",
        1
      ],
      [
        "underbarrel",
        1
      ]
    ],
    "pocket_data": [
      {
        "pocket_type": "MAGAZINE_WELL",
        "holster": true,
        "max_contains_volume": "20 L",
        "magazine_well": "250 ml",
        "max_contains_weight": "20 kg",
        "item_restriction": [
          "colt6250mag"
        ]
      }
    ]
  },
  {
    "id": "colt6250_weathered",
    "type": "GUN",
    "reload_noise_volume": 10,
    "name": {
      "str": "风化小马6250",
      "str_pl": "风化小马6250"
    },
    "description": "柯尔特6520 10 mm自动手枪。每次扣动扳机都会自动重新装填枪械，直到弹匣清空。只能单发，使用10 mm的强力子弹。这一个似乎很受欢迎。",
    "weight": "1800 g",
    "volume": "750 ml",
    "price": "875 USD",
    "to_hit": 1,
    "bashing": 14,
    "looks_like": "glock_22",
    "material": [
      "steel",
      "plastic"
    ],
    "symbol": "(",
    "color": "black",
    "ammo": [
      "40"
    ],
    "skill": "pistol",
    "ranged_damage": {
      "damage_type": "stab",
      "amount": 2
    },
    "dispersion": 240,
    "durability": 10,
    "valid_mod_locations": [
      [
        "accessories",
        2
      ],
      [
        "barrel",
        1
      ],
      [
        "bore",
        1
      ],
      [
        "grip",
        1
      ],
      [
        "mechanism",
        4
      ],
      [
        "muzzle",
        1
      ],
      [
        "rail",
        1
      ],
      [
        "sights",
        1
      ],
      [
        "stock",
        1
      ],
      [
        "underbarrel",
        1
      ]
    ],
    "pocket_data": [
      {
        "pocket_type": "MAGAZINE_WELL",
        "holster": true,
        "max_contains_volume": "20 L",
        "magazine_well": "250 ml",
        "max_contains_weight": "20 kg",
        "item_restriction": [
          "colt6250mag"
        ]
      }
    ]
  },
  {
    "id": "10mmsmg",
    "type": "GUN",
    "reload_noise_volume": 10,
    "name": {
      "str": "香港MP9",
      "str_pl": "香港MP9"
    },
    "description": "H&K MP9冲锋枪（10 mm变型）。一种中等尺寸的冲锋枪，能够单次发射和突发模式。",
    "weight": "2400 g",
    "volume": "1500 ml",
    "price": "875 USD",
    "to_hit": 0,
    "bashing": 16,
    "looks_like": "hk_mp5",
    "material": [
      "steel",
      "plastic"
    ],
    "symbol": "(",
    "color": "light_gray",
    "ammo": [
      "40"
    ],
    "skill": "smg",
    "ranged_damage": {
      "damage_type": "stab",
      "amount": 2
    },
    "dispersion": 480,
    "durability": 7,
    "burst": 10,
    "valid_mod_locations": [
      [
        "accessories",
        2
      ],
      [
        "barrel",
        1
      ],
      [
        "bore",
        1
      ],
      [
        "grip",
        1
      ],
      [
        "mechanism",
        4
      ],
      [
        "muzzle",
        1
      ],
      [
        "rail",
        1
      ],
      [
        "sights",
        1
      ],
      [
        "sling",
        1
      ],
      [
        "stock",
        1
      ],
      [
        "underbarrel",
        1
      ]
    ],
    "pocket_data": [
      {
        "pocket_type": "MAGAZINE_WELL",
        "holster": true,
        "max_contains_volume": "20 L",
        "magazine_well": "250 ml",
        "max_contains_weight": "20 kg",
        "item_restriction": [
          "10mmsmgmag"
        ]
      }
    ]
  },
  {
    "id": "hk_p90c",
    "type": "GUN",
    "reload_noise_volume": 10,
    "name": {
      "str": "H&K P90c型"
    },
    "description": "哈克勒和科赫P90c刚刚投入使用时的战争。该武器的bullpup布局，紧凑的设计，使其易于控制。耐用的P90c以其可靠性和坚固紧凑的封装中的高火力而备受推崇。",
    "weight": "2300 g",
    "volume": "1500 ml",
    "price": "3500 USD",
    "to_hit": -2,
    "bashing": 10,
    "material": [
      "steel",
      "plastic"
    ],
    "symbol": "(",
    "color": "white",
    "ammo": [
      "40"
    ],
    "skill": "smg",
    "dispersion": 260,
    "durability": 8,
    "burst": 12,
    "valid_mod_locations": [
      [
        "accessories",
        3
      ],
      [
        "sling",
        1
      ],
      [
        "barrel",
        1
      ],
      [
        "grip",
        1
      ],
      [
        "mechanism",
        4
      ],
      [
        "muzzle",
        1
      ],
      [
        "rail",
        1
      ],
      [
        "stock",
        1
      ],
      [
        "underbarrel",
        1
      ]
    ],
    "pocket_data": [
      {
        "pocket_type": "MAGAZINE_WELL",
        "holster": true,
        "max_contains_volume": "20 L",
        "magazine_well": "500 ml",
        "max_contains_weight": "20 kg",
        "item_restriction": [
          "p90cmag"
        ]
      }
    ]
  },
  {
    "id": "10mmgatling",
    "type": "GUN",
    "reload_noise_volume": 10,
    "name": {
      "str": "肩装转管枪"
    },
    "description": "一个原型从霍普韦尔分支的枪跑，这种肩装机枪本质上是一个肩装微型枪。与其他重型自动武器相比，它有10 mm口径的子弹，射速很低。",
    "weight": "19500 g",
    "volume": "6 L",
    "price": "550000 USD",
    "to_hit": -4,
    "bashing": 18,
    "looks_like": "m134",
    "material": [
      "hardsteel"
    ],
    "symbol": "(",
    "color": "dark_gray",
    "ammo": [
      "40"
    ],
    "skill": "rifle",
    "ranged_damage": {
      "damage_type": "stab",
      "amount": 6
    },
    "dispersion": 200,
    "durability": 9,
    "valid_mod_locations": [
      [
        "accessories",
        4
      ],
      [
        "grip",
        1
      ],
      [
        "mechanism",
        4
      ],
      [
        "sights",
        1
      ],
      [
        "sling",
        1
      ]
    ],
    "reload": 400,
    "modes": [
      [
        "DEFAULT",
        "low auto",
        15
      ],
      [
        "AUTO",
        "high auto",
        30
      ]
    ],
    "pocket_data": [
      {
        "pocket_type": "MAGAZINE_WELL",
        "holster": true,
        "max_contains_volume": "20 L",
        "magazine_well": "250 ml",
        "max_contains_weight": "20 kg",
        "item_restriction": [
          "10mmgatlingmag",
          "10mmgatlingmagxl"
        ]
      }
    ],
    "flags": [
      "NEVER_JAMS"
    ]
  }
]