[
  {
    "id": "redryder",
    "type": "GUN",
    "reload_noise_volume": 10,
    "symbol": "(",
    "color": "brown",
    "name": {
      "str": "红莱德BB枪"
    },
    "description": "非常受孩子们喜欢的一把BB枪。尽管它相当得精确，但是BB弹也不会造成任何伤害。Red Ryder本身的表现要比大多数同类都要好。",
    "price": "80 USD",
    "material": [
      "aluminum",
      "wood"
    ],
    "flags": "NEVER_JAMS",
    "skill": "rifle",
    "ammo": [
      "BB"
    ],
    "weight": "1723 g",
    "volume": "1500 ml",
    "bashing": 9,
    "looks_like": "bbgun",
    "to_hit": 1,
    "range": 12,
    "ranged_damage": {
      "damage_type": "stab",
      "amount": 4
    },
    "dispersion": 150,
    "durability": 7,
    "clip_size": 150,
    "reload": 50,
    "valid_mod_locations": [
      [
        "accessories",
        4
      ],
      [
        "sights",
        1
      ],
      [
        "stock",
        1
      ],
      [
        "sling",
        1
      ]
    ],
    "pocket_data": [
      {
        "pocket_type": "MAGAZINE",
        "ammo_restriction": {
          "BB": 150
        }
      }
    ]
  },
  {
    "id": "redryderle",
    "type": "GUN",
    "reload_noise_volume": 10,
    "symbol": "(",
    "color": "brown",
    "name": {
      "str": "红莱德乐BB枪"
    },
    "description": "非常受孩子们喜欢的一把BB枪。尽管它相当得精确，但是BB弹也不会造成任何伤害。Red Ryder本身的表现要比大多数同类都要好。这一特殊型号由一个罗盘在枪托上，并且有几处小的修改。",
    "price": "160 USD",
    "material": [
      "aluminum",
      "wood"
    ],
    "flags": "NEVER_JAMS",
    "skill": "rifle",
    "ammo": [
      "BB"
    ],
    "weight": "1723 g",
    "volume": "1500 ml",
    "bashing": 9,
    "looks_like": "bbgun",
    "to_hit": 1,
    "range": 12,
    "ranged_damage": {
      "damage_type": "stab",
      "amount": 35
    },
    "dispersion": 150,
    "durability": 7,
    "clip_size": 300,
    "reload": 50,
    "valid_mod_locations": [
      [
        "accessories",
        4
      ],
      [
        "sights",
        1
      ],
      [
        "stock",
        1
      ],
      [
        "grip",
        1
      ],
      [
        "rail",
        1
      ],
      [
        "sling",
        1
      ],
      [
        "mechanism",
        4
      ],
      [
        "underbarrel",
        1
      ],
      [
        "barrel",
        1
      ],
      [
        "bore",
        1
      ],
      [
        "muzzle",
        1
      ]
    ],
    "pocket_data": [
      {
        "pocket_type": "MAGAZINE",
        "ammo_restriction": {
          "BB": 300
        }
      }
    ]
  }
]