[
  {
    "id": "widowmaker",
    "copy-from": "shotgun_s",
    "type": "GUN",
    "name": {
      "str": "温彻斯特寡妇"
    },
    "description": "温彻斯特寡妇制造者双管12口径猎枪。有桃花心木柄的短枪",
    "clip_size": 2,
    "modes": [
      [
        "DEFAULT",
        "single",
        1
      ],
      [
        "DOUBLE",
        "double",
        2
      ]
    ],
    "relative": {
      "weight": "400 g",
      "volume": "250 ml",
      "price": 6000
    }
  },
  {
    "id": "20ga_singleshot",
    "copy-from": "shotgun_s",
    "type": "GUN",
    "name": {
      "str": "单管猎枪"
    },
    "description": "一把旧猎枪，可能是古董。它只不过是一个枪管、一根木头和一个敲击枪弹的锤子。它的简单设计使它既轻又准确。",
    "weight": "5216 g",
    "volume": "2 L",
    "price": "400 USD",
    "to_hit": -1,
    "bashing": 12,
    "material": [
      "steel",
      "wood"
    ],
    "dispersion": 405,
    "durability": 9,
    "ammo": [
      "20ga"
    ],
    "clip_size": 1,
    "barrel_volume": "1000 ml",
    "valid_mod_locations": [
      [
        "accessories",
        4
      ],
      [
        "barrel",
        1
      ],
      [
        "bore",
        1
      ],
      [
        "muzzle",
        1
      ],
      [
        "sling",
        1
      ],
      [
        "sights",
        1
      ],
      [
        "stock",
        1
      ]
    ],
    "flags": [
      "RELOAD_ONE",
      "NEVER_JAMS",
      "RELOAD_EJECT"
    ],
    "pocket_data": [
      {
        "pocket_type": "MAGAZINE",
        "rigid": true,
        "ammo_restriction": {
          "20ga": 1
        }
      }
    ]
  },
  {
    "id": "caravan_shotgun",
    "copy-from": "shotgun_s",
    "type": "GUN",
    "name": {
      "str": "大篷车猎枪"
    },
    "description": "一把上下排列枪管的双管霰弹枪，在射击运动员、商队公司甚至猎人中很受欢迎。它使用较弱的20GA射击，使射击者能够更好地控制",
    "durability": 9,
    "ammo": [
      "20ga"
    ],
    "clip_size": 2,
    "modes": [
      [
        "DEFAULT",
        "single",
        1
      ],
      [
        "DOUBLE",
        "double",
        2
      ]
    ],
    "relative": {
      "weight": "400 g",
      "volume": "250 ml",
      "price": 6000
    },
    "pocket_data": [
      {
        "pocket_type": "MAGAZINE",
        "rigid": true,
        "ammo_restriction": {
          "20ga": 2
        }
      }
    ]
  },
  {
    "id": "caravan_shotgun_sturdy",
    "copy-from": "shotgun_s",
    "type": "GUN",
    "name": {
      "str": "坚固的大篷车猎枪"
    },
    "description": "一把上下排列枪管的双管霰弹枪，在射击运动员、商队公司甚至猎人中很受欢迎。它使用较弱的20GA射击，使射击者能够更好地控制。这种特别的美似乎经过了额精心的翻新。",
    "durability": 10,
    "ammo": [
      "20ga"
    ],
    "clip_size": 2,
    "modes": [
      [
        "DEFAULT",
        "single",
        1
      ],
      [
        "DOUBLE",
        "double",
        2
      ]
    ],
    "relative": {
      "weight": "200 g",
      "volume": "250 ml",
      "price": 12000
    },
    "pocket_data": [
      {
        "pocket_type": "MAGAZINE",
        "rigid": true,
        "ammo_restriction": {
          "20ga": 2
        }
      }
    ]
  },
  {
    "id": "citykiller",
    "copy-from": "shotgun_base",
    "type": "GUN",
    "name": {
      "str": "温彻斯特市杀手",
      "str_pl": "温彻斯特市杀手"
    },
    "description": "温彻斯特“城市杀手”12号口径战斗霰弹枪，牛头犬变种。它有可选的沙漠战场密封性修改以增加额外的可靠性。",
    "weight": "3820 g",
    "volume": "2500 ml",
    "price": "1699 USD",
    "to_hit": -1,
    "bashing": 12,
    "looks_like": "rm20",
    "material": [
      "steel",
      "plastic"
    ],
    "ranged_damage": {
      "damage_type": "stab",
      "amount": 4
    },
    "dispersion": 345,
    "durability": 9,
    "burst": 3,
    "pocket_data": [
      {
        "pocket_type": "MAGAZINE_WELL",
        "holster": true,
        "max_contains_volume": "20 L",
        "magazine_well": "250 ml",
        "max_contains_weight": "20 kg",
        "item_restriction": [
          "citykillermag"
        ]
      }
    ],
    "flags": [
      "NEVER_JAMS"
    ]
  }
]