[
  {
    "id": "ak112",
    "type": "GUN",
    "reload_noise_volume": 10,
    "name": {
      "str": "AK-112型"
    },
    "description": "AK-1125mm突击步枪。一个旧的军用模型，在大灾难发生的时候就不用了。使用高速5毫米子弹，可以发射单发或爆炸。",
    "weight": "2710 g",
    "volume": "1750 ml",
    "price": "2900 USD",
    "to_hit": -1,
    "bashing": 12,
    "looks_like": "ak47",
    "material": [
      "steel",
      "wood"
    ],
    "symbol": "(",
    "color": "brown",
    "ammo": [
      "5mm"
    ],
    "skill": "rifle",
    "dispersion": 180,
    "durability": 3,
    "burst": 8,
    "barrel_volume": "250 ml",
    "valid_mod_locations": [
      [
        "accessories",
        4
      ],
      [
        "barrel",
        1
      ],
      [
        "bore",
        1
      ],
      [
        "grip",
        1
      ],
      [
        "sling",
        1
      ],
      [
        "mechanism",
        4
      ],
      [
        "muzzle",
        1
      ],
      [
        "rail",
        1
      ],
      [
        "sights",
        1
      ],
      [
        "stock",
        1
      ],
      [
        "underbarrel",
        1
      ]
    ],
    "pocket_data": [
      {
        "pocket_type": "MAGAZINE_WELL",
        "holster": true,
        "max_contains_volume": "20 L",
        "magazine_well": "250 ml",
        "max_contains_weight": "20 kg",
        "item_restriction": [
          "5mmmag",
          "5mmlargemag",
          "5mmdrummag",
          "5mmminigunmag"
        ]
      }
    ],
    "flags": [
      "NEVER_JAMS"
    ]
  },
  {
    "id": "carbine_assault",
    "type": "GUN",
    "reload_noise_volume": 10,
    "name": {
      "str": "喷枪滑道AC-5"
    },
    "description": "跑枪的AC-5是他们的MC-223的姐妹，是一种供伞兵使用的卡宾枪。虽然MC-223的重点是精确射击，AC-5的重点是纯火力。",
    "weight": "2710 g",
    "volume": "1750 ml",
    "price": "2900 USD",
    "to_hit": -1,
    "bashing": 12,
    "looks_like": "ar15",
    "material": [
      "steel",
      "wood"
    ],
    "symbol": "(",
    "color": "brown",
    "ammo": [
      "5mm"
    ],
    "skill": "rifle",
    "dispersion": 180,
    "durability": 9,
    "burst": 5,
    "barrel_volume": "250 ml",
    "valid_mod_locations": [
      [
        "accessories",
        4
      ],
      [
        "barrel",
        1
      ],
      [
        "bore",
        1
      ],
      [
        "grip",
        1
      ],
      [
        "sling",
        1
      ],
      [
        "mechanism",
        4
      ],
      [
        "muzzle",
        1
      ],
      [
        "rail",
        1
      ],
      [
        "sights",
        1
      ],
      [
        "stock",
        1
      ],
      [
        "underbarrel",
        1
      ]
    ],
    "pocket_data": [
      {
        "pocket_type": "MAGAZINE_WELL",
        "holster": true,
        "max_contains_volume": "20 L",
        "magazine_well": "250 ml",
        "max_contains_weight": "20 kg",
        "item_restriction": [
          "5mmmag",
          "5mmlargemag",
          "5mmdrummag",
          "5mmminigunmag"
        ]
      }
    ],
    "flags": [
      "NEVER_JAMS"
    ]
  }
]