[
  {
    "id": "vindicator",
    "type": "GUN",
    "reload_noise_volume": 10,
    "name": {
      "str": "平定者转轮机枪"
    },
    "description": "德国莱茵金属股份公司创造了终极微型枪。维权者每分钟向其6个碳聚合物桶投掷9万多枚无壳炮弹。作为日耳曼工程技术的巅峰，它是终极的手持式武器。",
    "weight": "19500 g",
    "volume": "6 L",
    "price": "550000 USD",
    "to_hit": -4,
    "bashing": 18,
    "looks_like": "m134",
    "material": [
      "hardsteel"
    ],
    "symbol": "(",
    "color": "dark_gray",
    "ammo": [
      "47mm"
    ],
    "skill": "rifle",
    "ranged_damage": {
      "damage_type": "stab",
      "amount": 1
    },
    "dispersion": 200,
    "durability": 9,
    "valid_mod_locations": [
      [
        "accessories",
        4
      ],
      [
        "grip",
        1
      ],
      [
        "mechanism",
        4
      ],
      [
        "sights",
        1
      ]
    ],
    "reload": 400,
    "modes": [
      [
        "DEFAULT",
        "low auto",
        50
      ],
      [
        "AUTO",
        "high auto",
        100
      ]
    ],
    "pocket_data": [
      {
        "pocket_type": "MAGAZINE_WELL",
        "holster": true,
        "max_contains_volume": "20 L",
        "magazine_well": "250 ml",
        "max_contains_weight": "20 kg",
        "item_restriction": [
          "47mmminigunmag"
        ]
      }
    ],
    "flags": [
      "NEVER_JAMS",
      "MOUNTED_GUN"
    ]
  },
  {
    "id": "cz53minigun",
    "type": "GUN",
    "reload_noise_volume": 10,
    "name": {
      "str": "罗克韦尔CZ53"
    },
    "description": "罗克韦尔CZ53加特林机枪。一种以60000转/分的速度发射5mm弹药的多管转轮枪。旋转不需要动力。",
    "weight": "19500 g",
    "volume": "6 L",
    "price": "550000 USD",
    "to_hit": -4,
    "bashing": 18,
    "looks_like": "m134",
    "material": [
      "hardsteel"
    ],
    "symbol": "(",
    "color": "green",
    "ammo": [
      "5mm"
    ],
    "skill": "rifle",
    "ranged_damage": {
      "damage_type": "stab",
      "amount": -1
    },
    "dispersion": 200,
    "durability": 9,
    "valid_mod_locations": [
      [
        "accessories",
        4
      ],
      [
        "grip",
        1
      ],
      [
        "mechanism",
        4
      ],
      [
        "sights",
        1
      ]
    ],
    "reload": 400,
    "modes": [
      [
        "DEFAULT",
        "low auto",
        25
      ],
      [
        "AUTO",
        "high auto",
        50
      ]
    ],
    "pocket_data": [
      {
        "pocket_type": "MAGAZINE_WELL",
        "holster": true,
        "max_contains_volume": "20 L",
        "magazine_well": "250 ml",
        "max_contains_weight": "20 kg",
        "item_restriction": [
          "5mmminigunmag"
        ]
      }
    ],
    "flags": [
      "NEVER_JAMS",
      "MOUNTED_GUN"
    ]
  },
  {
    "id": "avenger",
    "type": "GUN",
    "reload_noise_volume": 10,
    "name": {
      "str": "复仇者转轮机枪"
    },
    "description": "罗克韦尔设计了复仇者作为他们老化的CZ53个人微型枪的替代品。复仇者的设计改进包括改进，凝胶翅，冷却和镀铬桶孔。这使得它的射程和杀伤力更大。它的旋转速度非常快，所以需要能量来发射。",
    "weight": "19500 g",
    "volume": "6 L",
    "price": "550000 USD",
    "to_hit": -4,
    "bashing": 18,
    "looks_like": "m134",
    "material": [
      "hardsteel"
    ],
    "symbol": "(",
    "color": "green",
    "ammo": [
      "5mm"
    ],
    "skill": "rifle",
    "ranged_damage": {
      "damage_type": "stab",
      "amount": 5
    },
    "dispersion": 200,
    "durability": 9,
    "valid_mod_locations": [
      [
        "accessories",
        4
      ],
      [
        "grip",
        1
      ],
      [
        "mechanism",
        4
      ],
      [
        "sights",
        1
      ]
    ],
    "reload": 400,
    "modes": [
      [
        "DEFAULT",
        "low auto",
        50
      ],
      [
        "AUTO",
        "high auto",
        100
      ]
    ],
    "pocket_data": [
      {
        "pocket_type": "MAGAZINE_WELL",
        "holster": true,
        "max_contains_volume": "20 L",
        "magazine_well": "250 ml",
        "max_contains_weight": "20 kg",
        "item_restriction": [
          "5mmminigunmag"
        ]
      }
    ],
    "flags": [
      "NEVER_JAMS",
      "MOUNTED_GUN"
    ]
  },
  {
    "id": "l30",
    "type": "GUN",
    "reload_noise_volume": 10,
    "name": {
      "str": "L30转管激光器"
    },
    "description": "H&kl30转管激光器。专为军事用途而设计，这些都是在大灾变之初的原型阶段。多个枪管允许在过热前进行更长时间的射击。由微融合细胞或UPS供电。",
    "weight": "9500 g",
    "volume": "4500 ml",
    "price": "7500 USD",
    "to_hit": -1,
    "bashing": 8,
    "looks_like": "m134",
    "material": [
      "steel",
      "plastic"
    ],
    "symbol": "(",
    "color": "light_gray",
    "skill": "rifle",
    "range": 30,
    "ranged_damage": {
      "damage_type": "stab",
      "amount": 150,
      "armor_penetration": 100
    },
    "sight_dispersion": 150,
    "durability": 8,
    "ups_charges": 10,
    "valid_mod_locations": [
      [
        "accessories",
        4
      ],
      [
        "grip",
        1
      ],
      [
        "mechanism",
        4
      ],
      [
        "sights",
        1
      ]
    ],
    "modes": [
      [
        "DEFAULT",
        "low auto",
        10
      ],
      [
        "AUTO",
        "high auto",
        25
      ]
    ],
    "ammo_effects": [
      "LASER"
    ],
    "flags": [
      "NEVER_JAMS",
      "NO_UNLOAD",
      "MOUNTED_GUN"
    ]
  },
  {
    "id": "grenademg",
    "copy-from": "launcher_base",
    "looks_like": "m79",
    "type": "GUN",
    "name": {
      "str": "手榴弹机枪"
    },
    "description": "一种实验性的战前武器，以几乎闻所未闻的速度发射手榴弹。非常危险。",
    "weight": "35200 g",
    "volume": "4 L",
    "price": "16500 USD",
    "to_hit": -1,
    "bashing": 14,
    "material": [
      "steel"
    ],
    "ammo": [
      "25mm"
    ],
    "range": 30,
    "ranged_damage": {
      "damage_type": "stab",
      "amount": 1
    },
    "dispersion": 180,
    "durability": 8,
    "valid_mod_locations": [
      [
        "accessories",
        4
      ],
      [
        "grip",
        1
      ],
      [
        "mechanism",
        4
      ],
      [
        "sights",
        1
      ]
    ],
    "reload": 400,
    "modes": [
      [
        "DEFAULT",
        "low auto",
        3
      ],
      [
        "AUTO",
        "high auto",
        10,
        "NPC_AVOID"
      ]
    ],
    "pocket_data": [
      {
        "pocket_type": "MAGAZINE_WELL",
        "holster": true,
        "max_contains_volume": "225 L",
        "magazine_well": "250 ml",
        "max_contains_weight": "630 kg",
        "item_restriction": [
          "25mmdrummag",
          "25mmdrummagxl"
        ]
      }
    ],
    "flags": [
      "MOUNTED_GUN"
    ]
  },
  {
    "id": "25mmapw",
    "copy-from": "launcher_base",
    "looks_like": "m79",
    "type": "GUN",
    "name": {
      "str": "25mm APW半自动榴弹发射器"
    },
    "description": "一种6发 25mm 榴弹发射器，由军火贩子制造。",
    "weight": "2100 g",
    "volume": "750 ml",
    "price": "8500 USD",
    "to_hit": -3,
    "bashing": 6,
    "material": [
      "steel"
    ],
    "symbol": "(",
    "ammo": [
      "25mm"
    ],
    "dispersion": 270,
    "durability": 9,
    "clip_size": 6,
    "reload": 150,
    "pocket_data": [
      {
        "pocket_type": "MAGAZINE_WELL",
        "holster": true,
        "max_contains_volume": "225 L",
        "magazine_well": "250 ml",
        "max_contains_weight": "630 kg",
        "item_restriction": [
          "25mmdrummag",
          "25mmdrummagxl"
        ]
      }
    ]
  },
  {
    "id": "broadsider",
    "looks_like": "m79",
    "type": "GUN",
    "reload_noise_volume": 10,
    "symbol": "(",
    "color": "dark_gray",
    "name": {
      "str": "宽泛的",
      "str_pl": "广泛的"
    },
    "description": "一个回收的海军旋转枪，重新设计成武器，你可以携带，即使你可能更喜欢安装它。它已经用一个特殊的管子进行了修改，使它在重新装弹前能装三发子弹。在大灾变之前，它只不过是一个古董化的噱头而已。它有一个特殊的机制，可以让你快速连续发射三发子弹",
    "price": "29000 USD",
    "material": [
      "steel"
    ],
    "flags": [
      "MOUNTED_GUN",
      "NEVER_JAMS"
    ],
    "skill": "launcher",
    "ammo": [
      "cannonball"
    ],
    "weight": "5220 g",
    "volume": "6 L",
    "bashing": 12,
    "to_hit": -3,
    "dispersion": 300,
    "durability": 7,
    "burst": 3,
    "clip_size": 3,
    "reload": 1200,
    "loudness": 400,
    "valid_mod_locations": [
      [
        "accessories",
        4
      ],
      [
        "grip",
        1
      ],
      [
        "mechanism",
        4
      ],
      [
        "sights",
        1
      ]
    ],
    "pocket_data": [
      {
        "pocket_type": "MAGAZINE",
        "rigid": true,
        "ammo_restriction": {
          "cannonball": 3
        }
      }
    ]
  },
  {
    "id": "rockwell_bigbazooka",
    "looks_like": "atgm",
    "type": "GUN",
    "reload_noise_volume": 10,
    "symbol": "(",
    "color": "dark_gray",
    "name": {
      "str": "罗克韦尔大火箭筒",
      "str_pl": "罗克韦尔大火箭筒"
    },
    "description": "罗克韦尔大火箭筒火箭发射器，豪华3磅。触发。发射大火箭",
    "price": "29000 USD",
    "material": [
      "steel"
    ],
    "flags": [
      "MODE_BURST",
      "BACKBLAST",
      "NEVER_JAMS"
    ],
    "skill": "launcher",
    "ammo": [
      "bbrocket"
    ],
    "weight": "5220 g",
    "volume": "6 L",
    "bashing": 12,
    "to_hit": -3,
    "dispersion": 300,
    "durability": 7,
    "clip_size": 1,
    "reload": 600,
    "loudness": 200,
    "valid_mod_locations": [
      [
        "accessories",
        4
      ],
      [
        "grip",
        1
      ],
      [
        "mechanism",
        4
      ],
      [
        "sights",
        1
      ]
    ],
    "pocket_data": [
      {
        "pocket_type": "MAGAZINE",
        "rigid": true,
        "ammo_restriction": {
          "bbrocket": 1
        }
      }
    ]
  },
  {
    "id": "amr50",
    "copy-from": "rifle_base",
    "looks_like": "ar15",
    "type": "GUN",
    "name": {
      "str": "炮手AMR-50",
      "str_pl": "炮手AMR-50"
    },
    "description": "在PGM Hecate II的轰击下，这个小家伙是最重的击球手之一，也是最畅销的，在跑枪的兵工厂里。",
    "weight": "12602 g",
    "volume": "3500 ml",
    "price": "14833 USD",
    "to_hit": -1,
    "bashing": 12,
    "material": [
      "steel"
    ],
    "ammo": [
      "50"
    ],
    "range": 100,
    "ranged_damage": {
      "damage_type": "stab",
      "amount": 5
    },
    "dispersion": 110,
    "durability": 10,
    "barrel_volume": "1500 ml",
    "default_mods": [
      "bipod",
      "rifle_scope",
      "muzzle_brake"
    ],
    "pocket_data": [
      {
        "pocket_type": "MAGAZINE_WELL",
        "holster": true,
        "max_contains_volume": "20 L",
        "magazine_well": "250 ml",
        "max_contains_weight": "20 kg",
        "item_restriction": [
          "amr50mag"
        ]
      }
    ],
    "flags": [
      "NEVER_JAMS"
    ]
  },
  {
    "id": "70mm_autocannon",
    "looks_like": "m79",
    "type": "GUN",
    "reload_noise_volume": 10,
    "symbol": "(",
    "color": "dark_gray",
    "name": {
      "str": "70mm 泡式机炮"
    },
    "description": "一架70mm气泡式自动机炮，通常安装在步兵战车的两侧，使其具有独特的“胡须”",
    "price": "28000 USD",
    "material": [
      "hardsteel"
    ],
    "flags": [
      "NO_RELOAD",
      "MOUNTED_GUN"
    ],
    "skill": "launcher",
    "ammo": [
      "70mm"
    ],
    "weight": "200 kg",
    "volume": "7500 ml",
    "bashing": 12,
    "to_hit": -1,
    "dispersion": 0,
    "sight_dispersion": 10,
    "durability": 8,
    "modes": [
      [
        "DEFAULT",
        "semi-auto",
        1
      ],
      [
        "AUTO",
        "auto",
        5
      ]
    ],
    "reload": 700,
    "loudness": 175,
    "pocket_data": [
      {
        "pocket_type": "MAGAZINE_WELL",
        "holster": true,
        "max_contains_volume": "750 L",
        "magazine_well": "250 ml",
        "max_contains_weight": "120 kg",
        "item_restriction": [
          "belt70mm"
        ]
      }
    ]
  },
  {
    "id": "tank_gun_dual",
    "looks_like": "m79",
    "type": "GUN",
    "symbol": "(",
    "color": "green",
    "name": {
      "str": "140mm 双管坦克炮"
    },
    "description": "两门140毫米炮从一个坦克，双4轮自动装弹机。显然它需要装在车上才能开火。",
    "price": "910000 USD",
    "material": [
      "hardsteel"
    ],
    "skill": "launcher",
    "ammo": [
      "140mm"
    ],
    "weight": "3300 kg",
    "volume": "10 L",
    "bashing": 12,
    "to_hit": -6,
    "range": 50,
    "dispersion": 20,
    "sight_dispersion": 10,
    "durability": 9,
    "clip_size": 8,
    "reload": 1500,
    "loudness": 300,
    "pocket_data": [
      {
        "pocket_type": "MAGAZINE",
        "rigid": true,
        "ammo_restriction": {
          "140mm": 8
        }
      }
    ],
    "flags": [
      "NO_RELOAD",
      "MOUNTED_GUN"
    ]
  },
  {
    "id": "tank_gun_105",
    "looks_like": "m79",
    "type": "GUN",
    "symbol": "(",
    "color": "green",
    "name": {
      "str": "105mm 坦克炮"
    },
    "description": "步兵战车上的105毫米加农炮。显然它需要装在车上才能开火。",
    "price": "900000 USD",
    "material": [
      "hardsteel"
    ],
    "flags": [
      "NEVER_JAMS",
      "NO_RELOAD",
      "MOUNTED_GUN"
    ],
    "skill": "launcher",
    "ammo": [
      "105mm"
    ],
    "weight": "3000 kg",
    "volume": "8750 ml",
    "bashing": 12,
    "to_hit": -6,
    "range": 40,
    "dispersion": 20,
    "sight_dispersion": 10,
    "durability": 9,
    "clip_size": 1,
    "reload": 1400,
    "loudness": 300,
    "pocket_data": [
      {
        "pocket_type": "MAGAZINE",
        "rigid": true,
        "ammo_restriction": {
          "105mm": 1
        }
      }
    ]
  }
]