[
  {
    "id": "greasegun",
    "type": "GUN",
    "reload_noise_volume": 10,
    "name": {
      "str": "M3A1“黄油枪”冲锋枪"
    },
    "description": "这把冲锋枪在军队用新武器替换后装满了国民警卫队的军火库。然而，这种“油枪”制造起来既简单又便宜，所以仍有相当多的油枪在使用。",
    "weight": "2945 g",
    "volume": "1750 ml",
    "price": "400 USD",
    "bashing": 10,
    "material": [
      "steel"
    ],
    "symbol": "[",
    "color": "dark_gray",
    "looks_like": "sten",
    "ammo": [
      "45",
      "9mm"
    ],
    "skill": "smg",
    "ranged_damage": {
      "damage_type": "stab",
      "amount": 1
    },
    "dispersion": 360,
    "durability": 5,
    "burst": 10,
    "valid_mod_locations": [
      [
        "accessories",
        2
      ],
      [
        "muzzle",
        1
      ],
      [
        "stock",
        1
      ],
      [
        "sling",
        1
      ],
      [
        "grip",
        1
      ]
    ],
    "pocket_data": [
      {
        "pocket_type": "MAGAZINE_WELL",
        "holster": true,
        "max_contains_volume": "20 L",
        "magazine_well": "250 ml",
        "max_contains_weight": "20 kg",
        "item_restriction": [
          "stenmag",
          "survivor9mm_mag",
          "mac10mag"
        ]
      }
    ]
  },
  {
    "id": "tommygun_silver",
    "type": "GUN",
    "reload_noise_volume": 10,
    "name": {
      "str": "银冲锋枪"
    },
    "description": "银衣怪客——一个虎不理漫画旗下角色——所使用的汤米枪的复制品。一个旧的黑帮经典的现代改版，你不能把你的手指放在上面，但感觉更好",
    "weight": "4630 g",
    "looks_like": "tommygun",
    "volume": "2 L",
    "price": "4500 USD",
    "to_hit": -2,
    "bashing": 10,
    "material": [
      "silver",
      "wood"
    ],
    "symbol": "(",
    "color": "white",
    "ammo": [
      "45",
      "9mm"
    ],
    "skill": "smg",
    "ranged_damage": {
      "damage_type": "stab",
      "amount": 8
    },
    "dispersion": 180,
    "durability": 10,
    "burst": 10,
    "barrel_volume": "500 ml",
    "valid_mod_locations": [
      [
        "accessories",
        3
      ],
      [
        "barrel",
        1
      ],
      [
        "bore",
        1
      ],
      [
        "grip",
        1
      ],
      [
        "mechanism",
        4
      ],
      [
        "muzzle",
        1
      ],
      [
        "rail",
        1
      ],
      [
        "sights",
        1
      ],
      [
        "stock",
        1
      ],
      [
        "sling",
        1
      ],
      [
        "underbarrel",
        1
      ]
    ],
    "pocket_data": [
      {
        "pocket_type": "MAGAZINE_WELL",
        "holster": true,
        "max_contains_volume": "20 L",
        "magazine_well": "250 ml",
        "max_contains_weight": "20 kg",
        "item_restriction": [
          "stenmag",
          "survivor9mm_mag",
          "thompson_mag",
          "thompson_bigmag",
          "thompson_drum",
          "thompson_drum_silver"
        ]
      }
    ]
  }
]