[
  {
    "id": "22_pistol",
    "type": "GUN",
    "reload_noise_volume": 10,
    "name": {
      "str": ".22微声手枪",
      "str_pl": ".22微声手枪"
    },
    "description": "一种流行的，小型的，带集成消音器的.22手枪。刺客常用的。",
    "weight": "640 g",
    "volume": "250 ml",
    "price": "360 USD",
    "to_hit": -2,
    "bashing": 9,
    "material": [
      "aluminum",
      "steel",
      "plastic"
    ],
    "symbol": "(",
    "color": "dark_gray",
    "ammo": [
      "22"
    ],
    "skill": "pistol",
    "ranged_damage": {
      "damage_type": "stab",
      "amount": -1
    },
    "dispersion": 480,
    "durability": 8,
    "built_in_mods": [
      "barrel_22"
    ],
    "valid_mod_locations": [
      [
        "accessories",
        2
      ],
      [
        "barrel",
        1
      ],
      [
        "bore",
        1
      ],
      [
        "grip",
        1
      ],
      [
        "mechanism",
        4
      ],
      [
        "muzzle",
        1
      ],
      [
        "rail",
        1
      ],
      [
        "sights",
        1
      ],
      [
        "stock",
        1
      ],
      [
        "underbarrel",
        1
      ]
    ],
    "pocket_data": [
      {
        "pocket_type": "MAGAZINE_WELL",
        "holster": true,
        "max_contains_volume": "20 L",
        "magazine_well": "250 ml",
        "max_contains_weight": "20 kg",
        "item_restriction": [
          "mosquitomag"
        ]
      }
    ]
  },
  {
    "id": "22_smg",
    "looks_like": "hk_mp5",
    "type": "GUN",
    "reload_noise_volume": 10,
    "name": {
      "str": "枪滑道A-180A2",
      "str_pl": "枪滑道A-180A2"
    },
    "description": "一架美国-180，由跑枪者重新设计和改装。枪管有一个内部消音器。",
    "weight": "2600 g",
    "volume": "1250 ml",
    "price": "1630 USD",
    "to_hit": -2,
    "bashing": 11,
    "material": [
      "steel"
    ],
    "symbol": "(",
    "color": "light_gray",
    "ammo": [
      "22"
    ],
    "skill": "smg",
    "ranged_damage": {
      "damage_type": "stab",
      "amount": 4
    },
    "dispersion": 280,
    "durability": 6,
    "min_cycle_recoil": 39,
    "modes": [
      [
        "DEFAULT",
        "semi-auto",
        1
      ],
      [
        "AUTO",
        "auto",
        6
      ]
    ],
    "barrel_volume": "250 ml",
    "valid_mod_locations": [
      [
        "accessories",
        3
      ],
      [
        "barrel",
        1
      ],
      [
        "bore",
        1
      ],
      [
        "brass catcher",
        1
      ],
      [
        "grip",
        1
      ],
      [
        "mechanism",
        4
      ],
      [
        "muzzle",
        1
      ],
      [
        "rail",
        1
      ],
      [
        "sights",
        1
      ],
      [
        "sling",
        1
      ],
      [
        "stock",
        1
      ],
      [
        "underbarrel",
        1
      ]
    ],
    "built_in_mods": [
      "barrel_22"
    ],
    "faults": [
      "fault_gun_blackpowder",
      "fault_gun_dirt",
      "fault_gun_chamber_spent"
    ],
    "pocket_data": [
      {
        "pocket_type": "MAGAZINE_WELL",
        "holster": true,
        "max_contains_volume": "20 L",
        "magazine_well": "250 ml",
        "max_contains_weight": "20 kg",
        "item_restriction": [
          "a180mag"
        ]
      }
    ]
  }
]