[
  {
    "id": "mauser_9mm",
    "copy-from": "pistol_base",
    "type": "GUN",
    "name": {
      "str": "9mm 毛瑟枪"
    },
    "description": "一把毛瑟 M/96 驳壳枪，使用9x19mm鲁格弹。状况良好。即使她已经是旧世界的遗物，但还是保持着极高的精确性。",
    "weight": "595 g",
    "volume": "500 ml",
    "price": "690 USD",
    "to_hit": -2,
    "bashing": 8,
    "material": [
      "plastic",
      "steel"
    ],
    "color": "dark_gray",
    "ammo": [
      "9mm"
    ],
    "ranged_damage": {
      "damage_type": "stab",
      "amount": -2
    },
    "dispersion": 240,
    "durability": 8,
    "clip_size": 7,
    "pocket_data": [
      {
        "pocket_type": "MAGAZINE_WELL",
        "holster": true,
        "max_contains_volume": "20 L",
        "magazine_well": "250 ml",
        "max_contains_weight": "20 kg",
        "item_restriction": [
          "p38mag",
          "ppq9mag_10rd",
          "ppq9mag_15rd"
        ]
      }
    ],
    "flags": [
      "NEVER_JAMS"
    ]
  }
]