[
  {
    "id": "bot_protectron_inactive",
    "type": "TOOL",
    "name": {
      "str": "未激活的保卫机器人"
    },
    "description": "这是一个不活跃的protectron。使用此项重新编程并激活protectron。如果成功了，你会有一个终生的朋友。",
    "weight": "5400 g",
    "volume": "750 ml",
    "price": "600 USD",
    "to_hit": -3,
    "bashing": 6,
    "cutting": 6,
    "material": [
      "aluminum",
      "plastic"
    ],
    "symbol": ",",
    "color": "light_gray",
    "use_action": {
      "type": "place_monster",
      "monster_id": "mon_protectron",
      "friendly_msg": "The protectron gets up and salutes you with it's little robotic arm!",
      "hostile_msg": "You misprogram the protectron; it's hostile!",
      "difficulty": 2,
      "moves": 60,
      "place_randomly": true,
      "skills": [
        "electronics",
        "computer"
      ]
    }
  },
  {
    "id": "bot_protectron_construction_inactive",
    "type": "TOOL",
    "name": {
      "str": "非活性建筑保护剂"
    },
    "description": "这是一个非活动的建筑防护罩。使用此项重新编程并激活protectron。如果成功了，你会有一个终生的朋友。",
    "weight": "5400 g",
    "volume": "750 ml",
    "price": "600 USD",
    "to_hit": -3,
    "bashing": 6,
    "cutting": 6,
    "material": [
      "aluminum",
      "plastic"
    ],
    "symbol": ",",
    "color": "yellow",
    "use_action": {
      "type": "place_monster",
      "monster_id": "mon_protectron_construction",
      "friendly_msg": "The protectron gets up and salutes you with it's little robotic arm!",
      "moves": 60,
      "place_randomly": true
    }
  },
  {
    "id": "bot_protectron_fire_inactive",
    "type": "TOOL",
    "name": {
      "str": "灭火器"
    },
    "description": "这是一个无效的消防装置。使用此项重新编程并激活protectron。如果成功了，你会有一个终生的朋友。",
    "weight": "5400 g",
    "volume": "750 ml",
    "price": "600 USD",
    "to_hit": -3,
    "bashing": 6,
    "cutting": 6,
    "material": [
      "aluminum",
      "plastic"
    ],
    "symbol": ",",
    "color": "red",
    "use_action": {
      "type": "place_monster",
      "monster_id": "mon_protectron_fire",
      "friendly_msg": "The protectron gets up and salutes you with it's little robotic arm!",
      "moves": 60,
      "place_randomly": true
    }
  },
  {
    "id": "bot_protectron_wattz_inactive",
    "type": "TOOL",
    "name": {
      "str": "未激活的保卫机器人"
    },
    "description": "这是一个不活动的瓦茨保卫机器人。使用此物品会尝试重新编程并激活保卫机器人。如果成功了，你会有一个终生的朋友。",
    "weight": "5400 g",
    "volume": "750 ml",
    "price": "600 USD",
    "to_hit": -3,
    "bashing": 6,
    "cutting": 6,
    "material": [
      "aluminum",
      "plastic"
    ],
    "symbol": ",",
    "color": "light_gray",
    "use_action": {
      "type": "place_monster",
      "monster_id": "mon_protectron",
      "friendly_msg": "The protectron gets up and salutes you with it's little robotic arm!",
      "hostile_msg": "You misprogram the protectron; it's hostile!",
      "difficulty": 2,
      "moves": 60,
      "place_randomly": true,
      "skills": [
        "electronics",
        "computer"
      ]
    }
  },
  {
    "id": "bot_protectron_takahashi_inactive",
    "type": "TOOL",
    "name": {
      "str": "不活跃的厨师长protectron"
    },
    "description": "这是一个不活跃的protectron。使用此项重新编程并激活protectron。如果成功了，你会有一个终生的朋友。",
    "weight": "5400 g",
    "volume": "750 ml",
    "price": "600 USD",
    "to_hit": -3,
    "bashing": 6,
    "cutting": 6,
    "material": [
      "aluminum",
      "plastic"
    ],
    "symbol": ",",
    "color": "light_gray",
    "use_action": {
      "type": "place_monster",
      "monster_id": "mon_protectron_takahashi",
      "friendly_msg": "The protectron gets up and salutes you with it's little robotic arm!",
      "moves": 60,
      "place_randomly": true
    }
  },
  {
    "id": "bot_protectron_subway_inactive",
    "type": "TOOL",
    "name": {
      "str": "地铁管家"
    },
    "description": "这是一个不活跃的protectron。使用此项重新编程并激活protectron。如果成功了，你会有一个终生的朋友。",
    "weight": "5400 g",
    "volume": "750 ml",
    "price": "600 USD",
    "to_hit": -3,
    "bashing": 6,
    "cutting": 6,
    "material": [
      "aluminum",
      "plastic"
    ],
    "symbol": ",",
    "color": "light_gray",
    "use_action": {
      "type": "place_monster",
      "monster_id": "mon_protectron_takahashi",
      "friendly_msg": "The protectron gets up and salutes you with it's little robotic arm!",
      "hostile_msg": "You misprogram the protectron; it's hostile!",
      "difficulty": 4,
      "moves": 60,
      "place_randomly": true,
      "skills": [
        "electronics",
        "computer"
      ]
    }
  },
  {
    "id": "bot_protectron_fisto_inactive",
    "type": "TOOL",
    "name": {
      "str": "不活跃的protectron？"
    },
    "description": "这是一个不活跃的protectron。使用此项重新编程并激活protectron。如果成功了，你会有一个终生的朋友。",
    "weight": "5400 g",
    "volume": "750 ml",
    "price": "600 USD",
    "to_hit": -3,
    "bashing": 6,
    "cutting": 6,
    "material": [
      "aluminum",
      "plastic"
    ],
    "symbol": ",",
    "color": "light_gray",
    "use_action": {
      "type": "place_monster",
      "monster_id": "mon_protectron_fisto",
      "friendly_msg": "The protectron gets up and salutes you with it's little robotic arm!",
      "moves": 60,
      "place_randomly": true
    }
  },
  {
    "id": "bot_eyebot_enclave_inactive",
    "type": "TOOL",
    "name": {
      "str": "非活动包体眼点"
    },
    "description": "这个眼点看起来可以用。为爱国电台激活它。",
    "weight": "5400 g",
    "volume": "750 ml",
    "price": "600 USD",
    "to_hit": -3,
    "bashing": 6,
    "cutting": 6,
    "material": [
      "aluminum",
      "plastic"
    ],
    "symbol": ",",
    "color": "light_gray",
    "use_action": {
      "type": "place_monster",
      "monster_id": "mon_eyebot_enclave",
      "friendly_msg": "after a short boot sequence, the eyebot stirrs to life and begins its patriotic tunes.",
      "moves": 60,
      "place_randomly": true
    }
  },
  {
    "id": "bot_eyebot_minutemen_inactive",
    "type": "TOOL",
    "name": {
      "str": "不活跃的民兵眼点"
    },
    "description": "这个眼点看起来可以用。打开它，收听自由电台。",
    "weight": "5400 g",
    "volume": "750 ml",
    "price": "600 USD",
    "to_hit": -3,
    "bashing": 6,
    "cutting": 6,
    "material": [
      "aluminum",
      "plastic"
    ],
    "symbol": ",",
    "color": "light_gray",
    "use_action": {
      "type": "place_monster",
      "monster_id": "mon_eyebot_minutemen",
      "friendly_msg": "after a short boot sequence, the eyebot stirrs to life and begins its somber violin music.",
      "moves": 60,
      "place_randomly": true
    }
  },
  {
    "id": "bot_eyebot_mrnewvegas_inactive",
    "type": "TOOL",
    "name": {
      "str": "新维加斯眼点"
    },
    "description": "这个眼点看起来可以用。打开它收听新维加斯电台。",
    "weight": "5400 g",
    "volume": "750 ml",
    "price": "600 USD",
    "to_hit": -3,
    "bashing": 6,
    "cutting": 6,
    "material": [
      "aluminum",
      "plastic"
    ],
    "symbol": ",",
    "color": "light_gray",
    "use_action": {
      "type": "place_monster",
      "monster_id": "mon_eyebot_enclave",
      "friendly_msg": "after a short boot sequence, the eyebot stirrs to life and begins to play Johnny Guitar.",
      "moves": 60,
      "place_randomly": true
    }
  },
  {
    "id": "bot_eyebot_gnr_inactive",
    "type": "TOOL",
    "name": {
      "str": "非活动GNR眼点"
    },
    "description": "这个眼点看起来可以用。把它打开一剂GNR，有三只狗！",
    "weight": "5400 g",
    "volume": "750 ml",
    "price": "600 USD",
    "to_hit": -3,
    "bashing": 6,
    "cutting": 6,
    "material": [
      "aluminum",
      "plastic"
    ],
    "symbol": ",",
    "color": "light_gray",
    "use_action": {
      "type": "place_monster",
      "monster_id": "mon_eyebot_enclave",
      "friendly_msg": "after a short boot sequence, the eyebot stirrs to life and Butcher Pete starts to play.",
      "moves": 60,
      "place_randomly": true
    }
  }
]