[
  {
    "id": "25mmdrummag",
    "type": "MAGAZINE",
    "name": {
      "str": "25mm 榴弹弹鼓"
    },
    "description": "一个30发 25mm 的鼓式弹匣，用于25mm榴弹枪。",
    "weight": "1000 g",
    "volume": "1500 ml",
    "price": "80 USD",
    "material": [
      "steel"
    ],
    "symbol": "#",
    "color": "light_gray",
    "ammo_type": [
      "25mm"
    ],
    "capacity": 30,
    "pocket_data": [
      {
        "pocket_type": "MAGAZINE",
        "rigid": true,
        "ammo_restriction": {
          "25mm": 30
        }
      }
    ],
    "flags": [
      "MAG_COMPACT"
    ]
  },
  {
    "id": "25mmdrummagxl",
    "type": "MAGAZINE",
    "name": {
      "str": "25mm 扩充弹鼓"
    },
    "description": "一个300发的鼓形弹匣，用于25mm榴弹。这玩意可以在装填后把一个小镇夷为平地",
    "weight": "1000 g",
    "volume": "15 L",
    "price": "80 USD",
    "material": [
      "steel"
    ],
    "symbol": "#",
    "color": "light_gray",
    "ammo_type": [
      "25mm"
    ],
    "capacity": 300,
    "pocket_data": [
      {
        "pocket_type": "MAGAZINE",
        "rigid": true,
        "ammo_restriction": {
          "25mm": 300
        }
      }
    ],
    "flags": [
      "MAG_COMPACT"
    ]
  },
  {
    "id": "47mmminigunmag",
    "type": "MAGAZINE",
    "name": {
      "str": "500发 4.7mm 平定者弹盒"
    },
    "description": "一个500发的 4.7mm 子弹盒。当你真的，真的不想停止射击的时候。你可以从今天装弹一直到周日！",
    "weight": "2360 g",
    "volume": "2 L",
    "price": "80 USD",
    "material": [
      "steel"
    ],
    "symbol": "#",
    "color": "light_gray",
    "ammo_type": [
      "47mm"
    ],
    "capacity": 500,
    "pocket_data": [
      {
        "pocket_type": "MAGAZINE",
        "rigid": true,
        "ammo_restriction": {
          "47mm": 500
        }
      }
    ],
    "flags": [
      "MAG_COMPACT"
    ]
  },
  {
    "id": "amr50mag",
    "type": "MAGAZINE",
    "name": {
      "str": "AMR-50弹匣"
    },
    "description": "标准的8圆盒弹匣，用于枪械运动员的AMR-50反装备步枪。",
    "weight": "727 g",
    "volume": "500 ml",
    "price": "100 USD",
    "material": [
      "steel"
    ],
    "symbol": "#",
    "color": "light_gray",
    "looks_like": "8x40_50_mag",
    "ammo_type": [
      "50"
    ],
    "capacity": 8,
    "pocket_data": [
      {
        "pocket_type": "MAGAZINE",
        "rigid": true,
        "ammo_restriction": {
          "50": 8
        }
      }
    ],
    "reload_time": 130,
    "flags": [
      "MAG_BULKY"
    ]
  }
]