[
  {
    "id": "5mmmag",
    "type": "MAGAZINE",
    "name": {
      "str": "5mm 弹匣"
    },
    "description": "一个30发 5mm 口径弹匣。",
    "weight": "100 g",
    "volume": "250 ml",
    "price": "50 USD",
    "material": [
      "steel"
    ],
    "symbol": "#",
    "color": "light_gray",
    "ammo_type": [
      "5mm"
    ],
    "capacity": 30,
    "pocket_data": [
      {
        "pocket_type": "MAGAZINE",
        "rigid": true,
        "ammo_restriction": {
          "5mm": 30
        }
      }
    ],
    "flags": [
      "MAG_COMPACT"
    ]
  },
  {
    "id": "5mmlargemag",
    "type": "MAGAZINE",
    "name": {
      "str": "大型 5mm弹匣"
    },
    "description": "一个60发的 5mm 圆形弹匣。",
    "weight": "720 g",
    "volume": "1 L",
    "price": "80 USD",
    "material": [
      "steel"
    ],
    "symbol": "#",
    "color": "light_gray",
    "ammo_type": [
      "5mm"
    ],
    "capacity": 60,
    "pocket_data": [
      {
        "pocket_type": "MAGAZINE",
        "rigid": true,
        "ammo_restriction": {
          "5mm": 60
        }
      }
    ],
    "flags": [
      "MAG_COMPACT"
    ]
  },
  {
    "id": "5mmdrummag",
    "type": "MAGAZINE",
    "name": {
      "str": "5mm 弹鼓"
    },
    "description": "一个100毫米的圆鼓弹匣。当你真的，真的想要一个敌人死的时候。",
    "weight": "1000 g",
    "volume": "1500 ml",
    "price": "80 USD",
    "material": [
      "steel"
    ],
    "symbol": "#",
    "color": "light_gray",
    "ammo_type": [
      "5mm"
    ],
    "capacity": 100,
    "pocket_data": [
      {
        "pocket_type": "MAGAZINE",
        "rigid": true,
        "ammo_restriction": {
          "5mm": 100
        }
      }
    ],
    "flags": [
      "MAG_COMPACT"
    ]
  },
  {
    "id": "5mmminigunmag",
    "type": "MAGAZINE",
    "name": {
      "str": "500发 5mm 平定者弹盒"
    },
    "description": "一个500发的 5mm圆盒子。当你真的，真的不想停止射击的时候。你可以从今天装弹一直到周日！",
    "weight": "2360 g",
    "volume": "2 L",
    "price": "80 USD",
    "material": [
      "steel"
    ],
    "symbol": "#",
    "color": "light_gray",
    "ammo_type": [
      "5mm"
    ],
    "capacity": 500,
    "pocket_data": [
      {
        "pocket_type": "MAGAZINE",
        "rigid": true,
        "ammo_restriction": {
          "5mm": 500
        }
      }
    ],
    "flags": [
      "MAG_COMPACT"
    ]
  }
]