[
  {
    "id": "colt6250mag",
    "type": "MAGAZINE",
    "name": {
      "str": "柯尔特6250弹匣"
    },
    "description": "一个专为柯尔特6250制作的结实黑色弹匣。",
    "weight": "140 g",
    "volume": "250 ml",
    "price": "100 USD",
    "material": [
      "plastic",
      "steel"
    ],
    "symbol": "#",
    "color": "black",
    "ammo_type": [
      "40"
    ],
    "capacity": 12,
    "pocket_data": [
      {
        "pocket_type": "MAGAZINE",
        "rigid": true,
        "ammo_restriction": {
          "40": 12
        }
      }
    ],
    "flags": [
      "MAG_COMPACT"
    ]
  },
  {
    "id": "10mmsmgmag",
    "type": "MAGAZINE",
    "name": {
      "str": "MP9弹夹"
    },
    "description": "一个专用于H&K MP9的紧凑灰色弹夹",
    "weight": "280 g",
    "volume": "250 ml",
    "price": "100 USD",
    "material": [
      "plastic",
      "steel"
    ],
    "symbol": "#",
    "color": "light_gray",
    "ammo_type": [
      "40"
    ],
    "capacity": 30,
    "pocket_data": [
      {
        "pocket_type": "MAGAZINE",
        "rigid": true,
        "ammo_restriction": {
          "40": 30
        }
      }
    ],
    "flags": [
      "MAG_COMPACT"
    ]
  },
  {
    "id": "10mmgatlingmag",
    "type": "MAGAZINE",
    "name": {
      "str": "60发 10mm 弹盒"
    },
    "description": "一个盒式弹匣，用来装10 mm口径的加特林机枪。",
    "weight": "140 g",
    "volume": "250 ml",
    "price": "100 USD",
    "material": [
      "plastic",
      "steel"
    ],
    "symbol": "#",
    "color": "black",
    "ammo_type": [
      "40"
    ],
    "capacity": 60,
    "pocket_data": [
      {
        "pocket_type": "MAGAZINE",
        "rigid": true,
        "ammo_restriction": {
          "40": 60
        }
      }
    ],
    "flags": [
      "MAG_BULKY"
    ]
  },
  {
    "id": "10mmgatlingmagxl",
    "type": "MAGAZINE",
    "name": {
      "str": "75发 10mm 弹盒"
    },
    "description": "一个盒式弹匣，用来装10 mm口径的加特林机枪。",
    "weight": "140 g",
    "volume": "250 ml",
    "price": "100 USD",
    "material": [
      "plastic",
      "steel"
    ],
    "symbol": "#",
    "color": "black",
    "ammo_type": [
      "40"
    ],
    "capacity": 75,
    "pocket_data": [
      {
        "pocket_type": "MAGAZINE",
        "rigid": true,
        "ammo_restriction": {
          "40": 75
        }
      }
    ],
    "flags": [
      "MAG_BULKY"
    ]
  },
  {
    "id": "p90cmag",
    "type": "MAGAZINE",
    "name": {
      "str": "p90c弹匣"
    },
    "description": "一个顶部装载的10mm弹匣，上面有瞄准器。",
    "weight": "280 g",
    "volume": "250 ml",
    "price": "100 USD",
    "material": [
      "plastic",
      "steel"
    ],
    "symbol": "#",
    "color": "light_gray",
    "ammo_type": [
      "40"
    ],
    "capacity": 24,
    "pocket_data": [
      {
        "pocket_type": "MAGAZINE",
        "rigid": true,
        "ammo_restriction": {
          "40": 24
        }
      }
    ],
    "flags": [
      "MAG_COMPACT"
    ]
  }
]