[
  {
    "id": "rangemastermag",
    "type": "MAGAZINE",
    "name": {
      "str": "rangemaster弹夹"
    },
    "description": "一个紧凑的10发弹匣，适用于柯尔特Rangemaster步枪。",
    "weight": "100 g",
    "volume": "250 ml",
    "price": "50 USD",
    "material": [
      "steel"
    ],
    "symbol": "#",
    "color": "light_gray",
    "ammo_type": [
      "223"
    ],
    "capacity": 10,
    "flags": [
      "MAG_COMPACT"
    ],
    "pocket_data": [
      {
        "pocket_type": "MAGAZINE",
        "rigid": true,
        "ammo_restriction": {
          "223": 10
        }
      }
    ]
  },
  {
    "id": "rangemastermag2",
    "type": "MAGAZINE",
    "name": {
      "str": "Rangemaster扩展库"
    },
    "description": "一个更大的弹夹给小马牧场主。它有20发子弹。",
    "weight": "360 g",
    "volume": "500 ml",
    "price": "80 USD",
    "material": [
      "steel"
    ],
    "symbol": "#",
    "color": "light_gray",
    "ammo_type": [
      "223"
    ],
    "capacity": 20,
    "flags": [
      "MAG_COMPACT"
    ],
    "pocket_data": [
      {
        "pocket_type": "MAGAZINE",
        "rigid": true,
        "ammo_restriction": {
          "223": 20
        }
      }
    ]
  },
  {
    "id": "rf2076mag",
    "type": "MAGAZINE",
    "name": {
      "str": "轮德林格 RF2076弹匣"
    },
    "description": "一个紧凑的30发德林格RF2076弹夹。",
    "weight": "100 g",
    "volume": "500 ml",
    "price": "50 USD",
    "material": [
      "steel"
    ],
    "symbol": "#",
    "color": "light_gray",
    "ammo_type": [
      "223"
    ],
    "capacity": 30,
    "flags": [
      "MAG_COMPACT"
    ],
    "pocket_data": [
      {
        "pocket_type": "MAGAZINE",
        "rigid": true,
        "ammo_restriction": {
          "223": 30
        }
      }
    ]
  },
  {
    "id": "rf2076drummag",
    "type": "MAGAZINE",
    "name": {
      "str": "除雾器RF2076鼓"
    },
    "description": "一个紧凑的80发的德林格RF2076弹鼓",
    "weight": "100 g",
    "volume": "1250 ml",
    "price": "50 USD",
    "material": [
      "steel"
    ],
    "symbol": "#",
    "color": "light_gray",
    "ammo_type": [
      "223"
    ],
    "capacity": 80,
    "flags": [
      "MAG_COMPACT"
    ],
    "pocket_data": [
      {
        "pocket_type": "MAGAZINE",
        "rigid": true,
        "ammo_restriction": {
          "223": 80
        }
      }
    ]
  }
]