[
  {
    "id": "citykillermag",
    "type": "MAGAZINE",
    "name": {
      "str": "城市杀手弹夹"
    },
    "description": "温彻斯特“城市杀手”战斗霰弹枪的12发弹匣",
    "weight": "100 g",
    "volume": "250 ml",
    "price": "50 USD",
    "material": [
      "steel"
    ],
    "symbol": "#",
    "color": "light_gray",
    "ammo_type": [
      "shot"
    ],
    "capacity": 12,
    "pocket_data": [
      {
        "pocket_type": "MAGAZINE",
        "rigid": true,
        "ammo_restriction": {
          "shot": 12
        }
      }
    ],
    "flags": [
      "MAG_COMPACT"
    ]
  }
]