[
  {
    "id": "14mmpistolmag",
    "type": "MAGAZINE",
    "name": {
      "str": "14mm 手枪弹匣"
    },
    "description": "一个结实的14mm口径黑色弹匣。",
    "weight": "140 g",
    "volume": "250 ml",
    "price": "100 USD",
    "material": [
      "plastic",
      "steel"
    ],
    "symbol": "#",
    "color": "black",
    "ammo_type": [
      "14mm"
    ],
    "capacity": 7,
    "pocket_data": [
      {
        "pocket_type": "MAGAZINE",
        "rigid": true,
        "ammo_restriction": {
          "14mm": 7
        }
      }
    ],
    "flags": [
      "MAG_COMPACT"
    ]
  },
  {
    "id": "14mmsmgmag",
    "type": "MAGAZINE",
    "name": {
      "str": "14mm 冲锋枪弹匣"
    },
    "description": "一个结实的14mm口径黑色弹匣。它有后视镜。",
    "weight": "140 g",
    "volume": "250 ml",
    "price": "100 USD",
    "material": [
      "plastic",
      "steel"
    ],
    "symbol": "#",
    "color": "black",
    "ammo_type": [
      "14mm"
    ],
    "capacity": 21,
    "pocket_data": [
      {
        "pocket_type": "MAGAZINE",
        "rigid": true,
        "ammo_restriction": {
          "14mm": 21
        }
      }
    ],
    "flags": [
      "MAG_COMPACT"
    ]
  }
]