[
  {
    "id": "thompson_drum_silver",
    "type": "MAGAZINE",
    "name": {
      "str": "汤普森冲锋枪弹鼓"
    },
    "description": "为汤普森冲锋枪准备的150发弹鼓。由于特殊部件，仅用于银色冲锋枪，",
    "weight": "500 g",
    "volume": "1 L",
    "price": "80 USD",
    "material": [
      "silver"
    ],
    "symbol": "#",
    "color": "white",
    "ammo_type": [
      "45"
    ],
    "capacity": 150,
    "pocket_data": [
      {
        "pocket_type": "MAGAZINE",
        "rigid": true,
        "ammo_restriction": {
          "45": 150
        }
      }
    ],
    "reload_time": 75,
    "flags": [
      "MAG_BULKY"
    ]
  }
]