[
  {
    "id": "zetan_scrap",
    "type": "AMMO",
    "category": "spare_parts",
    "name": {
      "str": "异形合金"
    },
    "description": "一大堆稀有的外星合金。",
    "weight": "5 g",
    "volume": "250 ml",
    "price": 500,
    "count": 2,
    "stack_size": 40,
    "material": [
      "alloy_zetan"
    ],
    "symbol": ",",
    "color": "red",
    "ammo_type": "components"
  },
  {
    "id": "zetan_sheet",
    "type": "AMMO",
    "category": "spare_parts",
    "name": {
      "str": "小块外星合金板"
    },
    "description": "一小块外星合金板材",
    "weight": "25 g",
    "volume": "250 ml",
    "price": "20 USD",
    "bashing": 5,
    "to_hit": -3,
    "stack_size": 8,
    "material": [
      "alloy_zetan"
    ],
    "symbol": "]",
    "color": "red",
    "ammo_type": "components"
  }
]