[
  {
    "type": "GENERIC",
    "id": "minifridge_atomic",
    "name": {
      "str": "原子微型冰箱"
    },
    "description": "用来冷藏食物的小冰箱。提供一些外部天气绝缘。由内部反应堆提供动力，无需连接车辆电源即可工作。",
    "weight": "31752 g",
    "to_hit": -8,
    "color": "light_blue",
    "symbol": "]",
    "material": [
      "steel"
    ],
    "volume": "5 L",
    "bashing": 8,
    "category": "veh_parts",
    "price": "1200 USD",
    "insulation": 2
  },
  {
    "type": "GENERIC",
    "id": "minifreezer_atomic",
    "name": {
      "str": "原子微型冰箱"
    },
    "description": "柜式冷冻机的紧凑型，设计用于冷冻食物的移动解决方案。提供与元件的绝缘。因为自身的内力，不需要权力。",
    "weight": "31752 g",
    "to_hit": -8,
    "color": "light_blue",
    "symbol": "]",
    "material": [
      "steel"
    ],
    "volume": "5 L",
    "bashing": 8,
    "category": "veh_parts",
    "price": "1400 USD",
    "insulation": 4
  },
  {
    "type": "GENERIC",
    "id": "minifridge_cargo",
    "name": {
      "str": "货物冰箱"
    },
    "description": "一种重型冷藏柜，用于用卡车运输肉类和其他易腐物品。",
    "weight": "80000 g",
    "to_hit": -4,
    "color": "cyan",
    "symbol": "]",
    "material": [
      "steel",
      "plastic"
    ],
    "volume": "50 L",
    "bashing": 2,
    "category": "veh_parts",
    "price": "400 USD",
    "insulation": 2
  },
  {
    "type": "GENERIC",
    "id": "minifreezer_cargo",
    "name": {
      "str": "货物冷冻柜"
    },
    "description": "一种重型冷冻柜，用于卡车运输鱼、肉和其他易腐烂的物品。",
    "weight": "80000 g",
    "to_hit": -4,
    "color": "cyan",
    "symbol": "]",
    "material": [
      "steel",
      "plastic"
    ],
    "volume": "50 L",
    "bashing": 2,
    "category": "veh_parts",
    "price": "400 USD",
    "insulation": 4
  },
  {
    "type": "GENERIC",
    "id": "radio_atomic",
    "name": {
      "str": "原子无线电"
    },
    "description": "一个辐射王品牌的收音机，带有一个独立的原子电池，使它不会耗尽车辆的电力。唯一播放老歌的电台，奇怪。",
    "weight": "800 g",
    "to_hit": -2,
    "color": "red",
    "symbol": "&",
    "material": [
      "steel"
    ],
    "volume": "3500 ml",
    "category": "veh_parts",
    "price": 800
  },
  {
    "type": "GENERIC",
    "id": "television_atomic",
    "symbol": ";",
    "color": "dark_gray",
    "name": {
      "str": "原子电视"
    },
    "description": "一台大型辐射电视。",
    "material": [
      "plastic"
    ],
    "weight": "22600 g",
    "volume": "3 L",
    "bashing": 5,
    "to_hit": -5,
    "category": "veh_parts",
    "price": 800
  },
  {
    "id": "wheel_monster",
    "type": "WHEEL",
    "category": "veh_parts",
    "name": {
      "str": "宽车轮"
    },
    "description": "巨型卡车上使用的巨大车轮。",
    "weight": "45200 g",
    "volume": "100 L",
    "price": "340 USD",
    "bashing": 17,
    "to_hit": -1,
    "material": [
      "steel",
      "plastic"
    ],
    "symbol": "]",
    "color": "dark_gray",
    "diameter": 66,
    "width": 14
  },
  {
    "type": "WHEEL",
    "id": "rotor_vertibird",
    "category": "veh_parts",
    "name": {
      "str": "垂直旋翼"
    },
    "description": "眩晕战机的军用旋翼。它的马达是内置的。",
    "weight": "24500 g",
    "volume": "17500 ml",
    "price": "340 USD",
    "bashing": 17,
    "to_hit": -1,
    "material": [
      "hardsteel",
      "ceramic"
    ],
    "symbol": "]",
    "color": "green",
    "diameter": 32,
    "width": 20
  },
  {
    "abstract": "engine_nuka",
    "copy-from": "engine_combustion",
    "type": "ENGINE",
    "name": {
      "str": "基地努卡发动机"
    }
  },
  {
    "id": "i6_nuka",
    "copy-from": "engine_diesel",
    "type": "ENGINE",
    "name": {
      "str": "努卡微引擎公司"
    },
    "description": "一个小而强大的努卡动力发动机。",
    "weight": "185000 g",
    "volume": "2 L",
    "price": "270 USD",
    "displacement": 600
  },
  {
    "id": "v6_nuka",
    "copy-from": "engine_nuka",
    "type": "ENGINE",
    "name": {
      "str": "V6努卡发动机"
    },
    "description": "一个强大的6缸发动机，由努卡可乐的甜蜜力量提供动力",
    "weight": "190000 g",
    "volume": "5 L",
    "price": "200 USD",
    "displacement": 400
  },
  {
    "id": "v8_nuka",
    "copy-from": "engine_nuka",
    "type": "ENGINE",
    "name": {
      "str": "V8努卡发动机"
    },
    "description": "一个强大的8缸努卡发动机。",
    "weight": "255000 g",
    "volume": "8 L",
    "price": "265 USD",
    "displacement": 650
  },
  {
    "id": "v12_nuka",
    "copy-from": "engine_nuka",
    "type": "ENGINE",
    "name": {
      "str": "V12 nuka发动机"
    },
    "description": "一个巨大且极其强大的V12引擎，当你的死亡手机需要进行量子跳跃时。",
    "weight": "310000 g",
    "volume": "15 L",
    "price": "320 USD",
    "displacement": 1200
  },
  {
    "id": "large_turbine_vertibird",
    "copy-from": "motor_super",
    "type": "ENGINE",
    "name": {
      "str": "6000马力电动机"
    },
    "description": "一个巨大的电动机，用来驱动XVBO2 Vertibird。以高功耗著称。",
    "weight": "3164000 g",
    "volume": "95 L",
    "price": "9600 USD",
    "displacement": 11995
  }
]