[
  {
    "id": "mon_ant_antifungal",
    "type": "MONSTER",
    "name": {
      "str": "抗真菌剂"
    },
    "description": "一只覆盖着几丁质甲壳的巨大绿色蚂蚁。它有一对扭动的触角和凶恶的下颚。它似乎可以释放出杀真菌剂。",
    "default_faction": "ant",
    "species": [
      "INSECT"
    ],
    "diff": 7,
    "volume": "62500 ml",
    "weight": "81500 g",
    "hp": 40,
    "speed": 100,
    "material": [
      "iflesh"
    ],
    "symbol": "a",
    "color": "green",
    "morale": 60,
    "melee_skill": 5,
    "melee_dice": 1,
    "melee_dice_sides": 6,
    "melee_cut": 6,
    "dodge": 1,
    "armor_bash": 5,
    "armor_cut": 10,
    "vision_day": 5,
    "vision_night": 5,
    "harvest": "arachnid",
    "upgrades": {
      "age_grow": 14,
      "into": "mon_ant_soldier"
    },
    "anger_triggers": [
      "FRIEND_ATTACKED",
      "FRIEND_DIED",
      "HURT",
      "PLAYER_WEAK"
    ],
    "emit_fields": [
      "emit_antifungal_blast"
    ],
    "death_function": [
      "NORMAL"
    ],
    "special_attacks": [
      [
        "EAT_FOOD",
        30
      ]
    ],
    "flags": [
      "SEES",
      "HEARS",
      "SMELLS",
      "CHITIN",
      "CLIMBS",
      "CATFOOD",
      "DOGFOOD",
      "BIRDFOOD",
      "CATTLEFODDER"
    ]
  },
  {
    "id": "mon_ant_antifungal_larva",
    "type": "MONSTER",
    "name": {
      "str": "抗真菌幼虫"
    },
    "description": "浑身看起来像是白色果肉的蠕动香肠，体型像猫一样，一端是蠕动的锋利口器。",
    "default_faction": "ant",
    "species": [
      "INSECT"
    ],
    "volume": "30000 ml",
    "weight": "40750 g",
    "hp": 10,
    "speed": 15,
    "material": [
      "iflesh"
    ],
    "symbol": "a",
    "color": "white",
    "aggression": -1,
    "morale": 10,
    "melee_skill": 2,
    "melee_dice": 1,
    "melee_dice_sides": 3,
    "melee_cut": 0,
    "harvest": "arachnid",
    "upgrades": {
      "age_grow": 3,
      "into": "mon_ant_antifungal"
    },
    "emit_fields": [
      "emit_antifungal_blast"
    ],
    "death_function": [
      "NORMAL"
    ],
    "flags": [
      "SMELLS",
      "LARVA",
      "CATFOOD",
      "DOGFOOD",
      "BIRDFOOD",
      "CATTLEFODDER"
    ]
  },
  {
    "id": "mon_ant_antifungal_queen",
    "type": "MONSTER",
    "name": {
      "str": "抗真菌皇后"
    },
    "description": "一种巨大的绿色蚂蚁，胸部膨胀。它缓慢而有意识地移动，爬向附近的卵，并不断产卵。就像它的爪牙一样，它散发出抗真菌云雾。",
    "default_faction": "ant",
    "species": [
      "INSECT"
    ],
    "diff": 13,
    "volume": "92500 ml",
    "weight": "120000 g",
    "hp": 80,
    "speed": 40,
    "material": [
      "iflesh"
    ],
    "symbol": "a",
    "color": "light_green",
    "morale": 100,
    "melee_skill": 5,
    "melee_dice": 3,
    "melee_dice_sides": 4,
    "melee_cut": 4,
    "dodge": 1,
    "armor_bash": 6,
    "armor_cut": 14,
    "harvest": "arachnid",
    "special_attacks": [
      [
        "ANTQUEEN",
        1
      ]
    ],
    "revert_to_itype": "mon_antifungal_egg",
    "anger_triggers": [
      "FRIEND_ATTACKED",
      "FRIEND_DIED",
      "HURT"
    ],
    "death_function": [
      "NORMAL"
    ],
    "emit_fields": [
      "emit_antifungal_blast"
    ],
    "flags": [
      "SMELLS",
      "QUEEN",
      "CHITIN",
      "FAT",
      "CLIMBS",
      "CATFOOD",
      "DOGFOOD",
      "BIRDFOOD",
      "CATTLEFODDER"
    ]
  },
  {
    "id": "mon_ant_antifungal_soldier",
    "type": "MONSTER",
    "name": {
      "str": "兵蚁"
    },
    "description": "一只巨大多毛的绿色蚂蚁，几乎是其他巨型蚂蚁的两倍大。膨胀的钳子从它的钳口伸出来。它散发出大量的强力杀菌剂来保护女王。",
    "default_faction": "ant",
    "species": [
      "INSECT"
    ],
    "diff": 16,
    "volume": "62500 ml",
    "weight": "81500 g",
    "hp": 80,
    "speed": 100,
    "material": [
      "iflesh"
    ],
    "symbol": "a",
    "color": "green",
    "aggression": 30,
    "morale": 100,
    "melee_skill": 7,
    "melee_dice": 1,
    "melee_dice_sides": 8,
    "melee_cut": 6,
    "dodge": 2,
    "armor_bash": 10,
    "armor_cut": 12,
    "vision_day": 5,
    "vision_night": 5,
    "harvest": "arachnid",
    "anger_triggers": [
      "FRIEND_ATTACKED",
      "FRIEND_DIED",
      "HURT",
      "PLAYER_CLOSE"
    ],
    "death_function": [
      "NORMAL"
    ],
    "emit_fields": [
      "emit_antifungal_blast"
    ],
    "flags": [
      "SEES",
      "HEARS",
      "SMELLS",
      "CHITIN",
      "CLIMBS",
      "CATFOOD",
      "DOGFOOD",
      "BIRDFOOD",
      "CATTLEFODDER"
    ]
  }
]