[
  {
    "id": "mounted_cangun",
    "copy-from": "turret",
    "type": "vehicle_part",
    "name": {
      "str": "车载 弹射加农炮"
    },
    "item": "cangun",
    "color": "brown",
    "broken_color": "brown",
    "breaks_into": [
      {
        "item": "cangun",
        "count": [
          0,
          1
        ]
      }
    ],
    "requirements": {
      "install": {
        "skills": [
          [
            "mechanics",
            4
          ]
        ],
        "time": "60 m",
        "using": [
          [
            "vehicle_wrench_2",
            1
          ]
        ]
      },
      "removal": {
        "skills": [
          [
            "mechanics",
            2
          ]
        ],
        "time": "45 m",
        "using": [
          [
            "vehicle_wrench_2",
            1
          ]
        ]
      },
      "repair": {
        "skills": [
          [
            "mechanics",
            3
          ]
        ],
        "time": "25 m",
        "using": [
          [
            "welding_standard",
            5
          ]
        ]
      }
    }
  },
  {
    "id": "mounted_cutter",
    "copy-from": "turret",
    "type": "vehicle_part",
    "name": {
      "str": "车载 圆盘加速器"
    },
    "item": "cutter",
    "broken_symbol": "x",
    "color": "dark_gray",
    "broken_color": "dark_gray",
    "power": -1750,
    "breaks_into": [
      {
        "item": "cutter",
        "count": [
          0,
          1
        ]
      }
    ],
    "requirements": {
      "install": {
        "skills": [
          [
            "mechanics",
            4
          ]
        ],
        "time": "60 m",
        "using": [
          [
            "vehicle_wrench_2",
            1
          ]
        ]
      },
      "removal": {
        "skills": [
          [
            "mechanics",
            2
          ]
        ],
        "time": "45 m",
        "using": [
          [
            "vehicle_wrench_2",
            1
          ]
        ]
      },
      "repair": {
        "skills": [
          [
            "mechanics",
            3
          ]
        ],
        "time": "25 m",
        "using": [
          [
            "welding_standard",
            5
          ]
        ]
      }
    },
    "extend": {
      "flags": [
        "EXTRA_DRAG"
      ]
    }
  },
  {
    "id": "mounted_gattler",
    "copy-from": "turret",
    "type": "vehicle_part",
    "name": {
      "str": "车载 转轮式加农炮"
    },
    "item": "gattler",
    "color": "dark_gray",
    "broken_color": "dark_gray",
    "breaks_into": [
      {
        "item": "gattler",
        "count": [
          0,
          1
        ]
      }
    ],
    "requirements": {
      "install": {
        "skills": [
          [
            "mechanics",
            5
          ]
        ],
        "time": "60 m",
        "using": [
          [
            "vehicle_wrench_2",
            1
          ]
        ]
      },
      "removal": {
        "skills": [
          [
            "mechanics",
            3
          ]
        ],
        "time": "45 m",
        "using": [
          [
            "vehicle_wrench_2",
            1
          ]
        ]
      },
      "repair": {
        "skills": [
          [
            "mechanics",
            4
          ]
        ],
        "time": "25 m",
        "using": [
          [
            "welding_standard",
            5
          ]
        ]
      }
    }
  },
  {
    "id": "mounted_lasgun",
    "copy-from": "turret",
    "type": "vehicle_part",
    "name": {
      "str": "车载激光炮"
    },
    "item": "lasgun",
    "color": "blue",
    "broken_color": "blue",
    "breaks_into": [
      {
        "item": "lasgun",
        "count": [
          0,
          1
        ]
      }
    ],
    "requirements": {
      "install": {
        "skills": [
          [
            "mechanics",
            6
          ]
        ],
        "time": "60 m",
        "using": [
          [
            "vehicle_wrench_2",
            1
          ]
        ]
      },
      "removal": {
        "skills": [
          [
            "mechanics",
            4
          ]
        ],
        "time": "45 m",
        "using": [
          [
            "vehicle_wrench_2",
            1
          ]
        ]
      },
      "repair": {
        "skills": [
          [
            "mechanics",
            5
          ]
        ],
        "time": "25 m",
        "using": [
          [
            "welding_standard",
            5
          ]
        ]
      }
    }
  },
  {
    "id": "mounted_lasgunp",
    "copy-from": "turret",
    "type": "vehicle_part",
    "name": {
      "str": "车载 脉冲激光炮"
    },
    "item": "lasgunp",
    "color": "blue",
    "broken_color": "blue",
    "breaks_into": [
      {
        "item": "lasgun",
        "count": [
          0,
          1
        ]
      }
    ],
    "requirements": {
      "install": {
        "skills": [
          [
            "mechanics",
            6
          ]
        ],
        "time": "60 m",
        "using": [
          [
            "vehicle_wrench_2",
            1
          ]
        ]
      },
      "removal": {
        "skills": [
          [
            "mechanics",
            4
          ]
        ],
        "time": "45 m",
        "using": [
          [
            "vehicle_wrench_2",
            1
          ]
        ]
      },
      "repair": {
        "skills": [
          [
            "mechanics",
            5
          ]
        ],
        "time": "25 m",
        "using": [
          [
            "welding_standard",
            5
          ]
        ]
      }
    }
  },
  {
    "id": "mounted_lasgunx",
    "copy-from": "turret",
    "type": "vehicle_part",
    "name": {
      "str": "车载 高能激光炮"
    },
    "item": "lasgunx",
    "color": "magenta",
    "broken_color": "magenta",
    "breaks_into": [
      {
        "item": "lasgunx",
        "count": [
          0,
          1
        ]
      }
    ],
    "requirements": {
      "install": {
        "skills": [
          [
            "mechanics",
            6
          ]
        ],
        "time": "60 m",
        "using": [
          [
            "vehicle_wrench_2",
            1
          ]
        ]
      },
      "removal": {
        "skills": [
          [
            "mechanics",
            4
          ]
        ],
        "time": "45 m",
        "using": [
          [
            "vehicle_wrench_2",
            1
          ]
        ]
      },
      "repair": {
        "skills": [
          [
            "mechanics",
            5
          ]
        ],
        "time": "25 m",
        "using": [
          [
            "welding_standard",
            5
          ]
        ]
      }
    }
  },
  {
    "id": "mounted_ripper",
    "copy-from": "turret",
    "type": "vehicle_part",
    "name": {
      "str": "车载 撕裂者"
    },
    "item": "ripper",
    "broken_symbol": "x",
    "color": "dark_gray",
    "broken_color": "dark_gray",
    "power": -8750,
    "breaks_into": [
      {
        "item": "ripper",
        "count": [
          0,
          1
        ]
      }
    ],
    "requirements": {
      "install": {
        "skills": [
          [
            "mechanics",
            5
          ]
        ],
        "time": "60 m",
        "using": [
          [
            "vehicle_wrench_2",
            1
          ]
        ]
      },
      "removal": {
        "skills": [
          [
            "mechanics",
            3
          ]
        ],
        "time": "45 m",
        "using": [
          [
            "vehicle_wrench_2",
            1
          ]
        ]
      },
      "repair": {
        "skills": [
          [
            "mechanics",
            4
          ]
        ],
        "time": "25 m",
        "using": [
          [
            "welding_standard",
            5
          ]
        ]
      }
    },
    "extend": {
      "flags": [
        "EXTRA_DRAG"
      ]
    }
  },
  {
    "id": "mounted_scorpion",
    "copy-from": "turret",
    "type": "vehicle_part",
    "name": {
      "str": "车载 毒蝎型弩炮"
    },
    "item": "scorpion",
    "color": "brown",
    "broken_color": "brown",
    "breaks_into": [
      {
        "item": "scorpion",
        "count": [
          0,
          1
        ]
      }
    ],
    "requirements": {
      "install": {
        "skills": [
          [
            "mechanics",
            4
          ]
        ],
        "time": "60 m",
        "using": [
          [
            "vehicle_wrench_2",
            1
          ]
        ]
      },
      "removal": {
        "skills": [
          [
            "mechanics",
            2
          ]
        ],
        "time": "45 m",
        "using": [
          [
            "vehicle_wrench_2",
            1
          ]
        ]
      },
      "repair": {
        "skills": [
          [
            "mechanics",
            3
          ]
        ],
        "time": "25 m",
        "using": [
          [
            "welding_standard",
            5
          ]
        ]
      }
    }
  },
  {
    "id": "mounted_slauncher",
    "copy-from": "turret",
    "type": "vehicle_part",
    "name": {
      "str": "车载 矛枪"
    },
    "item": "slauncher",
    "color": "light_gray",
    "broken_color": "light_gray",
    "breaks_into": [
      {
        "item": "slauncher",
        "count": [
          0,
          1
        ]
      }
    ],
    "requirements": {
      "install": {
        "skills": [
          [
            "mechanics",
            3
          ]
        ],
        "time": "60 m",
        "using": [
          [
            "vehicle_wrench_2",
            1
          ]
        ]
      },
      "removal": {
        "skills": [
          [
            "mechanics",
            2
          ]
        ],
        "time": "45 m",
        "using": [
          [
            "vehicle_wrench_2",
            1
          ]
        ]
      },
      "repair": {
        "skills": [
          [
            "mechanics",
            2
          ]
        ],
        "time": "25 m",
        "using": [
          [
            "welding_standard",
            5
          ]
        ]
      }
    }
  },
  {
    "id": "mounted_teslagun",
    "copy-from": "turret",
    "type": "vehicle_part",
    "name": {
      "str": "车载 特斯拉加农炮"
    },
    "item": "teslagun",
    "color": "blue",
    "broken_color": "blue",
    "breaks_into": [
      {
        "item": "teslagun",
        "count": [
          0,
          1
        ]
      }
    ],
    "requirements": {
      "install": {
        "skills": [
          [
            "mechanics",
            3
          ]
        ],
        "time": "60 m",
        "using": [
          [
            "vehicle_wrench_2",
            1
          ]
        ]
      },
      "removal": {
        "skills": [
          [
            "mechanics",
            2
          ]
        ],
        "time": "45 m",
        "using": [
          [
            "vehicle_wrench_2",
            1
          ]
        ]
      },
      "repair": {
        "skills": [
          [
            "mechanics",
            2
          ]
        ],
        "time": "25 m",
        "using": [
          [
            "welding_standard",
            5
          ]
        ]
      }
    }
  }
]