[
  {
    "type": "vehicle_part",
    "id": "cargo_rack_extended",
    "name": {
      "str": "载具架"
    },
    "symbol": "=",
    "looks_like": "box",
    "color": "light_gray",
    "broken_symbol": "#",
    "broken_color": "dark_gray",
    "durability": 250,
    "size": 4000,
    "item": "vehicle_shelving",
    "location": "center",
    "requirements": {
      "install": {
        "skills": [
          [
            "mechanics",
            1
          ]
        ],
        "time": "120 m",
        "using": [
          [
            "welding_standard",
            5
          ]
        ]
      },
      "removal": {
        "skills": [
          [
            "mechanics",
            2
          ]
        ],
        "time": "60 m",
        "using": [
          [
            "vehicle_weld_removal",
            1
          ]
        ]
      },
      "repair": {
        "skills": [
          [
            "mechanics",
            2
          ]
        ],
        "time": "120 m",
        "using": [
          [
            "welding_standard",
            5
          ]
        ]
      }
    },
    "flags": [
      "OBSTACLE",
      "CARGO",
      "COVERED"
    ],
    "breaks_into": [
      {
        "item": "steel_lump",
        "count": [
          6,
          16
        ]
      },
      {
        "item": "steel_chunk",
        "count": [
          6,
          16
        ]
      },
      {
        "item": "scrap",
        "count": [
          6,
          16
        ]
      }
    ],
    "damage_reduction": {
      "all": 28
    }
  },
  {
    "id": "solar_array",
    "type": "vehicle_part",
    "name": {
      "str": "太阳能板阵列"
    },
    "item": "solar_array",
    "location": "structure",
    "symbol": "#",
    "broken_symbol": "x",
    "color": "yellow",
    "broken_color": "yellow",
    "durability": 165,
    "epower": 375,
    "damage_modifier": 10,
    "folded_volume": "10 L",
    "description": "一打太阳能电池板被安装在几米高的底盘上。使脆弱的太阳能板能够安全地远离任何潜在威胁，并能跟踪太阳以提高了发电效率。当该部件暴露在阳光下时会为你的载具充电。",
    "breaks_into": [
      {
        "item": "steel_lump",
        "count": [
          3,
          6
        ]
      },
      {
        "item": "steel_chunk",
        "count": [
          6,
          12
        ]
      },
      {
        "item": "scrap",
        "count": [
          8,
          16
        ]
      },
      {
        "item": "solar_cell",
        "count": [
          7,
          28
        ]
      }
    ],
    "requirements": {
      "install": {
        "skills": [
          [
            "mechanics",
            6
          ]
        ],
        "time": "60 m",
        "using": [
          [
            "welding_standard",
            5
          ]
        ]
      },
      "removal": {
        "skills": [
          [
            "mechanics",
            4
          ]
        ],
        "time": "45 m",
        "using": [
          [
            "vehicle_weld_removal",
            1
          ]
        ]
      },
      "repair": {
        "skills": [
          [
            "mechanics",
            7
          ]
        ],
        "time": "25 m",
        "using": [
          [
            "welding_standard",
            5
          ]
        ]
      }
    },
    "flags": [
      "SOLAR_PANEL",
      "OBSTACLE",
      "INITIAL_PART",
      "PROTRUSION",
      "FOLDABLE",
      "EXTRA_DRAG"
    ]
  },
  {
    "id": "solar_array2",
    "type": "vehicle_part",
    "name": {
      "str": "太阳能板阵列（高能）"
    },
    "item": "solar_array2",
    "location": "structure",
    "symbol": "#",
    "broken_symbol": "x",
    "color": "yellow",
    "broken_color": "yellow",
    "durability": 165,
    "epower": 750,
    "damage_modifier": 10,
    "folded_volume": "12 L",
    "description": "一打高能太阳能电池板被安装在在几米高的底盘上。使脆弱的面板能够安全地远离任何潜在威胁，并能跟踪太阳以提高发电效率。当该部件暴露在阳光下时会为你的载具充电。",
    "breaks_into": [
      {
        "item": "steel_lump",
        "count": [
          3,
          6
        ]
      },
      {
        "item": "steel_chunk",
        "count": [
          6,
          12
        ]
      },
      {
        "item": "scrap",
        "count": [
          8,
          16
        ]
      },
      {
        "item": "solar_cell",
        "count": [
          14,
          45
        ]
      }
    ],
    "requirements": {
      "install": {
        "skills": [
          [
            "mechanics",
            6
          ]
        ],
        "time": "60 m",
        "using": [
          [
            "welding_standard",
            5
          ]
        ]
      },
      "removal": {
        "skills": [
          [
            "mechanics",
            4
          ]
        ],
        "time": "45 m",
        "using": [
          [
            "vehicle_weld_removal",
            1
          ]
        ]
      },
      "repair": {
        "skills": [
          [
            "mechanics",
            7
          ]
        ],
        "time": "25 m",
        "using": [
          [
            "welding_standard",
            5
          ]
        ]
      }
    },
    "flags": [
      "SOLAR_PANEL",
      "OBSTACLE",
      "INITIAL_PART",
      "PROTRUSION",
      "FOLDABLE",
      "EXTRA_DRAG"
    ]
  },
  {
    "id": "solar_array2r",
    "type": "vehicle_part",
    "name": {
      "str": "太阳能板阵列（强化高能）"
    },
    "item": "solar_array2r",
    "location": "structure",
    "symbol": "#",
    "broken_symbol": "x",
    "color": "light_blue",
    "broken_color": "light_gray",
    "durability": 335,
    "epower": 675,
    "damage_modifier": 10,
    "folded_volume": "15 L",
    "description": "一打高能太阳能电池板被安装在在几米高的底盘上。使脆弱的面板能够安全地远离任何潜在威胁，并能跟踪太阳以提高发电效率。当该部件暴露在阳光下时会为你的载具充电。",
    "breaks_into": [
      {
        "item": "steel_lump",
        "count": [
          6,
          11
        ]
      },
      {
        "item": "steel_chunk",
        "count": [
          12,
          23
        ]
      },
      {
        "item": "scrap",
        "count": [
          16,
          31
        ]
      },
      {
        "item": "solar_cell",
        "count": [
          14,
          45
        ]
      }
    ],
    "requirements": {
      "install": {
        "skills": [
          [
            "mechanics",
            8
          ]
        ],
        "time": "60 m",
        "using": [
          [
            "welding_standard",
            5
          ]
        ]
      },
      "removal": {
        "skills": [
          [
            "mechanics",
            6
          ]
        ],
        "time": "45 m",
        "using": [
          [
            "vehicle_weld_removal",
            1
          ]
        ]
      },
      "repair": {
        "skills": [
          [
            "mechanics",
            9
          ]
        ],
        "time": "25 m",
        "using": [
          [
            "welding_standard",
            5
          ]
        ]
      }
    },
    "flags": [
      "SOLAR_PANEL",
      "OBSTACLE",
      "INITIAL_PART",
      "PROTRUSION",
      "FOLDABLE",
      "EXTRA_DRAG"
    ]
  },
  {
    "id": "wiring",
    "type": "vehicle_part",
    "name": {
      "str": "电线"
    },
    "item": "wire",
    "location": "structure",
    "symbol": ".",
    "broken_symbol": "#",
    "color": "white",
    "broken_color": "white",
    "durability": 10,
    "description": "一条重型铜制电缆的一段，可以在载具不同部件间传输电力。",
    "folded_volume": "250 ml",
    "breaks_into": [
      {
        "item": "wire",
        "prob": 50
      }
    ],
    "requirements": {
      "install": {
        "skills": [
          [
            "mechanics",
            1
          ]
        ],
        "time": "60 s"
      },
      "removal": {
        "skills": [
          [
            "mechanics",
            2
          ]
        ],
        "time": "30 s"
      },
      "repair": {
        "skills": [
          [
            "mechanics",
            2
          ]
        ],
        "time": "60 s"
      }
    },
    "flags": [
      "INITIAL_PART",
      "FOLDABLE",
      "AISLE"
    ]
  },
  {
    "id": "stabilized_cargo_portal",
    "type": "vehicle_part",
    "name": {
      "str": "次元货仓"
    },
    "//": "Keep away from Svarog detectors!",
    "item": "space_anomaly",
    "location": "center",
    "symbol": "O",
    "broken_symbol": "O",
    "color": "magenta",
    "broken_color": "magenta",
    "durability": 400,
    "size": 6000,
    "cargo_weight_modifier": 0,
    "breaks_into": [
      {
        "item": "cargo_rack",
        "prob": 50
      }
    ],
    "requirements": {
      "install": {
        "skills": [
          [
            "mechanics",
            8
          ]
        ],
        "time": "60 m",
        "using": [
          [
            "welding_standard",
            5
          ]
        ]
      },
      "removal": {
        "skills": [
          [
            "mechanics",
            6
          ]
        ],
        "time": "45 m",
        "using": [
          [
            "vehicle_weld_removal",
            1
          ]
        ]
      },
      "repair": {
        "skills": [
          [
            "mechanics",
            9
          ]
        ],
        "time": "25 m",
        "using": [
          [
            "welding_standard",
            5
          ]
        ]
      }
    },
    "flags": [
      "CARGO",
      "COVERED"
    ]
  },
  {
    "type": "vehicle_part",
    "id": "afs_fridge",
    "copy-from": "minifridge",
    "name": {
      "str": "冰箱"
    },
    "symbol": "{",
    "categories": [
      "cargo"
    ],
    "color": "white",
    "broken_color": "white",
    "looks_like": "minifridge",
    "durability": 400,
    "description": "一台中型家用冰箱，经过改装，由车载电源供电。开启后，存放在里面的食物会被冷却，延长保质期。",
    "epower": -100,
    "size": 1200,
    "item": "afs_fridge"
  },
  {
    "type": "vehicle_part",
    "id": "afs_freezer",
    "copy-from": "minifreezer",
    "name": {
      "str": "冰柜"
    },
    "symbol": "{",
    "categories": [
      "cargo"
    ],
    "color": "light_blue",
    "broken_color": "light_blue",
    "looks_like": "minifridge",
    "durability": 400,
    "description": "一台家用冰箱，经过改装能够以更低温度运行，由车载电源供电。开启后，存放在里面的食物会被冷冻，完全阻止食物变质。",
    "epower": -120,
    "size": 1200,
    "item": "afs_freezer"
  },
  {
    "type": "vehicle_part",
    "id": "afs_metal_rig",
    "name": {
      "str": "名匠锻造伴侣"
    },
    "symbol": "&",
    "categories": [
      "utility"
    ],
    "color": "red",
    "broken_symbol": "x",
    "broken_color": "red",
    "looks_like": "welding_rig",
    "damage_modifier": 10,
    "durability": 200,
    "description": "一套焊接台和金属锻造台，由车载电源供电。按“E”可焊接或使用电烙铁，但你仍然需要防眩光保护。",
    "size": 200,
    "item": "afs_metal_rig",
    "location": "center",
    "requirements": {
      "install": {
        "skills": [
          [
            "mechanics",
            3
          ]
        ],
        "time": "60 m",
        "using": [
          [
            "vehicle_wrench_2",
            1
          ]
        ]
      },
      "removal": {
        "skills": [
          [
            "mechanics",
            2
          ]
        ],
        "time": "30 m",
        "using": [
          [
            "vehicle_wrench_2",
            1
          ]
        ]
      },
      "repair": {
        "skills": [
          [
            "mechanics",
            4
          ]
        ],
        "time": "60 m",
        "using": [
          [
            "welding_standard",
            5
          ]
        ]
      }
    },
    "flags": [
      "CARGO",
      "OBSTACLE",
      "COVERED"
    ],
    "pseudo_tools": [
      {
        "id": "welder",
        "hotkey": "w"
      },
      {
        "id": "soldering_iron",
        "hotkey": "s"
      },
      {
        "id": "forge"
      },
      {
        "id": "kiln"
      }
    ],
    "breaks_into": [
      {
        "item": "steel_lump",
        "count": [
          3,
          6
        ]
      },
      {
        "item": "steel_chunk",
        "count": [
          3,
          6
        ]
      },
      {
        "item": "scrap",
        "count": [
          3,
          6
        ]
      },
      {
        "item": "welder",
        "charges": 0,
        "prob": 50
      },
      {
        "item": "forge",
        "charges": 0,
        "prob": 50
      },
      {
        "item": "kiln",
        "charges": 0,
        "prob": 50
      }
    ]
  },
  {
    "type": "vehicle_part",
    "id": "afs_cooking_rig",
    "name": {
      "str": "厨化机"
    },
    "symbol": "&",
    "categories": [
      "utility"
    ],
    "color": "blue",
    "broken_symbol": "x",
    "broken_color": "blue",
    "looks_like": "kitchen_unit",
    "damage_modifier": 10,
    "durability": 125,
    "description": "一个一体化厨房和化学实验室，按“E”可使用电炉加热食物或饮料。",
    "size": 200,
    "item": "afs_cooking_rig",
    "location": "center",
    "requirements": {
      "install": {
        "skills": [
          [
            "mechanics",
            3
          ]
        ],
        "time": "60 m",
        "using": [
          [
            "vehicle_wrench_2",
            1
          ]
        ]
      },
      "removal": {
        "skills": [
          [
            "mechanics",
            2
          ]
        ],
        "time": "30 m",
        "using": [
          [
            "vehicle_wrench_2",
            1
          ]
        ]
      },
      "repair": {
        "skills": [
          [
            "mechanics",
            4
          ]
        ],
        "time": "60 m",
        "using": [
          [
            "welding_standard",
            5
          ]
        ]
      }
    },
    "flags": [
      "CARGO",
      "OBSTACLE",
      "COVERED",
      "FLAT_SURF"
    ],
    "pseudo_tools": [
      {
        "id": "water_faucet"
      },
      {
        "id": "hotplate",
        "hotkey": "h"
      },
      {
        "id": "pot"
      },
      {
        "id": "pan"
      },
      {
        "id": "chemistry_set"
      },
      {
        "id": "electrolysis_kit"
      }
    ],
    "breaks_into": [
      {
        "item": "steel_lump",
        "count": [
          6,
          9
        ]
      },
      {
        "item": "steel_chunk",
        "count": [
          6,
          9
        ]
      },
      {
        "item": "scrap",
        "count": [
          6,
          9
        ]
      },
      {
        "item": "pot",
        "prob": 50
      },
      {
        "item": "pan",
        "prob": 50
      },
      {
        "item": "chemistry_set",
        "charges": 0,
        "prob": 50
      },
      {
        "item": "hotplate",
        "charges": 0,
        "prob": 50
      }
    ]
  },
  {
    "type": "vehicle_part",
    "id": "afs_kitchen_rig",
    "name": {
      "str": "名厨烹饪伴侣"
    },
    "symbol": "&",
    "categories": [
      "utility"
    ],
    "color": "yellow",
    "broken_symbol": "x",
    "broken_color": "yellow",
    "looks_like": "kitchen_unit",
    "damage_modifier": 10,
    "durability": 200,
    "description": "一个一体化厨房和化学实验室以及食物准备区，按“E”可使用电炉加热食物或饮料。",
    "size": 200,
    "item": "afs_kitchen_rig",
    "location": "center",
    "requirements": {
      "install": {
        "skills": [
          [
            "mechanics",
            3
          ]
        ],
        "time": "60 m",
        "using": [
          [
            "vehicle_wrench_2",
            1
          ]
        ]
      },
      "removal": {
        "skills": [
          [
            "mechanics",
            2
          ]
        ],
        "time": "30 m",
        "using": [
          [
            "vehicle_wrench_2",
            1
          ]
        ]
      },
      "repair": {
        "skills": [
          [
            "mechanics",
            4
          ]
        ],
        "time": "60 m",
        "using": [
          [
            "welding_standard",
            5
          ]
        ]
      }
    },
    "flags": [
      "CARGO",
      "OBSTACLE",
      "COVERED",
      "FLAT_SURF"
    ],
    "pseudo_tools": [
      {
        "id": "water_faucet"
      },
      {
        "id": "vac_sealer"
      },
      {
        "id": "dehydrator"
      },
      {
        "id": "food_processor"
      },
      {
        "id": "press"
      },
      {
        "id": "puller"
      },
      {
        "id": "hotplate",
        "hotkey": "h"
      },
      {
        "id": "pot"
      },
      {
        "id": "pan"
      },
      {
        "id": "chemistry_set"
      },
      {
        "id": "electrolysis_kit"
      },
      {
        "id": "water_purifier",
        "hotkey": "p"
      }
    ],
    "breaks_into": [
      {
        "item": "steel_lump",
        "count": [
          9,
          18
        ]
      },
      {
        "item": "steel_chunk",
        "count": [
          9,
          18
        ]
      },
      {
        "item": "scrap",
        "count": [
          9,
          18
        ]
      },
      {
        "item": "pot",
        "prob": 50
      },
      {
        "item": "pan",
        "prob": 50
      },
      {
        "item": "chemistry_set",
        "charges": 0,
        "prob": 50
      },
      {
        "item": "hotplate",
        "charges": 0,
        "prob": 50
      },
      {
        "item": "water_purifier",
        "charges": 0,
        "prob": 50
      },
      {
        "item": "vac_sealer",
        "charges": 0,
        "prob": 50
      },
      {
        "item": "dehydrator",
        "charges": 0,
        "prob": 50
      },
      {
        "item": "food_processor",
        "charges": 0,
        "prob": 50
      },
      {
        "item": "press",
        "prob": 50
      }
    ]
  }
]