[
  {
    "type": "vehicle_part",
    "id": "blob_turret_mount",
    "name": {
      "str": "无活性核心"
    },
    "symbol": "X",
    "color": "red",
    "broken_symbol": "X",
    "broken_color": "red",
    "damage_modifier": 80,
    "durability": 400,
    "description": "一个休眠中的变形怪无定形核心，能够作为自由旋转的通用武器炮塔底座使用。你空着双手紧挨着核心时，按射击键操作它上面所安装的武器开火。",
    "folded_volume": "2500 ml",
    "item": "queen",
    "requirements": {
      "install": {
        "skills": [
          [
            "mechanics",
            1
          ]
        ],
        "time": "20 m"
      },
      "removal": {
        "skills": [
          [
            "mechanics",
            1
          ]
        ],
        "time": "10 m"
      },
      "repair": {
        "skills": [
          [
            "mechanics",
            1
          ]
        ],
        "time": "5 m",
        "using": [
          [
            "blobrep",
            1
          ]
        ]
      }
    },
    "flags": [
      "TURRET_MOUNT",
      "FOLDABLE"
    ],
    "breaks_into": [
      {
        "item": "queengrow"
      }
    ],
    "damage_reduction": {
      "all": 54
    }
  },
  {
    "abstract": "blob_turret",
    "type": "vehicle_part",
    "symbol": "t",
    "durability": 200,
    "damage_modifier": 80,
    "location": "on_roof",
    "folded_volume": "2500 ml",
    "requirements": {
      "install": {
        "time": "100 s"
      },
      "removal": {
        "time": "50 s"
      },
      "repair": {
        "skills": [
          [
            "mechanics",
            1
          ]
        ],
        "time": "5 m",
        "using": [
          [
            "blobrep",
            1
          ]
        ]
      }
    },
    "description": "一只活的变形怪变成的重型车载武器。",
    "flags": [
      "TURRET",
      "FOLDABLE"
    ]
  },
  {
    "id": "mounted_biter",
    "copy-from": "blob_turret",
    "type": "vehicle_part",
    "name": {
      "str": "变形怪咬人炮"
    },
    "item": "biter",
    "location": "center",
    "symbol": "t",
    "broken_symbol": "#",
    "color": "blue",
    "broken_color": "blue",
    "durability": 400,
    "breaks_into": [
      {
        "item": "bitergrow"
      }
    ],
    "flags": [
      "TURRET",
      "FOLDABLE",
      "OBSTACLE"
    ]
  },
  {
    "id": "mounted_clutter",
    "copy-from": "blob_turret",
    "type": "vehicle_part",
    "name": {
      "str": "变形怪凝胶炮"
    },
    "item": "clutter",
    "symbol": "t",
    "broken_symbol": "#",
    "color": "magenta",
    "broken_color": "magenta",
    "breaks_into": [
      {
        "item": "cluttergrow"
      }
    ]
  },
  {
    "id": "mounted_freezie",
    "copy-from": "blob_turret",
    "type": "vehicle_part",
    "name": {
      "str": "变形怪冰矛炮"
    },
    "item": "freezie",
    "symbol": "t",
    "broken_symbol": "#",
    "color": "light_blue",
    "broken_color": "light_blue",
    "breaks_into": [
      {
        "item": "freeziegrow"
      }
    ],
    "description": "一只活的处于极寒状态的变形怪变成的重型车载武器。"
  },
  {
    "id": "mounted_fuzzle",
    "copy-from": "blob_turret",
    "type": "vehicle_part",
    "name": {
      "str": "变形怪牙齿炮"
    },
    "item": "fuzzle",
    "location": "center",
    "symbol": "t",
    "broken_symbol": "#",
    "color": "brown",
    "broken_color": "brown",
    "durability": 600,
    "damage_modifier": 10,
    "breaks_into": [
      {
        "item": "fuzzlegrow"
      }
    ],
    "flags": [
      "TURRET",
      "FOLDABLE",
      "OBSTACLE"
    ]
  },
  {
    "id": "mounted_horror",
    "copy-from": "blob_turret",
    "type": "vehicle_part",
    "name": {
      "str": "变形怪锯"
    },
    "item": "horror",
    "location": "center",
    "symbol": "t",
    "broken_symbol": "#",
    "color": "blue",
    "broken_color": "blue",
    "durability": 1000,
    "damage_modifier": 10,
    "breaks_into": [
      {
        "item": "horrorgrow"
      }
    ],
    "flags": [
      "TURRET",
      "FOLDABLE",
      "OBSTACLE"
    ]
  },
  {
    "id": "mounted_inkie",
    "copy-from": "blob_turret",
    "type": "vehicle_part",
    "name": {
      "str": "变形怪汽油炮"
    },
    "item": "inkie",
    "symbol": "t",
    "broken_symbol": "#",
    "color": "brown",
    "broken_color": "brown",
    "breaks_into": [
      {
        "item": "inkiegrow"
      }
    ],
    "flags": [
      "TURRET",
      "FOLDABLE",
      "USE_TANKS"
    ]
  },
  {
    "id": "mounted_meltie",
    "copy-from": "blob_turret",
    "type": "vehicle_part",
    "name": {
      "str": "变形怪酸液炮"
    },
    "item": "meltie",
    "symbol": "t",
    "broken_symbol": "#",
    "color": "light_red",
    "broken_color": "light_red",
    "breaks_into": [
      {
        "item": "meltiegrow"
      }
    ],
    "flags": [
      "TURRET",
      "FOLDABLE",
      "USE_TANKS"
    ]
  },
  {
    "id": "mounted_spouterqueen",
    "copy-from": "blob_turret",
    "type": "vehicle_part",
    "name": {
      "str": "变形怪喷水炮"
    },
    "item": "spouterqueen",
    "looks_like": "clutter",
    "symbol": "t",
    "broken_symbol": "#",
    "color": "red",
    "broken_color": "red",
    "breaks_into": [
      {
        "item": "queengrow"
      }
    ],
    "flags": [
      "TURRET",
      "FOLDABLE",
      "USE_TANKS"
    ]
  },
  {
    "id": "mounted_razorqueen",
    "copy-from": "blob_turret",
    "type": "vehicle_part",
    "name": {
      "str": "变形怪尖刺炮"
    },
    "item": "razorqueen",
    "symbol": "t",
    "broken_symbol": "#",
    "color": "cyan",
    "broken_color": "cyan",
    "breaks_into": [
      {
        "item": "razorqueengrow"
      }
    ]
  },
  {
    "id": "mounted_sharp",
    "copy-from": "blob_turret",
    "type": "vehicle_part",
    "name": {
      "str": "变形怪长矛炮"
    },
    "item": "sharp",
    "symbol": "t",
    "broken_symbol": "#",
    "color": "light_blue",
    "broken_color": "light_blue",
    "breaks_into": [
      {
        "item": "sharpgrow"
      }
    ]
  },
  {
    "id": "mounted_gelrazor",
    "copy-from": "blob_turret",
    "type": "vehicle_part",
    "name": {
      "str": "变形怪刀片炮"
    },
    "item": "gelrazor",
    "symbol": "t",
    "broken_symbol": "#",
    "color": "blue",
    "broken_color": "blue",
    "breaks_into": [
      {
        "item": "sicklegrow"
      }
    ]
  },
  {
    "id": "mounted_sparkie",
    "copy-from": "blob_turret",
    "type": "vehicle_part",
    "name": {
      "str": "变形怪电击炮"
    },
    "item": "sparkie",
    "symbol": "t",
    "broken_symbol": "#",
    "color": "cyan",
    "broken_color": "cyan",
    "breaks_into": [
      {
        "item": "sparkiegrow"
      }
    ]
  },
  {
    "id": "mounted_stickie",
    "copy-from": "blob_turret",
    "type": "vehicle_part",
    "name": {
      "str": "变形怪胶质炮"
    },
    "item": "stickie",
    "symbol": "t",
    "broken_symbol": "#",
    "color": "yellow",
    "broken_color": "yellow",
    "breaks_into": [
      {
        "item": "stickiegrow"
      }
    ],
    "flags": [
      "TURRET",
      "FOLDABLE",
      "USE_TANKS"
    ]
  },
  {
    "id": "mounted_torchie",
    "copy-from": "blob_turret",
    "type": "vehicle_part",
    "name": {
      "str": "变形怪火焰炮"
    },
    "item": "torchie",
    "symbol": "t",
    "broken_symbol": "#",
    "color": "light_red",
    "broken_color": "light_red",
    "breaks_into": [
      {
        "item": "torchiegrow"
      }
    ],
    "flags": [
      "TURRET",
      "FOLDABLE",
      "USE_TANKS"
    ]
  },
  {
    "id": "mounted_voideater",
    "copy-from": "blob_turret",
    "type": "vehicle_part",
    "name": {
      "str": "变形怪电流炮"
    },
    "item": "voideater",
    "symbol": "t",
    "broken_symbol": "#",
    "color": "cyan",
    "broken_color": "cyan",
    "breaks_into": [
      {
        "item": "voideatergrow"
      }
    ]
  }
]