[
  {
    "abstract": "blob_light",
    "type": "vehicle_part",
    "symbol": "*",
    "broken_symbol": "*",
    "item": "glowie",
    "color": "cyan",
    "broken_color": "blue",
    "durability": 200,
    "damage_modifier": 10,
    "folded_volume": "1000 ml",
    "breaks_into": [
      {
        "item": "glowiegrow"
      }
    ],
    "description": "一只活的发光的变形怪。充满了电能，可以释放出不同强度的光。",
    "requirements": {
      "install": {
        "skills": [
          [
            "mechanics",
            1
          ]
        ],
        "time": "20 m"
      },
      "removal": {
        "skills": [
          [
            "mechanics",
            1
          ]
        ],
        "time": "10 m"
      },
      "repair": {
        "skills": [
          [
            "mechanics",
            1
          ]
        ],
        "time": "5 m",
        "using": [
          [
            "blobrep",
            1
          ]
        ]
      }
    },
    "flags": [
      "ENABLED_DRAINS_EPOWER",
      "FOLDABLE"
    ]
  },
  {
    "id": "blob_aisle_lights",
    "type": "vehicle_part",
    "copy-from": "blob_light",
    "name": {
      "str": "凝胶过道灯"
    },
    "location": "on_ceiling",
    "//": "essentially an 800lm 10W LED flashlight",
    "epower": -10,
    "bonus": 30,
    "folded_volume": "500 ml",
    "extend": {
      "flags": [
        "AISLE_LIGHT"
      ]
    }
  },
  {
    "id": "blob_floodlight",
    "type": "vehicle_part",
    "copy-from": "blob_light",
    "name": {
      "str": "凝胶泛光灯"
    },
    "location": "on_roof",
    "description": "一盏十分明亮的泛光灯，开启时照亮车外大片圆形区域。",
    "epower": -200,
    "bonus": 8000,
    "folded_volume": "2 L",
    "extend": {
      "flags": [
        "CIRCLE_LIGHT"
      ]
    }
  },
  {
    "id": "blob_directed_floodlight",
    "type": "vehicle_part",
    "name": {
      "str": "凝胶定向泛光灯"
    },
    "copy-from": "blob_floodlight",
    "looks_like": "blob_floodlight",
    "description": "一盏十分明亮的定向泛光灯，开启时照亮车外大片半圆形区域。安装时可以选择车灯的方向。",
    "//": "8000lm 100W LED floodlight",
    "epower": -200,
    "extend": {
      "flags": [
        "HALF_CIRCLE_LIGHT"
      ]
    },
    "delete": {
      "flags": [
        "CIRCLE_LIGHT"
      ]
    }
  },
  {
    "id": "blob_headlight",
    "type": "vehicle_part",
    "copy-from": "blob_light",
    "name": {
      "str": "凝胶车头灯"
    },
    "description": "一盏明亮的探照灯，开启时照亮车外一片锥形区域。安装时可以选择车灯方向，多盏方向不同的车灯能照亮载具四周。",
    "epower": -100,
    "bonus": 8000,
    "folded_volume": "250 ml",
    "extend": {
      "flags": [
        "CONE_LIGHT"
      ]
    }
  },
  {
    "id": "blob_wide_headlight",
    "type": "vehicle_part",
    "copy-from": "blob_headlight",
    "name": {
      "str": "凝胶广角车头灯"
    },
    "looks_like": "blob_headlight",
    "description": "一盏明亮的探照灯，开启时照亮车外一片广角锥形区域。安装时可以选择车灯方向，多盏方向不同的车灯能照亮载具四周。",
    "epower": -150,
    "extend": {
      "flags": [
        "WIDE_CONE_LIGHT"
      ]
    },
    "delete": {
      "flags": [
        "CONE_LIGHT"
      ]
    }
  }
]