[
  {
    "id": "frostie_wall",
    "type": "vehicle_part",
    "name": {
      "str": "变形怪冰川挡风玻璃"
    },
    "item": "frostie",
    "location": "center",
    "symbol": "\"",
    "broken_symbol": "0",
    "color": "light_blue",
    "broken_color": "light_blue",
    "durability": 500,
    "damage_modifier": 80,
    "folded_volume": "250 ml",
    "breaks_into": [
      {
        "item": "frostiegrow"
      }
    ],
    "description": "一只活的处于极寒状态的变形怪变成的载具部件。它全身透明，能够透过它看到车外。",
    "requirements": {
      "repair": {
        "time": "5 m",
        "using": [
          [
            "blobrep",
            1
          ]
        ]
      }
    },
    "flags": [
      "OBSTACLE",
      "WINDOW",
      "FOLDABLE"
    ]
  },
  {
    "id": "gloopleboard_board",
    "type": "vehicle_part",
    "name": {
      "str": "凝胶侧板"
    },
    "item": "gloople",
    "location": "center",
    "standard_symbols": true,
    "color": "light_green",
    "broken_color": "light_green",
    "durability": 250,
    "damage_modifier": 10,
    "folded_volume": "250 ml",
    "breaks_into": [
      {
        "item": "glooplegrow"
      }
    ],
    "requirements": {
      "repair": {
        "time": "5 m",
        "using": [
          [
            "blobrep",
            1
          ]
        ]
      }
    },
    "flags": [
      "OPAQUE",
      "OBSTACLE",
      "FOLDABLE",
      "FULL_BOARD"
    ]
  },
  {
    "id": "grayboard_horizontal",
    "type": "vehicle_part",
    "name": {
      "str": "灰色墙壁"
    },
    "item": "gray",
    "location": "center",
    "standard_symbols": true,
    "color": "light_gray",
    "broken_color": "light_gray",
    "durability": 1000,
    "damage_modifier": 10,
    "folded_volume": "250 ml",
    "breaks_into": [
      {
        "item": "graygrow"
      }
    ],
    "description": "一只活的变形怪变成的隔板。能够阻挡丧尸和其他人的视线。",
    "requirements": {
      "repair": {
        "time": "5 m",
        "using": [
          [
            "blobrep",
            1
          ]
        ]
      }
    },
    "flags": [
      "OPAQUE",
      "OBSTACLE",
      "FOLDABLE",
      "FULL_BOARD"
    ]
  },
  {
    "id": "halfgloopleboard_board",
    "type": "vehicle_part",
    "name": {
      "str": "凝胶半隔板"
    },
    "item": "gloople",
    "location": "center",
    "standard_symbols": true,
    "color": "light_green",
    "broken_color": "light_green",
    "durability": 250,
    "damage_modifier": 10,
    "folded_volume": "250 ml",
    "breaks_into": [
      {
        "item": "glooplegrow"
      }
    ],
    "description": "一只活的变形怪变成的半高隔板。能够阻挡丧尸但是无法阻挡其他人的视线。",
    "requirements": {
      "repair": {
        "time": "5 m",
        "using": [
          [
            "blobrep",
            1
          ]
        ]
      }
    },
    "flags": [
      "OBSTACLE",
      "FOLDABLE",
      "HALF_BOARD"
    ]
  },
  {
    "id": "halfgrayboard_board",
    "type": "vehicle_part",
    "name": {
      "str": "灰色路障"
    },
    "item": "gray",
    "location": "center",
    "standard_symbols": true,
    "color": "light_gray",
    "broken_color": "light_gray",
    "durability": 1000,
    "damage_modifier": 10,
    "folded_volume": "250 ml",
    "breaks_into": [
      {
        "item": "graygrow"
      }
    ],
    "description": "一只活的变形怪变成的半高隔板。能够阻挡丧尸但是无法阻挡其他人的视线。",
    "requirements": {
      "repair": {
        "time": "5 m",
        "using": [
          [
            "blobrep",
            1
          ]
        ]
      }
    },
    "flags": [
      "OBSTACLE",
      "FOLDABLE",
      "HALF_BOARD"
    ]
  },
  {
    "id": "halfoozleboard_board",
    "type": "vehicle_part",
    "name": {
      "str": "软泥屏风"
    },
    "item": "oozle",
    "location": "center",
    "standard_symbols": true,
    "color": "green",
    "broken_color": "green",
    "durability": 500,
    "damage_modifier": 10,
    "folded_volume": "250 ml",
    "breaks_into": [
      {
        "item": "oozlegrow"
      }
    ],
    "description": "一只活的变形怪变成的半高隔板。能够阻挡丧尸但是无法阻挡其他人的视线。",
    "requirements": {
      "repair": {
        "time": "5 m",
        "using": [
          [
            "blobrep",
            1
          ]
        ]
      }
    },
    "flags": [
      "OBSTACLE",
      "FOLDABLE",
      "HALF_BOARD"
    ]
  },
  {
    "id": "oozleboard_board",
    "type": "vehicle_part",
    "name": {
      "str": "软泥屏障"
    },
    "item": "oozle",
    "location": "center",
    "standard_symbols": true,
    "color": "green",
    "broken_color": "green",
    "durability": 500,
    "damage_modifier": 10,
    "folded_volume": "250 ml",
    "breaks_into": [
      {
        "item": "oozlegrow"
      }
    ],
    "description": "一只活的变形怪变成的隔板。能够阻挡丧尸和其他人的视线。",
    "requirements": {
      "repair": {
        "time": "5 m",
        "using": [
          [
            "blobrep",
            1
          ]
        ]
      }
    },
    "flags": [
      "OPAQUE",
      "OBSTACLE",
      "FOLDABLE",
      "FULL_BOARD"
    ]
  }
]