[
  {
    "id": "gloopletread",
    "type": "vehicle_part",
    "name": {
      "str": "凝胶履带"
    },
    "item": "gloopletread",
    "location": "under",
    "symbol": "|",
    "broken_symbol": "x",
    "color": "light_green",
    "broken_color": "light_green",
    "durability": 250,
    "damage_modifier": 10,
    "folded_volume": "2500 ml",
    "breaks_into": [
      {
        "item": "glooplegrow"
      }
    ],
    "description": "一条由变形怪环环相扣而成的履带。它可以替代轮胎，提供了更好抓地和越野性能。",
    "requirements": {
      "install": {
        "skills": [
          [
            "mechanics",
            1
          ]
        ],
        "time": "20 m"
      },
      "removal": {
        "skills": [
          [
            "mechanics",
            1
          ]
        ],
        "time": "10 m"
      },
      "repair": {
        "skills": [
          [
            "mechanics",
            1
          ]
        ],
        "time": "5 m",
        "using": [
          [
            "blobrep",
            1
          ]
        ]
      }
    },
    "wheel_type": "treads",
    "contact_area": 2500,
    "rolling_resistance": 6,
    "flags": [
      "WHEEL",
      "VARIABLE_SIZE",
      "MULTISQUARE",
      "TRACKED",
      "FOLDABLE"
    ]
  },
  {
    "id": "oozletread",
    "type": "vehicle_part",
    "copy-from": "gloopletread",
    "name": {
      "str": "软泥履带"
    },
    "item": "oozletread",
    "durability": 500,
    "breaks_into": [
      {
        "item": "oozlegrow"
      }
    ]
  },
  {
    "id": "graytread",
    "type": "vehicle_part",
    "copy-from": "gloopletread",
    "name": {
      "str": "灰色履带"
    },
    "item": "graytread",
    "durability": 1000,
    "breaks_into": [
      {
        "item": "graygrow"
      }
    ]
  }
]