[
  {
    "id": "gloople_frame",
    "type": "vehicle_part",
    "name": {
      "str": "凝胶车架"
    },
    "item": "gloople",
    "location": "structure",
    "standard_symbols": true,
    "color": "light_green",
    "broken_color": "light_green",
    "durability": 250,
    "damage_modifier": 10,
    "folded_volume": "250 ml",
    "breaks_into": [
      {
        "item": "glooplegrow"
      }
    ],
    "description": "一只活的变形怪变成车辆框架，其他变形怪和载具部件能够安装在它上面。如果构成载具的所有框架和部件都可折叠（变形怪可以），那么这辆载具能够被打包折叠并可像普通物品一样被拾取带走。",
    "requirements": {
      "repair": {
        "time": "5 m",
        "using": [
          [
            "blobrep",
            1
          ]
        ]
      }
    },
    "flags": [
      "FOLDABLE",
      "MOUNTABLE",
      "INITIAL_PART"
    ]
  },
  {
    "id": "gray_frame",
    "type": "vehicle_part",
    "name": {
      "str": "灰色车架"
    },
    "item": "gray",
    "location": "structure",
    "standard_symbols": true,
    "color": "light_gray",
    "broken_color": "light_gray",
    "durability": 1000,
    "damage_modifier": 10,
    "folded_volume": "250 ml",
    "breaks_into": [
      {
        "item": "graygrow"
      }
    ],
    "description": "一只活的变形怪变成车辆框架，其他变形怪和载具部件能够安装在它上面。如果构成载具的所有框架和部件都可折叠（变形怪可以），那么这辆载具能够被打包折叠并可像普通物品一样被拾取带走。",
    "requirements": {
      "repair": {
        "time": "5 m",
        "using": [
          [
            "blobrep",
            1
          ]
        ]
      }
    },
    "flags": [
      "FOLDABLE",
      "MOUNTABLE",
      "INITIAL_PART"
    ]
  },
  {
    "id": "oozle_frame",
    "type": "vehicle_part",
    "name": {
      "str": "软泥底盘"
    },
    "item": "oozle",
    "location": "structure",
    "standard_symbols": true,
    "color": "green",
    "broken_color": "green",
    "durability": 500,
    "damage_modifier": 10,
    "folded_volume": "250 ml",
    "breaks_into": [
      {
        "item": "oozlegrow"
      }
    ],
    "requirements": {
      "repair": {
        "time": "5 m",
        "using": [
          [
            "blobrep",
            1
          ]
        ]
      }
    },
    "description": "一只活的变形怪变成车辆框架，其他变形怪和载具部件能够安装在它上面。如果构成载具的所有框架和部件都可折叠（变形怪可以），那么这辆载具能够被打包折叠并可像普通物品一样被拾取带走。",
    "flags": [
      "FOLDABLE",
      "MOUNTABLE",
      "INITIAL_PART"
    ]
  }
]