[
  {
    "id": "dboard_board",
    "type": "vehicle_part",
    "name": {
      "str": "钻石屏障"
    },
    "item": "diamondplate",
    "location": "center",
    "standard_symbols": true,
    "color": "white",
    "broken_color": "white",
    "description": "一片透明而坚固的可再生的钻石结晶隔板。",
    "durability": 5000,
    "breaks_into": [
      {
        "item": "spiral_matrix"
      },
      {
        "item": "dshards",
        "count": [
          50,
          100
        ]
      },
      {
        "item": "dcluster",
        "count": [
          2,
          6
        ]
      }
    ],
    "requirements": {
      "install": {
        "skills": [
          [
            "mechanics",
            6
          ]
        ],
        "time": "60 m",
        "using": [
          [
            "welding_standard",
            5
          ]
        ]
      },
      "removal": {
        "skills": [
          [
            "mechanics",
            4
          ]
        ],
        "time": "45 m",
        "using": [
          [
            "vehicle_weld_removal",
            1
          ]
        ]
      },
      "repair": {
        "skills": [
          [
            "mechanics",
            7
          ]
        ],
        "time": "25 m",
        "using": [
          [
            "welding_standard",
            5
          ]
        ]
      }
    },
    "flags": [
      "OBSTACLE",
      "WINDOW",
      "FULL_BOARD"
    ]
  },
  {
    "id": "dframe_frame",
    "type": "vehicle_part",
    "name": {
      "str": "钻石车架"
    },
    "item": "diamondframe",
    "location": "structure",
    "standard_symbols": true,
    "color": "white",
    "broken_color": "white",
    "description": "一个特别坚固的钻石结晶车辆框架。其他载具部件能够安装在它上面，在它四周增加新的车辆框架，就可以增加车辆大小。",
    "durability": 3000,
    "breaks_into": [
      {
        "item": "spiral_matrix"
      },
      {
        "item": "dshards",
        "count": [
          75,
          150
        ]
      },
      {
        "item": "dcluster",
        "count": [
          4,
          8
        ]
      }
    ],
    "requirements": {
      "install": {
        "skills": [
          [
            "mechanics",
            6
          ]
        ],
        "time": "60 m",
        "using": [
          [
            "welding_standard",
            5
          ]
        ]
      },
      "removal": {
        "skills": [
          [
            "mechanics",
            4
          ]
        ],
        "time": "45 m",
        "using": [
          [
            "vehicle_weld_removal",
            1
          ]
        ]
      },
      "repair": {
        "skills": [
          [
            "mechanics",
            7
          ]
        ],
        "time": "25 m",
        "using": [
          [
            "welding_standard",
            5
          ]
        ]
      }
    },
    "flags": [
      "MOUNTABLE",
      "INITIAL_PART"
    ]
  },
  {
    "id": "plating_diamond",
    "type": "vehicle_part",
    "name": {
      "str": "钻石装甲板"
    },
    "item": "diamondplate",
    "location": "armor",
    "symbol": ")",
    "broken_symbol": ")",
    "color": "white",
    "broken_color": "white",
    "description": "一块透明的钻石结晶装甲板。能够部分保护安装在此处车架的其他部件免受伤害。",
    "durability": 5000,
    "breaks_into": [
      {
        "item": "spiral_matrix"
      },
      {
        "item": "dshards",
        "count": [
          50,
          100
        ]
      },
      {
        "item": "dcluster",
        "count": [
          2,
          6
        ]
      }
    ],
    "requirements": {
      "install": {
        "skills": [
          [
            "mechanics",
            5
          ]
        ],
        "time": "60 m",
        "using": [
          [
            "welding_standard",
            5
          ]
        ]
      },
      "removal": {
        "skills": [
          [
            "mechanics",
            3
          ]
        ],
        "time": "45 m",
        "using": [
          [
            "vehicle_weld_removal",
            1
          ]
        ]
      },
      "repair": {
        "skills": [
          [
            "mechanics",
            6
          ]
        ],
        "time": "25 m",
        "using": [
          [
            "welding_standard",
            5
          ]
        ]
      }
    },
    "flags": [
      "ARMOR",
      "WINDOW"
    ]
  }
]