[
  {
    "id": "mounted_diamondlance",
    "copy-from": "turret",
    "type": "vehicle_part",
    "name": {
      "str": "钻石长枪"
    },
    "item": "diamondlance",
    "color": "white",
    "broken_color": "white",
    "size": 10,
    "folded_volume": "5500 ml",
    "breaks_into": [
      {
        "item": "diamondlance",
        "count": [
          0,
          1
        ]
      }
    ],
    "requirements": {
      "install": {
        "skills": [
          [
            "mechanics",
            5
          ]
        ],
        "time": "25 m",
        "using": [
          [
            "vehicle_wrench_2",
            1
          ]
        ]
      },
      "removal": {
        "skills": [
          [
            "mechanics",
            4
          ]
        ],
        "time": "20 m",
        "using": [
          [
            "vehicle_wrench_2",
            1
          ]
        ]
      },
      "repair": {
        "skills": [
          [
            "mechanics",
            3
          ]
        ],
        "time": "15 m",
        "using": [
          [
            "welding_standard",
            5
          ]
        ]
      }
    }
  },
  {
    "id": "mounted_diamondnova",
    "copy-from": "turret",
    "type": "vehicle_part",
    "name": {
      "str": "钻石新星"
    },
    "item": "diamondnova",
    "color": "white",
    "broken_color": "white",
    "size": 10,
    "folded_volume": "5500 ml",
    "breaks_into": [
      {
        "item": "diamondnova",
        "count": [
          0,
          1
        ]
      }
    ],
    "requirements": {
      "install": {
        "skills": [
          [
            "mechanics",
            5
          ]
        ],
        "time": "25 m",
        "using": [
          [
            "vehicle_wrench_2",
            1
          ]
        ]
      },
      "removal": {
        "skills": [
          [
            "mechanics",
            4
          ]
        ],
        "time": "20 m",
        "using": [
          [
            "vehicle_wrench_2",
            1
          ]
        ]
      },
      "repair": {
        "skills": [
          [
            "mechanics",
            3
          ]
        ],
        "time": "15 m",
        "using": [
          [
            "welding_standard",
            5
          ]
        ]
      }
    }
  }
]