[
  {
    "id": "mounted_vortexaccelerator",
    "copy-from": "turret",
    "type": "vehicle_part",
    "name": {
      "str": "车载 涡漩加速器"
    },
    "item": "vortexaccelerator",
    "color": "pink",
    "broken_color": "pink",
    "size": 1000,
    "folded_volume": "2500 ml",
    "breaks_into": [
      {
        "item": "vortexaccelerator",
        "count": [
          0,
          1
        ]
      }
    ],
    "requirements": {
      "install": {
        "skills": [
          [
            "mechanics",
            4
          ]
        ],
        "time": "25 m",
        "using": [
          [
            "vehicle_wrench_2",
            1
          ]
        ]
      },
      "removal": {
        "skills": [
          [
            "mechanics",
            3
          ]
        ],
        "time": "20 m",
        "using": [
          [
            "vehicle_wrench_2",
            1
          ]
        ]
      },
      "repair": {
        "skills": [
          [
            "mechanics",
            3
          ]
        ],
        "time": "15 m",
        "using": [
          [
            "welding_standard",
            5
          ]
        ]
      }
    }
  },
  {
    "id": "mounted_vortexbolter",
    "copy-from": "turret",
    "type": "vehicle_part",
    "name": {
      "str": "车载 涡漩箭发射器"
    },
    "item": "vortexbolter",
    "color": "pink",
    "broken_color": "pink",
    "size": 10,
    "folded_volume": "2500 ml",
    "breaks_into": [
      {
        "item": "vortexbolter",
        "count": [
          0,
          1
        ]
      }
    ],
    "requirements": {
      "install": {
        "skills": [
          [
            "mechanics",
            4
          ]
        ],
        "time": "25 m",
        "using": [
          [
            "vehicle_wrench_2",
            1
          ]
        ]
      },
      "removal": {
        "skills": [
          [
            "mechanics",
            3
          ]
        ],
        "time": "20 m",
        "using": [
          [
            "vehicle_wrench_2",
            1
          ]
        ]
      },
      "repair": {
        "skills": [
          [
            "mechanics",
            3
          ]
        ],
        "time": "15 m",
        "using": [
          [
            "welding_standard",
            5
          ]
        ]
      }
    }
  },
  {
    "id": "mounted_vortexcannon",
    "copy-from": "turret",
    "type": "vehicle_part",
    "name": {
      "str": "车载 漩涡空气炮"
    },
    "item": "vortexcannon",
    "color": "pink",
    "broken_color": "pink",
    "size": 10,
    "folded_volume": "5 L",
    "breaks_into": [
      {
        "item": "vortexcannon",
        "count": [
          0,
          1
        ]
      }
    ],
    "requirements": {
      "install": {
        "skills": [
          [
            "mechanics",
            4
          ]
        ],
        "time": "25 m",
        "using": [
          [
            "vehicle_wrench_2",
            1
          ]
        ]
      },
      "removal": {
        "skills": [
          [
            "mechanics",
            3
          ]
        ],
        "time": "20 m",
        "using": [
          [
            "vehicle_wrench_2",
            1
          ]
        ]
      },
      "repair": {
        "skills": [
          [
            "mechanics",
            3
          ]
        ],
        "time": "15 m",
        "using": [
          [
            "welding_standard",
            5
          ]
        ]
      }
    }
  },
  {
    "id": "mounted_vortexrifle",
    "copy-from": "turret",
    "type": "vehicle_part",
    "name": {
      "str": "车载 涡漩步枪"
    },
    "item": "vortexrifle",
    "color": "pink",
    "broken_color": "pink",
    "size": 40,
    "folded_volume": "2500 ml",
    "breaks_into": [
      {
        "item": "vortexrifle",
        "count": [
          0,
          1
        ]
      }
    ],
    "requirements": {
      "install": {
        "skills": [
          [
            "mechanics",
            4
          ]
        ],
        "time": "25 m",
        "using": [
          [
            "vehicle_wrench_2",
            1
          ]
        ]
      },
      "removal": {
        "skills": [
          [
            "mechanics",
            3
          ]
        ],
        "time": "20 m",
        "using": [
          [
            "vehicle_wrench_2",
            1
          ]
        ]
      },
      "repair": {
        "skills": [
          [
            "mechanics",
            3
          ]
        ],
        "time": "15 m",
        "using": [
          [
            "welding_standard",
            5
          ]
        ]
      }
    }
  }
]