[
  {
    "id": "armor_alloyplate",
    "copy-from": "armor_lightplate",
    "type": "ARMOR",
    "name": {
      "str": "超合金板甲"
    },
    "description": "一套哥特式板甲，使用超合金装甲板手工制作，轻便的同时防护效果更好。",
    "weight": "7000 g",
    "price": "1200 USD",
    "material": [
      "superalloy",
      "leather"
    ],
    "encumbrance": 18,
    "material_thickness": 5
  },
  {
    "id": "survivor_lightplate",
    "copy-from": "armor_lightplate",
    "type": "ARMOR",
    "name": {
      "str": "幸存者板甲"
    },
    "description": "一套哥特式板甲，在每个薄弱的关节连接处特地采用凯夫拉纤维加固以获得更好的保护。",
    "weight": "13000 g",
    "volume": "18 L",
    "price": "800 USD",
    "material": [
      "steel",
      "kevlar"
    ],
    "coverage": 100,
    "encumbrance": 24,
    "warmth": 25,
    "environmental_protection": 2,
    "flags": [
      "VARSIZE",
      "OUTER",
      "STURDY"
    ]
  },
  {
    "id": "survivor_alloyplate",
    "copy-from": "armor_alloyplate",
    "type": "ARMOR",
    "name": {
      "str": "幸存者合金板甲"
    },
    "description": "一套超合金板甲，在每个薄弱的关节连接处特地采用凯夫拉纤维加固以获得更好的保护。",
    "weight": "9000 g",
    "volume": "18 L",
    "price": "1600 USD",
    "material": [
      "superalloy",
      "kevlar"
    ],
    "coverage": 100,
    "encumbrance": 22,
    "warmth": 25,
    "environmental_protection": 2,
    "flags": [
      "VARSIZE",
      "OUTER",
      "STURDY"
    ]
  },
  {
    "id": "survivor_skinsuit",
    "type": "ARMOR",
    "category": "armor",
    "name": {
      "str": "幸存者紧身衣"
    },
    "description": "由凯夫拉纤维和其他耐用织物制成的轻便自制紧身套装。可提供轻微的伤害保护，可穿在其他护甲里面，以…突出你在激烈战斗中存活下来的几率吧。",
    "weight": "2100 g",
    "volume": "4000 ml",
    "price": "300 USD",
    "material": [
      "kevlar",
      "cotton"
    ],
    "symbol": "[",
    "color": "green",
    "covers": [
      "torso",
      "arm_l",
      "arm_r",
      "leg_l",
      "leg_r"
    ],
    "coverage": 100,
    "encumbrance": 3,
    "max_encumbrance": 9,
    "warmth": 10,
    "material_thickness": 1,
    "environmental_protection": 2,
    "pocket_data": [
      {
        "pocket_type": "CONTAINER",
        "max_contains_volume": "500 ml",
        "max_contains_weight": "2 kg",
        "moves": 45
      },
      {
        "pocket_type": "CONTAINER",
        "max_contains_volume": "500 ml",
        "max_contains_weight": "2 kg",
        "moves": 45
      }
    ],
    "flags": [
      "VARSIZE",
      "RAINPROOF",
      "STURDY",
      "SKINTIGHT"
    ]
  },
  {
    "id": "environmental_skinsuit",
    "copy-from": "survivor_skinsuit",
    "type": "ARMOR",
    "category": "armor",
    "name": {
      "str": "幸存者环防紧身衣"
    },
    "description": "一种由凯夫拉纤维、织物、橡胶与铁丝加强的轻便自制紧身装甲套装。为防酸和防电做了特别设计，对其他物理伤害也有一定的防护效果，并且可以穿在其他护甲下面。以…突出你在恶劣环境与那些怪物拼杀存活下来的几率……",
    "weight": "3200 g",
    "volume": "5000 ml",
    "price": "600 USD",
    "material": [
      "kevlar",
      "plastic"
    ],
    "symbol": "[",
    "color": "light_red",
    "covers": [
      "head",
      "torso",
      "arm_l",
      "arm_r",
      "hand_l",
      "hand_r",
      "leg_l",
      "leg_r",
      "foot_l",
      "foot_r"
    ],
    "coverage": 100,
    "encumbrance": 10,
    "warmth": 30,
    "material_thickness": 1,
    "environmental_protection": 4,
    "flags": [
      "VARSIZE",
      "RAINPROOF",
      "STURDY",
      "ELECTRIC_IMMUNE",
      "SKINTIGHT"
    ]
  },
  {
    "id": "armored_pack",
    "type": "ARMOR",
    "name": {
      "str": "幸存者装甲背包"
    },
    "description": "一个精心制作的定制背包。合理的设计使其可容纳尽可能多的物品。整体由由凯夫拉纤维制成，经久耐用；且在关键部位用薄金属片加固，希望能保护好它和它里面的东西。",
    "weight": "1200 g",
    "volume": "3750 ml",
    "price": "480 USD",
    "material": [
      "kevlar",
      "steel",
      "leather"
    ],
    "symbol": "[",
    "color": "brown",
    "covers": [
      "torso"
    ],
    "coverage": 30,
    "encumbrance": 3,
    "max_encumbrance": 12,
    "pocket_data": [
      {
        "pocket_type": "CONTAINER",
        "max_contains_volume": "14 L",
        "max_contains_weight": "18 kg",
        "max_item_length": "22 cm",
        "moves": 265
      },
      {
        "pocket_type": "CONTAINER",
        "max_contains_volume": "2 L",
        "max_contains_weight": "3 kg",
        "max_item_length": "15 cm",
        "moves": 235
      },
      {
        "pocket_type": "CONTAINER",
        "max_contains_volume": "1 L",
        "max_contains_weight": "2 kg",
        "max_item_length": "12 cm",
        "moves": 215
      }
    ],
    "material_thickness": 2,
    "flags": [
      "WATER_FRIENDLY",
      "STURDY",
      "BELTED"
    ]
  }
]