[
  {
    "result": "armor_alloyplate",
    "activity_level": "LIGHT_EXERCISE",
    "type": "recipe",
    "category": "CC_ARMOR",
    "subcategory": "CSC_ARMOR_SUIT",
    "skill_used": "fabrication",
    "difficulty": 9,
    "time": 320000,
    "book_learn": [
      [
        "textbook_armwest",
        8
      ]
    ],
    "qualities": [
      {
        "id": "ANVIL",
        "level": 3
      },
      {
        "id": "HAMMER",
        "level": 3
      },
      {
        "id": "CHISEL",
        "level": 3
      }
    ],
    "tools": [
      [
        [
          "tongs",
          -1
        ]
      ],
      [
        [
          "swage",
          -1
        ]
      ],
      [
        [
          "forge",
          100
        ],
        [
          "oxy_torch",
          20
        ]
      ]
    ],
    "components": [
      [
        [
          "alloy_plate",
          2
        ],
        [
          "alloy_sheet",
          10
        ]
      ],
      [
        [
          "fur",
          20
        ],
        [
          "tanned_pelt",
          3
        ],
        [
          "leather",
          20
        ],
        [
          "tanned_hide",
          3
        ]
      ]
    ],
    "proficiencies": [
      {
        "proficiency": "prof_armorsmithing"
      },
      {
        "proficiency": "prof_closures",
        "time_multiplier": 1.25,
        "fail_multiplier": 1.5
      },
      {
        "proficiency": "prof_metalworking"
      },
      {
        "proficiency": "prof_blacksmithing"
      },
      {
        "proficiency": "prof_leatherworking_basic",
        "fail_multiplier": 1.5
      }
    ]
  },
  {
    "result": "survivor_alloyplate",
    "activity_level": "LIGHT_EXERCISE",
    "type": "recipe",
    "category": "CC_ARMOR",
    "subcategory": "CSC_ARMOR_SUIT",
    "skill_used": "fabrication",
    "difficulty": 7,
    "time": 60000,
    "autolearn": true,
    "using": [
      [
        "filament",
        60
      ]
    ],
    "qualities": [
      {
        "id": "SEW",
        "level": 1
      },
      {
        "id": "CUT",
        "level": 1
      }
    ],
    "tools": [
      [
        [
          "welder",
          18
        ],
        [
          "welder_crude",
          27
        ],
        [
          "soldering_iron",
          27
        ],
        [
          "toolset",
          27
        ]
      ]
    ],
    "components": [
      [
        [
          "armor_alloyplate",
          1
        ]
      ],
      [
        [
          "kevlar",
          1
        ],
        [
          "modularvest",
          1
        ],
        [
          "swat_armor",
          1
        ],
        [
          "sheet_kevlar_layered",
          16
        ]
      ]
    ],
    "proficiencies": [
      {
        "proficiency": "prof_polymerworking"
      },
      {
        "proficiency": "prof_leatherworking_basic"
      },
      {
        "proficiency": "prof_leatherworking"
      },
      {
        "proficiency": "prof_closures"
      },
      {
        "proficiency": "prof_closures_waterproofing"
      }
    ]
  },
  {
    "result": "survivor_lightplate",
    "activity_level": "NO_EXERCISE",
    "type": "recipe",
    "category": "CC_ARMOR",
    "subcategory": "CSC_ARMOR_SUIT",
    "skill_used": "fabrication",
    "difficulty": 6,
    "time": 60000,
    "autolearn": true,
    "using": [
      [
        "filament",
        60
      ]
    ],
    "qualities": [
      {
        "id": "SEW",
        "level": 1
      },
      {
        "id": "CUT",
        "level": 1
      }
    ],
    "tools": [
      [
        [
          "welder",
          18
        ],
        [
          "welder_crude",
          27
        ],
        [
          "soldering_iron",
          27
        ],
        [
          "toolset",
          27
        ]
      ]
    ],
    "components": [
      [
        [
          "armor_lightplate",
          1
        ]
      ],
      [
        [
          "kevlar",
          1
        ],
        [
          "modularvest",
          1
        ],
        [
          "swat_armor",
          1
        ],
        [
          "sheet_kevlar_layered",
          16
        ]
      ]
    ],
    "proficiencies": [
      {
        "proficiency": "prof_polymerworking"
      },
      {
        "proficiency": "prof_leatherworking_basic"
      },
      {
        "proficiency": "prof_leatherworking"
      },
      {
        "proficiency": "prof_closures"
      },
      {
        "proficiency": "prof_closures_waterproofing"
      }
    ]
  },
  {
    "result": "survivor_skinsuit",
    "activity_level": "NO_EXERCISE",
    "type": "recipe",
    "category": "CC_ARMOR",
    "subcategory": "CSC_ARMOR_SUIT",
    "skill_used": "tailor",
    "difficulty": 7,
    "skills_required": [
      "fabrication",
      6
    ],
    "time": 60000,
    "autolearn": true,
    "using": [
      [
        "filament",
        150
      ]
    ],
    "qualities": [
      {
        "id": "CUT",
        "level": 1
      },
      {
        "id": "SEW",
        "level": 1
      }
    ],
    "tools": [
      [
        [
          "welder",
          28
        ],
        [
          "welder_crude",
          42
        ],
        [
          "soldering_iron",
          42
        ],
        [
          "toolset",
          42
        ]
      ]
    ],
    "components": [
      [
        [
          "rag",
          10
        ]
      ],
      [
        [
          "duct_tape",
          200
        ]
      ],
      [
        [
          "kevlar",
          1
        ],
        [
          "modularvest",
          1
        ],
        [
          "swat_armor",
          1
        ],
        [
          "sheet_kevlar_layered",
          18
        ]
      ]
    ],
    "proficiencies": [
      {
        "proficiency": "prof_polymerworking"
      },
      {
        "proficiency": "prof_leatherworking_basic"
      },
      {
        "proficiency": "prof_leatherworking"
      },
      {
        "proficiency": "prof_closures"
      },
      {
        "proficiency": "prof_closures_waterproofing"
      }
    ]
  },
  {
    "result": "environmental_skinsuit",
    "activity_level": "NO_EXERCISE",
    "type": "recipe",
    "category": "CC_ARMOR",
    "subcategory": "CSC_ARMOR_SUIT",
    "skill_used": "tailor",
    "difficulty": 9,
    "skills_required": [
      "fabrication",
      9
    ],
    "time": 180000,
    "autolearn": true,
    "using": [
      [
        "filament",
        250
      ]
    ],
    "qualities": [
      {
        "id": "CUT",
        "level": 1
      },
      {
        "id": "SEW",
        "level": 1
      }
    ],
    "tools": [
      [
        [
          "welder",
          280
        ],
        [
          "welder_crude",
          420
        ],
        [
          "soldering_iron",
          420
        ],
        [
          "toolset",
          420
        ]
      ]
    ],
    "components": [
      [
        [
          "duct_tape",
          200
        ]
      ],
      [
        [
          "kevlar",
          1
        ],
        [
          "modularvest",
          1
        ],
        [
          "swat_armor",
          1
        ],
        [
          "sheet_kevlar_layered",
          18
        ]
      ],
      [
        [
          "cable",
          150
        ]
      ],
      [
        [
          "plastic_chunk",
          10
        ]
      ],
      [
        [
          "cleansuit",
          1
        ]
      ]
    ],
    "proficiencies": [
      {
        "proficiency": "prof_polymerworking"
      },
      {
        "proficiency": "prof_leatherworking_basic"
      },
      {
        "proficiency": "prof_leatherworking"
      },
      {
        "proficiency": "prof_closures"
      },
      {
        "proficiency": "prof_closures_waterproofing"
      }
    ]
  },
  {
    "result": "armored_pack",
    "activity_level": "LIGHT_EXERCISE",
    "type": "recipe",
    "category": "CC_ARMOR",
    "subcategory": "CSC_ARMOR_STORAGE",
    "skill_used": "tailor",
    "difficulty": 7,
    "skills_required": [
      "fabrication",
      6
    ],
    "time": 100000,
    "autolearn": true,
    "using": [
      [
        "filament",
        300
      ]
    ],
    "qualities": [
      {
        "id": "CUT",
        "level": 1
      },
      {
        "id": "SEW",
        "level": 1
      }
    ],
    "tools": [
      [
        [
          "welder",
          280
        ],
        [
          "welder_crude",
          420
        ],
        [
          "soldering_iron",
          420
        ],
        [
          "toolset",
          420
        ]
      ]
    ],
    "components": [
      [
        [
          "leather",
          10
        ],
        [
          "tanned_hide",
          2
        ]
      ],
      [
        [
          "runner_bag",
          4
        ],
        [
          "backpack",
          2
        ],
        [
          "backpack_leather",
          2
        ],
        [
          "mbag",
          4
        ]
      ],
      [
        [
          "chestrig",
          1
        ],
        [
          "legrig",
          1
        ],
        [
          "vest",
          1
        ],
        [
          "tool_belt",
          1
        ],
        [
          "ragpouch",
          4
        ],
        [
          "leather_pouch",
          2
        ],
        [
          "dump_pouch",
          1
        ],
        [
          "purse",
          2
        ],
        [
          "fanny",
          2
        ]
      ],
      [
        [
          "kevlar",
          1
        ],
        [
          "modularvest",
          1
        ],
        [
          "swat_armor",
          1
        ],
        [
          "sheet_kevlar_layered",
          12
        ]
      ],
      [
        [
          "duct_tape",
          200
        ]
      ],
      [
        [
          "steel_chunk",
          2
        ],
        [
          "scrap",
          6
        ]
      ]
    ],
    "proficiencies": [
      {
        "proficiency": "prof_polymerworking"
      },
      {
        "proficiency": "prof_leatherworking_basic"
      },
      {
        "proficiency": "prof_leatherworking"
      },
      {
        "proficiency": "prof_closures"
      },
      {
        "proficiency": "prof_armorsmithing"
      },
      {
        "proficiency": "prof_metalworking"
      },
      {
        "proficiency": "prof_blacksmithing"
      },
      {
        "proficiency": "prof_closures_waterproofing"
      }
    ]
  }
]