[
  {
    "id": "TALK_OLD_GUARD_REP",
    "type": "talk_topic",
    "responses": [
      {
        "text": "我抓到你的叛徒了。",
        "topic": "TALK_OLD_GUARD_REP_TRAITOR",
        "condition": {
          "u_has_var": "rc_search_for_bandit",
          "type": "count",
          "context": "unmarked_mission_progress",
          "value": "2"
        },
        "switch": true
      }
    ]
  },
  {
    "id": "TALK_OLD_GUARD_REP_TRAITOR",
    "type": "talk_topic",
    "dynamic_line": "谢谢你，如果别人问起来我会解释的。",
    "speaker_effect": {
      "effect": [
        "mission_success",
        "clear_mission",
        {
          "npc_first_topic": "TALK_OLD_GUARD_REP_BUSY"
        },
        {
          "u_lose_var": "rc_search_for_bandit",
          "type": "count",
          "context": "unmarked_mission_progress"
        }
      ]
    },
    "responses": [
      {
        "text": "没问题。",
        "topic": "TALK_DONE"
      }
    ]
  },
  {
    "id": "TALK_OLD_GUARD_REP_BUSY",
    "type": "talk_topic",
    "dynamic_line": "我很忙。我们改天再谈吧。",
    "responses": [
      {
        "text": "…",
        "topic": "TALK_DONE"
      }
    ]
  }
]