[
  {
    "id": "mon_BL9_argan_1",
    "looks_like": "mon_mi_go_scout",
    "type": "MONSTER",
    "name": {
      "str": "阿加诺德咕噜"
    },
    "description": "它是一个高大、优雅、纤细的人形外星人，散发着明亮的紫色水晶光，它的头看起来像一个水样的水滴，上面长着像头发一样的长触须，除了充满恶意的细长眼睛外，几乎看不出它的面部特征",
    "default_faction": "BL9_cultists",
    "species": [
      "ZOMBIE",
      "HUMAN"
    ],
    "volume": "62500 ml",
    "weight": "81500 g",
    "hp": 188,
    "speed": 70,
    "material": [
      "hflesh"
    ],
    "symbol": "@",
    "color": "brown",
    "aggression": 100,
    "morale": 100,
    "melee_skill": 5,
    "melee_dice": 1,
    "harvest": "zombie",
    "melee_dice_sides": 2,
    "melee_cut": 1,
    "attack_effs": [
      {
        "id": "BL9_bleed_immun",
        "duration": 15,
        "bp": "torso"
      }
    ],
    "melee_damage": [
      {
        "damage_type": "cut",
        "amount": 8,
        "armor_penetration": 14
      }
    ],
    "dodge": 3,
    "armor_bash": 11,
    "armor_cut": 11,
    "armor_bullet": 11,
    "death_function": [
      "NORMAL"
    ],
    "death_drops": "BL9_Drops_Cult",
    "special_attacks": [
      {
        "type": "monster_attack",
        "attack_type": "melee",
        "cooldown": 8,
        "move_cost": 140,
        "damage_max_instance": [
          {
            "damage_type": "cut",
            "amount": 16,
            "armor_penetration": 16
          }
        ],
        "hit_dmg_u": "The %1$s swings it's hair-like tentacles at you!",
        "hit_dmg_npc": "The %1$s swings it's hair-like tentacles at <npcname>!",
        "no_dmg_msg_u": "The %1$s tries to swing it's hair-like tentacles at you, but fails to penetrate your armor!",
        "no_dmg_msg_npc": "The %1$s tries to swings it's hair-like tentacles at <npcname>, but fails to penetrate their armor!",
        "miss_msg_u": "The %s swings it's hair-like tentacles at you, but you dodge!",
        "miss_msg_npc": "The %s swings it's hair-like tentacles at <npcname>, but they dodge!"
      }
    ],
    "flags": [
      "SEES",
      "HEARS",
      "SMELLS",
      "WARM",
      "BASHES",
      "GROUP_BASH",
      "POISON",
      "NO_BREATHE",
      "BONES",
      "GRABS",
      "PUSH_MON"
    ]
  },
  {
    "id": "mon_BL9_argan_2",
    "looks_like": "mon_mi_go",
    "type": "MONSTER",
    "name": {
      "str": "Arganoide突变体"
    },
    "description": "这是一个身材修长的人形外星人，散发着明亮的紫色水晶光，动作僵硬，它的头看起来像某种形状不好的液滴，它的触须从它剩下的任何地方长出来，向各个方向疯狂地摆动",
    "default_faction": "BL9_cultists",
    "species": [
      "ZOMBIE",
      "HUMAN"
    ],
    "volume": "62500 ml",
    "weight": "81500 g",
    "hp": 188,
    "speed": 70,
    "material": [
      "hflesh"
    ],
    "symbol": "@",
    "color": "brown",
    "aggression": 100,
    "morale": 100,
    "melee_skill": 5,
    "melee_dice": 1,
    "harvest": "zombie",
    "melee_dice_sides": 2,
    "melee_cut": 1,
    "attack_effs": [
      {
        "id": "BL9_bleed_immun",
        "duration": 15,
        "bp": "torso"
      }
    ],
    "melee_damage": [
      {
        "damage_type": "cut",
        "amount": 9,
        "armor_penetration": 15
      }
    ],
    "dodge": 3,
    "armor_bash": 11,
    "armor_cut": 11,
    "armor_bullet": 11,
    "death_function": [
      "NORMAL"
    ],
    "death_drops": "BL9_Drops_Cult",
    "special_attacks": [
      {
        "type": "monster_attack",
        "attack_type": "melee",
        "cooldown": 8,
        "move_cost": 140,
        "damage_max_instance": [
          {
            "damage_type": "cut",
            "amount": 16,
            "armor_penetration": 16
          }
        ],
        "hit_dmg_u": "The %1$s wildly swings it's hair-like tentacles at you!",
        "hit_dmg_npc": "The %1$s wildly swings it's hair-like tentacles at <npcname>!",
        "no_dmg_msg_u": "The %1$s tries to wildly swing it's hair-like tentacles at you, but fails to penetrate your armor!",
        "no_dmg_msg_npc": "The %1$s tries to wildly swing it's hair-like tentacles at <npcname>, but fails to penetrate their armor!",
        "miss_msg_u": "The %s wildly swings it's hair-like tentacles at you, but you dodge!",
        "miss_msg_npc": "The %s wildly swings it's hair-like tentacles at <npcname>, but they dodge!"
      }
    ],
    "flags": [
      "SEES",
      "HEARS",
      "SMELLS",
      "WARM",
      "BASHES",
      "GROUP_BASH",
      "POISON",
      "NO_BREATHE",
      "BONES",
      "GRABS",
      "PUSH_MON"
    ]
  },
  {
    "id": "mon_BL9_argan_3",
    "looks_like": "mon_zombie_phase_skulker",
    "type": "MONSTER",
    "name": {
      "str": "阿甘诺德灵能大师"
    },
    "description": "一个高大优雅纤细的人形外星人，散发着明亮的紫色水晶光，它的头看起来像一个水状的水滴，长出毛发般的长触手，它披着斗篷，挥舞着发光的球状外星人神器",
    "default_faction": "BL9_cultists",
    "species": [
      "ZOMBIE",
      "HUMAN"
    ],
    "volume": "62500 ml",
    "weight": "81500 g",
    "hp": 205,
    "speed": 70,
    "material": [
      "hflesh"
    ],
    "symbol": "@",
    "color": "brown",
    "aggression": 100,
    "morale": 100,
    "melee_skill": 5,
    "melee_dice": 1,
    "harvest": "zombie",
    "melee_dice_sides": 2,
    "melee_cut": 1,
    "attack_effs": [
      {
        "id": "BL9_bleed_immun",
        "duration": 15,
        "bp": "torso"
      }
    ],
    "melee_damage": [
      {
        "damage_type": "bash",
        "amount": 3,
        "armor_penetration": 10
      }
    ],
    "dodge": 3,
    "armor_bash": 12,
    "armor_cut": 12,
    "armor_bullet": 12,
    "death_function": [
      "NORMAL"
    ],
    "death_drops": "BL9_Drops_Cult",
    "special_attacks": [
      {
        "type": "monster_attack",
        "attack_type": "melee",
        "cooldown": 7,
        "move_cost": 140,
        "damage_max_instance": [
          {
            "damage_type": "stab",
            "amount": 18,
            "armor_penetration": 16
          }
        ],
        "hit_dmg_u": "The %1$s conjures a glowing shortblade and strikes you with it!",
        "hit_dmg_npc": "The %1$s conjures a glowing shortblade and strikes <npcname> with it!",
        "no_dmg_msg_u": "The %1$s conjures a glowing shortblade and tries to strike you with it, but fails to penetrate your armor!",
        "no_dmg_msg_npc": "The %1$s conjures a glowing shortblade and tries to strike <npcname> with it, but fails to penetrate their armor!",
        "miss_msg_u": "The %s conjures a glowing shortblade and tries to strike you, but you dodge!",
        "miss_msg_npc": "The %s conjures a glowing shortblade and tries to strike <npcname>, but they dodge!"
      },
      {
        "type": "spell",
        "spell_data": {
          "id": "argan_psi_orbs"
        },
        "cooldown": 12,
        "monster_message": "<color_light_red>%1$s在%3$s点召唤出一场明亮的紫色火焰球雨！</color>"
      }
    ],
    "flags": [
      "SEES",
      "HEARS",
      "SMELLS",
      "WARM",
      "BASHES",
      "GROUP_BASH",
      "POISON",
      "NO_BREATHE",
      "BONES",
      "GRABS",
      "PUSH_MON"
    ]
  },
  {
    "id": "mon_BL9_argan_4",
    "looks_like": "mon_mi_go_surgeon",
    "type": "MONSTER",
    "name": {
      "str": "阿甘诺德战士"
    },
    "description": "它是一个高大、优雅、纤细的人形外星人，散发着明亮的紫色水晶光，它的头看起来像一个水样的水滴，上面长着头发一样的长触须，它穿着一套轻型盔甲，挥舞着一把发光的武士刀",
    "default_faction": "BL9_cultists",
    "species": [
      "ZOMBIE",
      "HUMAN"
    ],
    "volume": "62500 ml",
    "weight": "81500 g",
    "hp": 205,
    "speed": 70,
    "material": [
      "hflesh"
    ],
    "symbol": "@",
    "color": "brown",
    "aggression": 100,
    "morale": 100,
    "melee_skill": 5,
    "melee_dice": 1,
    "harvest": "zombie",
    "melee_dice_sides": 2,
    "melee_cut": 1,
    "attack_effs": [
      {
        "id": "BL9_bleed_immun",
        "duration": 15,
        "bp": "torso"
      }
    ],
    "melee_damage": [
      {
        "damage_type": "cut",
        "amount": 9,
        "armor_penetration": 16
      }
    ],
    "dodge": 3,
    "armor_bash": 12,
    "armor_cut": 12,
    "armor_bullet": 12,
    "death_function": [
      "NORMAL"
    ],
    "death_drops": "BL9_Drops_Cult",
    "special_attacks": [
      {
        "type": "monster_attack",
        "attack_type": "melee",
        "cooldown": 8,
        "move_cost": 140,
        "damage_max_instance": [
          {
            "damage_type": "cut",
            "amount": 18,
            "armor_penetration": 19
          }
        ],
        "hit_dmg_u": "The %1$s stabs you with it's glowing katar-like blade!",
        "hit_dmg_npc": "The %1$s stabs <npcname> with it's glowing katar-like blade!",
        "no_dmg_msg_u": "The %1$s tries to stab you with it's glowing katar-like blade, but fails to penetrate your armor!",
        "no_dmg_msg_npc": "The %1$s tries to stab <npcname> with it's glowing katar-like blade, but fails to penetrate their armor!",
        "miss_msg_u": "The %s lunges at you with it's glowing katar-like blade, but you dodge!",
        "miss_msg_npc": "The %s lunges at <npcname> with it's glowing katar-like blade, but they dodge!"
      },
      {
        "type": "spell",
        "spell_data": {
          "id": "argan_warr_strike"
        },
        "cooldown": 12,
        "monster_message": "<color_light_red>%1$s找到%3$s的弱点并优雅地攻击它！</color>"
      }
    ],
    "flags": [
      "SEES",
      "HEARS",
      "SMELLS",
      "WARM",
      "BASHES",
      "GROUP_BASH",
      "POISON",
      "NO_BREATHE",
      "BONES",
      "GRABS",
      "PUSH_MON"
    ]
  },
  {
    "id": "mon_BL9_argan_5",
    "looks_like": "mon_mi_go_slaver",
    "type": "MONSTER",
    "name": {
      "str": "Arganoid游骑兵"
    },
    "description": "这是一个高大、优雅、纤细的人形外星人，散发着明亮的紫色水晶光，它的头看起来像一个水样的水滴，上面长着头发一样的长触须，它穿着一套轻便的盔甲，挥舞着一把外形圆滑的未来派小型冲锋枪",
    "default_faction": "BL9_cultists",
    "species": [
      "ZOMBIE",
      "HUMAN"
    ],
    "volume": "62500 ml",
    "weight": "81500 g",
    "hp": 205,
    "speed": 100,
    "material": [
      "hflesh"
    ],
    "symbol": "@",
    "color": "brown",
    "aggression": 100,
    "morale": 100,
    "melee_skill": 5,
    "melee_dice": 1,
    "harvest": "zombie",
    "melee_dice_sides": 2,
    "melee_cut": 1,
    "attack_effs": [
      {
        "id": "BL9_bleed_immun",
        "duration": 15,
        "bp": "torso"
      }
    ],
    "melee_damage": [
      {
        "damage_type": "cut",
        "amount": 5,
        "armor_penetration": 14
      }
    ],
    "dodge": 4,
    "armor_bash": 12,
    "armor_cut": 12,
    "armor_bullet": 12,
    "death_function": [
      "NORMAL"
    ],
    "death_drops": "BL9_Drops_Cult",
    "special_attacks": [
      {
        "type": "gun",
        "cooldown": 9,
        "move_cost": 300,
        "gun_type": "mongun_BL9_argan",
        "fake_skills": [
          [
            "gun",
            9
          ],
          [
            "rifle",
            9
          ]
        ],
        "fake_dex": 9,
        "fake_per": 9,
        "require_targeting_player": false,
        "description": "Arganoide开火了，是冲锋枪！",
        "ranges": [
          [
            2,
            15,
            "DEFAULT"
          ]
        ]
      },
      {
        "type": "spell",
        "spell_data": {
          "id": "argan_ranger_shot"
        },
        "cooldown": 12,
        "monster_message": "<color_light_red>%1$s瞄准精准，在%3$s发射一个紫色的重离子枪！</color>"
      }
    ],
    "flags": [
      "SEES",
      "HEARS",
      "SMELLS",
      "WARM",
      "BASHES",
      "GROUP_BASH",
      "POISON",
      "NO_BREATHE",
      "BONES",
      "GRABS",
      "PUSH_MON"
    ]
  },
  {
    "id": "mon_BL9_argan_6",
    "looks_like": "mon_thing",
    "type": "MONSTER",
    "name": {
      "str": "Arganoide拼合"
    },
    "description": "令人毛骨悚然的BL9触手，散发出明亮的紫色水晶光，在融合的中心注入了似乎是阿加诺德头部的残余物，眼眶和嘴巴发出明亮邪恶的紫光",
    "default_faction": "BL9_cultists",
    "species": [
      "ZOMBIE",
      "HUMAN"
    ],
    "volume": "62500 ml",
    "weight": "81500 g",
    "hp": 610,
    "speed": 60,
    "material": [
      "hflesh"
    ],
    "symbol": "@",
    "color": "brown",
    "aggression": 100,
    "morale": 100,
    "melee_skill": 4,
    "melee_dice": 1,
    "harvest": "zombie",
    "melee_dice_sides": 2,
    "melee_cut": 1,
    "attack_effs": [
      {
        "id": "BL9_bleed_immun",
        "duration": 15,
        "bp": "torso"
      }
    ],
    "melee_damage": [
      {
        "damage_type": "cut",
        "amount": 18,
        "armor_penetration": 22
      }
    ],
    "dodge": 2,
    "armor_bash": 18,
    "armor_cut": 18,
    "armor_bullet": 18,
    "death_function": [
      "NORMAL"
    ],
    "death_drops": "BL9_Drops_Cult",
    "special_attacks": [
      {
        "type": "monster_attack",
        "attack_type": "melee",
        "cooldown": 8,
        "move_cost": 140,
        "damage_max_instance": [
          {
            "damage_type": "cut",
            "amount": 25,
            "armor_penetration": 25
          }
        ],
        "hit_dmg_u": "The %1$s ferociously swings it's long tentacles at you!",
        "hit_dmg_npc": "The %1$s ferociously swings it's long tentacles at <npcname>!",
        "no_dmg_msg_u": "The %1$s tries to ferociously swing it's long tentacles at you, but fails to penetrate your armor!",
        "no_dmg_msg_npc": "The %1$s tries to ferociously swing it's long tentacles at <npcname>, but fails to penetrate their armor!",
        "miss_msg_u": "The %s ferociously swings it's long tentacles at you, but you dodge!",
        "miss_msg_npc": "The %s ferociously swings it's long tentacles at <npcname>, but they dodge!"
      },
      {
        "type": "spell",
        "spell_data": {
          "id": "argan_amalg_orb"
        },
        "cooldown": 12,
        "monster_message": "<color_light_red>%1$s在%3$s召唤出一个明亮的巨大的紫色爆炸球体！</color>"
      },
      {
        "type": "spell",
        "spell_data": {
          "id": "argan_amalg_lasers"
        },
        "cooldown": 17,
        "monster_message": "<color_light_red>%1$s在%3$s处召唤出奇异激光的明亮紫色光线！</color>"
      }
    ],
    "flags": [
      "SEES",
      "HEARS",
      "SMELLS",
      "WARM",
      "BASHES",
      "GROUP_BASH",
      "POISON",
      "NO_BREATHE",
      "BONES",
      "GRABS",
      "PUSH_MON"
    ]
  },
  {
    "id": "mon_BL9_wanzel_1",
    "looks_like": "mon_charred_nightmare",
    "type": "MONSTER",
    "name": {
      "str": "万寿草"
    },
    "description": "超过5英尺8英尺高的类爬行动物，发出明亮的绿色水晶光，一个爬行动物类人的头部有一个大大加宽的前额覆盖着多条厚厚的皮肤线，多个毛发状的尖刺突出物从它的头部后部和两侧伸出，它睁大的眼睛充满威胁地凝视着",
    "default_faction": "BL9_cultists",
    "species": [
      "ZOMBIE",
      "HUMAN"
    ],
    "volume": "62500 ml",
    "weight": "81500 g",
    "hp": 216,
    "speed": 70,
    "material": [
      "hflesh"
    ],
    "symbol": "@",
    "color": "brown",
    "aggression": 100,
    "morale": 100,
    "melee_skill": 5,
    "melee_dice": 1,
    "harvest": "zombie",
    "melee_dice_sides": 2,
    "melee_cut": 1,
    "attack_effs": [
      {
        "id": "BL9_bleed_immun",
        "duration": 15,
        "bp": "torso"
      }
    ],
    "melee_damage": [
      {
        "damage_type": "stab",
        "amount": 9,
        "armor_penetration": 16
      }
    ],
    "dodge": 3,
    "armor_bash": 13,
    "armor_cut": 13,
    "armor_bullet": 13,
    "death_function": [
      "NORMAL"
    ],
    "death_drops": "BL9_Drops_Cult",
    "special_attacks": [
      {
        "type": "monster_attack",
        "attack_type": "melee",
        "cooldown": 8,
        "move_cost": 140,
        "damage_max_instance": [
          {
            "damage_type": "bash",
            "amount": 18,
            "armor_penetration": 18
          }
        ],
        "hit_dmg_u": "The %1$s crushes you with it's hard fists!",
        "hit_dmg_npc": "The %1$s crushes <npcname> with it's hard fists!",
        "no_dmg_msg_u": "The %1$s tries to crush you with it's hard fists, but fails to penetrate your armor!",
        "no_dmg_msg_npc": "The %1$s tries to crush <npcname> with it's hard fists, but fails to penetrate their armor!",
        "miss_msg_u": "The %s attempts to crush you with it's hard fists, but you dodge!",
        "miss_msg_npc": "The %s attempts to crush <npcname> with it's hard fists, but they dodge!"
      }
    ],
    "flags": [
      "SEES",
      "HEARS",
      "SMELLS",
      "WARM",
      "BASHES",
      "GROUP_BASH",
      "POISON",
      "NO_BREATHE",
      "BONES",
      "GRABS",
      "PUSH_MON"
    ]
  },
  {
    "id": "mon_BL9_wanzel_2",
    "looks_like": "mon_zombie_thorny",
    "type": "MONSTER",
    "name": {
      "str": "万寿草突变体"
    },
    "description": "身高超过5英尺8英尺的类爬行动物类人，散发出明亮的绿色水晶光，严重扭曲的爬行动物头部有一个大大加宽的前额，覆盖着多条厚厚的皮肤线条，头部后部和两侧有多个像BL9尖尖触须一样的脉动毛发",
    "default_faction": "BL9_cultists",
    "species": [
      "ZOMBIE",
      "HUMAN"
    ],
    "volume": "62500 ml",
    "weight": "81500 g",
    "hp": 216,
    "speed": 70,
    "material": [
      "hflesh"
    ],
    "symbol": "@",
    "color": "brown",
    "aggression": 100,
    "morale": 100,
    "melee_skill": 5,
    "melee_dice": 1,
    "harvest": "zombie",
    "melee_dice_sides": 2,
    "melee_cut": 1,
    "attack_effs": [
      {
        "id": "BL9_bleed_immun",
        "duration": 15,
        "bp": "torso"
      }
    ],
    "melee_damage": [
      {
        "damage_type": "stab",
        "amount": 10,
        "armor_penetration": 16
      }
    ],
    "dodge": 3,
    "armor_bash": 13,
    "armor_cut": 13,
    "armor_bullet": 13,
    "death_function": [
      "NORMAL"
    ],
    "death_drops": "BL9_Drops_Cult",
    "special_attacks": [
      {
        "type": "monster_attack",
        "attack_type": "melee",
        "cooldown": 8,
        "move_cost": 140,
        "damage_max_instance": [
          {
            "damage_type": "cut",
            "amount": 18,
            "armor_penetration": 18
          }
        ],
        "hit_dmg_u": "The %1$s wildly swings it's tentacle protrusions at you!",
        "hit_dmg_npc": "The %1$s wildly swings it's tentacle protrusions at <npcname>!",
        "no_dmg_msg_u": "The %1$s tries to wildly swing it's tentacle protrusions at you, but fails to penetrate your armor!",
        "no_dmg_msg_npc": "The %1$s tries to wildly swing it's tentacle protrusions at <npcname>, but fails to penetrate their armor!",
        "miss_msg_u": "The %s wildly swings it's tentacle protrusions at you, but you dodge!",
        "miss_msg_npc": "The %s wildly swings it's tentacle protrusions at <npcname>, but they dodge!"
      }
    ],
    "flags": [
      "SEES",
      "HEARS",
      "SMELLS",
      "WARM",
      "BASHES",
      "GROUP_BASH",
      "POISON",
      "NO_BREATHE",
      "BONES",
      "GRABS",
      "PUSH_MON"
    ]
  },
  {
    "id": "mon_BL9_wanzel_3",
    "looks_like": "mon_zombie_phase_skulker",
    "type": "MONSTER",
    "name": {
      "str": "Wanzeltium灵能大师"
    },
    "description": "身高超过5英尺8英寸的类爬虫类人形生物，发出明亮的绿色水晶光，一个类爬虫类人形生物的头部前额大大加宽，覆盖着多条厚厚的皮肤线，背部和头部两侧有多个毛发状的尖尖突起，它戴着斗篷，挥舞着发光棒状的外星人神器",
    "default_faction": "BL9_cultists",
    "species": [
      "ZOMBIE",
      "HUMAN"
    ],
    "volume": "62500 ml",
    "weight": "81500 g",
    "hp": 232,
    "speed": 70,
    "material": [
      "hflesh"
    ],
    "symbol": "@",
    "color": "brown",
    "aggression": 100,
    "morale": 100,
    "melee_skill": 5,
    "melee_dice": 1,
    "harvest": "zombie",
    "melee_dice_sides": 2,
    "melee_cut": 1,
    "attack_effs": [
      {
        "id": "BL9_bleed_immun",
        "duration": 15,
        "bp": "torso"
      }
    ],
    "melee_damage": [
      {
        "damage_type": "cut",
        "amount": 3,
        "armor_penetration": 12
      }
    ],
    "dodge": 3,
    "armor_bash": 14,
    "armor_cut": 14,
    "armor_bullet": 14,
    "death_function": [
      "NORMAL"
    ],
    "death_drops": "BL9_Drops_Cult",
    "special_attacks": [
      {
        "type": "monster_attack",
        "attack_type": "melee",
        "cooldown": 7,
        "move_cost": 140,
        "damage_max_instance": [
          {
            "damage_type": "stab",
            "amount": 20,
            "armor_penetration": 18
          }
        ],
        "hit_dmg_u": "The %1$s conjures a glowing spear and strikes you with it!",
        "hit_dmg_npc": "The %1$s conjures a glowing spear and strikes <npcname> with it!",
        "no_dmg_msg_u": "The %1$s conjures a glowing spear and tries to strike you with it, but fails to penetrate your armor!",
        "no_dmg_msg_npc": "The %1$s conjures a glowing spear and tries to strike <npcname> with it, but fails to penetrate their armor!",
        "miss_msg_u": "The %s conjures a glowing spear and tries to strike you, but you dodge!",
        "miss_msg_npc": "The %s conjures a glowing spear and tries to strike <npcname>, but they dodge!"
      },
      {
        "type": "spell",
        "spell_data": {
          "id": "wanzel_psi_vortex"
        },
        "cooldown": 12,
        "monster_message": "<color_light_red>%1$s在%3$s召唤出一个小的亮绿色漩涡，它变成了一个爆炸！</color>"
      }
    ],
    "flags": [
      "SEES",
      "HEARS",
      "SMELLS",
      "WARM",
      "BASHES",
      "GROUP_BASH",
      "POISON",
      "NO_BREATHE",
      "BONES",
      "GRABS",
      "PUSH_MON"
    ]
  },
  {
    "id": "mon_BL9_wanzel_4",
    "looks_like": "mon_zombie_soldier_acid_1",
    "type": "MONSTER",
    "name": {
      "str": "万泽尔提姆勇士"
    },
    "description": "身高超过5英尺8英尺的爬行动物类人形动物，散发出明亮的绿色水晶光，一个爬行动物类人形头部有一个大大加宽的前额，覆盖着多条厚厚的皮肤线条，头部背部和两侧多处毛发状的尖刺状突起，它穿着一套轻型装甲服，挥舞着发光的弯刀状刀片",
    "default_faction": "BL9_cultists",
    "species": [
      "ZOMBIE",
      "HUMAN"
    ],
    "volume": "62500 ml",
    "weight": "81500 g",
    "hp": 232,
    "speed": 70,
    "material": [
      "hflesh"
    ],
    "symbol": "@",
    "color": "brown",
    "aggression": 100,
    "morale": 100,
    "melee_skill": 5,
    "melee_dice": 1,
    "harvest": "zombie",
    "melee_dice_sides": 2,
    "melee_cut": 1,
    "attack_effs": [
      {
        "id": "BL9_bleed_immun",
        "duration": 15,
        "bp": "torso"
      }
    ],
    "melee_damage": [
      {
        "damage_type": "cut",
        "amount": 10,
        "armor_penetration": 18
      }
    ],
    "dodge": 3,
    "armor_bash": 14,
    "armor_cut": 14,
    "armor_bullet": 14,
    "death_function": [
      "NORMAL"
    ],
    "death_drops": "BL9_Drops_Cult",
    "special_attacks": [
      {
        "type": "monster_attack",
        "attack_type": "melee",
        "cooldown": 8,
        "move_cost": 140,
        "damage_max_instance": [
          {
            "damage_type": "cut",
            "amount": 20,
            "armor_penetration": 22
          }
        ],
        "hit_dmg_u": "The %1$s slashes you with it's glowing cutlass-like blade!",
        "hit_dmg_npc": "The %1$s slashes <npcname> with it's glowing cutlass-like blade!",
        "no_dmg_msg_u": "The %1$s tries to swing it's glowing cutlass-like blade at you, but fails to penetrate your armor!",
        "no_dmg_msg_npc": "The %1$s tries to swing it's glowing cutlass-like blade at <npcname>, but fails to penetrate their armor!",
        "miss_msg_u": "The %s swings it's glowing cutlass-like blade at you, but you dodge!",
        "miss_msg_npc": "The %s swings it's glowing cutlass-like blade at <npcname>, but they dodge!"
      },
      {
        "type": "spell",
        "spell_data": {
          "id": "wanzel_warr_strike"
        },
        "cooldown": 12,
        "monster_message": "<color_light_red>%1$s找到%3$s的弱点，将其猛烈破解！</color>"
      }
    ],
    "flags": [
      "SEES",
      "HEARS",
      "SMELLS",
      "WARM",
      "BASHES",
      "GROUP_BASH",
      "POISON",
      "NO_BREATHE",
      "BONES",
      "GRABS",
      "PUSH_MON"
    ]
  },
  {
    "id": "mon_BL9_wanzel_5",
    "looks_like": "mon_zombie_soldier_acid_2",
    "type": "MONSTER",
    "name": {
      "str": "万寿草护林员"
    },
    "description": "超过5英尺8英尺高的类爬行动物类人，发出明亮的绿色水晶光，爬行动物类人的头部有一个大大加宽的前额，覆盖着多条厚厚的皮肤线，头部后部和两侧有多个毛发状的尖刺状突起，它穿着一件轻甲套装，挥舞着一把圆滑的未来派紧凑型冲锋枪",
    "default_faction": "BL9_cultists",
    "species": [
      "ZOMBIE",
      "HUMAN"
    ],
    "volume": "62500 ml",
    "weight": "81500 g",
    "hp": 232,
    "speed": 100,
    "material": [
      "hflesh"
    ],
    "symbol": "@",
    "color": "brown",
    "aggression": 100,
    "morale": 100,
    "melee_skill": 5,
    "melee_dice": 1,
    "harvest": "zombie",
    "melee_dice_sides": 2,
    "melee_cut": 1,
    "attack_effs": [
      {
        "id": "BL9_bleed_immun",
        "duration": 15,
        "bp": "torso"
      }
    ],
    "melee_damage": [
      {
        "damage_type": "cut",
        "amount": 5,
        "armor_penetration": 14
      }
    ],
    "dodge": 4,
    "armor_bash": 14,
    "armor_cut": 14,
    "armor_bullet": 14,
    "death_function": [
      "NORMAL"
    ],
    "death_drops": "BL9_Drops_Cult",
    "special_attacks": [
      {
        "type": "gun",
        "cooldown": 9,
        "move_cost": 300,
        "gun_type": "mongun_BL9_wanzel",
        "fake_skills": [
          [
            "gun",
            9
          ],
          [
            "rifle",
            9
          ]
        ],
        "fake_dex": 9,
        "fake_per": 9,
        "require_targeting_player": false,
        "description": "万泽尔提姆发射的是冲锋枪！",
        "ranges": [
          [
            2,
            15,
            "DEFAULT"
          ]
        ]
      },
      {
        "type": "spell",
        "spell_data": {
          "id": "wanzel_ranger_shot"
        },
        "cooldown": 12,
        "monster_message": "<color_light_red>%1$s瞄准精准，在%3$s发射一颗绿色重等离子！</color>"
      }
    ],
    "flags": [
      "SEES",
      "HEARS",
      "SMELLS",
      "WARM",
      "BASHES",
      "GROUP_BASH",
      "POISON",
      "NO_BREATHE",
      "BONES",
      "GRABS",
      "PUSH_MON"
    ]
  },
  {
    "id": "mon_BL9_wanzel_6",
    "looks_like": "mon_thing",
    "type": "MONSTER",
    "name": {
      "str": "万寿草拼合"
    },
    "description": "令人毛骨悚然的BL9触须散发着明亮的绿色水晶光，在融合的中心注入了宛泽尔提姆头部的残余物，眼眶和嘴上闪烁着明亮邪恶的绿光",
    "default_faction": "BL9_cultists",
    "species": [
      "ZOMBIE",
      "HUMAN"
    ],
    "volume": "62500 ml",
    "weight": "81500 g",
    "hp": 698,
    "speed": 60,
    "material": [
      "hflesh"
    ],
    "symbol": "@",
    "color": "brown",
    "aggression": 100,
    "morale": 100,
    "melee_skill": 4,
    "melee_dice": 1,
    "harvest": "zombie",
    "melee_dice_sides": 2,
    "melee_cut": 1,
    "attack_effs": [
      {
        "id": "BL9_bleed_immun",
        "duration": 15,
        "bp": "torso"
      }
    ],
    "melee_damage": [
      {
        "damage_type": "cut",
        "amount": 20,
        "armor_penetration": 23
      }
    ],
    "dodge": 2,
    "armor_bash": 20,
    "armor_cut": 20,
    "armor_bullet": 20,
    "death_function": [
      "NORMAL"
    ],
    "death_drops": "BL9_Drops_Cult",
    "special_attacks": [
      {
        "type": "monster_attack",
        "attack_type": "melee",
        "cooldown": 8,
        "move_cost": 140,
        "damage_max_instance": [
          {
            "damage_type": "cut",
            "amount": 27,
            "armor_penetration": 28
          }
        ],
        "hit_dmg_u": "The %1$s ferociously swings it's long tentacles at you!",
        "hit_dmg_npc": "The %1$s ferociously swings it's long tentacles at <npcname>!",
        "no_dmg_msg_u": "The %1$s tries to ferociously swing it's long tentacles at you, but fails to penetrate your armor!",
        "no_dmg_msg_npc": "The %1$s tries to ferociously swing it's long tentacles at <npcname>, but fails to penetrate their armor!",
        "miss_msg_u": "The %s ferociously swings it's long tentacles at you, but you dodge!",
        "miss_msg_npc": "The %s ferociously swings it's long tentacles at <npcname>, but they dodge!"
      },
      {
        "type": "spell",
        "spell_data": {
          "id": "wanzel_amalg_orb"
        },
        "cooldown": 12,
        "monster_message": "<color_light_red>%1$s在%3$s召唤出一个明亮的巨大的绿色爆炸球体！</color>"
      },
      {
        "type": "spell",
        "spell_data": {
          "id": "wanzel_amalg_lasers"
        },
        "cooldown": 17,
        "monster_message": "<color_light_red>%1$s在%3$s处召唤出奇异激光的亮绿色光线！</color>"
      }
    ],
    "flags": [
      "SEES",
      "HEARS",
      "SMELLS",
      "WARM",
      "BASHES",
      "GROUP_BASH",
      "POISON",
      "NO_BREATHE",
      "BONES",
      "GRABS",
      "PUSH_MON"
    ]
  },
  {
    "id": "mon_BL9_davran_1",
    "looks_like": "mon_zombie_electric",
    "type": "MONSTER",
    "name": {
      "str": "达夫兰尼德咕哝"
    },
    "description": "它是一种平均身高、皮肤光滑的两栖类人形生物，发出明亮的蓝蓝色水晶光，头部两侧各有一对细长的头盖骨和突出的眼睛，目光敏锐而富有侵略性",
    "default_faction": "BL9_cultists",
    "species": [
      "ZOMBIE",
      "HUMAN"
    ],
    "volume": "62500 ml",
    "weight": "81500 g",
    "hp": 245,
    "speed": 70,
    "material": [
      "hflesh"
    ],
    "symbol": "@",
    "color": "brown",
    "aggression": 100,
    "morale": 100,
    "melee_skill": 5,
    "melee_dice": 1,
    "harvest": "zombie",
    "melee_dice_sides": 2,
    "melee_cut": 1,
    "attack_effs": [
      {
        "id": "BL9_bleed_immun",
        "duration": 15,
        "bp": "torso"
      }
    ],
    "melee_damage": [
      {
        "damage_type": "cut",
        "amount": 10,
        "armor_penetration": 18
      }
    ],
    "dodge": 3,
    "armor_bash": 15,
    "armor_cut": 15,
    "armor_bullet": 15,
    "death_function": [
      "NORMAL"
    ],
    "death_drops": "BL9_Drops_Cult",
    "special_attacks": [
      {
        "type": "monster_attack",
        "attack_type": "melee",
        "cooldown": 8,
        "move_cost": 140,
        "damage_max_instance": [
          {
            "damage_type": "cut",
            "amount": 20,
            "armor_penetration": 19
          }
        ],
        "hit_dmg_u": "The %1$s bites you with it's sharp teeth!",
        "hit_dmg_npc": "The %1$s bites <npcname> with it's sharp teeth!",
        "no_dmg_msg_u": "The %1$s tries to bite you with it's sharp teeth, but fails to penetrate your armor!",
        "no_dmg_msg_npc": "The %1$s tries to bite <npcname> with it's sharp teeth, but fails to penetrate their armor!",
        "miss_msg_u": "The %s attempts to bite you with it's sharp teeth, but you dodge!",
        "miss_msg_npc": "The %s attempts to bite <npcname> with it's sharp teeth, but they dodge!"
      }
    ],
    "flags": [
      "SEES",
      "HEARS",
      "SMELLS",
      "WARM",
      "BASHES",
      "GROUP_BASH",
      "POISON",
      "NO_BREATHE",
      "BONES",
      "GRABS",
      "PUSH_MON"
    ]
  },
  {
    "id": "mon_BL9_davran_2",
    "looks_like": "mon_zombie_nullfield",
    "type": "MONSTER",
    "name": {
      "str": "达夫兰尼德突变体"
    },
    "description": "一种平均身高、皮肤光滑、动作僵硬的两栖类人形动物，散发出明亮的蓝蓝色水晶光，细长的爆裂头盖骨从中伸出2个小触须，眼睛从头部两侧伸出，长触须柄上突出",
    "default_faction": "BL9_cultists",
    "species": [
      "ZOMBIE",
      "HUMAN"
    ],
    "volume": "62500 ml",
    "weight": "81500 g",
    "hp": 245,
    "speed": 70,
    "material": [
      "hflesh"
    ],
    "symbol": "@",
    "color": "brown",
    "aggression": 100,
    "morale": 100,
    "melee_skill": 5,
    "melee_dice": 1,
    "harvest": "zombie",
    "melee_dice_sides": 2,
    "melee_cut": 1,
    "attack_effs": [
      {
        "id": "BL9_bleed_immun",
        "duration": 15,
        "bp": "torso"
      }
    ],
    "melee_damage": [
      {
        "damage_type": "cut",
        "amount": 11,
        "armor_penetration": 19
      }
    ],
    "dodge": 3,
    "armor_bash": 15,
    "armor_cut": 15,
    "armor_bullet": 15,
    "death_function": [
      "NORMAL"
    ],
    "death_drops": "BL9_Drops_Cult",
    "special_attacks": [
      {
        "type": "monster_attack",
        "attack_type": "melee",
        "cooldown": 8,
        "move_cost": 140,
        "damage_max_instance": [
          {
            "damage_type": "cut",
            "amount": 20,
            "armor_penetration": 22
          }
        ],
        "hit_dmg_u": "The %1$s swings it's bursting tentacles at you!",
        "hit_dmg_npc": "The %1$s swings it's bursting tentacles at <npcname>!",
        "no_dmg_msg_u": "The %1$s tries to swing it's bursting tentacles at you, but fails to penetrate your armor!",
        "no_dmg_msg_npc": "The %1$s tries to swing it's bursting tentacles at <npcname>, but fails to penetrate their armor!",
        "miss_msg_u": "The %s swings it's bursting tentacles at you, but you dodge!",
        "miss_msg_npc": "The %s swings it's bursting tentacles at <npcname>, but they dodge!"
      }
    ],
    "flags": [
      "SEES",
      "HEARS",
      "SMELLS",
      "WARM",
      "BASHES",
      "GROUP_BASH",
      "POISON",
      "NO_BREATHE",
      "BONES",
      "GRABS",
      "PUSH_MON"
    ]
  },
  {
    "id": "mon_BL9_davran_3",
    "looks_like": "mon_zombie_phase_skulker",
    "type": "MONSTER",
    "name": {
      "str": "达夫兰尼德灵能大师"
    },
    "description": "这是一种平均身高、皮肤光滑的两栖类人形生物，散发出明亮的蓝蓝色水晶光，长着细长的头盖骨和从头部两侧伸出的眼睛，长着短柄，穿着斗篷，挥舞着发光的长而优雅的杖形外星神器",
    "default_faction": "BL9_cultists",
    "species": [
      "ZOMBIE",
      "HUMAN"
    ],
    "volume": "62500 ml",
    "weight": "81500 g",
    "hp": 268,
    "speed": 70,
    "material": [
      "hflesh"
    ],
    "symbol": "@",
    "color": "brown",
    "aggression": 100,
    "morale": 100,
    "melee_skill": 5,
    "melee_dice": 1,
    "harvest": "zombie",
    "melee_dice_sides": 2,
    "melee_cut": 1,
    "attack_effs": [
      {
        "id": "BL9_bleed_immun",
        "duration": 15,
        "bp": "torso"
      }
    ],
    "melee_damage": [
      {
        "damage_type": "cut",
        "amount": 4,
        "armor_penetration": 11
      }
    ],
    "dodge": 3,
    "armor_bash": 16,
    "armor_cut": 16,
    "armor_bullet": 16,
    "death_function": [
      "NORMAL"
    ],
    "death_drops": "BL9_Drops_Cult",
    "special_attacks": [
      {
        "type": "monster_attack",
        "attack_type": "melee",
        "cooldown": 7,
        "move_cost": 140,
        "damage_max_instance": [
          {
            "damage_type": "cut",
            "amount": 23,
            "armor_penetration": 22
          }
        ],
        "hit_dmg_u": "The %1$s conjures a glowing halberd and strikes you with it!",
        "hit_dmg_npc": "The %1$s conjures a glowing halberd and strikes <npcname> with it!",
        "no_dmg_msg_u": "The %1$s conjures a glowing halberd and tries to strike you with it, but fails to penetrate your armor!",
        "no_dmg_msg_npc": "The %1$s conjures a glowing halberd and tries to strike <npcname> with it, but fails to penetrate their armor!",
        "miss_msg_u": "The %s conjures a glowing halberd and tries to strike you, but you dodge!",
        "miss_msg_npc": "The %s conjures a glowing halberd and tries to strike <npcname>, but they dodge!"
      },
      {
        "type": "spell",
        "spell_data": {
          "id": "davran_psi_nebula"
        },
        "cooldown": 12,
        "monster_message": "<color_light_red>%1$s召唤出一个明亮的蓝蓝色星云，当它达到%3$s时会猛烈地爆炸！</color>"
      }
    ],
    "flags": [
      "SEES",
      "HEARS",
      "SMELLS",
      "WARM",
      "BASHES",
      "GROUP_BASH",
      "POISON",
      "NO_BREATHE",
      "BONES",
      "GRABS",
      "PUSH_MON"
    ]
  },
  {
    "id": "mon_BL9_davran_4",
    "looks_like": "mon_zombie_brute_shocker",
    "type": "MONSTER",
    "name": {
      "str": "达夫兰尼德战士"
    },
    "description": "一个平均身高、皮肤光滑的两栖类人形生物发出明亮的蓝蓝色水晶光，头盖骨细长，眼睛从头部两侧伸出，短柄，身穿轻型盔甲，挥舞着双刃发光的短剑状武器",
    "default_faction": "BL9_cultists",
    "species": [
      "ZOMBIE",
      "HUMAN"
    ],
    "volume": "62500 ml",
    "weight": "81500 g",
    "hp": 268,
    "speed": 70,
    "material": [
      "hflesh"
    ],
    "symbol": "@",
    "color": "brown",
    "aggression": 100,
    "morale": 100,
    "melee_skill": 5,
    "melee_dice": 1,
    "harvest": "zombie",
    "melee_dice_sides": 2,
    "melee_cut": 1,
    "attack_effs": [
      {
        "id": "BL9_bleed_immun",
        "duration": 15,
        "bp": "torso"
      }
    ],
    "melee_damage": [
      {
        "damage_type": "cut",
        "amount": 11,
        "armor_penetration": 20
      }
    ],
    "dodge": 3,
    "armor_bash": 16,
    "armor_cut": 16,
    "armor_bullet": 16,
    "death_function": [
      "NORMAL"
    ],
    "death_drops": "BL9_Drops_Cult",
    "special_attacks": [
      {
        "type": "monster_attack",
        "attack_type": "melee",
        "cooldown": 8,
        "move_cost": 140,
        "damage_max_instance": [
          {
            "damage_type": "cut",
            "amount": 22,
            "armor_penetration": 22
          }
        ],
        "hit_dmg_u": "The %1$s quickly slashes you with it's dual glowing shortswords!",
        "hit_dmg_npc": "The %1$s quickly slashes <npcname> with it's dual glowing shortswords!",
        "no_dmg_msg_u": "The %1$s quickly tries to slash you with it's dual glowing shortswords, but fails to penetrate your armor!",
        "no_dmg_msg_npc": "The %1$s quickly tries to slash <npcname> with it's dual glowing shortswords, but fails to penetrate their armor!",
        "miss_msg_u": "The %s attempts to quickly slash you with it's dual glowing shortswords, but you dodge!",
        "miss_msg_npc": "The %s attempts to quickly slash <npcname> with it's dual glowing shortswords, but they dodge!"
      },
      {
        "type": "spell",
        "spell_data": {
          "id": "davran_warr_strike"
        },
        "cooldown": 12,
        "monster_message": "<color_light_red>%1$s找到了%3$s的弱点，并几乎以外科手术般的精度切割它！</color>"
      }
    ],
    "flags": [
      "SEES",
      "HEARS",
      "SMELLS",
      "WARM",
      "BASHES",
      "GROUP_BASH",
      "POISON",
      "NO_BREATHE",
      "BONES",
      "GRABS",
      "PUSH_MON"
    ]
  },
  {
    "id": "mon_BL9_davran_5",
    "looks_like": "mon_zombie_bio_op2",
    "type": "MONSTER",
    "name": {
      "str": "达夫兰尼德游侠"
    },
    "description": "一种平均身高、皮肤光滑的两栖类人形生物，散发出明亮的湛蓝水晶光，细长的头盖骨以及从头部两侧伸出的眼睛，短柄，它穿着一套轻型装甲服，挥舞着一把外形圆滑的未来派小型机枪",
    "default_faction": "BL9_cultists",
    "species": [
      "ZOMBIE",
      "HUMAN"
    ],
    "volume": "62500 ml",
    "weight": "81500 g",
    "hp": 268,
    "speed": 100,
    "material": [
      "hflesh"
    ],
    "symbol": "@",
    "color": "brown",
    "aggression": 100,
    "morale": 100,
    "melee_skill": 5,
    "melee_dice": 1,
    "harvest": "zombie",
    "melee_dice_sides": 2,
    "melee_cut": 1,
    "attack_effs": [
      {
        "id": "BL9_bleed_immun",
        "duration": 15,
        "bp": "torso"
      }
    ],
    "melee_damage": [
      {
        "damage_type": "cut",
        "amount": 5,
        "armor_penetration": 16
      }
    ],
    "dodge": 4,
    "armor_bash": 16,
    "armor_cut": 16,
    "armor_bullet": 16,
    "death_function": [
      "NORMAL"
    ],
    "death_drops": "BL9_Drops_Cult",
    "special_attacks": [
      {
        "type": "gun",
        "cooldown": 9,
        "move_cost": 300,
        "gun_type": "mongun_BL9_davran",
        "fake_skills": [
          [
            "gun",
            9
          ],
          [
            "rifle",
            9
          ]
        ],
        "fake_dex": 9,
        "fake_per": 9,
        "require_targeting_player": false,
        "description": "达夫兰迪开火了，是机关枪！",
        "ranges": [
          [
            2,
            15,
            "DEFAULT"
          ]
        ]
      },
      {
        "type": "spell",
        "spell_data": {
          "id": "davran_ranger_shot"
        },
        "cooldown": 12,
        "monster_message": "<color_light_red>%1$s精确瞄准，在%3$s处发射了一枚重蓝色等离子弹！</color>"
      }
    ],
    "flags": [
      "SEES",
      "HEARS",
      "SMELLS",
      "WARM",
      "BASHES",
      "GROUP_BASH",
      "POISON",
      "NO_BREATHE",
      "BONES",
      "GRABS",
      "PUSH_MON"
    ]
  },
  {
    "id": "mon_BL9_davran_6",
    "looks_like": "mon_thing",
    "type": "MONSTER",
    "name": {
      "str": "达夫兰尼德拼合"
    },
    "description": "一团可怕的BL9触角，发出明亮的蓝蓝色水晶光，注入了达夫兰尼德头部的残余物，在这个融合的中心，眼眶和嘴巴发出明亮邪恶的蓝蓝色光",
    "default_faction": "BL9_cultists",
    "species": [
      "ZOMBIE",
      "HUMAN"
    ],
    "volume": "62500 ml",
    "weight": "81500 g",
    "hp": 825,
    "speed": 60,
    "material": [
      "hflesh"
    ],
    "symbol": "@",
    "color": "brown",
    "aggression": 100,
    "morale": 100,
    "melee_skill": 4,
    "melee_dice": 1,
    "harvest": "zombie",
    "melee_dice_sides": 2,
    "melee_cut": 1,
    "attack_effs": [
      {
        "id": "BL9_bleed_immun",
        "duration": 15,
        "bp": "torso"
      }
    ],
    "melee_damage": [
      {
        "damage_type": "cut",
        "amount": 22,
        "armor_penetration": 27
      }
    ],
    "dodge": 2,
    "armor_bash": 24,
    "armor_cut": 24,
    "armor_bullet": 24,
    "death_function": [
      "NORMAL"
    ],
    "death_drops": "BL9_Drops_Cult",
    "special_attacks": [
      {
        "type": "monster_attack",
        "attack_type": "melee",
        "cooldown": 8,
        "move_cost": 140,
        "damage_max_instance": [
          {
            "damage_type": "cut",
            "amount": 30,
            "armor_penetration": 27
          }
        ],
        "hit_dmg_u": "The %1$s ferociously swings it's long tentacles at you!",
        "hit_dmg_npc": "The %1$s ferociously swings it's long tentacles at <npcname>!",
        "no_dmg_msg_u": "The %1$s tries to ferociously swing it's long tentacles at you, but fails to penetrate your armor!",
        "no_dmg_msg_npc": "The %1$s tries to ferociously swing it's long tentacles at <npcname>, but fails to penetrate their armor!",
        "miss_msg_u": "The %s ferociously swings it's long tentacles at you, but you dodge!",
        "miss_msg_npc": "The %s ferociously swings it's long tentacles at <npcname>, but they dodge!"
      },
      {
        "type": "spell",
        "spell_data": {
          "id": "davran_amalg_orb"
        },
        "cooldown": 12,
        "monster_message": "<color_light_red>%1$s在%3$s召唤出一个明亮的巨大的蓝蓝色剧烈爆炸的球体！</color>"
      },
      {
        "type": "spell",
        "spell_data": {
          "id": "davran_amalg_lasers"
        },
        "cooldown": 17,
        "monster_message": "<color_light_red>%1$s在%3$s处召唤出奇异激光的明亮蓝蓝色光线！</color>"
      }
    ],
    "flags": [
      "SEES",
      "HEARS",
      "SMELLS",
      "WARM",
      "BASHES",
      "GROUP_BASH",
      "POISON",
      "NO_BREATHE",
      "BONES",
      "GRABS",
      "PUSH_MON"
    ]
  },
  {
    "id": "mon_BL9_salden_1",
    "looks_like": "mon_zombie_fiend",
    "type": "MONSTER",
    "name": {
      "str": "沙丁鱼"
    },
    "description": "一个高大的皮革皮肤，看起来凶猛的人形外星人发出明亮的太阳橙色水晶光，它的前额是隆起的，它的整个脸上覆盖着多个弯曲的刺，它的脖子上有一些呼吸管，它的目光就像猎人在努力寻找它的猎物",
    "default_faction": "BL9_cultists",
    "species": [
      "ZOMBIE",
      "HUMAN"
    ],
    "volume": "62500 ml",
    "weight": "81500 g",
    "hp": 284,
    "speed": 70,
    "material": [
      "hflesh"
    ],
    "symbol": "@",
    "color": "brown",
    "aggression": 100,
    "morale": 100,
    "melee_skill": 5,
    "melee_dice": 1,
    "harvest": "zombie",
    "melee_dice_sides": 2,
    "melee_cut": 1,
    "attack_effs": [
      {
        "id": "BL9_bleed_immun",
        "duration": 15,
        "bp": "torso"
      }
    ],
    "melee_damage": [
      {
        "damage_type": "cut",
        "amount": 11,
        "armor_penetration": 22
      }
    ],
    "dodge": 3,
    "armor_bash": 18,
    "armor_cut": 18,
    "armor_bullet": 18,
    "death_function": [
      "NORMAL"
    ],
    "death_drops": "BL9_Drops_Cult",
    "special_attacks": [
      {
        "type": "monster_attack",
        "attack_type": "melee",
        "cooldown": 8,
        "move_cost": 140,
        "damage_max_instance": [
          {
            "damage_type": "cut",
            "amount": 20,
            "armor_penetration": 24
          }
        ],
        "hit_dmg_u": "The %1$s strangles you with a tight grip!",
        "hit_dmg_npc": "The %1$s strangles <npcname> with a tight grip!",
        "no_dmg_msg_u": "The %1$s tries to strangle you with a tight grip, but fails to grab you properly!",
        "no_dmg_msg_npc": "The %1$s tries to strangle <npcname> with a tight grip, but fails to grab them properly!",
        "miss_msg_u": "The %s attempts to strangle you with a tight grip, but you dodge!",
        "miss_msg_npc": "The %s attempts to strangle <npcname> with a tight grip, but they dodge!"
      }
    ],
    "flags": [
      "SEES",
      "HEARS",
      "SMELLS",
      "WARM",
      "BASHES",
      "GROUP_BASH",
      "POISON",
      "NO_BREATHE",
      "BONES",
      "GRABS",
      "PUSH_MON"
    ]
  },
  {
    "id": "mon_BL9_salden_2",
    "looks_like": "mon_gas_zombie",
    "type": "MONSTER",
    "name": {
      "str": "Saldenium突变体"
    },
    "description": "一个高大的皮革皮肤的野性外形的人形外星人发出明亮的太阳橙色水晶光，它的前额是隆起的，它的整个脸上覆盖着多个弯曲的尖刺，从它的脖子呼吸管的残余突出的触角，它的脸上有一个疯狂的野性看",
    "default_faction": "BL9_cultists",
    "species": [
      "ZOMBIE",
      "HUMAN"
    ],
    "volume": "62500 ml",
    "weight": "81500 g",
    "hp": 284,
    "speed": 70,
    "material": [
      "hflesh"
    ],
    "symbol": "@",
    "color": "brown",
    "aggression": 100,
    "morale": 100,
    "melee_skill": 5,
    "melee_dice": 1,
    "harvest": "zombie",
    "melee_dice_sides": 2,
    "melee_cut": 1,
    "attack_effs": [
      {
        "id": "BL9_bleed_immun",
        "duration": 15,
        "bp": "torso"
      }
    ],
    "melee_damage": [
      {
        "damage_type": "cut",
        "amount": 12,
        "armor_penetration": 22
      }
    ],
    "dodge": 3,
    "armor_bash": 18,
    "armor_cut": 18,
    "armor_bullet": 18,
    "death_function": [
      "NORMAL"
    ],
    "death_drops": "BL9_Drops_Cult",
    "special_attacks": [
      {
        "type": "monster_attack",
        "attack_type": "melee",
        "cooldown": 8,
        "move_cost": 140,
        "damage_max_instance": [
          {
            "damage_type": "cut",
            "amount": 22,
            "armor_penetration": 22
          }
        ],
        "hit_dmg_u": "The %1$s ferociously swings it's tentacles at you!",
        "hit_dmg_npc": "The %1$s ferociously swings it's tentacles at <npcname>!",
        "no_dmg_msg_u": "The %1$s tries to ferociously swing it's tentacles at you, but fails to penetrate your armor!",
        "no_dmg_msg_npc": "The %1$s tries to ferociously swing it's tentacles at <npcname>, but fails to penetrate their armor!",
        "miss_msg_u": "The %s ferociously swings it's tentacles at you, but you dodge!",
        "miss_msg_npc": "The %s ferociously swings it's tentacles at <npcname>, but they dodge!"
      }
    ],
    "flags": [
      "SEES",
      "HEARS",
      "SMELLS",
      "WARM",
      "BASHES",
      "GROUP_BASH",
      "POISON",
      "NO_BREATHE",
      "BONES",
      "GRABS",
      "PUSH_MON"
    ]
  },
  {
    "id": "mon_BL9_salden_3",
    "looks_like": "mon_zombie_phase_skulker",
    "type": "MONSTER",
    "name": {
      "str": "灵能大师"
    },
    "description": "一个高大的皮革皮肤凶猛的人形外星人发射出明亮的太阳橙色水晶光，它的前额是脊状的，它的整个脸上覆盖着多个弯曲的尖刺，它的脖子上有一些呼吸管，它穿着斗篷，挥舞着一个光滑发光的类似PDA的外星人神器",
    "default_faction": "BL9_cultists",
    "species": [
      "ZOMBIE",
      "HUMAN"
    ],
    "volume": "62500 ml",
    "weight": "81500 g",
    "hp": 306,
    "speed": 70,
    "material": [
      "hflesh"
    ],
    "symbol": "@",
    "color": "brown",
    "aggression": 100,
    "morale": 100,
    "melee_skill": 5,
    "melee_dice": 1,
    "harvest": "zombie",
    "melee_dice_sides": 2,
    "melee_cut": 1,
    "attack_effs": [
      {
        "id": "BL9_bleed_immun",
        "duration": 15,
        "bp": "torso"
      }
    ],
    "melee_damage": [
      {
        "damage_type": "bash",
        "amount": 5,
        "armor_penetration": 14
      }
    ],
    "dodge": 3,
    "armor_bash": 19,
    "armor_cut": 19,
    "armor_bullet": 19,
    "death_function": [
      "NORMAL"
    ],
    "death_drops": "BL9_Drops_Cult",
    "special_attacks": [
      {
        "type": "monster_attack",
        "attack_type": "melee",
        "cooldown": 7,
        "move_cost": 140,
        "damage_max_instance": [
          {
            "damage_type": "cut",
            "amount": 26,
            "armor_penetration": 22
          }
        ],
        "hit_dmg_u": "The %1$s conjures a glowing longsword and strikes you with it!",
        "hit_dmg_npc": "The %1$s conjures a glowing longsword and strikes <npcname> with it!",
        "no_dmg_msg_u": "The %1$s conjures a glowing longsword and tries to strike you with it, but fails to penetrate your armor!",
        "no_dmg_msg_npc": "The %1$s conjures a glowing longsword and tries to strike <npcname> with it, but fails to penetrate their armor!",
        "miss_msg_u": "The %s conjures a glowing longsword and tries to strike you, but you dodge!",
        "miss_msg_npc": "The %s conjures a glowing longsword and tries to strike <npcname>, but they dodge!"
      },
      {
        "type": "spell",
        "spell_data": {
          "id": "salden_psi_ray"
        },
        "cooldown": 12,
        "monster_message": "<color_light_red>%1$s召唤出明亮的太阳橙色光线，在达到%3$s时剧烈爆炸！</color>"
      }
    ],
    "flags": [
      "SEES",
      "HEARS",
      "SMELLS",
      "WARM",
      "BASHES",
      "GROUP_BASH",
      "POISON",
      "NO_BREATHE",
      "BONES",
      "GRABS",
      "PUSH_MON"
    ]
  },
  {
    "id": "mon_BL9_salden_4",
    "looks_like": "mon_zombie_hammer_hands",
    "type": "MONSTER",
    "name": {
      "str": "萨尔德尼姆战士"
    },
    "description": "一个高大的皮革皮肤，看起来凶猛的人形外星人发出明亮的太阳橙色水晶光，它的前额是隆起的，它的整个脸上覆盖着多个弯曲的尖刺，它的脖子上有一些呼吸管，它穿着一件轻型盔甲，挥舞着一个沉重的发光戟状武器",
    "default_faction": "BL9_cultists",
    "species": [
      "ZOMBIE",
      "HUMAN"
    ],
    "volume": "62500 ml",
    "weight": "81500 g",
    "hp": 306,
    "speed": 70,
    "material": [
      "hflesh"
    ],
    "symbol": "@",
    "color": "brown",
    "aggression": 100,
    "morale": 100,
    "melee_skill": 5,
    "melee_dice": 1,
    "harvest": "zombie",
    "melee_dice_sides": 2,
    "melee_cut": 1,
    "attack_effs": [
      {
        "id": "BL9_bleed_immun",
        "duration": 15,
        "bp": "torso"
      }
    ],
    "melee_damage": [
      {
        "damage_type": "cut",
        "amount": 12,
        "armor_penetration": 24
      }
    ],
    "dodge": 3,
    "armor_bash": 19,
    "armor_cut": 19,
    "armor_bullet": 19,
    "death_function": [
      "NORMAL"
    ],
    "death_drops": "BL9_Drops_Cult",
    "special_attacks": [
      {
        "type": "monster_attack",
        "attack_type": "melee",
        "cooldown": 8,
        "move_cost": 140,
        "damage_max_instance": [
          {
            "damage_type": "stab",
            "amount": 23,
            "armor_penetration": 27
          }
        ],
        "hit_dmg_u": "The %1$s pierces you with it's glowing halberd!",
        "hit_dmg_npc": "The %1$s pierces <npcname> with it's glowing halberd!",
        "no_dmg_msg_u": "The %1$s tries to pierce you with it's glowing halberd, but fails to penetrate your armor!",
        "no_dmg_msg_npc": "The %1$s tries to pierce <npcname> with it's glowing halberd, but fails to penetrate their armor!",
        "miss_msg_u": "The %s attempts to pierce you with it's glowing halberd, but you dodge!",
        "miss_msg_npc": "The %s attempts to pierce <npcname> with it's glowing halberd, but they dodge!"
      },
      {
        "type": "spell",
        "spell_data": {
          "id": "salden_warr_strike"
        },
        "cooldown": 12,
        "monster_message": "<color_light_red>%1$s找到%3$s的弱点，全力撕碎！</color>"
      }
    ],
    "flags": [
      "SEES",
      "HEARS",
      "SMELLS",
      "WARM",
      "BASHES",
      "GROUP_BASH",
      "POISON",
      "NO_BREATHE",
      "BONES",
      "GRABS",
      "PUSH_MON"
    ]
  },
  {
    "id": "mon_BL9_salden_5",
    "looks_like": "mon_zombie_armored",
    "type": "MONSTER",
    "name": {
      "str": "索尔德尼姆游侠"
    },
    "description": "一个高大的皮革皮肤凶猛的人形外星人发射出明亮的太阳橙色水晶光，它的前额是脊状的，它的整个脸上覆盖着多个弯曲的尖刺，它的脖子上有一些呼吸管，它穿着一套轻型装甲服，挥舞着一把外形圆滑的未来派小型机关枪",
    "default_faction": "BL9_cultists",
    "species": [
      "ZOMBIE",
      "HUMAN"
    ],
    "volume": "62500 ml",
    "weight": "81500 g",
    "hp": 306,
    "speed": 100,
    "material": [
      "hflesh"
    ],
    "symbol": "@",
    "color": "brown",
    "aggression": 100,
    "morale": 100,
    "melee_skill": 5,
    "melee_dice": 1,
    "harvest": "zombie",
    "melee_dice_sides": 2,
    "melee_cut": 1,
    "attack_effs": [
      {
        "id": "BL9_bleed_immun",
        "duration": 15,
        "bp": "torso"
      }
    ],
    "melee_damage": [
      {
        "damage_type": "cut",
        "amount": 6,
        "armor_penetration": 19
      }
    ],
    "dodge": 4,
    "armor_bash": 19,
    "armor_cut": 19,
    "armor_bullet": 19,
    "death_function": [
      "NORMAL"
    ],
    "death_drops": "BL9_Drops_Cult",
    "special_attacks": [
      {
        "type": "gun",
        "cooldown": 9,
        "move_cost": 300,
        "gun_type": "mongun_BL9_salden",
        "fake_skills": [
          [
            "gun",
            9
          ],
          [
            "rifle",
            9
          ]
        ],
        "fake_dex": 9,
        "fake_per": 9,
        "require_targeting_player": false,
        "description": "枪开火了，是机关枪！",
        "ranges": [
          [
            2,
            15,
            "DEFAULT"
          ]
        ]
      },
      {
        "type": "spell",
        "spell_data": {
          "id": "salden_ranger_shot"
        },
        "cooldown": 12,
        "monster_message": "<color_light_red>%1$s瞄准精确，在%3$s发射了一颗沉重的太阳橙色等离子体！</color>"
      }
    ],
    "flags": [
      "SEES",
      "HEARS",
      "SMELLS",
      "WARM",
      "BASHES",
      "GROUP_BASH",
      "POISON",
      "NO_BREATHE",
      "BONES",
      "GRABS",
      "PUSH_MON"
    ]
  },
  {
    "id": "mon_BL9_salden_6",
    "looks_like": "mon_thing",
    "type": "MONSTER",
    "name": {
      "str": "Saldenium合并"
    },
    "description": "在这片明亮的橙色光柱的中心，散发着令人毛骨悚然的太阳光",
    "default_faction": "BL9_cultists",
    "species": [
      "ZOMBIE",
      "HUMAN"
    ],
    "volume": "62500 ml",
    "weight": "81500 g",
    "hp": 960,
    "speed": 60,
    "material": [
      "hflesh"
    ],
    "symbol": "@",
    "color": "brown",
    "aggression": 100,
    "morale": 100,
    "melee_skill": 4,
    "melee_dice": 1,
    "harvest": "zombie",
    "melee_dice_sides": 2,
    "melee_cut": 1,
    "attack_effs": [
      {
        "id": "BL9_bleed_immun",
        "duration": 15,
        "bp": "torso"
      }
    ],
    "melee_damage": [
      {
        "damage_type": "cut",
        "amount": 24,
        "armor_penetration": 30
      }
    ],
    "dodge": 2,
    "armor_bash": 29,
    "armor_cut": 29,
    "armor_bullet": 29,
    "death_function": [
      "NORMAL"
    ],
    "death_drops": "BL9_Drops_Cult",
    "special_attacks": [
      {
        "type": "monster_attack",
        "attack_type": "melee",
        "cooldown": 8,
        "move_cost": 140,
        "damage_max_instance": [
          {
            "damage_type": "cut",
            "amount": 33,
            "armor_penetration": 37
          }
        ],
        "hit_dmg_u": "The %1$s ferociously swings it's long tentacles at you!",
        "hit_dmg_npc": "The %1$s ferociously swings it's long tentacles at <npcname>!",
        "no_dmg_msg_u": "The %1$s tries to ferociously swing it's long tentacles at you, but fails to penetrate your armor!",
        "no_dmg_msg_npc": "The %1$s tries to ferociously swing it's long tentacles at <npcname>, but fails to penetrate their armor!",
        "miss_msg_u": "The %s ferociously swings it's long tentacles at you, but you dodge!",
        "miss_msg_npc": "The %s ferociously swings it's long tentacles at <npcname>, but they dodge!"
      },
      {
        "type": "spell",
        "spell_data": {
          "id": "salden_amalg_orb"
        },
        "cooldown": 12,
        "monster_message": "<color_light_red>%1$s召唤出一个明亮的巨大的太阳橙色球体，在%3$s处剧烈爆炸！</color>"
      },
      {
        "type": "spell",
        "spell_data": {
          "id": "salden_amalg_lasers"
        },
        "cooldown": 17,
        "monster_message": "<color_light_red>%1$s召唤出%3$s处奇异激光的明亮太阳橙色光线！</color>"
      }
    ],
    "flags": [
      "SEES",
      "HEARS",
      "SMELLS",
      "WARM",
      "BASHES",
      "GROUP_BASH",
      "POISON",
      "NO_BREATHE",
      "BONES",
      "GRABS",
      "PUSH_MON"
    ]
  }
]