[
  {
    "id": "mon_dr_gonzalez",
    "looks_like": "mon_zombie_survivor",
    "type": "MONSTER",
    "name": {
      "str": "冈萨雷斯博士"
    },
    "description": "一个身材高大的男人，穿着破烂的血迹和泥泞的衣服，头上戴着一个麻袋，眼睛的地方有两个洞，即使从远处也能看到他那双充满愤怒和恶毒的大眼睛，可以明显地听到他的电锯的呼啸声，它的声音使你的脊梁发冷",
    "species": [
      "ZOMBIE",
      "HUMAN"
    ],
    "categories": [
      "ZOMBIE"
    ],
    "default_faction": "BL9_cultists",
    "bodytype": "human",
    "symbol": "D",
    "color": "red",
    "volume": "62000 ml",
    "weight": "70000 g",
    "material": [
      "flesh"
    ],
    "aggression": 100,
    "morale": 100,
    "speed": 75,
    "attack_effs": [
      {
        "id": "BL9_bleed_immun",
        "duration": 15,
        "bp": "torso"
      }
    ],
    "melee_damage": [
      {
        "damage_type": "cut",
        "amount": 5,
        "armor_penetration": 7
      }
    ],
    "melee_skill": 6,
    "melee_dice": 1,
    "melee_dice_sides": 1,
    "melee_cut": 1,
    "dodge": 3,
    "armor_bash": 5,
    "armor_cut": 5,
    "armor_bullet": 5,
    "vision_day": 30,
    "vision_night": 5,
    "death_drops": "BL9_Drops_Cult",
    "luminance": 0,
    "hp": 118,
    "death_function": [
      "NORMAL"
    ],
    "flags": [
      "SEES",
      "GRABS",
      "SMELLS",
      "HEARS",
      "BASHES",
      "GOODHEARING",
      "STUMBLES",
      "WARM",
      "FILTHY",
      "NO_BREATHE",
      "REVIVES"
    ],
    "anger_triggers": [
      "PLAYER_CLOSE",
      "HURT"
    ],
    "harvest": "zombie",
    "special_attacks": [
      [
        "PARROT",
        5
      ],
      {
        "id": "chainsaw_swing"
      },
      {
        "id": "chainsaw_thrust"
      }
    ]
  },
  {
    "id": "mon_BL9_giant",
    "looks_like": "mon_zombie_hulk",
    "type": "MONSTER",
    "name": {
      "str": "BL9巨人"
    },
    "description": "这是“他们”所做的许多可怕的、不人道和邪恶的实验中的一个结果——23英尺高的巨型浅黄色人形生物基本上失去了所有的智力，而且非常不安全和暴力，邪教不得不将他们隔离起来，关在一些遥远的难以接近的地方，关在巨大的笼子里",
    "default_faction": "BL9_cultists",
    "bodytype": "human",
    "species": [
      "ZOMBIE",
      "HUMAN"
    ],
    "diff": 5,
    "volume": "1875 L",
    "weight": "400 kg",
    "hp": 248,
    "speed": 70,
    "attack_effs": [
      {
        "id": "BL9_bleed_immun",
        "duration": 15,
        "bp": "torso"
      }
    ],
    "melee_damage": [
      {
        "damage_type": "bash",
        "amount": 5,
        "armor_penetration": 7
      }
    ],
    "material": [
      "flesh"
    ],
    "symbol": "Z",
    "color": "white_magenta",
    "aggression": 100,
    "morale": 100,
    "melee_skill": 6,
    "melee_dice": 1,
    "melee_dice_sides": 1,
    "melee_cut": 1,
    "dodge": 2,
    "armor_bash": 5,
    "armor_cut": 5,
    "armor_bullet": 5,
    "vision_day": 50,
    "vision_night": 4,
    "harvest": "zombie",
    "special_attacks": [
      {
        "id": "crushing_blow"
      },
      {
        "type": "spell",
        "spell_data": {
          "id": "mon_giant_random"
        },
        "cooldown": 17,
        "monster_message": "<color_red>%1$s将在%3$s发疯！</color>"
      },
      [
        "SMASH",
        17
      ],
      [
        "BIO_OP_TAKEDOWN",
        22
      ]
    ],
    "death_drops": "mon_zombie_hulk_death_drops",
    "death_function": [
      "NORMAL"
    ],
    "flags": [
      "SEES",
      "HEARS",
      "SMELLS",
      "STUMBLES",
      "WARM",
      "BASHES",
      "DESTROYS",
      "POISON",
      "ATTACKMON",
      "NO_BREATHE",
      "REVIVES",
      "PUSH_MON",
      "PUSH_VEH",
      "FILTHY"
    ]
  },
  {
    "id": "mon_blind_clawer",
    "looks_like": "mon_zombie_predator",
    "type": "MONSTER",
    "name": {
      "str": "盲爪"
    },
    "description": "BL9是一种体型高大的人类宿主，他们称它为“爪子”，因为它装备了锋利的机械爪子，可以随意激活，为了限制滥杀滥伤的能力，它的眼睑被缝合在一起，虽然它的视力下降导致听力增强，这使得它们即使失明也成为令人生畏的对手",
    "default_faction": "BL9_cultists",
    "bodytype": "human",
    "species": [
      "ZOMBIE",
      "HUMAN"
    ],
    "volume": "62500 ml",
    "weight": "81500 g",
    "hp": 136,
    "speed": 100,
    "attack_effs": [
      {
        "id": "BL9_bleed_immun",
        "duration": 15,
        "bp": "torso"
      }
    ],
    "melee_damage": [
      {
        "damage_type": "cut",
        "amount": 6,
        "armor_penetration": 8
      }
    ],
    "material": [
      "flesh"
    ],
    "symbol": "Z",
    "color": "brown_green",
    "aggression": 100,
    "morale": 100,
    "melee_skill": 6,
    "melee_dice": 1,
    "melee_dice_sides": 1,
    "melee_cut": 1,
    "dodge": 3,
    "armor_bash": 5,
    "armor_cut": 5,
    "armor_bullet": 5,
    "vision_day": 45,
    "vision_night": 15,
    "harvest": "zombie",
    "emit_fields": [
      "emit_clawer_blind"
    ],
    "path_settings": {
      "max_dist": 5
    },
    "special_attacks": [
      [
        "PARROT",
        5
      ],
      {
        "type": "spell",
        "spell_data": {
          "id": "mon_clawer_charge_target_random"
        },
        "cooldown": 17,
        "monster_message": "<color_red>%1$s冲向了%3$s！</color>"
      },
      {
        "id": "impale"
      },
      {
        "type": "monster_attack",
        "attack_type": "melee",
        "cooldown": 12,
        "move_cost": 100,
        "damage_max_instance": [
          {
            "damage_type": "cut",
            "amount": 14,
            "armor_penetration": 12
          }
        ],
        "hit_dmg_u": "The %1$s swings it's claws at you!",
        "hit_dmg_npc": "The %1$s swings it's claws at <npcname>!",
        "no_dmg_msg_u": "The %1$s tries to swing it's claws at you, but fails to penetrate your armor!",
        "no_dmg_msg_npc": "The %1$s tries to swings it's claws at <npcname>, but fails to penetrate their armor!",
        "miss_msg_u": "The %s swings it's claws at you, but you dodge!",
        "miss_msg_npc": "The %s swings it's claws at <npcname>, but they dodge!"
      }
    ],
    "death_drops": "BL9_Drops_Clawer",
    "death_function": [
      "NORMAL"
    ],
    "flags": [
      "SEES",
      "HEARS",
      "SMELLS",
      "WARM",
      "BASHES",
      "POISON",
      "NO_BREATHE",
      "REVIVES",
      "PUSH_MON",
      "FILTHY"
    ]
  },
  {
    "id": "mon_BL9_assassin",
    "looks_like": "mon_alpha_razorclaw",
    "type": "MONSTER",
    "name": {
      "str": "刺客"
    },
    "description": "一种类似爬行动物的变种，有高度抗药性的鳞片和长而双刃的尾巴。除了它的灵活和致命的攻击，它也可以与周围的环境，如果条件满足。",
    "default_faction": "BL9_cultists",
    "species": [
      "MUTANT",
      "ZOMBIE"
    ],
    "volume": "62500 ml",
    "weight": "81500 g",
    "hp": 162,
    "speed": 115,
    "attack_effs": [
      {
        "id": "BL9_bleed_immun",
        "duration": 15,
        "bp": "torso"
      }
    ],
    "melee_damage": [
      {
        "damage_type": "stab",
        "amount": 5,
        "armor_penetration": 5
      },
      {
        "damage_type": "cut",
        "amount": 4,
        "armor_penetration": 5
      }
    ],
    "material": [
      "flesh"
    ],
    "symbol": "☦",
    "color": "dark_gray",
    "aggression": 100,
    "morale": 100,
    "melee_skill": 7,
    "melee_dice": 1,
    "harvest": "zombie",
    "melee_dice_sides": 1,
    "melee_cut": 1,
    "dodge": 4,
    "armor_bash": 6,
    "armor_cut": 9,
    "armor_bullet": 9,
    "death_function": [
      "NORMAL"
    ],
    "death_drops": "BL9_Drops_Assassin",
    "special_attacks": [
      [
        "PARROT",
        5
      ],
      {
        "id": "scratch",
        "damage_max_instance": [
          {
            "damage_type": "cut",
            "amount": 11,
            "armor_penetration": 11
          }
        ]
      },
      {
        "type": "monster_attack",
        "attack_type": "melee",
        "cooldown": 9,
        "move_cost": 120,
        "damage_max_instance": [
          {
            "damage_type": "stab",
            "amount": 18,
            "armor_penetration": 12
          }
        ],
        "hit_dmg_u": "The %1$s thrusts it's tail at you!",
        "hit_dmg_npc": "The %1$s thrusts it's tail at <npcname>!",
        "no_dmg_msg_u": "The %1$s tries to impale you, but fails to penetrate your armor!",
        "no_dmg_msg_npc": "The %1$s tries to impale <npcname>, but fails to penetrate their armor!"
      },
      {
        "type": "monster_attack",
        "attack_type": "melee",
        "cooldown": 8,
        "move_cost": 80,
        "damage_max_instance": [
          {
            "damage_type": "cut",
            "amount": 16,
            "armor_penetration": 10
          }
        ],
        "hit_dmg_u": "The %1$s slashes with it's tail at you!",
        "hit_dmg_npc": "The %1$s slashes <npcname>!",
        "no_dmg_msg_u": "The %1$s tries to slash you, but fails to penetrate your armor!",
        "no_dmg_msg_npc": "The %1$s tries to slash <npcname>, but fails to penetrate their armor!",
        "miss_msg_u": "The %s swings it's tail at you, but you dodge!",
        "miss_msg_npc": "The %s swings it's tail at <npcname>, but they dodge!"
      },
      {
        "type": "monster_attack",
        "attack_type": "melee",
        "cooldown": 9,
        "move_cost": 150,
        "damage_max_instance": [
          {
            "damage_type": "bash",
            "amount": 18,
            "armor_penetration": 12
          }
        ],
        "hit_dmg_u": "The %1$s slams you!",
        "hit_dmg_npc": "The %1$s slams <npcname>!",
        "no_dmg_msg_u": "The %1$s tries to slam you, but fails to penetrate your armor!",
        "no_dmg_msg_npc": "The %1$s tries to slam <npcname>, but fails to penetrate their armor!",
        "miss_msg_u": "The %s slams you, but you dodge!",
        "miss_msg_npc": "The %s slams <npcname>, but they dodge!"
      }
    ],
    "flags": [
      "SEES",
      "HEARS",
      "SMELLS",
      "WARM",
      "BASHES",
      "GROUP_BASH",
      "POISON",
      "NO_BREATHE",
      "BONES",
      "NIGHT_INVISIBILITY",
      "PUSH_MON"
    ]
  },
  {
    "id": "mon_BL9_twisted_one",
    "looks_like": "mon_mi_go_myrmidon",
    "type": "MONSTER",
    "name": {
      "str": "扭曲的那个"
    },
    "description": "变异的人类茧，它是一个可怕的触手合并基础的头部，身体由刺客的严重变异的残骸形成，有多个张开的张开的嘴巴，里面有几十颗锋利的牙齿，不明来源的触角从它的背部起，就像它的腿一样，也可以从中攻击。很远的距离",
    "default_faction": "BL9_cultists",
    "species": [
      "MUTANT",
      "ZOMBIE"
    ],
    "volume": "170000 ml",
    "weight": "142500 g",
    "hp": 355,
    "speed": 85,
    "material": [
      "flesh"
    ],
    "symbol": "☦",
    "color": "red",
    "aggression": 100,
    "morale": 100,
    "melee_skill": 8,
    "melee_dice": 1,
    "harvest": "zombie",
    "melee_dice_sides": 1,
    "melee_cut": 1,
    "attack_effs": [
      {
        "id": "BL9_bleed_immun",
        "duration": 15,
        "bp": "torso"
      }
    ],
    "melee_damage": [
      {
        "damage_type": "stab",
        "amount": 8,
        "armor_penetration": 8
      },
      {
        "damage_type": "cut",
        "amount": 4,
        "armor_penetration": 3
      }
    ],
    "dodge": 2,
    "armor_bash": 7,
    "armor_cut": 8,
    "armor_bullet": 8,
    "death_function": [
      "NORMAL"
    ],
    "death_drops": "BL9_Drops_Twistedone",
    "special_attacks": [
      [
        "PARROT",
        5
      ],
      {
        "id": "scratch",
        "damage_max_instance": [
          {
            "damage_type": "cut",
            "amount": 13,
            "armor_multiplier": 1.29
          }
        ]
      },
      {
        "type": "monster_attack",
        "attack_type": "melee",
        "cooldown": 9,
        "move_cost": 120,
        "damage_max_instance": [
          {
            "damage_type": "stab",
            "amount": 22,
            "armor_penetration": 14
          }
        ],
        "hit_dmg_u": "The %1$s thrusts it's tail at you!",
        "hit_dmg_npc": "The %1$s thrusts it's tail at <npcname>!",
        "no_dmg_msg_u": "The %1$s tries to impale you, but fails to penetrate your armor!",
        "no_dmg_msg_npc": "The %1$s tries to impale <npcname>, but fails to penetrate their armor!"
      },
      {
        "type": "monster_attack",
        "attack_type": "melee",
        "cooldown": 9,
        "move_cost": 80,
        "damage_max_instance": [
          {
            "damage_type": "cut",
            "amount": 22,
            "armor_penetration": 15
          }
        ],
        "hit_dmg_u": "The %1$s slashes with it's tail at you!",
        "hit_dmg_npc": "The %1$s slashes <npcname>!",
        "no_dmg_msg_u": "The %1$s tries to slash you, but fails to penetrate your armor!",
        "no_dmg_msg_npc": "The %1$s tries to slash <npcname>, but fails to penetrate their armor!",
        "miss_msg_u": "The %s swings it's tail at you, but you dodge!",
        "miss_msg_npc": "The %s swings it's tail at <npcname>, but they dodge!"
      },
      {
        "type": "monster_attack",
        "attack_type": "melee",
        "cooldown": 12,
        "move_cost": 150,
        "damage_max_instance": [
          {
            "damage_type": "bash",
            "amount": 27,
            "armor_penetration": 16
          }
        ],
        "hit_dmg_u": "The %1$s slams you!",
        "hit_dmg_npc": "The %1$s slams <npcname>!",
        "no_dmg_msg_u": "The %1$s tries to slam you, but fails to penetrate your armor!",
        "no_dmg_msg_npc": "The %1$s tries to slam <npcname>, but fails to penetrate their armor!",
        "miss_msg_u": "The %s slams you, but you dodge!",
        "miss_msg_npc": "The %s slams <npcname>, but they dodge!"
      },
      {
        "type": "monster_attack",
        "attack_type": "melee",
        "cooldown": 18,
        "move_cost": 200,
        "damage_max_instance": [
          {
            "damage_type": "bash",
            "amount": 15,
            "armor_penetration": 10
          },
          {
            "damage_type": "stab",
            "amount": 15,
            "armor_multiplier": 1.225
          }
        ],
        "hit_dmg_u": "The %1$s crunches at you!",
        "hit_dmg_npc": "The %1$s crunches at <npcname>!",
        "no_dmg_msg_u": "The %1$s tries to viciously bite you, but fails to penetrate your armor!",
        "no_dmg_msg_npc": "The %1$s tries to bite <npcname>, but fails to penetrate their armor!",
        "miss_msg_u": "The %s crunches at you, but you step aside!",
        "miss_msg_npc": "The %s crunches <npcname>, but they dodge!"
      },
      {
        "type": "monster_attack",
        "attack_type": "melee",
        "cooldown": 11,
        "move_cost": 25,
        "damage_max_instance": [
          {
            "damage_type": "bash",
            "amount": 23,
            "armor_penetration": 17
          }
        ],
        "hit_dmg_u": "The %1$s whips you with it's tentacle!",
        "hit_dmg_npc": "The %1$s whips at <npcname>!",
        "no_dmg_msg_u": "The %1$s tries to whip you, but fails to penetrate your armor!",
        "no_dmg_msg_npc": "The %1$s tries to whip <npcname>, but fails to penetrate their armor!",
        "miss_msg_u": "The %s whips a tentacle at you, but you dodge!",
        "miss_msg_npc": "The %s whips at <npcname>, but they dodge!"
      },
      {
        "type": "spell",
        "spell_data": {
          "id": "twisted_one_tentwhip"
        },
        "cooldown": 12,
        "monster_message": "<color_light_red>%1$s向%3$s发射触角！</color>"
      }
    ],
    "flags": [
      "SEES",
      "HEARS",
      "SMELLS",
      "WARM",
      "BASHES",
      "GROUP_BASH",
      "POISON",
      "NO_BREATHE",
      "BONES",
      "NIGHT_INVISIBILITY",
      "PUSH_MON"
    ]
  },
  {
    "id": "mon_BL9_regen",
    "looks_like": "mon_zombie_hollow",
    "type": "MONSTER",
    "name": {
      "str": "BL9再生器"
    },
    "description": "面色苍白的变种人。它强大的再生能力抵消了它脆弱的身体。",
    "default_faction": "BL9_military",
    "species": [
      "ZOMBIE",
      "MUTANT"
    ],
    "volume": "62500 ml",
    "weight": "81500 g",
    "hp": 108,
    "speed": 70,
    "attack_effs": [
      {
        "id": "BL9_bleed_immun",
        "duration": 15,
        "bp": "torso"
      }
    ],
    "melee_damage": [
      {
        "damage_type": "bash",
        "amount": 6,
        "armor_penetration": 7
      }
    ],
    "material": [
      "flesh"
    ],
    "symbol": "☣",
    "color": "white",
    "aggression": 100,
    "morale": 100,
    "melee_skill": 6,
    "melee_dice": 1,
    "harvest": "zombie",
    "melee_dice_sides": 1,
    "melee_cut": 1,
    "dodge": 2,
    "regenerates": 15,
    "death_function": [
      "NORMAL"
    ],
    "death_drops": "BL9_Drops_Regen",
    "special_attacks": [
      {
        "type": "monster_attack",
        "attack_type": "melee",
        "cooldown": 9,
        "move_cost": 75,
        "damage_max_instance": [
          {
            "damage_type": "cut",
            "amount": 12,
            "armor_penetration": 10
          }
        ],
        "hit_dmg_u": "The %1$s gnaws at you!",
        "hit_dmg_npc": "The %1$s gnaws <npcname>!",
        "no_dmg_msg_u": "The %1$s tries to bite you, but fails to penetrate your armor!",
        "no_dmg_msg_npc": "The %1$s tries to bite <npcname>, but fails to penetrate their armor!"
      },
      {
        "type": "monster_attack",
        "attack_type": "melee",
        "cooldown": 12,
        "move_cost": 100,
        "damage_max_instance": [
          {
            "damage_type": "bash",
            "amount": 14,
            "armor_penetration": 11
          }
        ],
        "hit_dmg_u": "The %1$s slams you!",
        "hit_dmg_npc": "The %1$s slams <npcname>!",
        "no_dmg_msg_u": "The %1$s tries to slam you, but fails to penetrate your armor!",
        "no_dmg_msg_npc": "The %1$s tries to slam <npcname>, but fails to penetrate their armor!",
        "miss_msg_u": "The %s swings it's limb at you, but you dodge!",
        "miss_msg_npc": "The %s swings it's limb at <npcname>, but they dodge!"
      }
    ],
    "flags": [
      "SEES",
      "HEARS",
      "SMELLS",
      "WARM",
      "BASHES",
      "GROUP_BASH",
      "POISON",
      "NO_BREATHE",
      "BONES",
      "GRABS",
      "PUSH_MON"
    ]
  },
  {
    "id": "mon_BL9_regen_spiky",
    "looks_like": "mon_charred_nightmare",
    "type": "MONSTER",
    "name": {
      "str": "BL9铁娘子"
    },
    "description": "一种实验性的突变体，它的身体里有几个尖刺。与regenerador有相似之处，但它似乎完全控制了它的突起。",
    "default_faction": "BL9_military",
    "species": [
      "MUTANT",
      "ZOMBIE"
    ],
    "volume": "62500 ml",
    "weight": "81500 g",
    "hp": 125,
    "speed": 70,
    "attack_effs": [
      {
        "id": "BL9_bleed_immun",
        "duration": 15,
        "bp": "torso"
      }
    ],
    "melee_damage": [
      {
        "damage_type": "stab",
        "amount": 6,
        "armor_penetration": 7
      }
    ],
    "material": [
      "flesh"
    ],
    "symbol": "☣",
    "color": "dark_gray",
    "aggression": 100,
    "morale": 100,
    "melee_skill": 5,
    "melee_dice": 1,
    "harvest": "zombie",
    "melee_dice_sides": 1,
    "melee_cut": 1,
    "dodge": 2,
    "regenerates": 23,
    "death_function": [
      "NORMAL"
    ],
    "death_drops": "BL9_Drops_Regen",
    "special_attacks": [
      {
        "type": "monster_attack",
        "attack_type": "melee",
        "cooldown": 9,
        "move_cost": 75,
        "damage_max_instance": [
          {
            "damage_type": "cut",
            "amount": 12,
            "armor_penetration": 10
          }
        ],
        "hit_dmg_u": "The %1$s gnaws at you!",
        "hit_dmg_npc": "The %1$s gnaws <npcname>!",
        "no_dmg_msg_u": "The %1$s tries to bite you, but fails to penetrate your armor!",
        "no_dmg_msg_npc": "The %1$s tries to bite <npcname>, but fails to penetrate their armor!"
      },
      {
        "type": "monster_attack",
        "attack_type": "melee",
        "cooldown": 12,
        "move_cost": 100,
        "damage_max_instance": [
          {
            "damage_type": "stab",
            "amount": 12,
            "armor_penetration": 15
          },
          {
            "damage_type": "bash",
            "amount": 2,
            "armor_penetration": 10
          }
        ],
        "hit_dmg_u": "The %1$s slams you!",
        "hit_dmg_npc": "The %1$s slams <npcname>!",
        "no_dmg_msg_u": "The %1$s tries to slam you, but fails to penetrate your armor!",
        "no_dmg_msg_npc": "The %1$s tries to slam <npcname>, but fails to penetrate their armor!",
        "miss_msg_u": "The %s swings it's limb at you, but you dodge!",
        "miss_msg_npc": "The %s swings it's limb at <npcname>, but they dodge!"
      },
      {
        "type": "monster_attack",
        "attack_type": "melee",
        "cooldown": 11,
        "move_cost": 150,
        "damage_max_instance": [
          {
            "damage_type": "stab",
            "amount": 14,
            "armor_penetration": 12
          }
        ],
        "hit_dmg_u": "The %1$s impales you with it's spiky protrusions!",
        "hit_dmg_npc": "The %1$s impales <npcname>!",
        "no_dmg_msg_u": "The %1$s tries to impale you, but fails to penetrate your armor!",
        "no_dmg_msg_npc": "The %1$s tries to impale <npcname>, but fails to penetrate their armor!",
        "miss_msg_u": "The %s impales you, but you dodge!",
        "miss_msg_npc": "The %s impales <npcname>, but they dodge!"
      }
    ],
    "flags": [
      "SEES",
      "HEARS",
      "SMELLS",
      "WARM",
      "BASHES",
      "GROUP_BASH",
      "POISON",
      "NO_BREATHE",
      "BONES",
      "GRABS",
      "PUSH_MON"
    ]
  },
  {
    "id": "mon_BL9_chimera",
    "looks_like": "mon_jabberwock",
    "type": "MONSTER",
    "name": {
      "str": "凯米拉"
    },
    "description": "一种可怕的人类、昆虫和爬行动物的DNA不完全融合成一个个体的可怕的嵌合体，它本身拥有BL9。它拥有人类躯干的上部和人类的头部，它的脸是可怕的扭曲的，在它的颈背和王冠上有奇怪的疤痕，一只有爪的手臂，另一只代替另一只的触须",
    "default_faction": "BL9_military",
    "species": [
      "MUTANT",
      "ZOMBIE"
    ],
    "volume": "62500 ml",
    "weight": "81500 g",
    "hp": 478,
    "speed": 90,
    "material": [
      "flesh"
    ],
    "symbol": "☦",
    "color": "white",
    "aggression": 100,
    "morale": 100,
    "melee_skill": 6,
    "melee_dice": 1,
    "harvest": "zombie",
    "melee_dice_sides": 1,
    "melee_cut": 1,
    "attack_effs": [
      {
        "id": "BL9_bleed_immun",
        "duration": 15,
        "bp": "torso"
      }
    ],
    "melee_damage": [
      {
        "damage_type": "cut",
        "amount": 5,
        "armor_penetration": 7
      },
      {
        "damage_type": "bash",
        "amount": 12,
        "armor_penetration": 16
      }
    ],
    "dodge": 3,
    "armor_bash": 8,
    "armor_cut": 11,
    "armor_bullet": 11,
    "death_function": [
      "NORMAL"
    ],
    "death_drops": "BL9_Drops_Regen",
    "special_attacks": [
      {
        "id": "scratch",
        "damage_max_instance": [
          {
            "damage_type": "cut",
            "amount": 12,
            "armor_multiplier": 1.15
          }
        ]
      },
      {
        "type": "monster_attack",
        "attack_type": "melee",
        "cooldown": 11,
        "move_cost": 225,
        "damage_max_instance": [
          {
            "damage_type": "bash",
            "amount": 40,
            "armor_penetration": 28
          }
        ],
        "hit_dmg_u": "The %1$s slams you with it's tentacle!",
        "hit_dmg_npc": "The %1$s slams <npcname>!",
        "no_dmg_msg_u": "The %1$s tries to slam you, but fails to penetrate your armor!",
        "no_dmg_msg_npc": "The %1$s tries to slam <npcname>, but fails to penetrate their armor!",
        "miss_msg_u": "The %s slams you, but you dodge!",
        "miss_msg_npc": "The %s slams <npcname>, but they dodge!"
      },
      {
        "type": "spell",
        "spell_data": {
          "id": "twisted_one_tentwhip"
        },
        "cooldown": 9,
        "monster_message": "<color_light_red>%1$s向%3$s发射触角！</color>"
      }
    ],
    "flags": [
      "SEES",
      "HEARS",
      "SMELLS",
      "WARM",
      "BASHES",
      "GROUP_BASH",
      "POISON",
      "NO_BREATHE",
      "BONES",
      "NIGHT_INVISIBILITY",
      "PUSH_MON"
    ]
  },
  {
    "id": "mon_BL9_chimera_mutated",
    "looks_like": "mon_jabberwock",
    "type": "MONSTER",
    "name": {
      "str": "变异的嵌合体"
    },
    "description": "它的第一个触角已经和一个爬行动物的触角融合成了一个可怕的阶段。这只触须还带有一对很重的钳子",
    "default_faction": "BL9_military",
    "species": [
      "MUTANT",
      "ZOMBIE"
    ],
    "volume": "62500 ml",
    "weight": "81500 g",
    "hp": 440,
    "speed": 105,
    "material": [
      "flesh"
    ],
    "symbol": "☦",
    "color": "white_red",
    "aggression": 100,
    "morale": 100,
    "melee_skill": 8,
    "melee_dice": 1,
    "harvest": "zombie",
    "melee_dice_sides": 1,
    "melee_cut": 1,
    "attack_effs": [
      {
        "id": "BL9_bleed_immun",
        "duration": 15,
        "bp": "torso"
      }
    ],
    "melee_damage": [
      {
        "damage_type": "cut",
        "amount": 7,
        "armor_penetration": 14
      },
      {
        "damage_type": "stab",
        "amount": 12,
        "armor_penetration": 8
      }
    ],
    "dodge": 3,
    "armor_bash": 8,
    "armor_cut": 11,
    "armor_bullet": 11,
    "death_function": [
      "NORMAL"
    ],
    "death_drops": "BL9_Drops_Chimeraevo",
    "special_attacks": [
      {
        "id": "scratch",
        "damage_max_instance": [
          {
            "damage_type": "cut",
            "amount": 12,
            "armor_multiplier": 1.15
          }
        ]
      },
      {
        "type": "monster_attack",
        "attack_type": "melee",
        "cooldown": 9,
        "move_cost": 75,
        "damage_max_instance": [
          {
            "damage_type": "cut",
            "amount": 38,
            "armor_penetration": 28
          }
        ],
        "hit_dmg_u": "The %1$s slices you with it's pincer!",
        "hit_dmg_npc": "The %1$s slices <npcname>!",
        "no_dmg_msg_u": "The %1$s tries to slice you, but fails to penetrate your armor!",
        "no_dmg_msg_npc": "The %1$s tries to slice <npcname>, but fails to penetrate their armor!",
        "miss_msg_u": "The %s slices you, but you dodge!",
        "miss_msg_npc": "The %s slices <npcname>, but they dodge!"
      },
      {
        "type": "spell",
        "spell_data": {
          "id": "chimera_mutated_pincerpinch"
        },
        "cooldown": 12,
        "monster_message": "<color_light_red>%1$s用钳子砍%3$s！</color>"
      }
    ],
    "flags": [
      "SEES",
      "HEARS",
      "SMELLS",
      "WARM",
      "BASHES",
      "GROUP_BASH",
      "POISON",
      "NO_BREATHE",
      "BONES",
      "NIGHT_INVISIBILITY",
      "PUSH_MON"
    ]
  },
  {
    "id": "mon_BL9_general_mutated",
    "looks_like": "mon_zombie_kevlar_2",
    "type": "MONSTER",
    "name": {
      "str": "变异精英将军"
    },
    "description": "一个高个子，穿着伪装和轻甲的人，看起来像一个绝对正常的人相比，你不得不面对的一切，除了它似乎有不人道的灵活性和反应，此外，它最突出的特点是巨大的叶片盾牌像BL9增长，已经完全接管了它的右臂",
    "default_faction": "BL9_military",
    "species": [
      "MUTANT",
      "HUMAN"
    ],
    "volume": "62500 ml",
    "weight": "81500 g",
    "hp": 535,
    "speed": 105,
    "material": [
      "flesh"
    ],
    "symbol": "☦",
    "color": "cyan_red",
    "aggression": 100,
    "morale": 100,
    "melee_skill": 8,
    "melee_dice": 1,
    "harvest": "zombie",
    "melee_dice_sides": 1,
    "melee_cut": 1,
    "attack_effs": [
      {
        "id": "BL9_bleed_immun",
        "duration": 15,
        "bp": "torso"
      }
    ],
    "melee_damage": [
      {
        "damage_type": "cut",
        "amount": 10,
        "armor_penetration": 12
      },
      {
        "damage_type": "stab",
        "amount": 10,
        "armor_penetration": 12
      }
    ],
    "dodge": 4,
    "armor_bash": 5,
    "armor_cut": 7,
    "armor_bullet": 7,
    "death_function": [
      "NORMAL"
    ],
    "death_drops": "BL9_Drops_General",
    "special_attacks": [
      [
        "PARROT",
        5
      ],
      {
        "type": "monster_attack",
        "attack_type": "melee",
        "cooldown": 9,
        "move_cost": 125,
        "damage_max_instance": [
          {
            "damage_type": "cut",
            "amount": 38,
            "armor_penetration": 31
          }
        ],
        "hit_dmg_u": "The %1$s slashes with it's blade at you!",
        "hit_dmg_npc": "The %1$s slashes <npcname>!",
        "no_dmg_msg_u": "The %1$s tries to slash you, but fails to penetrate your armor!",
        "no_dmg_msg_npc": "The %1$s tries to slash <npcname>, but fails to penetrate their armor!",
        "miss_msg_u": "The %s slashes you, but you dodge!",
        "miss_msg_npc": "The %s slashes <npcname>, but they dodge!"
      },
      {
        "type": "spell",
        "spell_data": {
          "id": "merc_leaping_slash"
        },
        "cooldown": 10,
        "monster_message": "<color_light_red>%1$s在%3$s点跃升！</color>并疯狂地砍"
      }
    ],
    "flags": [
      "SEES",
      "HEARS",
      "SMELLS",
      "WARM",
      "BASHES",
      "GROUP_BASH",
      "POISON",
      "NO_BREATHE",
      "BONES",
      "NIGHT_INVISIBILITY",
      "PUSH_MON"
    ]
  },
  {
    "id": "mon_BL9_vile_one",
    "looks_like": "mon_zombie_scissorlimbs",
    "type": "MONSTER",
    "name": {
      "str": "卑鄙的人"
    },
    "description": "大得惊人的变异，多腿的野兽。这些甲壳类动物的腿仍然和一个看起来像人形的身体相连，这个身体像一条残存的肢体一样悬挂在他变异的身体上。他的头现在连在一个长长的蛇形脖子上，周围是坚硬的刀片状下颌骨。身体周围还分布着一系列眼睛，腿的每个关节上都有一只眼睛，嘴里还有一只大眼睛",
    "default_faction": "BL9_military",
    "species": [
      "MUTANT",
      "ZOMBIE"
    ],
    "volume": "62500 ml",
    "weight": "81500 g",
    "hp": 655,
    "speed": 80,
    "material": [
      "flesh"
    ],
    "symbol": "☦",
    "color": "yellow_white",
    "aggression": 100,
    "morale": 100,
    "melee_skill": 10,
    "melee_dice": 1,
    "harvest": "zombie",
    "melee_dice_sides": 1,
    "melee_cut": 1,
    "attack_effs": [
      {
        "id": "BL9_bleed_immun",
        "duration": 15,
        "bp": "torso"
      }
    ],
    "melee_damage": [
      {
        "damage_type": "cut",
        "amount": 10,
        "armor_penetration": 8
      },
      {
        "damage_type": "stab",
        "amount": 10,
        "armor_penetration": 8
      },
      {
        "damage_type": "bash",
        "amount": 10,
        "armor_penetration": 8
      }
    ],
    "dodge": 3,
    "armor_bash": 9,
    "armor_cut": 9,
    "armor_bullet": 9,
    "death_function": [
      "NORMAL"
    ],
    "death_drops": "BL9_Drops_Vileone",
    "special_attacks": [
      [
        "PARROT",
        5
      ],
      {
        "id": "scratch",
        "damage_max_instance": [
          {
            "damage_type": "cut",
            "amount": 15,
            "armor_multiplier": 1.15
          }
        ]
      },
      {
        "type": "monster_attack",
        "attack_type": "melee",
        "cooldown": 9,
        "move_cost": 75,
        "damage_max_instance": [
          {
            "damage_type": "stab",
            "amount": 60,
            "armor_penetration": 34
          }
        ],
        "hit_dmg_u": "The %1$s thrusts it's leg at you!",
        "hit_dmg_npc": "The %1$s pierces <npcname>!",
        "no_dmg_msg_u": "The %1$s tries to pierce you, but fails to penetrate your armor!",
        "no_dmg_msg_npc": "The %1$s tries to pierce <npcname>, but fails to penetrate their armor!",
        "miss_msg_u": "The %s thrusts it's leg at you, but you dodge!",
        "miss_msg_npc": "The %s pierces <npcname>, but they dodge!"
      },
      {
        "type": "monster_attack",
        "attack_type": "melee",
        "cooldown": 12,
        "move_cost": 200,
        "damage_max_instance": [
          {
            "damage_type": "cut",
            "amount": 68,
            "armor_penetration": 34
          }
        ],
        "hit_dmg_u": "The %1$s bites you!",
        "hit_dmg_npc": "The %1$s bites <npcname>!",
        "no_dmg_msg_u": "The %1$s tries to bite you, but fails to penetrate your armor!",
        "no_dmg_msg_npc": "The %1$s tries to bite <npcname>, but fails to penetrate their armor!",
        "miss_msg_u": "The %s bites you, but you dodge!",
        "miss_msg_npc": "The %s bites <npcname>, but they dodge!"
      },
      {
        "type": "spell",
        "spell_data": {
          "id": "vile_one_mandiblecrunch"
        },
        "cooldown": 15,
        "monster_message": "<color_light_red>%1$s的头在%3$s点伸展然后嘎吱作响！</color>"
      }
    ],
    "flags": [
      "SEES",
      "HEARS",
      "SMELLS",
      "WARM",
      "BASHES",
      "GROUP_BASH",
      "POISON",
      "NO_BREATHE",
      "BONES",
      "PUSH_MON"
    ]
  }
]