[
  {
    "id": "mon_BL9_repto",
    "looks_like": "mon_zombie_mancroc",
    "type": "MONSTER",
    "name": {
      "str": "雷普托"
    },
    "description": "一种人形爬行动物的杂交种，有锋利、闪闪发光的爪子。它的身体定位是为跳跃而设计的，因此它能够向毫无戒备的猎物猛扑。",
    "default_faction": "BL9_cultists",
    "species": [
      "ZOMBIE"
    ],
    "volume": "62500 ml",
    "weight": "81500 g",
    "hp": 171,
    "speed": 100,
    "material": [
      "flesh"
    ],
    "symbol": "α",
    "color": "light_green",
    "aggression": 100,
    "morale": 100,
    "melee_skill": 6,
    "melee_dice": 1,
    "harvest": "zombie",
    "melee_dice_sides": 1,
    "melee_cut": 1,
    "attack_effs": [
      {
        "id": "BL9_bleed_immun",
        "duration": 15,
        "bp": "torso"
      }
    ],
    "melee_damage": [
      {
        "damage_type": "cut",
        "amount": 5,
        "armor_penetration": 5
      },
      {
        "damage_type": "stab",
        "amount": 2,
        "armor_penetration": 3
      }
    ],
    "dodge": 3,
    "armor_bash": 5,
    "armor_cut": 5,
    "armor_bullet": 5,
    "death_function": [
      "NORMAL"
    ],
    "death_drops": "BL9_Drops_Repto",
    "special_attacks": [
      {
        "type": "monster_attack",
        "attack_type": "melee",
        "cooldown": 9,
        "move_cost": 100,
        "damage_max_instance": [
          {
            "damage_type": "cut",
            "amount": 14,
            "armor_penetration": 10
          }
        ],
        "hit_dmg_u": "The %1$s slashes you!",
        "hit_dmg_npc": "The %1$s slashes <npcname>!",
        "no_dmg_msg_u": "The %1$s tries to slash you, but fails to penetrate your armor!",
        "no_dmg_msg_npc": "The %1$s tries to slash <npcname>, but fails to penetrate their armor!",
        "miss_msg_u": "The %s slashes you, but you dodge!",
        "miss_msg_npc": "The %s slashes <npcname>, but they dodge!"
      },
      {
        "type": "monster_attack",
        "attack_type": "melee",
        "cooldown": 12,
        "move_cost": 100,
        "damage_max_instance": [
          {
            "damage_type": "cut",
            "amount": 17,
            "armor_penetration": 12
          }
        ],
        "hit_dmg_u": "The %1$s slices you!",
        "hit_dmg_npc": "The %1$s slices <npcname>!",
        "no_dmg_msg_u": "The %1$s tries to slice you, but fails to penetrate your armor!",
        "no_dmg_msg_npc": "The %1$s tries to slice <npcname>, but fails to penetrate their armor!",
        "miss_msg_u": "The %s slices you, but you dodge!",
        "miss_msg_npc": "The %s slices <npcname>, but they dodge!"
      }
    ],
    "flags": [
      "SEES",
      "HEARS",
      "SMELLS",
      "WARM",
      "BASHES",
      "GROUP_BASH",
      "POISON",
      "NO_BREATHE",
      "BONES",
      "GRABS",
      "PUSH_MON"
    ]
  },
  {
    "id": "mon_BL9_repto_evo",
    "looks_like": "mon_mutant_evolved",
    "type": "MONSTER",
    "name": {
      "str": "进化的Repto"
    },
    "description": "它们是可怕的爬行动物变种的改良版，它有一个弹性的外壳状表皮，使它们免受小型武器的伤害。这些生物的左臂仍然比右臂略长，尽管它们的爪子锋利得可怕。它的嘴两侧都有下颚，让它们看起来更加不安",
    "default_faction": "BL9_military",
    "species": [
      "ZOMBIE"
    ],
    "volume": "62500 ml",
    "weight": "81500 g",
    "hp": 278,
    "speed": 100,
    "material": [
      "flesh"
    ],
    "symbol": "b",
    "color": "green",
    "aggression": 100,
    "morale": 100,
    "melee_skill": 6,
    "melee_dice": 1,
    "harvest": "zombie",
    "melee_dice_sides": 1,
    "melee_cut": 1,
    "attack_effs": [
      {
        "id": "BL9_bleed_immun",
        "duration": 15,
        "bp": "torso"
      }
    ],
    "melee_damage": [
      {
        "damage_type": "cut",
        "amount": 9,
        "armor_penetration": 12
      },
      {
        "damage_type": "stab",
        "amount": 5,
        "armor_penetration": 4
      }
    ],
    "dodge": 3,
    "armor_bash": 7,
    "armor_cut": 10,
    "armor_bullet": 10,
    "death_function": [
      "NORMAL"
    ],
    "death_drops": "BL9_Drops_Reptoevo",
    "special_attacks": [
      {
        "type": "monster_attack",
        "attack_type": "melee",
        "cooldown": 9,
        "move_cost": 100,
        "damage_max_instance": [
          {
            "damage_type": "cut",
            "amount": 28,
            "armor_penetration": 19
          }
        ],
        "hit_dmg_u": "The %1$s slashes you!",
        "hit_dmg_npc": "The %1$s slashes <npcname>!",
        "no_dmg_msg_u": "The %1$s tries to slash you, but fails to penetrate your armor!",
        "no_dmg_msg_npc": "The %1$s tries to slash <npcname>, but fails to penetrate their armor!",
        "miss_msg_u": "The %s slashes you, but you dodge!",
        "miss_msg_npc": "The %s slashes <npcname>, but they dodge!"
      },
      {
        "type": "monster_attack",
        "attack_type": "melee",
        "cooldown": 12,
        "move_cost": 100,
        "damage_max_instance": [
          {
            "damage_type": "cut",
            "amount": 33,
            "armor_penetration": 22
          }
        ],
        "hit_dmg_u": "The %1$s slices you!",
        "hit_dmg_npc": "The %1$s slices <npcname>!",
        "no_dmg_msg_u": "The %1$s tries to slice you, but fails to penetrate your armor!",
        "no_dmg_msg_npc": "The %1$s tries to slice <npcname>, but fails to penetrate their armor!",
        "miss_msg_u": "The %s slices you, but you dodge!",
        "miss_msg_npc": "The %s slices <npcname>, but they dodge!"
      }
    ],
    "flags": [
      "SEES",
      "HEARS",
      "SMELLS",
      "WARM",
      "BASHES",
      "GROUP_BASH",
      "POISON",
      "NO_BREATHE",
      "BONES",
      "GRABS",
      "PUSH_MON"
    ]
  },
  {
    "id": "mon_BL9_scrawler",
    "looks_like": "mon_skittering_plague",
    "type": "MONSTER",
    "name": {
      "str": "影子爬虫"
    },
    "description": "在半空中盘旋的有翅膀的虫子状生物。它有一对锋利的爪子和一个类似鸡冠的头。",
    "default_faction": "BL9_cultists",
    "species": [
      "ZOMBIE"
    ],
    "volume": "62500 ml",
    "weight": "81500 g",
    "hp": 78,
    "diff": 1,
    "speed": 105,
    "material": [
      "flesh"
    ],
    "symbol": "%",
    "color": "brown",
    "aggression": 100,
    "morale": 100,
    "melee_skill": 5,
    "melee_dice": 1,
    "harvest": "zombie",
    "melee_dice_sides": 1,
    "melee_cut": 1,
    "dodge": 3,
    "attack_effs": [
      {
        "id": "BL9_bleed_immun",
        "duration": 15,
        "bp": "torso"
      }
    ],
    "melee_damage": [
      {
        "damage_type": "cut",
        "amount": 4,
        "armor_penetration": 7
      }
    ],
    "vision_night": 5,
    "armor_bash": 4,
    "armor_cut": 4,
    "armor_bullet": 4,
    "armor_acid": 4,
    "special_attacks": [
      {
        "type": "bite",
        "cooldown": 9,
        "damage_max_instance": [
          {
            "damage_type": "cut",
            "armor_penetration": 9
          }
        ]
      },
      {
        "type": "spell",
        "spell_data": {
          "id": "scrawler_acidbarf"
        },
        "cooldown": 12,
        "monster_message": "<color_light_red>%1$s在%3$s吐出一股酸！</color>"
      },
      {
        "type": "monster_attack",
        "attack_type": "melee",
        "cooldown": 9,
        "move_cost": 50,
        "accuracy": 8,
        "damage_max_instance": [
          {
            "damage_type": "cut",
            "amount": 8,
            "armor_penetration": 10
          }
        ],
        "hit_dmg_u": "The %1$s scratches you!",
        "hit_dmg_npc": "The %1$s scratches <npcname>!",
        "no_dmg_msg_u": "The %1$s tries to scratch you, but fails to penetrate your armor!",
        "no_dmg_msg_npc": "The %1$s tries to scratch <npcname>, but fails to penetrate their armor!",
        "miss_msg_u": "The %s scratches you, but you dodge!",
        "miss_msg_npc": "The %s scratches <npcname>, but they dodge!"
      }
    ],
    "death_function": [
      "NORMAL"
    ],
    "death_drops": "BL9_Drops_Scrawler",
    "flags": [
      "SEES",
      "HEARS",
      "SMELLS",
      "WARM",
      "BASHES",
      "GROUP_BASH",
      "POISON",
      "NO_BREATHE",
      "BONES",
      "FLIES"
    ]
  },
  {
    "id": "mon_BL9_scrawler_evo",
    "looks_like": "mon_plague_vector",
    "type": "MONSTER",
    "name": {
      "str": "进化的影子爬虫"
    },
    "description": "一种类似昆虫的两足动物，前肢上有一套锯齿状的甲壳质刀片。它有厚厚的甲壳素外壳，保护它免受伤害。",
    "default_faction": "BL9_cultists",
    "species": [
      "ZOMBIE"
    ],
    "volume": "62500 ml",
    "weight": "81500 g",
    "hp": 112,
    "diff": 1,
    "speed": 90,
    "material": [
      "flesh"
    ],
    "symbol": "%",
    "color": "brown_red",
    "aggression": 100,
    "morale": 100,
    "melee_skill": 6,
    "melee_dice": 1,
    "harvest": "zombie",
    "melee_dice_sides": 1,
    "melee_cut": 1,
    "dodge": 3,
    "attack_effs": [
      {
        "id": "BL9_bleed_immun",
        "duration": 15,
        "bp": "torso"
      }
    ],
    "melee_damage": [
      {
        "damage_type": "cut",
        "amount": 8,
        "armor_penetration": 11
      }
    ],
    "vision_night": 5,
    "armor_bash": 4,
    "armor_cut": 6,
    "armor_bullet": 6,
    "armor_acid": 5,
    "special_attacks": [
      {
        "type": "bite",
        "cooldown": 9,
        "damage_max_instance": [
          {
            "damage_type": "cut",
            "armor_penetration": 14
          }
        ]
      },
      {
        "type": "monster_attack",
        "attack_type": "melee",
        "cooldown": 10,
        "move_cost": 125,
        "accuracy": 6,
        "damage_max_instance": [
          {
            "damage_type": "cut",
            "amount": 17,
            "armor_penetration": 14
          }
        ],
        "hit_dmg_u": "The %1$s scratches you!",
        "hit_dmg_npc": "The %1$s scratches <npcname>!",
        "no_dmg_msg_u": "The %1$s tries to scratch you, but fails to penetrate your armor!",
        "no_dmg_msg_npc": "The %1$s tries to scratch <npcname>, but fails to penetrate their armor!",
        "miss_msg_u": "The %s scratches you, but you dodge!",
        "miss_msg_npc": "The %s scratches <npcname>, but they dodge!"
      },
      {
        "type": "monster_attack",
        "attack_type": "melee",
        "cooldown": 9,
        "move_cost": 50,
        "accuracy": 10,
        "damage_max_instance": [
          {
            "damage_type": "cut",
            "amount": 15,
            "armor_penetration": 12
          }
        ],
        "hit_dmg_u": "The %1$s quickslashed you!",
        "hit_dmg_npc": "The %1$s quickslashes <npcname>!",
        "no_dmg_msg_u": "The %1$s tries to slash you, but fails to penetrate your armor!",
        "no_dmg_msg_npc": "The %1$s tries to slash <npcname>, but fails to penetrate their armor!",
        "miss_msg_u": "The %s quickslashes you, but you dodge!",
        "miss_msg_npc": "The %s quickslashes <npcname>, but they dodge!"
      },
      {
        "type": "monster_attack",
        "attack_type": "melee",
        "cooldown": 12,
        "move_cost": 225,
        "min_mul": 0.5,
        "accuracy": 4,
        "damage_max_instance": [
          {
            "damage_type": "cut",
            "amount": 19,
            "armor_penetration": 16
          }
        ],
        "hit_dmg_u": "The %1$s slashes you!",
        "hit_dmg_npc": "The %1$s slashes <npcname>!",
        "no_dmg_msg_u": "The %1$s tries to scratch you, but fails to penetrate your armor!",
        "no_dmg_msg_npc": "The %1$s tries to scratch <npcname>, but fails to penetrate their armor!",
        "miss_msg_u": "The %s slashes you, but you dodge!",
        "miss_msg_npc": "The %s slashes <npcname>, but they dodge!"
      }
    ],
    "death_function": [
      "NORMAL"
    ],
    "death_drops": "BL9_Drops_Scrawlerevo",
    "flags": [
      "SEES",
      "HEARS",
      "SMELLS",
      "WARM",
      "BASHES",
      "GROUP_BASH",
      "POISON",
      "NO_BREATHE",
      "BONES",
      "PUSH_MON"
    ]
  },
  {
    "id": "mon_BL9_ivy",
    "looks_like": "mon_zombie_thorny",
    "type": "MONSTER",
    "name": {
      "str": "BL9常春藤丧尸"
    },
    "description": "被未知种类的植物严重感染的尸体。虽然它的动作非常僵硬，但它的嘴已经发生了一定程度的变化，它占据了整个脸，脸上布满了锋利的牙齿。",
    "default_faction": "BL9_military",
    "species": [
      "ZOMBIE"
    ],
    "volume": "62500 ml",
    "weight": "81500 g",
    "hp": 148,
    "speed": 60,
    "material": [
      "flesh"
    ],
    "symbol": "Z",
    "color": "light_green_red",
    "aggression": 100,
    "morale": 100,
    "melee_skill": 5,
    "melee_dice": 1,
    "harvest": "zombie",
    "melee_dice_sides": 1,
    "melee_cut": 1,
    "dodge": 3,
    "attack_effs": [
      {
        "id": "BL9_bleed_immun",
        "duration": 15,
        "bp": "torso"
      }
    ],
    "melee_damage": [
      {
        "damage_type": "cut",
        "amount": 5,
        "armor_penetration": 7
      },
      {
        "damage_type": "stab",
        "amount": 5,
        "armor_penetration": 7
      }
    ],
    "armor_bash": 9,
    "armor_cut": 9,
    "armor_bullet": 9,
    "death_function": [
      "NORMAL"
    ],
    "death_drops": "BL9_Drops_Clawer",
    "special_attacks": [
      {
        "type": "bite",
        "cooldown": 9,
        "damage_max_instance": [
          {
            "damage_type": "cut",
            "armor_penetration": 11,
            "armor_multiplier": 1.2
          }
        ]
      },
      {
        "type": "monster_attack",
        "attack_type": "melee",
        "cooldown": 10,
        "move_cost": 200,
        "damage_max_instance": [
          {
            "damage_type": "bash",
            "amount": 7,
            "armor_penetration": 9
          },
          {
            "damage_type": "stab",
            "amount": 12,
            "armor_penetration": 14
          }
        ],
        "hit_dmg_u": "The %1$s crunches at you!",
        "hit_dmg_npc": "The %1$s crunches at <npcname>!",
        "no_dmg_msg_u": "The %1$s tries to viciously bite you, but fails to penetrate your armor!",
        "no_dmg_msg_npc": "The %1$s tries to bite <npcname>, but fails to penetrate their armor!",
        "miss_msg_u": "The %s crunches at you, but you step aside!",
        "miss_msg_npc": "The %s crunches <npcname>, but they dodge!"
      }
    ],
    "flags": [
      "SEES",
      "HEARS",
      "SMELLS",
      "WARM",
      "BASHES",
      "GROUP_BASH",
      "POISON",
      "NO_BREATHE",
      "BONES",
      "GRABS",
      "PUSH_MON"
    ]
  },
  {
    "id": "mon_BL9_ivy_brute",
    "looks_like": "mon_zombie_thorny",
    "type": "MONSTER",
    "name": {
      "str": "BL9常春藤丧尸畜生"
    },
    "description": "一具肌肉肿胀的尸体，严重感染了未知种类的植物。虽然它的动作非常僵硬，但它的嘴已经发生了一定程度的变化，它占据了整个脸，脸上布满了锋利的牙齿。",
    "default_faction": "BL9_military",
    "species": [
      "ZOMBIE"
    ],
    "volume": "62500 ml",
    "weight": "81500 g",
    "hp": 176,
    "speed": 60,
    "material": [
      "flesh"
    ],
    "symbol": "Z",
    "color": "light_green_red",
    "aggression": 100,
    "morale": 100,
    "melee_skill": 6,
    "melee_dice": 1,
    "harvest": "zombie",
    "melee_dice_sides": 1,
    "melee_cut": 1,
    "dodge": 3,
    "attack_effs": [
      {
        "id": "BL9_bleed_immun",
        "duration": 15,
        "bp": "torso"
      }
    ],
    "melee_damage": [
      {
        "damage_type": "cut",
        "amount": 2
      },
      {
        "damage_type": "stab",
        "amount": 11
      },
      {
        "damage_type": "bash",
        "amount": 3
      }
    ],
    "armor_bash": 9,
    "armor_cut": 9,
    "armor_bullet": 9,
    "death_function": [
      "NORMAL"
    ],
    "death_drops": "BL9_Drops_Clawer",
    "special_attacks": [
      {
        "type": "bite",
        "cooldown": 12,
        "damage_max_instance": [
          {
            "damage_type": "stab",
            "armor_penetration": 14,
            "armor_multiplier": 1.1
          }
        ]
      },
      {
        "type": "monster_attack",
        "attack_type": "melee",
        "cooldown": 15,
        "move_cost": 200,
        "damage_max_instance": [
          {
            "damage_type": "bash",
            "amount": 24,
            "armor_penetration": 17
          },
          {
            "damage_type": "stab",
            "amount": 20,
            "armor_penetration": 15
          }
        ],
        "hit_dmg_u": "The %1$s crunches at you!",
        "hit_dmg_npc": "The %1$s crunches at <npcname>!",
        "no_dmg_msg_u": "The %1$s tries to viciously bite you, but fails to penetrate your armor!",
        "no_dmg_msg_npc": "The %1$s tries to bite <npcname>, but fails to penetrate their armor!",
        "miss_msg_u": "The %s crunches at you, but you step aside!",
        "miss_msg_npc": "The %s crunches <npcname>, but they dodge!"
      }
    ],
    "flags": [
      "SEES",
      "HEARS",
      "SMELLS",
      "WARM",
      "BASHES",
      "GROUP_BASH",
      "POISON",
      "NO_BREATHE",
      "BONES",
      "GRABS",
      "PUSH_MON"
    ]
  },
  {
    "id": "mon_BL9_ivy_bulb",
    "looks_like": "mon_vinebeast",
    "type": "MONSTER",
    "name": {
      "str": "BL9常春藤球茎丧尸"
    },
    "description": "被未知种类的植物严重感染的尸体。虽然它的运动非常僵硬，但它的身体突然变成了一个盔甲状的球状物，一个突出物占据了它的上部，灯泡的内部布满了可怕的锋利的牙齿。",
    "default_faction": "BL9_military",
    "species": [
      "ZOMBIE"
    ],
    "volume": "62500 ml",
    "weight": "81500 g",
    "hp": 173,
    "speed": 60,
    "material": [
      "flesh"
    ],
    "symbol": "Z",
    "color": "light_green_red",
    "aggression": 100,
    "morale": 100,
    "melee_skill": 5,
    "melee_dice": 1,
    "harvest": "zombie",
    "melee_dice_sides": 1,
    "melee_cut": 1,
    "dodge": 3,
    "attack_effs": [
      {
        "id": "BL9_bleed_immun",
        "duration": 15,
        "bp": "torso"
      }
    ],
    "melee_damage": [
      {
        "damage_type": "cut",
        "amount": 9
      },
      {
        "damage_type": "stab",
        "amount": 6
      },
      {
        "damage_type": "bash",
        "amount": 1
      }
    ],
    "armor_bash": 9,
    "armor_cut": 9,
    "armor_bullet": 9,
    "death_function": [
      "NORMAL"
    ],
    "death_drops": "BL9_Drops_Clawer",
    "special_attacks": [
      {
        "type": "monster_attack",
        "attack_type": "melee",
        "cooldown": 12,
        "move_cost": 250,
        "damage_max_instance": [
          {
            "damage_type": "bash",
            "amount": 9
          },
          {
            "damage_type": "stab",
            "amount": 22,
            "armor_multiplier": 1.42
          }
        ],
        "hit_dmg_u": "The %1$s's bulbous mouth crunches at you!",
        "hit_dmg_npc": "The %1$s crunches at <npcname>!",
        "no_dmg_msg_u": "The %1$s tries to viciously bite you, but fails to penetrate your armor!",
        "no_dmg_msg_npc": "The %1$s tries to bite <npcname>, but fails to penetrate their armor!",
        "miss_msg_u": "The %s bulbous mouth crunches at you, but you step aside!",
        "miss_msg_npc": "The %s crunches <npcname>, but they dodge!"
      }
    ],
    "flags": [
      "SEES",
      "HEARS",
      "SMELLS",
      "WARM",
      "BASHES",
      "GROUP_BASH",
      "POISON",
      "NO_BREATHE",
      "BONES",
      "GRABS",
      "PUSH_MON"
    ]
  }
]