[
  {
    "type": "AMMO",
    "id": "kawaii_arrow_ribbon",
    "price": "10 USD",
    "name": {
      "str": "束带木箭"
    },
    "symbol": "=",
    "color": "green",
    "description": "用漂亮的红丝带装饰的箭，它们在战斗中射出后很容易找到和复原。",
    "material": [
      "wood"
    ],
    "volume": "250 ml",
    "weight": "40 g",
    "bashing": 2,
    "cutting": 1,
    "ammo_type": "arrow",
    "damage": {
      "damage_type": "stab",
      "constant_damage_multiplier": 2,
      "armor_penetration": 7
    },
    "range": 7,
    "dispersion": 120,
    "loudness": 0,
    "count": 10,
    "effects": [
      "RECOVER_50"
    ]
  },
  {
    "type": "AMMO",
    "id": "kawaii_arrow_feather",
    "price": "10 USD",
    "name": {
      "str": "羽饰塑料箭"
    },
    "symbol": "=",
    "color": "green",
    "description": "用轻薄且靓丽的鸟类羽毛装饰的箭矢。这些箭矢展现出了非凡的工艺, 比普通的箭更加轻便坚固。它们更容易回收, 因为它们不太可能被折断。",
    "material": [
      "plastic"
    ],
    "volume": "250 ml",
    "weight": "20 g",
    "bashing": 2,
    "cutting": 1,
    "ammo_type": "arrow",
    "damage": {
      "damage_type": "stab",
      "constant_damage_multiplier": 2.25,
      "armor_penetration": 10
    },
    "range": 8,
    "dispersion": 50,
    "loudness": 0,
    "count": 10,
    "effects": [
      "RECOVER_80"
    ]
  },
  {
    "type": "AMMO",
    "id": "kawaii_arrow_little_mary",
    "price": "10 USD",
    "name": {
      "str": "小玛丽箭"
    },
    "symbol": "=",
    "color": "green",
    "description": "由“爱丽丝&玛丽亚”女仆装设计师制造的箭矢。这些箭与其说是箭矢，不如说是智能的投射物、这些箭使用了高质量的合金核以获取更大的威力，箭头被一种电磁场包裹, 所以能更好地穿透装甲。",
    "material": [
      "kawaii_amsteel",
      "kawaii_amplastic"
    ],
    "volume": "500 ml",
    "weight": "140 g",
    "bashing": 5,
    "cutting": 10,
    "ammo_type": "arrow",
    "damage": {
      "damage_type": "stab",
      "constant_damage_multiplier": 2.5,
      "armor_penetration": 22
    },
    "range": 10,
    "dispersion": 70,
    "loudness": 0,
    "count": 10,
    "effects": [
      "RECOVER_80"
    ]
  }
]