[
  {
    "id": "kawaii_bottle_2l",
    "type": "GENERIC",
    "category": "container",
    "name": {
      "str": "A&M折叠水瓶（2升）"
    },
    "description": "这款2升折叠瓶由重量很轻的A&M专用塑料制成。它最初并不畅销，但停产之后，它就成了收藏家的珍品。",
    "weight": "300 g",
    "volume": "100 ml",
    "price": "90 USD",
    "to_hit": -4,
    "bashing": 5,
    "material": [
      "kawaii_amplastic"
    ],
    "symbol": "}",
    "color": "light_cyan",
    "pocket_data": [
      {
        "pocket_type": "CONTAINER",
        "watertight": true,
        "rigid": false,
        "max_contains_volume": "2 L",
        "max_contains_weight": "4 kg"
      }
    ],
    "flags": [
      "TARDIS"
    ]
  },
  {
    "id": "kawaii_jerrycan_10l",
    "type": "GENERIC",
    "category": "container",
    "name": {
      "str": "A&M油罐（10升）"
    },
    "description": "这款10升油罐由重量很轻的A&M专用塑料制成。它最初并不畅销，但停产之后，它就成了收藏家的珍品。",
    "weight": "750 g",
    "volume": "10 L",
    "price": "255 USD",
    "to_hit": -2,
    "material": [
      "kawaii_amplastic"
    ],
    "symbol": ")",
    "color": "green",
    "pocket_data": [
      {
        "pocket_type": "CONTAINER",
        "watertight": true,
        "rigid": true,
        "max_contains_volume": "10 L",
        "max_contains_weight": "20 kg"
      }
    ],
    "flags": [
      "TARDIS"
    ]
  },
  {
    "id": "kawaii_jerrycan_20l",
    "type": "GENERIC",
    "category": "container",
    "name": {
      "str": "A&M油罐（20升）"
    },
    "description": "这款20升油罐由重量很轻的A&M专用塑料制成。它最初并不畅销，但停产之后，它就成了收藏家的珍品。",
    "weight": "1500 g",
    "volume": "20 L",
    "price": "500 USD",
    "to_hit": -3,
    "bashing": 4,
    "material": [
      "kawaii_amplastic"
    ],
    "symbol": ")",
    "color": "green",
    "pocket_data": [
      {
        "pocket_type": "CONTAINER",
        "watertight": true,
        "rigid": true,
        "max_contains_volume": "20 L",
        "max_contains_weight": "40 kg"
      }
    ],
    "flags": [
      "TARDIS"
    ]
  }
]