[
  {
    "type": "ammunition_type",
    "id": "kawaii_308AM",
    "name": "凌晨0.308",
    "default": "kawaii_308AM"
  },
  {
    "id": "kawaii_308AM",
    "type": "AMMO",
    "name": {
      "str": "A&M定制 .308弹"
    },
    "description": "A&M产品专用",
    "weight": "3 g",
    "volume": "3 ml",
    "price": "0 cent",
    "material": [
      "kawaii_amsteel",
      "powder"
    ],
    "symbol": "=",
    "color": "yellow",
    "count": 20,
    "stack_size": 20,
    "ammo_type": "kawaii_308AM",
    "range": 50,
    "damage": {
      "damage_type": "stab",
      "amount": 45,
      "armor_penetration": 20
    },
    "dispersion": 20,
    "recoil": 500,
    "effects": [
      "COOKOFF"
    ],
    "flags": [
      "UNRECOVERABLE",
      "NO_SALVAGE"
    ]
  }
]