[
  {
    "type": "profession",
    "id": "kawaii_maid",
    "name": "女仆",
    "description": "你一直在一个大宅子里工作，灾难发生的那天，主人一家逃到了一个你不知道的秘密地点。而你则被孤零零地丢在杂乱无章的城市中的这所肮脏的房子里......你该开始工作了。",
    "points": 1,
    "skills": [
      {
        "level": 2,
        "name": "cooking"
      },
      {
        "level": 1,
        "name": "driving"
      },
      {
        "level": 2,
        "name": "tailor"
      }
    ],
    "items": {
      "both": [
        "pocketwatch",
        "knife_steak",
        "kawaii_amts_reciver",
        "kawaii_amts_transmitter",
        "kawaii_amts_pacsys",
        "kawaii_amts_point"
      ],
      "male": [
        "briefs",
        "kawaii_maid_niso_thick",
        "kawaii_maid_dress",
        "kawaii_maid_hat",
        "gloves_light",
        "kawaii_dress_shoes"
      ],
      "female": [
        "kawaii_maid_panties",
        "kawaii_maid_bra",
        "kawaii_maid_niso_thick",
        "kawaii_maid_dress",
        "kawaii_maid_hat",
        "gloves_light",
        "kawaii_dress_shoes"
      ]
    }
  },
  {
    "type": "profession",
    "id": "kawaii_priest",
    "name": "修女",
    "description": "在地下教堂做了几个月的祈祷后，你回到了地表，发现整个世界天翻地覆。没有必要绝望，因为上帝与我们同在。",
    "points": 0,
    "skills": [
      {
        "level": 3,
        "name": "speech"
      }
    ],
    "items": {
      "both": [
        "kawaii_sister_veil",
        "socks",
        "dress_shoes",
        "kawaii_sister_dress",
        "holy_symbol",
        "kawaii_amts_reciver",
        "kawaii_amts_transmitter",
        "kawaii_amts_pacsys",
        "kawaii_amts_point"
      ],
      "male": [
        "briefs"
      ],
      "female": [
        "kawaii_maid_panties",
        "kawaii_maid_bra"
      ]
    }
  },
  {
    "type": "profession",
    "id": "kawaii_student",
    "name": "女学生",
    "description": "你曾经认为如果学校永远关闭会很赞。现在发生了大灾变，你的愿望似乎实现了。",
    "points": 0,
    "skills": [
      {
        "level": 3,
        "name": "speech"
      }
    ],
    "items": {
      "both": [
        "kawaii_maid_megane_02",
        "kawaii_socks_white",
        "kawaii_sailor_fuku",
        "kawaii_loafer",
        "ZSG",
        "backpack",
        "textbook_speech",
        "story_book",
        "howto_computer",
        "novel_coa",
        "kawaii_amts_reciver",
        "kawaii_amts_transmitter",
        "kawaii_amts_pacsys",
        "kawaii_amts_point"
      ],
      "male": [
        "boxer_shorts"
      ],
      "female": [
        "kawaii_maid_simapan_pink",
        "kawaii_maid_simabura_pink"
      ]
    }
  }
]