[
  {
    "id": "kawaii_maid_dress",
    "type": "ARMOR",
    "name": {
      "str": "女仆装"
    },
    "description": "来自绅士们的希望与梦想。",
    "weight": "150 g",
    "volume": "1 L",
    "price": "500 USD",
    "material": [
      "cotton"
    ],
    "symbol": "[",
    "color": "blue",
    "covers": [
      "torso",
      "arm_l",
      "arm_r",
      "leg_l",
      "leg_r"
    ],
    "coverage": 75,
    "encumbrance": 7,
    "pocket_data": [
      {
        "pocket_type": "CONTAINER",
        "max_contains_volume": "3500 ml",
        "max_contains_weight": "4 kg",
        "moves": 75
      }
    ],
    "warmth": 15,
    "material_thickness": 1,
    "flags": [
      "VARSIZE",
      "FANCY"
    ]
  },
  {
    "id": "kawaii_maid_dress_ex",
    "type": "ARMOR",
    "name": {
      "str": "精致女仆装 （夏季版）"
    },
    "description": "数百年的女仆缝纫技术被荟萃到了这件女仆装的技术中：一套可以根据不同的季节改变样式的服装。可以适应任何天气和季节。",
    "weight": "5830 g",
    "volume": "7500 ml",
    "price": "500 USD",
    "material": [
      "cotton"
    ],
    "symbol": "[",
    "color": "dark_gray",
    "covers": [
      "torso",
      "arm_l",
      "arm_r",
      "leg_l",
      "leg_r"
    ],
    "coverage": 80,
    "encumbrance": 20,
    "max_encumbrance": 40,
    "pocket_data": [
      {
        "pocket_type": "CONTAINER",
        "max_contains_volume": "8 L",
        "max_contains_weight": "16 kg",
        "moves": 75
      },
      {
        "pocket_type": "CONTAINER",
        "max_contains_volume": "8 L",
        "max_contains_weight": "16 kg",
        "moves": 75
      },
      {
        "pocket_type": "CONTAINER",
        "max_contains_volume": "2 L",
        "max_contains_weight": "4 kg",
        "moves": 75
      },
      {
        "pocket_type": "CONTAINER",
        "max_contains_volume": "2 L",
        "max_contains_weight": "4 kg",
        "moves": 75
      }
    ],
    "warmth": 0,
    "material_thickness": 5,
    "environmental_protection": 1,
    "flags": [
      "VARSIZE",
      "POCKETS",
      "FANCY"
    ],
    "use_action": {
      "type": "transform",
      "msg": "You modify the maid outfit to better protect against the cold.",
      "target": "kawaii_maid_dress_ex2",
      "menu_text": "Add thermal lining"
    }
  },
  {
    "id": "kawaii_maid_dress_ex2",
    "type": "ARMOR",
    "name": {
      "str": "精致女仆装 （冬季版）"
    },
    "description": "数百年的女仆缝纫技术被荟萃到了这件女仆装的技术中：一套可以根据不同的季节改变样式的服装。可以适应任何天气和季节。",
    "weight": "5830 g",
    "volume": "7500 ml",
    "price": "500 USD",
    "material": [
      "cotton"
    ],
    "symbol": "[",
    "color": "dark_gray",
    "covers": [
      "torso",
      "arm_l",
      "arm_r",
      "leg_l",
      "leg_r"
    ],
    "coverage": 95,
    "encumbrance": 20,
    "max_encumbrance": 40,
    "pocket_data": [
      {
        "pocket_type": "CONTAINER",
        "max_contains_volume": "8 L",
        "max_contains_weight": "16 kg",
        "moves": 75
      },
      {
        "pocket_type": "CONTAINER",
        "max_contains_volume": "8 L",
        "max_contains_weight": "16 kg",
        "moves": 75
      },
      {
        "pocket_type": "CONTAINER",
        "max_contains_volume": "2 L",
        "max_contains_weight": "4 kg",
        "moves": 75
      },
      {
        "pocket_type": "CONTAINER",
        "max_contains_volume": "2 L",
        "max_contains_weight": "4 kg",
        "moves": 75
      }
    ],
    "warmth": 40,
    "material_thickness": 5,
    "environmental_protection": 1,
    "flags": [
      "VARSIZE",
      "POCKETS",
      "FANCY"
    ],
    "use_action": {
      "type": "transform",
      "msg": "You modify the maid outfit to better protect against the heat.",
      "target": "kawaii_maid_dress_ex",
      "menu_text": "Remove thermal lining"
    }
  },
  {
    "id": "kawaii_maid_dress_lss",
    "type": "TOOL_ARMOR",
    "category": "armor",
    "name": {
      "str": "战斗女仆制服 LSS-PRO （关）"
    },
    "description": "普通的女仆装可能不足以在这个危险的新世界生存。这一改进版外表看起来仍然可爱, 而且还有褶边，但实际上隐藏了先进的装甲衬里和气温控制系统，以更好地抵御恶劣的环境。",
    "weight": "5100 g",
    "volume": "10500 ml",
    "price": "8000 USD",
    "material": [
      "kevlar",
      "cotton"
    ],
    "symbol": "[",
    "color": "green",
    "covers": [
      "leg_l",
      "leg_r",
      "torso",
      "arm_l",
      "arm_r"
    ],
    "coverage": 100,
    "encumbrance": 15,
    "max_encumbrance": 22,
    "pocket_data": [
      {
        "pocket_type": "CONTAINER",
        "max_contains_volume": "2 L",
        "max_contains_weight": "4 kg",
        "moves": 75
      },
      {
        "pocket_type": "CONTAINER",
        "max_contains_volume": "2 L",
        "max_contains_weight": "4 kg",
        "moves": 75
      },
      {
        "pocket_type": "CONTAINER",
        "max_contains_volume": "1750 ml",
        "max_contains_weight": "3500 g",
        "moves": 75
      },
      {
        "pocket_type": "CONTAINER",
        "max_contains_volume": "1750 ml",
        "max_contains_weight": "3500 g",
        "moves": 75
      }
    ],
    "warmth": 40,
    "material_thickness": 4,
    "environmental_protection": 5,
    "flags": [
      "VARSIZE",
      "WATERPROOF",
      "POCKETS",
      "RAINPROOF",
      "STURDY",
      "FANCY"
    ],
    "max_charges": 500,
    "initial_charges": 500,
    "turns_per_charge": 0,
    "ammo": "battery",
    "use_action": {
      "type": "transform",
      "msg": "You activate the uniform's heating mode.",
      "target": "kawaii_maid_dress_lss1",
      "menu_text": "Change climate control settings",
      "active": true,
      "need_charges": 1,
      "need_charges_msg": "The uniform does not have enough power left."
    }
  },
  {
    "id": "kawaii_maid_dress_lss1",
    "type": "TOOL_ARMOR",
    "category": "armor",
    "name": {
      "str": "战斗女仆制服 LSS-PRO （保暖）"
    },
    "description": "普通的女仆装可能不足以在这个危险的新世界生存。这一改进版外表看起来仍然可爱, 而且还有褶边，但实际上隐藏了先进的装甲衬里和气温控制系统，以更好地抵御恶劣的环境。",
    "weight": "5100 g",
    "volume": "10500 ml",
    "price": "8000 USD",
    "material": [
      "kevlar",
      "cotton"
    ],
    "symbol": "[",
    "color": "green",
    "covers": [
      "leg_l",
      "leg_r",
      "torso",
      "arm_l",
      "arm_r"
    ],
    "coverage": 100,
    "encumbrance": 25,
    "max_encumbrance": 33,
    "pocket_data": [
      {
        "pocket_type": "CONTAINER",
        "max_contains_volume": "2500 ml",
        "max_contains_weight": "5 kg",
        "moves": 75
      },
      {
        "pocket_type": "CONTAINER",
        "max_contains_volume": "2500 ml",
        "max_contains_weight": "5 kg",
        "moves": 75
      },
      {
        "pocket_type": "CONTAINER",
        "max_contains_volume": "1250 ml",
        "max_contains_weight": "2 kg",
        "moves": 75
      },
      {
        "pocket_type": "CONTAINER",
        "max_contains_volume": "1250 ml",
        "max_contains_weight": "2 kg",
        "moves": 75
      }
    ],
    "warmth": 80,
    "material_thickness": 4,
    "environmental_protection": 5,
    "flags": [
      "VARSIZE",
      "WATERPROOF",
      "POCKETS",
      "RAINPROOF",
      "STURDY",
      "FANCY"
    ],
    "max_charges": 500,
    "turns_per_charge": 100,
    "ammo": "battery",
    "revert_to": "kawaii_maid_dress_lss",
    "use_action": {
      "type": "transform",
      "msg": "You activate the uniform's cooling mode.",
      "target": "kawaii_maid_dress_lss2",
      "menu_text": "Change climate control settings",
      "active": true,
      "need_charges": 1,
      "need_charges_msg": "The uniform does not have enough power left."
    }
  },
  {
    "id": "kawaii_maid_dress_lss2",
    "type": "TOOL_ARMOR",
    "category": "armor",
    "name": {
      "str": "战斗女仆制服 LSS-PRO （冷却）"
    },
    "description": "普通的女仆装可能不足以在这个危险的新世界生存。这一改进版外表看起来仍然可爱, 而且还有褶边，但实际上隐藏了先进的装甲衬里和气温控制系统，以更好地抵御恶劣的环境。",
    "weight": "5100 g",
    "volume": "10500 ml",
    "price": "8000 USD",
    "material": [
      "kevlar",
      "cotton"
    ],
    "symbol": "[",
    "color": "green",
    "covers": [
      "leg_l",
      "leg_r",
      "torso",
      "arm_l",
      "arm_r"
    ],
    "coverage": 100,
    "encumbrance": 15,
    "max_encumbrance": 23,
    "pocket_data": [
      {
        "pocket_type": "CONTAINER",
        "max_contains_volume": "2500 ml",
        "max_contains_weight": "5 kg",
        "moves": 75
      },
      {
        "pocket_type": "CONTAINER",
        "max_contains_volume": "2500 ml",
        "max_contains_weight": "5 kg",
        "moves": 75
      },
      {
        "pocket_type": "CONTAINER",
        "max_contains_volume": "1250 ml",
        "max_contains_weight": "2 kg",
        "moves": 75
      },
      {
        "pocket_type": "CONTAINER",
        "max_contains_volume": "1250 ml",
        "max_contains_weight": "2 kg",
        "moves": 75
      }
    ],
    "warmth": 0,
    "material_thickness": 4,
    "environmental_protection": 5,
    "flags": [
      "VARSIZE",
      "WATERPROOF",
      "POCKETS",
      "RAINPROOF",
      "STURDY",
      "FANCY"
    ],
    "max_charges": 500,
    "turns_per_charge": 300,
    "ammo": "battery",
    "revert_to": "kawaii_maid_dress_lss",
    "use_action": {
      "type": "transform",
      "msg": "You turn off the uniform's climate control systems.",
      "target": "kawaii_maid_dress_lss",
      "menu_text": "Change climate control settings"
    }
  },
  {
    "id": "kawaii_maid_dress_long",
    "type": "ARMOR",
    "name": {
      "str": "维多利亚女仆装"
    },
    "description": "带有长袖和长裙的女仆制服，更适合冬天穿。",
    "weight": "350 g",
    "volume": "1750 ml",
    "price": "500 USD",
    "material": [
      "cotton"
    ],
    "symbol": "[",
    "color": "blue",
    "covers": [
      "torso",
      "arm_l",
      "arm_r",
      "leg_l",
      "leg_r"
    ],
    "coverage": 85,
    "encumbrance": 20,
    "max_encumbrance": 34,
    "pocket_data": [
      {
        "pocket_type": "CONTAINER",
        "max_contains_volume": "6 L",
        "max_contains_weight": "12 kg",
        "moves": 75
      },
      {
        "pocket_type": "CONTAINER",
        "max_contains_volume": "6 L",
        "max_contains_weight": "12 kg",
        "moves": 75
      },
      {
        "pocket_type": "CONTAINER",
        "max_contains_volume": "2 L",
        "max_contains_weight": "4 kg",
        "moves": 75
      },
      {
        "pocket_type": "CONTAINER",
        "max_contains_volume": "2 L",
        "max_contains_weight": "4 kg",
        "moves": 75
      }
    ],
    "warmth": 40,
    "material_thickness": 2,
    "flags": [
      "VARSIZE",
      "FANCY"
    ]
  },
  {
    "id": "kawaii_wedding_dress",
    "type": "ARMOR",
    "name": {
      "str": "婚纱"
    },
    "description": "一套纯白色的婚纱。",
    "weight": "400 g",
    "volume": "2500 ml",
    "price": "50 USD",
    "material": [
      "cotton"
    ],
    "symbol": "[",
    "color": "blue",
    "covers": [
      "torso",
      "arm_l",
      "arm_r",
      "leg_l",
      "leg_r"
    ],
    "coverage": 85,
    "encumbrance": 7,
    "warmth": 10,
    "material_thickness": 1,
    "flags": [
      "VARSIZE",
      "FANCY"
    ]
  },
  {
    "id": "kawaii_sister_dress",
    "type": "ARMOR",
    "name": {
      "str": "修女帽"
    },
    "description": "一套用来服侍上帝的修女服, 散发出神圣的气息。",
    "weight": "200 g",
    "volume": "1250 ml",
    "price": "50 USD",
    "material": [
      "cotton"
    ],
    "symbol": "[",
    "color": "blue",
    "covers": [
      "torso",
      "arm_l",
      "arm_r",
      "leg_l",
      "leg_r"
    ],
    "coverage": 85,
    "encumbrance": 7,
    "max_encumbrance": 10,
    "pocket_data": [
      {
        "pocket_type": "CONTAINER",
        "max_contains_volume": "1250 ml",
        "max_contains_weight": "2 kg",
        "moves": 75
      },
      {
        "pocket_type": "CONTAINER",
        "max_contains_volume": "1250 ml",
        "max_contains_weight": "2 kg",
        "moves": 75
      }
    ],
    "warmth": 5,
    "material_thickness": 1,
    "flags": [
      "VARSIZE",
      "FANCY"
    ]
  },
  {
    "id": "kawaii_raincoat",
    "type": "ARMOR",
    "name": {
      "str": "透明雨衣 （带风帽）"
    },
    "description": "一种透明的雨衣，由非常薄的乙烯基制成，非常受想要在雨天时髦的女仆们的欢迎。这种材料很薄，因此不用的时候整个雨衣可以折叠起来放进口袋里。",
    "weight": "120 g",
    "volume": "750 ml",
    "price": "50 USD",
    "material": [
      "plastic",
      "cotton"
    ],
    "symbol": "[",
    "color": "blue",
    "covers": [
      "torso",
      "arm_l",
      "arm_r",
      "head"
    ],
    "coverage": 95,
    "encumbrance": 10,
    "warmth": 5,
    "material_thickness": 1,
    "flags": [
      "VARSIZE",
      "POCKETS",
      "WATERPROOF",
      "RAINPROOF",
      "HOOD",
      "OUTER",
      "FANCY"
    ],
    "use_action": {
      "type": "transform",
      "msg": "You take off the hood.",
      "target": "kawaii_raincoat_off",
      "menu_text": "Toggle hood"
    }
  },
  {
    "id": "kawaii_raincoat_off",
    "type": "ARMOR",
    "name": {
      "str": "透明雨衣 （没带风帽）"
    },
    "description": "一种透明的雨衣，由非常薄的乙烯基制成，非常受想要在雨天时髦的女仆们的欢迎。这种材料很薄，因此不用的时候整个雨衣可以折叠起来放进口袋里。",
    "weight": "120 g",
    "volume": "750 ml",
    "price": "50 USD",
    "material": [
      "plastic",
      "cotton"
    ],
    "symbol": "[",
    "color": "blue",
    "covers": [
      "torso",
      "arm_l",
      "arm_r"
    ],
    "coverage": 85,
    "encumbrance": 7,
    "warmth": 5,
    "material_thickness": 1,
    "flags": [
      "VARSIZE",
      "POCKETS",
      "WATERPROOF",
      "RAINPROOF",
      "HOOD",
      "OUTER",
      "FANCY"
    ],
    "use_action": {
      "type": "transform",
      "msg": "You put on the hood.",
      "target": "kawaii_raincoat",
      "menu_text": "Toggle hood"
    }
  },
  {
    "id": "kawaii_sailor_fuku",
    "type": "ARMOR",
    "name": {
      "str": "JK制服"
    },
    "description": "学校为女子高中生设计的制服。",
    "weight": "200 g",
    "volume": "1 L",
    "price": "500 USD",
    "material": [
      "cotton"
    ],
    "symbol": "[",
    "color": "blue",
    "covers": [
      "torso",
      "arm_l",
      "arm_r",
      "leg_l",
      "leg_r"
    ],
    "coverage": 85,
    "encumbrance": 5,
    "max_encumbrance": 8,
    "pocket_data": [
      {
        "pocket_type": "CONTAINER",
        "max_contains_volume": "1250 ml",
        "max_contains_weight": "2 kg",
        "moves": 75
      },
      {
        "pocket_type": "CONTAINER",
        "max_contains_volume": "1250 ml",
        "max_contains_weight": "2 kg",
        "moves": 75
      }
    ],
    "warmth": 5,
    "material_thickness": 1,
    "flags": [
      "VARSIZE",
      "FANCY"
    ]
  },
  {
    "id": "kawaii_maid_panties",
    "type": "ARMOR",
    "name": {
      "str": "纯白内裤"
    },
    "description": "纯白色的内裤, 在夏天非常透气和舒适。",
    "weight": "32 g",
    "volume": "250 ml",
    "price": "10 USD",
    "material": [
      "cotton"
    ],
    "symbol": "[",
    "color": "white",
    "covers": [
      "leg_l",
      "leg_r"
    ],
    "coverage": 15,
    "warmth": 0,
    "material_thickness": 1,
    "flags": [
      "VARSIZE",
      "SKINTIGHT",
      "FANCY"
    ]
  },
  {
    "id": "kawaii_maid_bra",
    "type": "ARMOR",
    "name": {
      "str": "纯白胸罩"
    },
    "description": "纯白色的胸罩, 即使是在夏天也非常透气和舒适。",
    "weight": "32 g",
    "volume": "250 ml",
    "price": "10 USD",
    "material": [
      "cotton"
    ],
    "symbol": "[",
    "color": "white",
    "covers": [
      "torso"
    ],
    "coverage": 15,
    "warmth": 0,
    "material_thickness": 1,
    "flags": [
      "VARSIZE",
      "SKINTIGHT",
      "FANCY"
    ]
  },
  {
    "id": "kawaii_maid_simapan_pink",
    "type": "ARMOR",
    "name": {
      "str": "粉色条纹内裤"
    },
    "description": "有着粉色条纹的内裤。",
    "weight": "32 g",
    "volume": "250 ml",
    "price": "10 USD",
    "material": [
      "cotton"
    ],
    "symbol": "[",
    "color": "white",
    "covers": [
      "leg_l",
      "leg_r"
    ],
    "coverage": 15,
    "warmth": 5,
    "material_thickness": 1,
    "flags": [
      "VARSIZE",
      "SKINTIGHT",
      "FANCY"
    ]
  },
  {
    "id": "kawaii_maid_simabura_pink",
    "type": "ARMOR",
    "name": {
      "str": "粉色条纹胸罩"
    },
    "description": "有着粉色条纹的胸罩。",
    "weight": "32 g",
    "volume": "250 ml",
    "price": "10 USD",
    "material": [
      "cotton"
    ],
    "symbol": "[",
    "color": "white",
    "covers": [
      "torso"
    ],
    "coverage": 15,
    "warmth": 5,
    "material_thickness": 1,
    "flags": [
      "VARSIZE",
      "SKINTIGHT",
      "FANCY"
    ]
  },
  {
    "id": "kawaii_maid_simapan_green",
    "type": "ARMOR",
    "name": {
      "str": "绿色条纹内裤"
    },
    "description": "有着绿色条纹的内裤。",
    "weight": "32 g",
    "volume": "250 ml",
    "price": "10 USD",
    "material": [
      "cotton"
    ],
    "symbol": "[",
    "color": "white",
    "covers": [
      "leg_l",
      "leg_r"
    ],
    "coverage": 15,
    "warmth": 5,
    "material_thickness": 1,
    "flags": [
      "VARSIZE",
      "SKINTIGHT",
      "FANCY"
    ]
  },
  {
    "id": "kawaii_maid_simabura_green",
    "type": "ARMOR",
    "name": {
      "str": "绿色条纹胸罩"
    },
    "description": "有着绿色条纹的胸罩。",
    "weight": "32 g",
    "volume": "250 ml",
    "price": "10 USD",
    "material": [
      "cotton"
    ],
    "symbol": "[",
    "color": "white",
    "covers": [
      "torso"
    ],
    "coverage": 15,
    "warmth": 5,
    "material_thickness": 1,
    "flags": [
      "VARSIZE",
      "SKINTIGHT",
      "FANCY"
    ]
  },
  {
    "id": "kawaii_bikini_bottom_black",
    "type": "ARMOR",
    "name": {
      "str": "黑色比基尼内裤"
    },
    "description": "一件黑色比基尼内裤。",
    "weight": "32 g",
    "volume": "250 ml",
    "price": "10 USD",
    "material": [
      "cotton"
    ],
    "symbol": "[",
    "color": "light_red",
    "covers": [
      "leg_l",
      "leg_r"
    ],
    "coverage": 15,
    "warmth": 5,
    "material_thickness": 1,
    "flags": [
      "VARSIZE",
      "SKINTIGHT",
      "WATER_FRIENDLY"
    ]
  },
  {
    "id": "kawaii_bikini_top_black",
    "type": "ARMOR",
    "name": {
      "str": "黑色比基尼胸罩"
    },
    "description": "一件黑色比基尼内裤。",
    "weight": "32 g",
    "volume": "3 ml",
    "price": "18 USD",
    "material": [
      "cotton"
    ],
    "symbol": "[",
    "color": "light_red",
    "covers": [
      "torso"
    ],
    "coverage": 10,
    "material_thickness": 1,
    "flags": [
      "VARSIZE",
      "WATER_FRIENDLY",
      "SKINTIGHT"
    ]
  },
  {
    "id": "kawaii_tailskirt_mini",
    "type": "ARMOR",
    "name": {
      "str": "迷你鱼尾裙"
    },
    "description": "一件底部呈喇叭状展开的, 背面稍长的迷你裙。",
    "weight": "11 g",
    "volume": "250 ml",
    "price": "30 USD",
    "material": [
      "cotton"
    ],
    "symbol": "[",
    "color": "pink",
    "covers": [
      "leg_l",
      "leg_r"
    ],
    "coverage": 7,
    "material_thickness": 1,
    "flags": [
      "VARSIZE",
      "FANCY"
    ]
  },
  {
    "id": "kawaii_vest",
    "type": "ARMOR",
    "name": {
      "str": "工具背心"
    },
    "description": "有许多口袋的改良型工具背心",
    "weight": "516 g",
    "volume": "1 L",
    "price": "39 USD",
    "material": [
      "cotton"
    ],
    "symbol": "[",
    "color": "light_gray",
    "covers": [
      "torso"
    ],
    "coverage": 60,
    "encumbrance": 5,
    "max_encumbrance": 8,
    "pocket_data": [
      {
        "pocket_type": "CONTAINER",
        "max_contains_volume": "1500 ml",
        "max_contains_weight": "3 kg",
        "moves": 75
      },
      {
        "pocket_type": "CONTAINER",
        "max_contains_volume": "1500 ml",
        "max_contains_weight": "3 kg",
        "moves": 75
      }
    ],
    "warmth": 5,
    "material_thickness": 2,
    "flags": [
      "VARSIZE",
      "WAIST"
    ]
  },
  {
    "id": "kawaii_maid_hat",
    "type": "ARMOR",
    "name": {
      "str": "女仆头饰"
    },
    "description": "女仆装中最重要的部分之一。无论是什么样的天气，女佣都不能把它脱下来。训练有素的女仆可以将她们的意志传入其中，使她们的头部在冬天保持温暖。（切换以更改温度）",
    "weight": "10 g",
    "volume": "250 ml",
    "price": "25 USD",
    "material": [
      "cotton"
    ],
    "symbol": "[",
    "color": "white",
    "covers": [
      "head"
    ],
    "coverage": 25,
    "encumbrance": 3,
    "warmth": 0,
    "material_thickness": 1,
    "flags": [
      "VARSIZE",
      "FANCY",
      "WATERPROOF",
      "RAINPROOF",
      "SKINTIGHT"
    ],
    "use_action": {
      "type": "transform",
      "msg": "Your pride as a maid prevents the cold from bothering your head.",
      "target": "kawaii_maid_hat_kiai",
      "menu_text": "Channel spirit"
    }
  },
  {
    "id": "kawaii_maid_hat_kiai",
    "type": "ARMOR",
    "name": {
      "str": "女仆头饰"
    },
    "description": "女仆装中最重要的部分之一。无论是什么样的天气，女佣都不能把它脱下来。训练有素的女仆可以将她们的意志传入其中，使她们的头部在冬天保持温暖。（切换以更改温度）",
    "weight": "10 g",
    "volume": "250 ml",
    "price": "25 USD",
    "material": [
      "cotton"
    ],
    "symbol": "[",
    "color": "white",
    "covers": [
      "head"
    ],
    "coverage": 25,
    "encumbrance": 3,
    "warmth": 30,
    "material_thickness": 1,
    "flags": [
      "VARSIZE",
      "FANCY",
      "WATERPROOF",
      "RAINPROOF",
      "SKINTIGHT"
    ],
    "use_action": {
      "type": "transform",
      "msg": "You stop channeling your spirit into te headpiece",
      "target": "kawaii_maid_hat",
      "menu_text": "Stop channeling spirit"
    }
  },
  {
    "id": "kawaii_maid_hat_thermal_off",
    "type": "TOOL_ARMOR",
    "category": "armor",
    "name": {
      "str": "保暖女仆头饰（关）"
    },
    "description": "女仆头饰是女仆制服最重要的部分之一。这个头饰包含了一个用电池供电的保暖系统。不管它看起来怎么样, 戴上它会让你有个女仆的样子。",
    "weight": "15 g",
    "volume": "250 ml",
    "price": "250 USD",
    "material": [
      "cotton"
    ],
    "symbol": "[",
    "color": "white",
    "covers": [
      "head"
    ],
    "coverage": 25,
    "encumbrance": 3,
    "warmth": 40,
    "material_thickness": 3,
    "flags": [
      "VARSIZE",
      "FANCY",
      "WATERPROOF",
      "RAINPROOF",
      "SKINTIGHT"
    ],
    "max_charges": 200,
    "initial_charges": 200,
    "turns_per_charge": 0,
    "ammo": "battery",
    "use_action": {
      "type": "transform",
      "msg": "You activate the headdress' heating systems",
      "target": "kawaii_maid_hat_thermal_on",
      "active": true,
      "menu_text": "Activate heater",
      "need_charges": 1,
      "need_charges_msg": "%s does not have enough power left."
    }
  },
  {
    "id": "kawaii_maid_hat_thermal_on",
    "type": "TOOL_ARMOR",
    "category": "armor",
    "name": {
      "str": "保暖女仆头饰（开）"
    },
    "description": "女仆头饰是女仆制服最重要的部分之一。这个头饰包含了一个用电池供电的保暖系统。不管它看起来怎么样, 戴上它会让你有个女仆的样子。",
    "weight": "15 g",
    "volume": "250 ml",
    "price": "250 USD",
    "material": [
      "cotton"
    ],
    "symbol": "[",
    "color": "white",
    "covers": [
      "head"
    ],
    "coverage": 25,
    "encumbrance": 3,
    "warmth": 80,
    "material_thickness": 3,
    "flags": [
      "VARSIZE",
      "FANCY",
      "WATERPROOF",
      "RAINPROOF",
      "SKINTIGHT"
    ],
    "max_charges": 200,
    "initial_charges": 200,
    "turns_per_charge": 1000,
    "ammo": "battery",
    "revert_to": "kawaii_maid_hat_thermal_off",
    "use_action": {
      "type": "transform",
      "msg": "You deactivate the headdress' heating systems",
      "target": "kawaii_maid_hat_thermal_off",
      "menu_text": "Deactivate heater"
    }
  },
  {
    "id": "kawaii_maid_hat_lss",
    "type": "TOOL_ARMOR",
    "category": "armor",
    "name": {
      "str": "女仆头饰 LSS-PRO （关）"
    },
    "description": "无论环境多么恶劣，女仆都必须保持她们身为女仆的自尊，尽职尽责。女仆的头饰不仅仅是制服的一部分，它是女仆骄傲的象征。",
    "weight": "15 g",
    "volume": "250 ml",
    "price": "550 USD",
    "material": [
      "cotton"
    ],
    "symbol": "[",
    "color": "white",
    "covers": [
      "head"
    ],
    "coverage": 100,
    "encumbrance": 10,
    "warmth": 40,
    "material_thickness": 5,
    "flags": [
      "VARSIZE",
      "FANCY",
      "WATERPROOF",
      "RAINPROOF",
      "SKINTIGHT",
      "STURDY"
    ],
    "max_charges": 300,
    "initial_charges": 300,
    "turns_per_charge": 0,
    "environmental_protection": 5,
    "techniques": [
      "WBLOCK_1"
    ],
    "ammo": "battery",
    "use_action": {
      "type": "transform",
      "msg": "You activate the headdress' heating mode.",
      "target": "kawaii_maid_hat_lss1",
      "active": true,
      "menu_text": "Change climate control settings",
      "need_charges": 1,
      "need_charges_msg": "%s does not have enough power left."
    }
  },
  {
    "id": "kawaii_maid_hat_lss1",
    "type": "TOOL_ARMOR",
    "category": "armor",
    "name": {
      "str": "女仆头饰 LSS-PRO （保暖）"
    },
    "description": "无论环境多么恶劣，女仆都必须保持她们身为女仆的自尊，尽职尽责。女仆的头饰不仅仅是制服的一部分，它是女仆骄傲的象征。",
    "weight": "15 g",
    "volume": "250 ml",
    "price": "550 USD",
    "material": [
      "cotton"
    ],
    "symbol": "[",
    "color": "white",
    "covers": [
      "head"
    ],
    "coverage": 100,
    "encumbrance": 10,
    "warmth": 80,
    "material_thickness": 5,
    "flags": [
      "VARSIZE",
      "FANCY",
      "WATERPROOF",
      "RAINPROOF",
      "SKINTIGHT",
      "STURDY"
    ],
    "max_charges": 300,
    "initial_charges": 300,
    "turns_per_charge": 1000,
    "environmental_protection": 5,
    "techniques": [
      "WBLOCK_1"
    ],
    "ammo": "battery",
    "revert_to": "kawaii_maid_hat_lss",
    "use_action": {
      "type": "transform",
      "msg": "You activate the headdress' cooling mode.",
      "target": "kawaii_maid_hat_lss2",
      "active": true,
      "menu_text": "Change climate control settings",
      "need_charges": 1,
      "need_charges_msg": "%s does not have enough power left."
    }
  },
  {
    "id": "kawaii_maid_hat_lss2",
    "type": "TOOL_ARMOR",
    "category": "armor",
    "name": {
      "str": "女仆头饰 LSS-PRO （冷却）"
    },
    "description": "无论环境多么恶劣，女仆都必须保持她们身为女仆的自尊，尽职尽责。女仆的头饰不仅仅是制服的一部分，它是女仆骄傲的象征。",
    "weight": "15 g",
    "volume": "250 ml",
    "price": "550 USD",
    "material": [
      "cotton"
    ],
    "symbol": "[",
    "color": "white",
    "covers": [
      "head"
    ],
    "coverage": 100,
    "encumbrance": 10,
    "warmth": 0,
    "material_thickness": 5,
    "flags": [
      "VARSIZE",
      "FANCY",
      "WATERPROOF",
      "RAINPROOF",
      "SKINTIGHT",
      "STURDY"
    ],
    "max_charges": 300,
    "initial_charges": 300,
    "turns_per_charge": 2000,
    "environmental_protection": 5,
    "techniques": [
      "WBLOCK_1"
    ],
    "ammo": "battery",
    "revert_to": "kawaii_maid_hat_lss",
    "use_action": {
      "type": "transform",
      "msg": "You deactivate the headdress' climate control.",
      "target": "kawaii_maid_hat_lss",
      "menu_text": "Change climate control settings"
    }
  },
  {
    "id": "kawaii_hitec_megane",
    "type": "TOOL_ARMOR",
    "name": {
      "str": "高科技眼镜 （关）"
    },
    "description": "这些先进的眼镜不仅能起到夜视以及红外扫描仪的作用，而且能防炫光，抵抗化学腐蚀，甚至它还能完全阻挡光线，让人可以在明亮的场所入睡。",
    "weight": "90 g",
    "volume": "250 ml",
    "price": "2500 USD",
    "material": [
      "glass",
      "plastic"
    ],
    "symbol": "[",
    "color": "cyan",
    "covers": [
      "eyes"
    ],
    "coverage": 75,
    "material_thickness": 2,
    "environmental_protection": 6,
    "qualities": [
      [
        "GLARE",
        2
      ]
    ],
    "flags": [
      "WATER_FRIENDLY",
      "FANCY",
      "FIX_NEARSIGHT",
      "FIX_FARSIGHT",
      "SUN_GLASSES",
      "FLASH_PROTECTION"
    ],
    "max_charges": 100,
    "initial_charges": 100,
    "charges_per_use": 0,
    "ammo": "battery",
    "use_action": {
      "type": "transform",
      "menu_text": "Toggle vision mode",
      "msg": "You switch the glasses to night vision mode.",
      "target": "kawaii_hitec_megane_nv",
      "active": true,
      "need_charges": 1,
      "need_charges_msg": "%s does not have enough power left."
    }
  },
  {
    "id": "kawaii_hitec_megane_nv",
    "type": "TOOL_ARMOR",
    "name": {
      "str": "高科技眼镜 （夜视）"
    },
    "description": "这些先进的眼镜不仅能起到夜视以及红外扫描仪的作用，而且能防炫光，抵抗化学腐蚀，甚至它还能完全阻挡光线，让人可以在明亮的场所入睡。",
    "weight": "90 g",
    "volume": "250 ml",
    "price": "2500 USD",
    "material": [
      "glass",
      "plastic"
    ],
    "symbol": "[",
    "color": "cyan",
    "covers": [
      "eyes"
    ],
    "coverage": 75,
    "material_thickness": 2,
    "environmental_protection": 6,
    "flags": [
      "WATER_FRIENDLY",
      "FANCY",
      "FIX_NEARSIGHT",
      "FIX_FARSIGHT",
      "GNV_EFFECT"
    ],
    "max_charges": 100,
    "initial_charges": 100,
    "charges_per_use": 10,
    "ammo": "battery",
    "revert_to": "kawaii_hitec_megane",
    "use_action": {
      "type": "transform",
      "menu_text": "Toggle vision mode",
      "msg": "You switch the glasses to infrared mode.",
      "target": "kawaii_hitec_megane_ir",
      "active": true,
      "need_charges": 1,
      "need_charges_msg": "%s does not have enough power left."
    }
  },
  {
    "id": "kawaii_hitec_megane_ir",
    "type": "TOOL_ARMOR",
    "name": {
      "str": "高科技眼镜 （红外）"
    },
    "description": "这些先进的眼镜不仅能起到夜视以及红外扫描仪的作用，而且能防炫光，抵抗化学腐蚀，甚至它还能完全阻挡光线，让人可以在明亮的场所入睡。",
    "weight": "90 g",
    "volume": "250 ml",
    "price": "2500 USD",
    "material": [
      "glass",
      "plastic"
    ],
    "symbol": "[",
    "color": "cyan",
    "covers": [
      "eyes"
    ],
    "coverage": 75,
    "material_thickness": 2,
    "environmental_protection": 6,
    "flags": [
      "WATER_FRIENDLY",
      "FANCY",
      "FIX_NEARSIGHT",
      "FIX_FARSIGHT",
      "IR_EFFECT"
    ],
    "max_charges": 100,
    "initial_charges": 100,
    "charges_per_use": 10,
    "ammo": "battery",
    "revert_to": "kawaii_hitec_megane",
    "use_action": {
      "type": "transform",
      "menu_text": "Toggle vision mode",
      "msg": "You switch the glasses to blinder mode.",
      "target": "kawaii_hitec_megane_blind"
    }
  },
  {
    "id": "kawaii_hitec_megane_blind",
    "type": "TOOL_ARMOR",
    "name": {
      "str": "高科技眼镜 （目盲）"
    },
    "description": "这些先进的眼镜不仅能起到夜视以及红外扫描仪的作用，而且能防炫光，抵抗化学腐蚀，甚至它还能完全阻挡光线，让人可以在明亮的场所入睡。",
    "weight": "90 g",
    "volume": "250 ml",
    "price": "2500 USD",
    "material": [
      "glass",
      "plastic"
    ],
    "symbol": "[",
    "color": "cyan",
    "covers": [
      "eyes"
    ],
    "coverage": 75,
    "material_thickness": 2,
    "environmental_protection": 6,
    "flags": [
      "WATER_FRIENDLY",
      "FANCY",
      "FIX_NEARSIGHT",
      "FIX_FARSIGHT",
      "BLIND"
    ],
    "max_charges": 100,
    "initial_charges": 100,
    "charges_per_use": 0,
    "ammo": "battery",
    "use_action": {
      "type": "transform",
      "menu_text": "Toggle vision mode",
      "msg": "You return the glasses to its default mode.",
      "target": "kawaii_hitec_megane"
    }
  },
  {
    "id": "kawaii_maid_megane_01",
    "type": "ARMOR",
    "name": {
      "str": "黑色半框眼镜"
    },
    "description": "一个带上这种眼镜的一个女仆，决不会错过一点灰尘，也不会放过任何主人健康上的迹象。（切换以调整位置）",
    "weight": "30 g",
    "volume": "250 ml",
    "price": "79 USD",
    "material": [
      "glass",
      "plastic"
    ],
    "symbol": "[",
    "color": "cyan",
    "covers": [
      "eyes"
    ],
    "coverage": 75,
    "material_thickness": 1,
    "environmental_protection": 1,
    "flags": [
      "WATER_FRIENDLY",
      "FANCY",
      "FIX_NEARSIGHT",
      "FIX_FARSIGHT"
    ],
    "use_action": {
      "type": "transform",
      "msg": "You lower the glasses",
      "target": "kawaii_maid_megane_02",
      "menu_text": "Adjust the glasses"
    }
  },
  {
    "id": "kawaii_maid_megane_02",
    "type": "ARMOR",
    "name": {
      "str": "黑色半框眼镜"
    },
    "description": "一个带上这种眼镜的一个女仆，决不会错过一点灰尘，也不会放过任何主人健康上的迹象。（切换以调整位置）",
    "weight": "30 g",
    "volume": "250 ml",
    "price": "79 USD",
    "material": [
      "glass",
      "plastic"
    ],
    "symbol": "[",
    "color": "cyan",
    "covers": [
      "eyes"
    ],
    "coverage": 75,
    "material_thickness": 1,
    "environmental_protection": 1,
    "flags": [
      "WATER_FRIENDLY",
      "FANCY",
      "FIX_NEARSIGHT",
      "FIX_FARSIGHT"
    ],
    "use_action": {
      "type": "transform",
      "msg": "You raise the glasses",
      "target": "kawaii_maid_megane_01",
      "menu_text": "Adjust the glasses"
    }
  },
  {
    "id": "kawaii_maid_megane_03",
    "type": "ARMOR",
    "name": {
      "str": "红色半框眼镜"
    },
    "description": "一个带上这种眼镜的一个女仆，决不会错过一点灰尘，也不会放过任何主人健康上的迹象。（切换以调整位置）",
    "weight": "30 g",
    "volume": "250 ml",
    "price": "79 USD",
    "material": [
      "glass",
      "plastic"
    ],
    "symbol": "[",
    "color": "cyan",
    "covers": [
      "eyes"
    ],
    "coverage": 75,
    "material_thickness": 1,
    "environmental_protection": 1,
    "flags": [
      "WATER_FRIENDLY",
      "FANCY",
      "FIX_NEARSIGHT",
      "FIX_FARSIGHT"
    ],
    "use_action": {
      "type": "transform",
      "msg": "You lower the glasses",
      "target": "kawaii_maid_megane_04",
      "menu_text": "Adjust the glasses"
    }
  },
  {
    "id": "kawaii_maid_megane_04",
    "type": "ARMOR",
    "name": {
      "str": "红色半框眼镜"
    },
    "description": "一个带上这种眼镜的一个女仆，决不会错过一点灰尘，也不会放过任何主人健康上的迹象。（切换以调整位置）",
    "weight": "30 g",
    "volume": "250 ml",
    "price": "79 USD",
    "material": [
      "glass",
      "plastic"
    ],
    "symbol": "[",
    "color": "cyan",
    "covers": [
      "eyes"
    ],
    "coverage": 75,
    "material_thickness": 1,
    "environmental_protection": 1,
    "flags": [
      "WATER_FRIENDLY",
      "FANCY",
      "FIX_NEARSIGHT",
      "FIX_FARSIGHT"
    ],
    "use_action": {
      "type": "transform",
      "msg": "You raise the glasses",
      "target": "kawaii_maid_megane_03",
      "menu_text": "Adjust the glasses"
    }
  },
  {
    "id": "kawaii_maid_megane_05",
    "type": "ARMOR",
    "name": {
      "str": "大号红色半框眼镜"
    },
    "description": "一个带上这种眼镜的一个女仆，决不会错过一点灰尘，也不会放过任何主人健康上的迹象。",
    "weight": "30 g",
    "volume": "250 ml",
    "price": "79 USD",
    "material": [
      "glass",
      "plastic"
    ],
    "symbol": "[",
    "color": "cyan",
    "covers": [
      "eyes"
    ],
    "coverage": 75,
    "material_thickness": 1,
    "environmental_protection": 1,
    "flags": [
      "WATER_FRIENDLY",
      "FANCY",
      "FIX_NEARSIGHT",
      "FIX_FARSIGHT"
    ]
  },
  {
    "id": "kawaii_maid_megane_06",
    "type": "ARMOR",
    "name": {
      "str": "可爱的黄铜单片眼镜"
    },
    "description": "一个带上这种眼镜的一个女仆，决不会错过一点灰尘，也不会放过任何主人健康上的迹象。",
    "weight": "30 g",
    "volume": "250 ml",
    "price": "79 USD",
    "material": [
      "glass",
      "plastic"
    ],
    "symbol": "[",
    "color": "cyan",
    "covers": [
      "eyes"
    ],
    "coverage": 75,
    "material_thickness": 1,
    "environmental_protection": 1,
    "flags": [
      "WATER_FRIENDLY",
      "FANCY",
      "FIX_NEARSIGHT",
      "FIX_FARSIGHT"
    ]
  },
  {
    "id": "kawaii_maid_megane_07",
    "type": "ARMOR",
    "name": {
      "str": "可爱的带链黄铜单片眼镜"
    },
    "description": "一个带上这种眼镜的一个女仆，决不会错过一点灰尘，也不会放过任何主人健康上的迹象。",
    "weight": "30 g",
    "volume": "250 ml",
    "price": "79 USD",
    "material": [
      "glass",
      "plastic"
    ],
    "symbol": "[",
    "color": "cyan",
    "covers": [
      "eyes"
    ],
    "coverage": 75,
    "material_thickness": 1,
    "environmental_protection": 1,
    "flags": [
      "WATER_FRIENDLY",
      "FANCY",
      "FIX_NEARSIGHT",
      "FIX_FARSIGHT"
    ]
  },
  {
    "id": "kawaii_maid_megane_08",
    "type": "ARMOR",
    "name": {
      "str": "黑色全框眼镜"
    },
    "description": "一个带上这种眼镜的一个女仆，决不会错过一点灰尘，也不会放过任何主人健康上的迹象。",
    "weight": "30 g",
    "volume": "250 ml",
    "price": "79 USD",
    "material": [
      "glass",
      "plastic"
    ],
    "symbol": "[",
    "color": "cyan",
    "covers": [
      "eyes"
    ],
    "coverage": 75,
    "material_thickness": 1,
    "environmental_protection": 1,
    "flags": [
      "WATER_FRIENDLY",
      "FANCY",
      "FIX_NEARSIGHT",
      "FIX_FARSIGHT"
    ]
  },
  {
    "id": "kawaii_maid_megane_09",
    "type": "ARMOR",
    "name": {
      "str": "红色全框眼镜"
    },
    "description": "一个带上这种眼镜的一个女仆，决不会错过一点灰尘，也不会放过任何主人健康上的迹象。",
    "weight": "30 g",
    "volume": "250 ml",
    "price": "79 USD",
    "material": [
      "glass",
      "plastic"
    ],
    "symbol": "[",
    "color": "cyan",
    "covers": [
      "eyes"
    ],
    "coverage": 75,
    "material_thickness": 1,
    "environmental_protection": 1,
    "flags": [
      "WATER_FRIENDLY",
      "FANCY",
      "FIX_NEARSIGHT",
      "FIX_FARSIGHT"
    ]
  },
  {
    "id": "kawaii_hat_cotton",
    "type": "ARMOR",
    "name": {
      "str": "白色棉帽"
    },
    "description": "这是一顶温暖的棉帽，颜色为白色，这样就能更好地搭配女仆装了。",
    "weight": "78 g",
    "volume": "250 ml",
    "price": "20 USD",
    "material": [
      "cotton"
    ],
    "symbol": "[",
    "color": "dark_gray",
    "covers": [
      "head"
    ],
    "coverage": 65,
    "warmth": 20,
    "material_thickness": 1,
    "flags": [
      "VARSIZE"
    ]
  },
  {
    "id": "kawaii_balclava",
    "type": "ARMOR",
    "name": {
      "str": "时尚巴拉克拉法帽 "
    },
    "description": "“我拒绝遮住我可爱的脸！”它的抗寒能力不如普通的巴拉克拉瓦，但这是为了时尚而必须做出的牺牲。（巴拉克拉瓦（Balaclava，/ˌbæləˈklɑːvə/）头套是一种衣物，戴在头上仅暴露出脸的一部分。）",
    "weight": "40 g",
    "volume": "250 ml",
    "price": "35 USD",
    "material": [
      "cotton"
    ],
    "symbol": "[",
    "color": "dark_gray",
    "covers": [
      "head",
      "mouth"
    ],
    "coverage": 95,
    "encumbrance": 5,
    "warmth": 25,
    "material_thickness": 2,
    "flags": [
      "VARSIZE",
      "SKINTIGHT"
    ]
  },
  {
    "id": "kawaii_wedding_veil_a",
    "type": "ARMOR",
    "name": {
      "str": "婚礼面纱"
    },
    "description": "一顶简单美丽的婚礼面纱。",
    "weight": "10 g",
    "volume": "250 ml",
    "price": "50 USD",
    "material": [
      "cotton"
    ],
    "symbol": "[",
    "color": "white",
    "covers": [
      "head"
    ],
    "coverage": 70,
    "encumbrance": 5,
    "warmth": 15,
    "material_thickness": 1,
    "flags": [
      "VARSIZE",
      "FANCY"
    ]
  },
  {
    "id": "kawaii_wedding_veil_b",
    "type": "ARMOR",
    "name": {
      "str": "婚礼装饰面纱"
    },
    "description": "一顶有着额外装饰品的婚礼面纱。",
    "weight": "10 g",
    "volume": "250 ml",
    "price": "50 USD",
    "material": [
      "cotton"
    ],
    "symbol": "[",
    "color": "white",
    "covers": [
      "head"
    ],
    "coverage": 70,
    "encumbrance": 5,
    "warmth": 15,
    "material_thickness": 1,
    "flags": [
      "VARSIZE",
      "FANCY"
    ]
  },
  {
    "id": "kawaii_sister_veil",
    "type": "ARMOR",
    "name": {
      "str": "修女头饰"
    },
    "description": "献出一生服侍上帝的人所戴的面纱。",
    "weight": "10 g",
    "volume": "250 ml",
    "price": "50 USD",
    "material": [
      "cotton"
    ],
    "symbol": "[",
    "color": "white",
    "covers": [
      "head"
    ],
    "coverage": 95,
    "encumbrance": 5,
    "warmth": 5,
    "material_thickness": 1,
    "flags": [
      "VARSIZE",
      "FANCY"
    ]
  },
  {
    "id": "kawaii_wig_01",
    "type": "ARMOR",
    "name": {
      "str": "波浪粉色假长发"
    },
    "description": "一卷长长的, 粉色的波浪假发。",
    "symbol": "[",
    "color": "white",
    "flags": [
      "ZERO_WEIGHT"
    ]
  },
  {
    "id": "kawaii_maid_hardcase",
    "type": "ARMOR",
    "name": {
      "str": "硬壳箱"
    },
    "description": "一个巨大的长方形硬盒。通常用于携带大型乐器、狙击步枪或敏感的电气设备。",
    "weight": "1800 g",
    "volume": "17000 ml",
    "price": "120 USD",
    "material": [
      "plastic",
      "steel"
    ],
    "symbol": "[",
    "color": "dark_gray",
    "covers": [
      "torso"
    ],
    "coverage": 30,
    "encumbrance": 30,
    "max_encumbrance": 30,
    "pocket_data": [
      {
        "pocket_type": "CONTAINER",
        "rigid": true,
        "max_contains_volume": "15 L",
        "max_contains_weight": "24 kg",
        "moves": 75
      }
    ],
    "warmth": 0,
    "material_thickness": 2,
    "flags": [
      "BELTED",
      "WATER_FRIENDLY",
      "STURDY"
    ]
  },
  {
    "id": "kawaii_maid_hardcase_mini",
    "type": "ARMOR",
    "name": {
      "str": "迷你硬壳箱"
    },
    "description": "一个相对普通版小一点的硬壳箱。",
    "weight": "1300 g",
    "volume": "11000 ml",
    "price": "80 USD",
    "material": [
      "plastic",
      "steel"
    ],
    "symbol": "[",
    "color": "dark_gray",
    "covers": [
      "torso"
    ],
    "coverage": 15,
    "encumbrance": 15,
    "max_encumbrance": 15,
    "pocket_data": [
      {
        "pocket_type": "CONTAINER",
        "rigid": true,
        "max_contains_volume": "10 L",
        "max_contains_weight": "16 kg",
        "moves": 75
      }
    ],
    "warmth": 0,
    "material_thickness": 2,
    "flags": [
      "BELTED",
      "WATER_FRIENDLY",
      "STURDY"
    ]
  },
  {
    "id": "kawaii_maid_hardcase_slim",
    "type": "ARMOR",
    "name": {
      "str": "细长硬壳箱"
    },
    "description": "一个细长版的硬壳箱。",
    "weight": "800 g",
    "volume": "6500 ml",
    "price": "80 USD",
    "material": [
      "plastic",
      "steel"
    ],
    "symbol": "[",
    "color": "dark_gray",
    "covers": [
      "torso"
    ],
    "coverage": 10,
    "encumbrance": 8,
    "max_encumbrance": 8,
    "pocket_data": [
      {
        "pocket_type": "CONTAINER",
        "rigid": true,
        "max_contains_volume": "5 L",
        "max_contains_weight": "6 kg",
        "moves": 75
      }
    ],
    "warmth": 0,
    "material_thickness": 2,
    "flags": [
      "BELTED",
      "WATER_FRIENDLY",
      "STURDY"
    ]
  },
  {
    "id": "kawaii_secretpoach",
    "type": "ARMOR",
    "name": {
      "str": "吊袜带钱包"
    },
    "description": "一个小储物袋，可以放在裙子下面，用吊袜带托起。",
    "weight": "250 g",
    "volume": "500 ml",
    "price": "30 USD",
    "material": [
      "cotton"
    ],
    "symbol": "[",
    "color": "dark_gray",
    "covers": [
      "leg_l"
    ],
    "coverage": 5,
    "encumbrance": 2,
    "max_encumbrance": 5,
    "pocket_data": [
      {
        "pocket_type": "CONTAINER",
        "max_contains_volume": "1250 ml",
        "max_contains_weight": "2 kg",
        "moves": 75
      },
      {
        "pocket_type": "CONTAINER",
        "max_contains_volume": "1250 ml",
        "max_contains_weight": "2 kg",
        "moves": 75
      }
    ],
    "material_thickness": 2,
    "flags": [
      "WAIST",
      "WATER_FRIENDLY"
    ]
  },
  {
    "id": "kawaii_maid_niso_thick",
    "type": "ARMOR",
    "name": {
      "str": "厚及膝长袜"
    },
    "description": "一双褶边短袜。厚厚的, 能让穿着它的人的腿部保持温暖。",
    "weight": "90 g",
    "volume": "250 ml",
    "price": 500,
    "material": [
      "cotton"
    ],
    "symbol": "[",
    "color": "dark_gray",
    "covers": [
      "foot_l",
      "foot_r"
    ],
    "coverage": 75,
    "encumbrance": 10,
    "warmth": 35,
    "material_thickness": 1,
    "flags": [
      "VARSIZE",
      "SKINTIGHT",
      "FANCY"
    ]
  },
  {
    "id": "kawaii_maid_niso_thin",
    "type": "ARMOR",
    "name": {
      "str": "薄及膝长袜"
    },
    "description": "一双褶边短袜。它很薄，穿上后会有点透明。",
    "weight": "40 g",
    "volume": "250 ml",
    "price": 500,
    "material": [
      "cotton"
    ],
    "symbol": "[",
    "color": "dark_gray",
    "covers": [
      "foot_l",
      "foot_r"
    ],
    "coverage": 75,
    "encumbrance": 5,
    "warmth": 2,
    "material_thickness": 1,
    "flags": [
      "VARSIZE",
      "SKINTIGHT",
      "FANCY"
    ]
  },
  {
    "id": "kawaii_tights_black",
    "type": "ARMOR",
    "name": {
      "str": "黑色连裤袜"
    },
    "description": "温暖的白色连裤丝袜。",
    "weight": "100 g",
    "volume": "250 ml",
    "price": "50 USD",
    "material": [
      "cotton"
    ],
    "symbol": "[",
    "color": "dark_gray",
    "covers": [
      "foot_l",
      "foot_r",
      "leg_l",
      "leg_r"
    ],
    "coverage": 95,
    "encumbrance": 15,
    "warmth": 40,
    "material_thickness": 1,
    "flags": [
      "VARSIZE",
      "SKINTIGHT",
      "FANCY"
    ]
  },
  {
    "id": "kawaii_tights_white",
    "type": "ARMOR",
    "name": {
      "str": "白色连裤袜"
    },
    "description": "温暖的白色连裤丝袜。",
    "weight": "100 g",
    "volume": "250 ml",
    "price": "50 USD",
    "material": [
      "cotton"
    ],
    "symbol": "[",
    "color": "dark_gray",
    "covers": [
      "foot_l",
      "foot_r",
      "leg_l",
      "leg_r"
    ],
    "coverage": 95,
    "encumbrance": 15,
    "warmth": 40,
    "material_thickness": 1,
    "flags": [
      "VARSIZE",
      "SKINTIGHT",
      "FANCY"
    ]
  },
  {
    "id": "kawaii_socks_white",
    "type": "ARMOR",
    "name": {
      "str": "白袜子"
    },
    "description": "一对学生们经常穿的白色袜子。",
    "weight": "10 g",
    "volume": "250 ml",
    "price": 500,
    "material": [
      "cotton"
    ],
    "symbol": "[",
    "color": "dark_gray",
    "covers": [
      "foot_l",
      "foot_r"
    ],
    "coverage": 50,
    "encumbrance": 2,
    "warmth": 5,
    "material_thickness": 1,
    "flags": [
      "VARSIZE",
      "SKINTIGHT"
    ]
  },
  {
    "id": "kawaii_maid_garter",
    "type": "ARMOR",
    "name": {
      "str": "吊袜带"
    },
    "description": "一种黑色吊袜带，从设计上一般和长筒丝袜一起穿。",
    "weight": "10 g",
    "volume": "250 ml",
    "price": "15 USD",
    "material": [
      "cotton"
    ],
    "symbol": "[",
    "color": "dark_gray",
    "covers": [
      "leg_l",
      "leg_r"
    ],
    "coverage": 10,
    "encumbrance": 0,
    "warmth": 0,
    "material_thickness": 1,
    "flags": [
      "VARSIZE",
      "SKINTIGHT"
    ]
  },
  {
    "id": "kawaii_dress_shoes",
    "type": "ARMOR",
    "name": {
      "str": "正装皮鞋"
    },
    "description": "与女仆装非常搭配的皮鞋。",
    "weight": "500 g",
    "volume": "1250 ml",
    "price": "120 USD",
    "material": [
      "leather"
    ],
    "symbol": "[",
    "color": "dark_gray",
    "covers": [
      "foot_l",
      "foot_r"
    ],
    "coverage": 60,
    "encumbrance": 5,
    "warmth": 5,
    "material_thickness": 2,
    "flags": [
      "VARSIZE",
      "FANCY"
    ]
  },
  {
    "id": "kawaii_loafer",
    "type": "ARMOR",
    "name": {
      "str": "棕色休闲鞋"
    },
    "description": "一双学生们经常穿棕色便鞋。",
    "weight": "400 g",
    "volume": "1250 ml",
    "price": "120 USD",
    "material": [
      "leather"
    ],
    "symbol": "[",
    "color": "dark_gray",
    "covers": [
      "foot_l",
      "foot_r"
    ],
    "coverage": 60,
    "encumbrance": 5,
    "warmth": 5,
    "material_thickness": 2,
    "flags": [
      "VARSIZE",
      "FANCY"
    ]
  },
  {
    "id": "kawaii_boots",
    "type": "ARMOR",
    "name": {
      "str": "皮靴"
    },
    "description": "皮制的靴，可与多种服装搭配穿着。",
    "weight": "800 g",
    "volume": "2 L",
    "price": "250 USD",
    "material": [
      "leather"
    ],
    "symbol": "[",
    "color": "dark_gray",
    "covers": [
      "foot_l",
      "foot_r"
    ],
    "coverage": 90,
    "warmth": 20,
    "encumbrance": 12,
    "material_thickness": 3,
    "environmental_protection": 2,
    "flags": [
      "VARSIZE",
      "FANCY",
      "WATERPROOF"
    ]
  },
  {
    "id": "kawaii_boots_hi",
    "type": "ARMOR",
    "name": {
      "str": "女仆高跟靴"
    },
    "description": "只有经过挑选的女仆才允许穿的纯白色高跟鞋。它们给穿戴者一种威严的感觉。",
    "weight": "600 g",
    "volume": "1250 ml",
    "price": "850 USD",
    "material": [
      "kevlar",
      "nomex"
    ],
    "symbol": "[",
    "color": "white",
    "covers": [
      "foot_l",
      "foot_r"
    ],
    "coverage": 100,
    "warmth": 30,
    "encumbrance": 5,
    "material_thickness": 7,
    "environmental_protection": 10,
    "flags": [
      "VARSIZE",
      "FANCY",
      "WATERPROOF",
      "STURDY"
    ]
  },
  {
    "id": "kawaii_shoes_hi",
    "type": "ARMOR",
    "name": {
      "str": "女仆高跟鞋"
    },
    "description": "只有经过挑选的女仆才允许穿纯白高跟鞋。它们给穿戴者一种威严的感觉。",
    "weight": "400 g",
    "volume": "750 ml",
    "price": "550 USD",
    "material": [
      "kevlar",
      "nomex"
    ],
    "symbol": "[",
    "color": "white",
    "covers": [
      "foot_l",
      "foot_r"
    ],
    "coverage": 100,
    "warmth": 2,
    "encumbrance": 0,
    "material_thickness": 5,
    "environmental_protection": 10,
    "flags": [
      "VARSIZE",
      "FANCY",
      "WATERPROOF",
      "STURDY"
    ]
  },
  {
    "id": "kawaii_scarf",
    "type": "TOOL_ARMOR",
    "category": "clothing",
    "symbol": "[",
    "color": "light_gray",
    "name": {
      "str": "可爱的时尚围巾"
    },
    "description": "有着可爱图案的围巾。",
    "price": "10 USD",
    "material": [
      "cotton"
    ],
    "weight": "60 g",
    "volume": "500 ml",
    "use_action": {
      "type": "transform",
      "msg": "You loosen the scarf.",
      "target": "kawaii_scarf_loose",
      "menu_text": "Adjust scarf"
    },
    "covers": [
      "mouth"
    ],
    "flags": [
      "OUTER",
      "FANCY"
    ],
    "warmth": 60,
    "environmental_protection": 3,
    "encumbrance": 15,
    "coverage": 85,
    "material_thickness": 1
  },
  {
    "id": "kawaii_scarf_loose",
    "type": "TOOL_ARMOR",
    "category": "clothing",
    "symbol": "[",
    "color": "light_gray",
    "name": {
      "str": "可爱的时尚围巾 （松开）"
    },
    "description": "有着可爱图案的围巾。",
    "price": "10 USD",
    "material": [
      "cotton"
    ],
    "weight": "60 g",
    "volume": "500 ml",
    "revert_to": "kawaii_scarf",
    "use_action": {
      "type": "transform",
      "msg": "You pull the scarf tighter around you.",
      "target": "kawaii_scarf",
      "menu_text": "Adjust scarf"
    },
    "covers": [
      "mouth"
    ],
    "flags": [
      "OUTER",
      "ALLOWS_NATURAL_ATTACKS",
      "FANCY"
    ],
    "warmth": 20,
    "environmental_protection": 3,
    "encumbrance": 10,
    "coverage": 45,
    "material_thickness": 1
  }
]