[
  {
    "id": "antique",
    "type": "item_group",
    "items": [
      [
        "kawaii_amts_reciver",
        1
      ],
      [
        "kawaii_amts_transmitter",
        1
      ],
      [
        "kawaii_amts_point",
        10
      ]
    ]
  },
  {
    "id": "supplies_metal_precious",
    "type": "item_group",
    "//": "Metals of significant economic value before the cataclysm",
    "items": [
      [
        "kawaii_amts_reciver",
        1
      ],
      [
        "kawaii_amts_transmitter",
        1
      ],
      [
        "kawaii_amts_point",
        10
      ]
    ]
  },
  {
    "id": "helicopter",
    "type": "item_group",
    "items": [
      [
        "kawaii_amts_reciver",
        1
      ],
      [
        "kawaii_amts_transmitter",
        1
      ],
      [
        "kawaii_amts_point",
        10
      ]
    ]
  },
  {
    "id": "mil_accessories",
    "type": "item_group",
    "items": [
      [
        "kawaii_amts_reciver",
        1
      ],
      [
        "kawaii_amts_transmitter",
        1
      ],
      [
        "kawaii_amts_point",
        10
      ]
    ]
  },
  {
    "id": "mil_surplus",
    "type": "item_group",
    "items": [
      [
        "kawaii_amts_reciver",
        1
      ],
      [
        "kawaii_amts_transmitter",
        1
      ],
      [
        "kawaii_amts_point",
        10
      ]
    ]
  },
  {
    "id": "pawn",
    "type": "item_group",
    "items": [
      [
        "kawaii_amts_reciver",
        1
      ],
      [
        "kawaii_amts_transmitter",
        1
      ],
      [
        "kawaii_amts_point",
        10
      ]
    ]
  }
]