[
  {
    "type": "mod_tileset",
    "compatibility": [
      "Chibi_Ultica",
      "UltimateCataclysm",
      "MshockXottoplus",
      "UNDEAD_PEOPLE",
      "UNDEAD_PEOPLE_BASE",
      "UNDEAD_PEOPLE_LEGACY",
      "UlticaShell",
      "MshockXottoplus12",
      "MSX++DEAD_PEOPLE",
      "MXplus12_for_cosmetics"
    ],
    "tiles-new": [
      {
        "file": "Project_Kawaii_normal.png",
        "tiles": [
          {
            "id": "kawaii_arrow_feather",
            "fg": 1,
            "rotates": false
          },
          {
            "id": "kawaii_arrow_little_mary",
            "fg": 2,
            "rotates": false
          },
          {
            "id": "kawaii_arrow_ribbon",
            "fg": 3,
            "rotates": false
          },
          {
            "id": "kawaii_308AM",
            "fg": 4
          },
          {
            "id": "kawaii_bottle_2l",
            "fg": 5,
            "rotates": false
          },
          {
            "id": "kawaii_jerrycan_10l",
            "fg": 6,
            "rotates": false
          },
          {
            "id": "kawaii_jerrycan_20l",
            "fg": 7,
            "rotates": false
          },
          {
            "id": "kawaii_amts_eve",
            "fg": 8,
            "rotates": false
          },
          {
            "id": "overlay_wielded_kawaii_amts_eve",
            "fg": 9,
            "rotates": false
          },
          {
            "id": "kawaii_amts_pacsys",
            "fg": 10,
            "rotates": false
          },
          {
            "id": "kawaii_amts_pac_t1_01",
            "fg": 11,
            "rotates": false
          },
          {
            "id": "kawaii_amts_pac_t1_02",
            "fg": 12,
            "rotates": false
          },
          {
            "id": "kawaii_amts_pac_t1_03",
            "fg": 13,
            "rotates": false
          },
          {
            "id": "kawaii_amts_pac_t2_01",
            "fg": 14,
            "rotates": false
          },
          {
            "id": "kawaii_amts_pac_t2_02",
            "fg": 15,
            "rotates": false
          },
          {
            "id": "kawaii_amts_pac_t2_03",
            "fg": 16,
            "rotates": false
          },
          {
            "id": "kawaii_portable_kitchen",
            "fg": 17,
            "rotates": false
          },
          {
            "id": "kawaii_UPS",
            "fg": 18,
            "rotates": false
          },
          {
            "id": "bg_shadow_item",
            "fg": 19,
            "rotates": false
          },
          {
            "id": "overlay_mutation_SKIN_PALE_JP",
            "fg": 20,
            "rotates": false
          },
          {
            "id": "kawaii_balclava",
            "fg": 21,
            "rotates": false
          },
          {
            "id": "overlay_worn_kawaii_balclava",
            "fg": 22,
            "rotates": false
          },
          {
            "id": "kawaii_bikini_bottom_black",
            "fg": 23,
            "rotates": false
          },
          {
            "id": "overlay_worn_kawaii_bikini_bottom_black",
            "fg": 24,
            "rotates": false
          },
          {
            "id": "kawaii_bikini_top_black",
            "fg": 25,
            "rotates": false
          },
          {
            "id": "overlay_worn_kawaii_bikini_top_black",
            "fg": 26,
            "rotates": false
          },
          {
            "id": "kawaii_boots",
            "fg": 27,
            "rotates": false
          },
          {
            "id": "overlay_worn_kawaii_boots",
            "fg": 28,
            "rotates": false
          },
          {
            "id": "kawaii_boots_hi",
            "fg": 29,
            "rotates": false
          },
          {
            "id": "overlay_worn_kawaii_boots_hi",
            "fg": 30,
            "rotates": false
          },
          {
            "id": "kawaii_dress_shoes",
            "fg": 31,
            "rotates": false
          },
          {
            "id": "overlay_worn_kawaii_dress_shoes",
            "fg": 32,
            "rotates": false
          },
          {
            "id": "kawaii_hat_cotton",
            "fg": 33,
            "rotates": false
          },
          {
            "id": "overlay_worn_kawaii_hat_cotton",
            "fg": 34,
            "rotates": false
          },
          {
            "id": "kawaii_hitec_megane",
            "fg": 35,
            "rotates": false
          },
          {
            "id": "overlay_worn_kawaii_hitec_megane",
            "fg": 36,
            "rotates": false
          },
          {
            "id": "kawaii_hitec_megane_blind",
            "fg": 37,
            "rotates": false
          },
          {
            "id": "overlay_worn_kawaii_hitec_megane_blind",
            "fg": 38,
            "rotates": false
          },
          {
            "id": "kawaii_hitec_megane_ir",
            "fg": 39,
            "rotates": false
          },
          {
            "id": "overlay_worn_kawaii_hitec_megane_ir",
            "fg": 40,
            "rotates": false
          },
          {
            "id": "kawaii_hitec_megane_nv",
            "fg": 41,
            "rotates": false
          },
          {
            "id": "overlay_worn_kawaii_hitec_megane_nv",
            "fg": 42,
            "rotates": false
          },
          {
            "id": "kawaii_loafer",
            "fg": 43,
            "rotates": false
          },
          {
            "id": "overlay_worn_kawaii_loafer",
            "fg": 44,
            "rotates": false
          },
          {
            "id": "kawaii_maid_bra",
            "fg": 45,
            "rotates": false
          },
          {
            "id": "overlay_worn_kawaii_maid_bra",
            "fg": 46,
            "rotates": false
          },
          {
            "id": "kawaii_maid_dress",
            "fg": 47,
            "rotates": false
          },
          {
            "id": "overlay_worn_kawaii_maid_dress",
            "fg": 48,
            "rotates": false
          },
          {
            "id": "kawaii_maid_dress_ex",
            "fg": 49,
            "rotates": false
          },
          {
            "id": "overlay_worn_kawaii_maid_dress_ex",
            "fg": 50,
            "rotates": false
          },
          {
            "id": "kawaii_maid_dress_ex2",
            "fg": 51,
            "rotates": false
          },
          {
            "id": "overlay_worn_kawaii_maid_dress_ex2",
            "fg": 52,
            "rotates": false
          },
          {
            "id": "kawaii_maid_dress_long",
            "fg": 53,
            "rotates": false
          },
          {
            "id": "overlay_worn_kawaii_maid_dress_long",
            "fg": 54,
            "rotates": false
          },
          {
            "id": "kawaii_maid_dress_lss",
            "fg": 55,
            "rotates": false
          },
          {
            "id": "overlay_worn_kawaii_maid_dress_lss",
            "fg": 56,
            "rotates": false
          },
          {
            "id": "kawaii_maid_dress_lss1",
            "fg": 57,
            "rotates": false
          },
          {
            "id": "overlay_worn_kawaii_maid_dress_lss1",
            "fg": 58,
            "rotates": false
          },
          {
            "id": "kawaii_maid_dress_lss2",
            "fg": 59,
            "rotates": false
          },
          {
            "id": "overlay_worn_kawaii_maid_dress_lss2",
            "fg": 60,
            "rotates": false
          },
          {
            "id": "kawaii_maid_garter",
            "fg": 61,
            "rotates": false
          },
          {
            "id": "overlay_worn_kawaii_maid_garter",
            "fg": 62,
            "rotates": false
          },
          {
            "id": "kawaii_maid_hardcase",
            "fg": 63,
            "rotates": false
          },
          {
            "id": "overlay_worn_kawaii_maid_hardcase",
            "fg": 64,
            "rotates": false
          },
          {
            "id": "overlay_worn_kawaii_maid_hardcase_mini",
            "fg": 65,
            "rotates": false
          },
          {
            "id": "overlay_worn_kawaii_maid_hardcase_slim",
            "fg": 66,
            "rotates": false
          },
          {
            "id": "kawaii_maid_hat",
            "fg": 67,
            "rotates": false
          },
          {
            "id": "overlay_worn_kawaii_maid_hat",
            "fg": 68,
            "rotates": false
          },
          {
            "id": "kawaii_maid_hat_kiai",
            "fg": 69,
            "rotates": false
          },
          {
            "id": "overlay_worn_kawaii_maid_hat_kiai",
            "fg": 70,
            "rotates": false
          },
          {
            "id": "kawaii_maid_hat_lss",
            "fg": 71,
            "rotates": false
          },
          {
            "id": "overlay_worn_kawaii_maid_hat_lss",
            "fg": 72,
            "rotates": false
          },
          {
            "id": "kawaii_maid_hat_lss1",
            "fg": 73,
            "rotates": false
          },
          {
            "id": "overlay_worn_kawaii_maid_hat_lss1",
            "fg": 74,
            "rotates": false
          },
          {
            "id": "kawaii_maid_hat_lss2",
            "fg": 75,
            "rotates": false
          },
          {
            "id": "overlay_worn_kawaii_maid_hat_lss2",
            "fg": 76,
            "rotates": false
          },
          {
            "id": "kawaii_maid_hat_thermal_off",
            "fg": 77,
            "rotates": false
          },
          {
            "id": "overlay_worn_kawaii_maid_hat_thermal_off",
            "fg": 78,
            "rotates": false
          },
          {
            "id": "kawaii_maid_hat_thermal_on",
            "fg": 79,
            "rotates": false
          },
          {
            "id": "overlay_worn_kawaii_maid_hat_thermal_on",
            "fg": 80,
            "rotates": false
          },
          {
            "id": "kawaii_maid_megane_01",
            "fg": 81,
            "rotates": false
          },
          {
            "id": "overlay_worn_kawaii_maid_megane_01",
            "fg": 82,
            "rotates": false
          },
          {
            "id": "kawaii_maid_megane_02",
            "fg": 83,
            "rotates": false
          },
          {
            "id": "overlay_worn_kawaii_maid_megane_02",
            "fg": 84,
            "rotates": false
          },
          {
            "id": "kawaii_maid_megane_03",
            "fg": 85,
            "rotates": false
          },
          {
            "id": "overlay_worn_kawaii_maid_megane_03",
            "fg": 86,
            "rotates": false
          },
          {
            "id": "kawaii_maid_megane_04",
            "fg": 87,
            "rotates": false
          },
          {
            "id": "overlay_worn_kawaii_maid_megane_04",
            "fg": 88,
            "rotates": false
          },
          {
            "id": "kawaii_maid_megane_05",
            "fg": 89,
            "rotates": false
          },
          {
            "id": "overlay_worn_kawaii_maid_megane_05",
            "fg": 90,
            "rotates": false
          },
          {
            "id": "kawaii_maid_megane_06",
            "fg": 91,
            "rotates": false
          },
          {
            "id": "overlay_worn_kawaii_maid_megane_06",
            "fg": 92,
            "rotates": false
          },
          {
            "id": "kawaii_maid_megane_07",
            "fg": 93,
            "rotates": false
          },
          {
            "id": "overlay_worn_kawaii_maid_megane_07",
            "fg": 94,
            "rotates": false
          },
          {
            "id": "kawaii_maid_megane_08",
            "fg": 95,
            "rotates": false
          },
          {
            "id": "overlay_worn_kawaii_maid_megane_08",
            "fg": 96,
            "rotates": false
          },
          {
            "id": "kawaii_maid_megane_09",
            "fg": 97,
            "rotates": false
          },
          {
            "id": "overlay_worn_kawaii_maid_megane_09",
            "fg": 98,
            "rotates": false
          },
          {
            "id": "kawaii_maid_niso_thick",
            "fg": 99,
            "rotates": false
          },
          {
            "id": "overlay_worn_kawaii_maid_niso_thick",
            "fg": 100,
            "rotates": false
          },
          {
            "id": "kawaii_maid_niso_thin",
            "fg": 101,
            "rotates": false
          },
          {
            "id": "overlay_worn_kawaii_maid_niso_thin",
            "fg": 102,
            "rotates": false
          },
          {
            "id": "kawaii_maid_panties",
            "fg": 103,
            "rotates": false
          },
          {
            "id": "overlay_worn_kawaii_maid_panties",
            "fg": 104,
            "rotates": false
          },
          {
            "id": "kawaii_maid_simabura_green",
            "fg": 105,
            "rotates": false
          },
          {
            "id": "overlay_worn_kawaii_maid_simabura_green",
            "fg": 106,
            "rotates": false
          },
          {
            "id": "kawaii_maid_simabura_pink",
            "fg": 107,
            "rotates": false
          },
          {
            "id": "overlay_worn_kawaii_maid_simabura_pink",
            "fg": 108,
            "rotates": false
          },
          {
            "id": "kawaii_maid_simapan_green",
            "fg": 109,
            "rotates": false
          },
          {
            "id": "overlay_worn_kawaii_maid_simapan_green",
            "fg": 110,
            "rotates": false
          },
          {
            "id": "kawaii_maid_simapan_pink",
            "fg": 111,
            "rotates": false
          },
          {
            "id": "overlay_worn_kawaii_maid_simapan_pink",
            "fg": 112,
            "rotates": false
          },
          {
            "id": "kawaii_raincoat",
            "fg": 113,
            "rotates": false
          },
          {
            "id": "overlay_worn_kawaii_raincoat",
            "fg": 114,
            "rotates": false
          },
          {
            "id": "kawaii_raincoat_off",
            "fg": 115,
            "rotates": false
          },
          {
            "id": "overlay_worn_kawaii_raincoat_off",
            "fg": 116,
            "rotates": false
          },
          {
            "id": "kawaii_sailor_fuku",
            "fg": 117,
            "rotates": false
          },
          {
            "id": "overlay_worn_kawaii_sailor_fuku",
            "fg": 118,
            "rotates": false
          },
          {
            "id": "kawaii_scarf",
            "fg": 119,
            "rotates": false
          },
          {
            "id": "overlay_worn_kawaii_scarf",
            "fg": 120,
            "rotates": false
          },
          {
            "id": "kawaii_scarf_loose",
            "fg": 121,
            "rotates": false
          },
          {
            "id": "overlay_worn_kawaii_scarf_loose",
            "fg": 122,
            "rotates": false
          },
          {
            "id": "kawaii_secretpoach",
            "fg": 123,
            "rotates": false
          },
          {
            "id": "overlay_worn_kawaii_secretpoach",
            "fg": 124,
            "rotates": false
          },
          {
            "id": "kawaii_shoes_hi",
            "fg": 125,
            "rotates": false
          },
          {
            "id": "overlay_worn_kawaii_shoes_hi",
            "fg": 126,
            "rotates": false
          },
          {
            "id": "kawaii_sister_dress",
            "fg": 127,
            "rotates": false
          },
          {
            "id": "overlay_worn_kawaii_sister_dress",
            "fg": 128,
            "rotates": false
          },
          {
            "id": "kawaii_sister_veil",
            "fg": 129,
            "rotates": false
          },
          {
            "id": "overlay_worn_kawaii_sister_veil",
            "fg": 130,
            "rotates": false
          },
          {
            "id": "kawaii_socks_white",
            "fg": 131,
            "rotates": false
          },
          {
            "id": "overlay_worn_kawaii_socks_white",
            "fg": 132,
            "rotates": false
          },
          {
            "id": "kawaii_tailskirt_mini",
            "fg": 133,
            "rotates": false
          },
          {
            "id": "overlay_worn_kawaii_tailskirt_mini",
            "fg": 134,
            "rotates": false
          },
          {
            "id": "kawaii_tights_black",
            "fg": 135,
            "rotates": false
          },
          {
            "id": "overlay_worn_kawaii_tights_black",
            "fg": 136,
            "rotates": false
          },
          {
            "id": "kawaii_tights_white",
            "fg": 137,
            "rotates": false
          },
          {
            "id": "overlay_worn_kawaii_tights_white",
            "fg": 138,
            "rotates": false
          },
          {
            "id": "kawaii_vest",
            "fg": 139,
            "rotates": false
          },
          {
            "id": "overlay_worn_kawaii_vest",
            "fg": 140,
            "rotates": false
          },
          {
            "id": "kawaii_wedding_dress",
            "fg": 141,
            "rotates": false
          },
          {
            "id": "overlay_worn_kawaii_wedding_dress",
            "fg": 142,
            "rotates": false
          },
          {
            "id": "kawaii_wedding_veil_a",
            "fg": 143,
            "rotates": false
          },
          {
            "id": "overlay_worn_kawaii_wedding_veil_a",
            "fg": 144,
            "rotates": false
          },
          {
            "id": "kawaii_wedding_veil_b",
            "fg": 145,
            "rotates": false
          },
          {
            "id": "overlay_worn_kawaii_wedding_veil_b",
            "fg": 146,
            "rotates": false
          },
          {
            "id": "kawaii_wig_01",
            "fg": 147,
            "rotates": false
          },
          {
            "id": "overlay_worn_kawaii_wig_01",
            "fg": 148,
            "rotates": false
          },
          {
            "id": "welder",
            "fg": 149,
            "bg": 19,
            "rotates": false
          },
          {
            "id": "kawaii_crowbar_lance",
            "fg": 150,
            "rotates": false
          },
          {
            "id": "overlay_wielded_kawaii_crowbar_lance",
            "fg": 151,
            "rotates": false
          },
          {
            "id": "kawaii_custombow_v1",
            "fg": 152,
            "rotates": false
          },
          {
            "id": "overlay_wielded_kawaii_custombow_v1",
            "fg": 153,
            "rotates": false
          },
          {
            "id": "kawaii_custombow_v2",
            "fg": 154,
            "rotates": false
          },
          {
            "id": "overlay_wielded_kawaii_custombow_v2",
            "fg": 155,
            "rotates": false
          },
          {
            "id": "kawaii_custombow_v3",
            "fg": 156,
            "rotates": false
          },
          {
            "id": "overlay_wielded_kawaii_custombow_v3",
            "fg": 157,
            "rotates": false
          },
          {
            "id": "kawaii_daikyu",
            "fg": 158,
            "rotates": false
          },
          {
            "id": "overlay_wielded_kawaii_daikyu",
            "fg": 159,
            "rotates": false
          },
          {
            "id": "kawaii_glass_bow",
            "fg": 160,
            "rotates": false
          },
          {
            "id": "overlay_wielded_kawaii_glass_bow",
            "fg": 161,
            "rotates": false
          },
          {
            "id": "kawaii_knife_steak_twin",
            "fg": 162,
            "rotates": false
          },
          {
            "id": "overlay_wielded_kawaii_knife_steak_twin",
            "fg": 163,
            "rotates": false
          },
          {
            "id": "kawaii_leila",
            "fg": 164,
            "rotates": false
          },
          {
            "id": "overlay_wielded_kawaii_leila",
            "fg": 165,
            "rotates": false
          },
          {
            "id": "kawaii_selfbow",
            "fg": 166,
            "rotates": false
          },
          {
            "id": "overlay_wielded_kawaii_selfbow",
            "fg": 167,
            "rotates": false
          },
          {
            "id": "kawaii_shelia_off",
            "fg": 168,
            "rotates": false
          },
          {
            "id": "overlay_wielded_kawaii_shelia_off",
            "fg": 169,
            "rotates": false
          },
          {
            "id": "kawaii_shelia_on",
            "fg": 170,
            "rotates": false
          },
          {
            "id": "overlay_wielded_kawaii_shelia_on",
            "fg": 171,
            "rotates": false
          },
          {
            "id": "kawaii_shieldbow",
            "fg": 172,
            "rotates": false
          },
          {
            "id": "overlay_wielded_kawaii_shieldbow",
            "fg": 173,
            "rotates": false
          },
          {
            "id": "kawaii_sword_steel",
            "fg": 174,
            "rotates": false
          },
          {
            "id": "overlay_wielded_kawaii_sword_steel",
            "fg": 175,
            "rotates": false
          }
        ],
        "//": "range 1 to 176",
        "sprite_width": 32,
        "sprite_height": 32,
        "sprite_offset_x": 0,
        "sprite_offset_y": 0
      },
      {
        "file": "Project_Kawaii_wide.png",
        "tiles": [
          {
            "id": "kawaii_crystal_td",
            "fg": 177,
            "rotates": false
          },
          {
            "id": "overlay_wielded_kawaii_crystal_td",
            "fg": 178,
            "rotates": false
          },
          {
            "id": "kawaii_crystal_tr",
            "fg": 179,
            "rotates": false
          },
          {
            "id": "overlay_wielded_kawaii_crystal_tr",
            "fg": 180,
            "rotates": false
          },
          {
            "id": "kawaii_crystal_tr_prot",
            "fg": 181,
            "rotates": false
          },
          {
            "id": "overlay_wielded_kawaii_crystal_tr_prot",
            "fg": 182,
            "rotates": false
          },
          {
            "id": "kawaii_death_scythe",
            "fg": 183,
            "rotates": false
          },
          {
            "id": "overlay_wielded_kawaii_death_scythe",
            "fg": 184,
            "rotates": false
          },
          {
            "id": "kawaii_rita_and_rosa",
            "fg": 185,
            "rotates": false
          },
          {
            "id": "overlay_wielded_kawaii_rita_and_rosa",
            "fg": 186,
            "rotates": false
          },
          {
            "id": "kawaii_rita_and_rosa_off",
            "fg": 187,
            "rotates": false
          },
          {
            "id": "overlay_wielded_kawaii_rita_and_rosa_off",
            "fg": 188,
            "rotates": false
          }
        ],
        "//": "range 177 to 192",
        "sprite_width": 64,
        "sprite_height": 48,
        "sprite_offset_x": -16,
        "sprite_offset_y": -16
      }
    ]
  }
]