[
  {
    "id": "welder",
    "type": "TOOL",
    "name": {
      "str": "电弧焊枪"
    },
    "copy-from": "welder",
    "extend": {
      "use_action": [
        {
          "type": "repair_item",
          "item_action_type": "repair_metal",
          "materials": [
            "iron",
            "steel",
            "hardsteel",
            "aluminum",
            "copper",
            "silver",
            "gold",
            "kawaii_amsteel",
            "kawaii_amplastic",
            "kawaii_glass"
          ],
          "skill": "fabrication",
          "tool_quality": 10,
          "cost_scaling": 0.1,
          "move_cost": 500
        },
        {
          "flame": false,
          "type": "cauterize"
        }
      ]
    }
  }
]