[
  {
    "type": "recipe",
    "activity_level": "LIGHT_EXERCISE",
    "result": "kawaii_selfbow",
    "category": "CC_WEAPON",
    "subcategory": "CSC_WEAPON_RANGED",
    "skill_used": "fabrication",
    "skills_required": [
      "survival",
      1
    ],
    "time": 12000,
    "reversible": true,
    "autolearn": true,
    "qualities": [
      {
        "id": "CUT",
        "level": 1
      }
    ],
    "components": [
      [
        [
          "stick",
          2
        ],
        [
          "2x4",
          2
        ]
      ],
      [
        [
          "cordage",
          2,
          "LIST"
        ],
        [
          "filament",
          200,
          "LIST"
        ]
      ]
    ]
  },
  {
    "type": "recipe",
    "activity_level": "LIGHT_EXERCISE",
    "result": "kawaii_custombow_v1",
    "category": "CC_WEAPON",
    "subcategory": "CSC_WEAPON_RANGED",
    "skill_used": "fabrication",
    "skills_required": [
      "archery",
      1
    ],
    "difficulty": 1,
    "time": 16000,
    "reversible": true,
    "autolearn": true,
    "qualities": [
      {
        "id": "CUT",
        "level": 1
      }
    ],
    "components": [
      [
        [
          "stick",
          2
        ],
        [
          "2x4",
          2
        ]
      ],
      [
        [
          "cordage",
          2,
          "LIST"
        ],
        [
          "filament",
          200,
          "LIST"
        ]
      ]
    ]
  },
  {
    "type": "recipe",
    "activity_level": "LIGHT_EXERCISE",
    "result": "kawaii_custombow_v2",
    "category": "CC_WEAPON",
    "subcategory": "CSC_WEAPON_RANGED",
    "skill_used": "fabrication",
    "skills_required": [
      "archery",
      3
    ],
    "difficulty": 2,
    "time": 16000,
    "reversible": true,
    "autolearn": true,
    "qualities": [
      {
        "id": "CUT",
        "level": 1
      }
    ],
    "components": [
      [
        [
          "kawaii_custombow_v1",
          1
        ]
      ],
      [
        [
          "steel_chunk",
          6
        ],
        [
          "scrap",
          18
        ]
      ],
      [
        [
          "duct_tape",
          100
        ]
      ]
    ]
  },
  {
    "type": "recipe",
    "activity_level": "LIGHT_EXERCISE",
    "result": "kawaii_custombow_v3",
    "category": "CC_WEAPON",
    "subcategory": "CSC_WEAPON_RANGED",
    "skill_used": "fabrication",
    "skills_required": [
      "archery",
      5
    ],
    "difficulty": 3,
    "time": 22000,
    "reversible": true,
    "autolearn": true,
    "qualities": [
      {
        "id": "CUT",
        "level": 1
      }
    ],
    "components": [
      [
        [
          "kawaii_custombow_v2",
          1
        ]
      ],
      [
        [
          "steel_chunk",
          12
        ]
      ],
      [
        [
          "plastic_chunk",
          12
        ]
      ],
      [
        [
          "duct_tape",
          150
        ]
      ]
    ]
  },
  {
    "type": "recipe",
    "activity_level": "LIGHT_EXERCISE",
    "result": "kawaii_shieldbow",
    "category": "CC_WEAPON",
    "subcategory": "CSC_WEAPON_RANGED",
    "skill_used": "fabrication",
    "skills_required": [
      "archery",
      3
    ],
    "difficulty": 1,
    "time": 15000,
    "reversible": true,
    "autolearn": true,
    "qualities": [
      {
        "id": "CUT",
        "level": 1
      }
    ],
    "components": [
      [
        [
          "2x4",
          26
        ]
      ],
      [
        [
          "steel_chunk",
          2
        ],
        [
          "scrap",
          6
        ]
      ],
      [
        [
          "nail",
          8
        ]
      ],
      [
        [
          "duct_tape",
          100
        ]
      ]
    ]
  },
  {
    "type": "recipe",
    "activity_level": "LIGHT_EXERCISE",
    "result": "kawaii_daikyu",
    "category": "CC_WEAPON",
    "subcategory": "CSC_WEAPON_RANGED",
    "skill_used": "fabrication",
    "skills_required": [
      "archery",
      6
    ],
    "difficulty": 5,
    "time": 20000,
    "reversible": true,
    "autolearn": true,
    "qualities": [
      {
        "id": "CUT",
        "level": 1
      }
    ],
    "components": [
      [
        [
          "2x4",
          24
        ]
      ],
      [
        [
          "stick",
          12
        ]
      ],
      [
        [
          "cordage",
          6,
          "LIST"
        ],
        [
          "filament",
          800,
          "LIST"
        ]
      ]
    ]
  },
  {
    "type": "recipe",
    "activity_level": "LIGHT_EXERCISE",
    "result": "kawaii_customspear_v1",
    "category": "CC_WEAPON",
    "subcategory": "CSC_WEAPON_PIERCING",
    "skill_used": "fabrication",
    "difficulty": 0,
    "time": 2000,
    "autolearn": true,
    "qualities": [
      {
        "id": "HAMMER",
        "level": 1
      }
    ],
    "components": [
      [
        [
          "steel_chunk",
          4
        ]
      ],
      [
        [
          "pipe",
          1
        ]
      ]
    ]
  },
  {
    "type": "recipe",
    "activity_level": "LIGHT_EXERCISE",
    "result": "kawaii_customspear_v2",
    "category": "CC_WEAPON",
    "subcategory": "CSC_WEAPON_PIERCING",
    "skill_used": "fabrication",
    "difficulty": 3,
    "time": 30000,
    "autolearn": true,
    "qualities": [
      {
        "id": "HAMMER",
        "level": 2
      }
    ],
    "components": [
      [
        [
          "kawaii_customspear_v1",
          1
        ]
      ],
      [
        [
          "steel_chunk",
          6
        ]
      ],
      [
        [
          "duct_tape",
          100
        ]
      ],
      [
        [
          "glass_shard",
          8
        ]
      ]
    ]
  },
  {
    "type": "recipe",
    "activity_level": "LIGHT_EXERCISE",
    "result": "kawaii_customspear_v3",
    "category": "CC_WEAPON",
    "subcategory": "CSC_WEAPON_PIERCING",
    "skill_used": "fabrication",
    "difficulty": 6,
    "time": 66000,
    "autolearn": true,
    "qualities": [
      {
        "id": "ANVIL",
        "level": 3
      },
      {
        "id": "HAMMER",
        "level": 3
      },
      {
        "id": "CHISEL",
        "level": 3
      }
    ],
    "tools": [
      [
        [
          "tongs",
          -1
        ]
      ],
      [
        [
          "swage",
          -1
        ]
      ],
      [
        [
          "forge",
          200
        ],
        [
          "oxy_torch",
          40
        ]
      ]
    ],
    "components": [
      [
        [
          "kawaii_customspear_v2",
          1
        ]
      ],
      [
        [
          "steel_chunk",
          12
        ]
      ],
      [
        [
          "duct_tape",
          200
        ]
      ],
      [
        [
          "glass_shard",
          8
        ]
      ],
      [
        [
          "sheet_kevlar_layered",
          2
        ]
      ]
    ]
  },
  {
    "type": "recipe",
    "activity_level": "LIGHT_EXERCISE",
    "result": "kawaii_knife_steak_twin",
    "category": "CC_WEAPON",
    "subcategory": "CSC_WEAPON_CUTTING",
    "skill_used": "fabrication",
    "difficulty": 1,
    "time": 100,
    "reversible": true,
    "autolearn": true,
    "components": [
      [
        [
          "knife_steak",
          2
        ]
      ]
    ]
  },
  {
    "type": "recipe",
    "activity_level": "LIGHT_EXERCISE",
    "result": "kawaii_sword_steel",
    "category": "CC_WEAPON",
    "subcategory": "CSC_WEAPON_CUTTING",
    "skill_used": "fabrication",
    "difficulty": 3,
    "time": 20000,
    "reversible": true,
    "autolearn": true,
    "qualities": [
      {
        "id": "HAMMER",
        "level": 2
      }
    ],
    "components": [
      [
        [
          "steel_chunk",
          12
        ]
      ]
    ]
  },
  {
    "type": "recipe",
    "activity_level": "LIGHT_EXERCISE",
    "result": "kawaii_crystal_tr_prot",
    "category": "CC_WEAPON",
    "subcategory": "CSC_WEAPON_CUTTING",
    "skill_used": "fabrication",
    "difficulty": 3,
    "time": 5000,
    "reversible": true,
    "autolearn": true,
    "components": [
      [
        [
          "glass_shard",
          12
        ]
      ]
    ]
  }
]