[
  {
    "type": "recipe",
    "activity_level": "LIGHT_EXERCISE",
    "result": "kawaii_arrow_ribbon",
    "category": "CC_AMMO",
    "subcategory": "CSC_AMMO_ARROWS",
    "skill_used": "fabrication",
    "skills_required": [
      [
        "archery",
        2
      ],
      [
        "survival",
        1
      ]
    ],
    "difficulty": 3,
    "time": 10000,
    "autolearn": true,
    "book_learn": [
      [
        "recipe_arrows",
        3
      ]
    ],
    "qualities": [
      {
        "id": "HAMMER",
        "level": 1
      },
      {
        "id": "CUT",
        "level": 1
      }
    ],
    "components": [
      [
        [
          "adhesive",
          1,
          "LIST"
        ],
        [
          "filament",
          20,
          "LIST"
        ]
      ],
      [
        [
          "steel_chunk",
          1
        ],
        [
          "scrap",
          3
        ]
      ],
      [
        [
          "stick",
          1
        ],
        [
          "broom",
          1
        ],
        [
          "2x4",
          1
        ],
        [
          "bee_sting",
          1
        ]
      ],
      [
        [
          "feather",
          10
        ],
        [
          "duct_tape",
          40
        ],
        [
          "paper",
          40
        ],
        [
          "bag_plastic",
          1
        ],
        [
          "bottle_plastic_small",
          1
        ],
        [
          "box_small",
          1
        ],
        [
          "plastic_chunk",
          1
        ],
        [
          "aluminum_foil",
          40
        ],
        [
          "cash_card",
          2
        ]
      ],
      [
        [
          "rag",
          1
        ]
      ]
    ]
  },
  {
    "type": "recipe",
    "activity_level": "LIGHT_EXERCISE",
    "result": "kawaii_arrow_feather",
    "category": "CC_AMMO",
    "subcategory": "CSC_AMMO_ARROWS",
    "skill_used": "fabrication",
    "skills_required": [
      [
        "archery",
        8
      ],
      [
        "fabrication",
        5
      ],
      [
        "firstaid",
        3
      ]
    ],
    "difficulty": 6,
    "time": 14000,
    "autolearn": true,
    "qualities": [
      {
        "id": "HAMMER",
        "level": 1
      },
      {
        "id": "CUT",
        "level": 1
      }
    ],
    "components": [
      [
        [
          "adhesive",
          1,
          "LIST"
        ],
        [
          "filament",
          20,
          "LIST"
        ]
      ],
      [
        [
          "steel_chunk",
          1
        ],
        [
          "scrap",
          3
        ]
      ],
      [
        [
          "plastic_chunk",
          4
        ]
      ],
      [
        [
          "feather",
          2
        ]
      ]
    ]
  }
]