[
  {
    "abstract": "canbomb_generic",
    "type": "AMMO",
    "name": {
      "str": "IED"
    },
    "bashing": 8,
    "material": [
      "iron"
    ],
    "symbol": "*",
    "color": "red",
    "ammo_type": "h_projectile",
    "range": 10,
    "effects": [
      "NEVER_MISFIRES",
      "COOKOFF"
    ]
  },
  {
    "id": "canbomb",
    "copy-from": "canbomb_generic",
    "type": "AMMO",
    "name": {
      "str": "高爆大炸弹"
    },
    "description": "一个简易的爆炸装置，说起来就是里边装了杀伤性物质的密封容器，遭遇撞击后触发。这个有大量的高爆装药。",
    "weight": "3816 g",
    "volume": "250 ml",
    "price": "10 USD",
    "count": 1,
    "stack_size": 1,
    "damage": {
      "damage_type": "stab",
      "amount": 60
    },
    "extend": {
      "effects": [
        "EXPLOSIVE_BIG"
      ]
    }
  },
  {
    "id": "canbomb2",
    "copy-from": "canbomb_generic",
    "type": "AMMO",
    "name": {
      "str": "超级大炸弹"
    },
    "description": "一个简易的爆炸装置，说起来就是里边装了杀伤性物质的密封容器，遭遇撞击后触发。这个有非·常·大·量的高爆装药。",
    "weight": "15160 g",
    "volume": "1250 ml",
    "price": "10 USD",
    "count": 5,
    "stack_size": 5,
    "damage": {
      "damage_type": "stab",
      "amount": 150
    },
    "extend": {
      "effects": [
        "EXPLOSIVE_HUGE"
      ]
    }
  },
  {
    "id": "canbombfire",
    "copy-from": "canbomb_generic",
    "type": "AMMO",
    "name": {
      "str": "火焰大炸弹"
    },
    "description": "一个简易的爆炸装置，说起来就是里边装了杀伤性物质的密封容器，遭遇撞击后触发。看起来似乎应该用特制的发射器使用，这个设计来让小片区域充满火焰。",
    "weight": "3816 g",
    "volume": "250 ml",
    "price": "6 USD",
    "count": 1,
    "stack_size": 1,
    "damage": {
      "damage_type": "stab",
      "amount": 20
    },
    "extend": {
      "effects": [
        "FLAME"
      ]
    }
  },
  {
    "id": "canbombfire2",
    "copy-from": "canbomb_generic",
    "type": "AMMO",
    "name": {
      "str": "地狱火大炸弹"
    },
    "description": "一个简易的爆炸装置，说起来就是里边装了杀伤性物质的密封容器，遭遇撞击后触发。看起来似乎应该用特制的发射器使用，这个设计来让大片区域充满火焰。",
    "weight": "6816 g",
    "volume": "250 ml",
    "price": "22 USD",
    "count": 1,
    "stack_size": 1,
    "damage": {
      "damage_type": "stab",
      "amount": 40
    },
    "extend": {
      "effects": [
        "NAPALM"
      ]
    }
  },
  {
    "id": "canbombfrag",
    "copy-from": "canbomb_generic",
    "type": "AMMO",
    "name": {
      "str": "破片大炸弹"
    },
    "description": "一个简易的爆炸装置，说起来就是里边装了杀伤性物质的密封容器，遭遇撞击后触发。看起来似乎应该用特制的发射器使用，这个设计来让目标区域弹片四溅。",
    "weight": "4816 g",
    "volume": "250 ml",
    "price": "8 USD",
    "count": 1,
    "stack_size": 1,
    "damage": {
      "damage_type": "stab",
      "amount": 75
    },
    "extend": {
      "effects": [
        "FRAG"
      ]
    }
  },
  {
    "id": "h_projectile",
    "type": "AMMO",
    "name": {
      "str": "改装微型核弹"
    },
    "description": "一枚经过大幅改造的便携核弹装置。被去除了外壳，使重量轻了一些，但它也因此无法手动起爆，只能通过特别的发射器进行发射。\n“爆炸范围可能在其射程之内。”",
    "weight": "3816 g",
    "volume": "250 ml",
    "price": "1800 USD",
    "bashing": 8,
    "material": [
      "plastic"
    ],
    "symbol": "*",
    "color": "green",
    "count": 1,
    "stack_size": 2,
    "ammo_type": "h_projectile",
    "damage": {
      "damage_type": "stab",
      "amount": 14
    },
    "effects": [
      "MININUKE_MOD",
      "NEVER_MISFIRES"
    ],
    "flags": [
      "LEAK_DAM",
      "RADIOACTIVE"
    ]
  },
  {
    "id": "harpoon",
    "type": "AMMO",
    "name": {
      "str": "鱼叉"
    },
    "description": "一根用木头制成的大型长矛。它的样式很特别，要用专门的发射器发射，因此不适合作为近战武器使用。",
    "weight": "1455 g",
    "volume": "2500 ml",
    "price": "10 USD",
    "bashing": 5,
    "material": [
      "wood"
    ],
    "symbol": "=",
    "color": "brown",
    "count": 10,
    "ammo_type": "harpoon",
    "damage": {
      "damage_type": "stab",
      "amount": 40,
      "armor_penetration": 10
    },
    "effects": [
      "RECOVER_3",
      "NEVER_MISFIRES"
    ]
  },
  {
    "abstract": "hbolt_generic",
    "type": "AMMO",
    "name": {
      "str": "IED rigged bolt"
    },
    "volume": "250 ml",
    "bashing": 8,
    "material": [
      "iron"
    ],
    "symbol": "*",
    "color": "red",
    "count": 1,
    "stack_size": 1,
    "ammo_type": "hbolt",
    "damage": {
      "damage_type": "stab",
      "amount": 14
    },
    "effects": [
      "NEVER_MISFIRES",
      "COOKOFF"
    ]
  },
  {
    "id": "hbolt_boom",
    "copy-from": "hbolt_generic",
    "type": "AMMO",
    "name": {
      "str": "新星弩矢"
    },
    "description": "一只可以密封的容器，填满爆炸物做成简易爆炸装置，然后绑在一条大型弩炮炮矢的尾端。这个东西应使用特制的发射装置发射。这个型号的容器里装填了“大量”的炸药。",
    "weight": "3816 g",
    "price": "10 USD",
    "extend": {
      "effects": [
        "EXPLOSIVE_BIG"
      ]
    }
  },
  {
    "id": "hbolt_boom2",
    "copy-from": "hbolt_generic",
    "type": "AMMO",
    "name": {
      "str": "超新星弩矢"
    },
    "description": "一只可以密封的容器，填满爆炸物做成简易爆炸装置，然后绑在一条大型弩炮炮矢的尾端。这个东西应使用特制的发射装置发射。这个型号的容器里装填了“非常大量”的炸药。",
    "weight": "3816 g",
    "price": "10 USD",
    "extend": {
      "effects": [
        "EXPLOSIVE_HUGE"
      ]
    }
  },
  {
    "id": "hbolt_fire",
    "copy-from": "hbolt_generic",
    "type": "AMMO",
    "name": {
      "str": "灼热弩矢"
    },
    "description": "用一个能密封的容器，装上满满的杀伤性物质做成简易爆炸装置，然后固定在一条大型弩炮炮矢的尾部。这个东西应使用特制的发射装置发射。这种是榴弹型，在目标地区爆炸，在目标的小范围喷洒致命的火焰。",
    "weight": "3816 g",
    "price": "6 USD",
    "extend": {
      "effects": [
        "FLAME"
      ]
    }
  },
  {
    "id": "hbolt_fire2",
    "copy-from": "hbolt_generic",
    "type": "AMMO",
    "name": {
      "str": "凝固汽油弹弩矢"
    },
    "description": "用一个能密封的容器，装上满满的杀伤性物质做成简易爆炸装置，然后固定在一条大型弩炮炮矢的尾部。这个东西应使用特制的发射装置发射。这种是榴弹型，在目标地区爆炸，把目标范围内一大片地区变成地狱般的火海。",
    "weight": "6816 g",
    "price": "22 USD",
    "extend": {
      "effects": [
        "NAPALM"
      ]
    }
  },
  {
    "id": "hbolt_frag",
    "copy-from": "hbolt_generic",
    "type": "AMMO",
    "name": {
      "str": "爆散弩矢"
    },
    "description": "用一个能密封的容器，装上满满的爆炸物做成简易爆炸装置，然后固定在一条大型弩炮炮矢的尾部。这个东西应使用特制的发射装置发射。这种是榴弹型，在目标地区爆炸，在目标的战术覆盖范围喷射致命的爆炸破片。",
    "weight": "4816 g",
    "price": "8 USD",
    "extend": {
      "effects": [
        "FRAG"
      ]
    }
  },
  {
    "id": "hbolt_metal",
    "type": "AMMO",
    "name": {
      "str": "钢铁弩炮炮矢"
    },
    "description": "一条用木料刨出的棍子，然后在前端嵌上一块经过打磨尖锐的金属。它掂起来分量挺重，可以传递大量伤害，但用它射击比较难射得准。在射击后有很高概率可以保持完好。",
    "weight": "2055 g",
    "volume": "1250 ml",
    "price": "20 USD",
    "bashing": 1,
    "material": [
      "wood",
      "iron"
    ],
    "symbol": "=",
    "color": "green",
    "count": 5,
    "ammo_type": "hbolt",
    "range": 10,
    "damage": {
      "damage_type": "stab",
      "amount": 35,
      "armor_penetration": 35
    },
    "effects": [
      "RECOVER_3"
    ]
  },
  {
    "id": "hbolt_nuke",
    "type": "AMMO",
    "name": {
      "str": "核弩矢"
    },
    "description": "一个高定制化重型手提式核装置，牢固的固定在一条大型弩炮炮矢的尾端。核装置的防护外壳已经被锯除，现在它一旦受到撞击就会破损，然后造成一场核爆炸。它已经不能被手动引爆了。\n“即便最一流的弩哥也不敢轻易发射此杀器。”",
    "weight": "3816 g",
    "volume": "250 ml",
    "price": "1800 USD",
    "bashing": 8,
    "material": [
      "plastic"
    ],
    "symbol": "*",
    "color": "green",
    "count": 1,
    "stack_size": 2,
    "ammo_type": "hbolt",
    "damage": {
      "damage_type": "stab",
      "amount": 14
    },
    "effects": [
      "MININUKE_MOD",
      "NEVER_MISFIRES"
    ],
    "flags": [
      "LEAK_DAM",
      "RADIOACTIVE"
    ]
  },
  {
    "id": "hbolt_wood",
    "type": "AMMO",
    "name": {
      "str": "木制弩床矢"
    },
    "description": "一条用木料刨出的尖弩矢。它掂起来分量挺重，可以传递大量伤害，但用它射击比较难射得准。在射击后有很高概率可以保持完好。",
    "weight": "1555 g",
    "volume": "1250 ml",
    "price": "10 USD",
    "bashing": 1,
    "material": [
      "wood"
    ],
    "symbol": "=",
    "color": "green",
    "count": 5,
    "ammo_type": "hbolt",
    "range": 10,
    "damage": {
      "damage_type": "stab",
      "amount": 20,
      "armor_penetration": 20
    },
    "effects": [
      "RECOVER_5"
    ]
  },
  {
    "id": "lead_ball",
    "type": "AMMO",
    "name": {
      "str": "铅球"
    },
    "description": "一颗直径8厘米的沉重铅球。如果能把它当炮弹发射出去，它可以给目标造成可观的伤害。",
    "weight": "400 g",
    "volume": "250 ml",
    "price": "2 USD",
    "to_hit": -3,
    "bashing": 8,
    "material": [
      "steel"
    ],
    "symbol": "*",
    "color": "blue",
    "count": 1,
    "ammo_type": "h_projectile",
    "range": 3,
    "damage": {
      "damage_type": "stab",
      "amount": 50
    },
    "effects": [
      "RECOVER_20",
      "LARGE_BEANBAG"
    ]
  },
  {
    "id": "ripdisk",
    "type": "AMMO",
    "name": {
      "str": "锯齿圆盘"
    },
    "description": "一个边缘满是锯齿的金属圆盘。\n“最好配合俗称重力枪的零点能量场牵引器一起使用。”",
    "weight": "1255 g",
    "volume": "250 ml",
    "price": "2 USD",
    "bashing": 1,
    "material": [
      "steel"
    ],
    "symbol": "=",
    "color": "green",
    "count": 20,
    "ammo_type": "ripdisk",
    "range": 6,
    "damage": {
      "damage_type": "stab",
      "amount": 25,
      "armor_penetration": 5
    },
    "effects": [
      "RECOVER_3",
      "NEVER_MISFIRES"
    ]
  },
  {
    "id": "shards",
    "type": "AMMO",
    "name": {
      "str": "金属断片"
    },
    "description": "一小块金属薄片。用途不是很明显。",
    "weight": "1 g",
    "volume": "250 ml",
    "price": "0 cent",
    "bashing": 1,
    "material": [
      "iron"
    ],
    "symbol": "=",
    "color": "blue",
    "count": 250,
    "ammo_type": "BB",
    "damage": {
      "damage_type": "stab",
      "amount": 1,
      "armor_penetration": 1
    },
    "dispersion": 200
  },
  {
    "id": "pool_ball",
    "copy-from": "pool_ball",
    "type": "AMMO",
    "name": {
      "str": "台球"
    },
    "count": 1,
    "ammo_type": "h_projectile",
    "range": 6,
    "damage": {
      "damage_type": "stab",
      "amount": 23
    },
    "dispersion": 30,
    "effects": [
      "RECOVER_10",
      "BEANBAG"
    ]
  }
]