[
  {
    "id": "charcoal",
    "copy-from": "charcoal",
    "type": "AMMO",
    "category": "spare_parts",
    "name": {
      "str_sp": "木炭"
    },
    "casing": "dcluster"
  },
  {
    "id": "dshards",
    "type": "AMMO",
    "name": {
      "str_sp": "钻石碎片"
    },
    "description": "这些小型钻石碎片是钻石晶阵在结晶过程中产生的副产品。虽然通常这些物质从催化剂中分离出来时会降解，但是这些碎片足够小，可以保持稳定。",
    "weight": "3 g",
    "volume": "250 ml",
    "price": "100 USD",
    "bashing": 1,
    "material": [
      "diamond"
    ],
    "symbol": "=",
    "color": "white",
    "looks_like": "diamond",
    "count": 100,
    "ammo_type": "BB",
    "damage": {
      "damage_type": "stab",
      "amount": 1,
      "armor_penetration": 1
    },
    "dispersion": 12
  }
]