[
  {
    "//": "This group picks out several negative and positive traits",
    "type": "trait_group",
    "id": "starting_cosmetics",
    "subtype": "collection",
    "traits": [
      {
        "group": "trait_group_HAIR",
        "prob": 100
      },
      {
        "group": "trait_group_SKIN",
        "prob": 100
      }
    ]
  },
  {
    "type": "trait_group",
    "id": "trait_group_HAIR",
    "subtype": "distribution",
    "traits": [
      {
        "group": "trait_group_BLACKHAIR"
      },
      {
        "group": "trait_group_BROWNHAIR"
      },
      {
        "group": "trait_group_BLONDHAIR"
      },
      {
        "group": "trait_group_GRAYHAIR"
      },
      {
        "group": "trait_group_WHITEHAIR"
      }
    ]
  },
  {
    "type": "trait_group",
    "id": "trait_group_BLACKHAIR",
    "subtype": "collection",
    "traits": [
      {
        "group": "trait_group_fhbk",
        "prob": 100
      },
      {
        "group": "trait_group_hbk",
        "prob": 100
      }
    ]
  },
  {
    "type": "trait_group",
    "id": "trait_group_BROWNHAIR",
    "subtype": "collection",
    "traits": [
      {
        "group": "trait_group_fhbr",
        "prob": 100
      },
      {
        "group": "trait_group_hbr",
        "prob": 100
      }
    ]
  },
  {
    "type": "trait_group",
    "id": "trait_group_BLONDHAIR",
    "subtype": "collection",
    "traits": [
      {
        "group": "trait_group_fhbl",
        "prob": 100
      },
      {
        "group": "trait_group_hbl",
        "prob": 100
      }
    ]
  },
  {
    "type": "trait_group",
    "id": "trait_group_GRAYHAIR",
    "subtype": "collection",
    "traits": [
      {
        "group": "trait_group_fhgr",
        "prob": 100
      },
      {
        "group": "trait_group_hgr",
        "prob": 100
      }
    ]
  },
  {
    "type": "trait_group",
    "id": "trait_group_WHITEHAIR",
    "subtype": "collection",
    "traits": [
      {
        "group": "trait_group_fhwh",
        "prob": 100
      },
      {
        "group": "trait_group_hwh",
        "prob": 100
      }
    ]
  },
  {
    "type": "trait_group",
    "id": "trait_group_fhbk",
    "subtype": "distribution",
    "traits": [
      {
        "trait": "forehair1black"
      },
      {
        "trait": "forehair2black"
      },
      {
        "trait": "noforehair"
      }
    ]
  },
  {
    "type": "trait_group",
    "id": "trait_group_fhbr",
    "subtype": "distribution",
    "traits": [
      {
        "trait": "forehair1brown"
      },
      {
        "trait": "forehair2brown"
      },
      {
        "trait": "noforehair"
      }
    ]
  },
  {
    "type": "trait_group",
    "id": "trait_group_fhbl",
    "subtype": "distribution",
    "traits": [
      {
        "trait": "forehair1blond"
      },
      {
        "trait": "forehair2blond"
      },
      {
        "trait": "noforehair"
      }
    ]
  },
  {
    "type": "trait_group",
    "id": "trait_group_fhgr",
    "subtype": "distribution",
    "traits": [
      {
        "trait": "forehair1gray"
      },
      {
        "trait": "forehair2gray"
      },
      {
        "trait": "noforehair"
      }
    ]
  },
  {
    "type": "trait_group",
    "id": "trait_group_fhwh",
    "subtype": "distribution",
    "traits": [
      {
        "trait": "forehair1white"
      },
      {
        "trait": "forehair2white"
      },
      {
        "trait": "noforehair"
      }
    ]
  },
  {
    "type": "trait_group",
    "id": "trait_group_hbk",
    "subtype": "distribution",
    "traits": [
      {
        "trait": "hair1black"
      },
      {
        "trait": "hair2black"
      },
      {
        "trait": "hair3black"
      }
    ]
  },
  {
    "type": "trait_group",
    "id": "trait_group_hbr",
    "subtype": "distribution",
    "traits": [
      {
        "trait": "hair1brown"
      },
      {
        "trait": "hair2brown"
      },
      {
        "trait": "hair3brown"
      }
    ]
  },
  {
    "type": "trait_group",
    "id": "trait_group_hbl",
    "subtype": "distribution",
    "traits": [
      {
        "trait": "hair1blond"
      },
      {
        "trait": "hair2blond"
      },
      {
        "trait": "hair3blond"
      }
    ]
  },
  {
    "type": "trait_group",
    "id": "trait_group_hgr",
    "subtype": "distribution",
    "traits": [
      {
        "trait": "hair1gray"
      },
      {
        "trait": "hair2gray"
      },
      {
        "trait": "hair3gray"
      }
    ]
  },
  {
    "type": "trait_group",
    "id": "trait_group_hwh",
    "subtype": "distribution",
    "traits": [
      {
        "trait": "hair1white"
      },
      {
        "trait": "hair2white"
      },
      {
        "trait": "hair3white"
      }
    ]
  },
  {
    "type": "trait_group",
    "id": "trait_group_SKIN",
    "subtype": "distribution",
    "traits": [
      {
        "trait": "skin1"
      },
      {
        "trait": "skin2"
      },
      {
        "trait": "skin3"
      },
      {
        "trait": "skin4"
      }
    ]
  }
]