[
  {
    "type": "snippet",
    "category": "note",
    "text": [
      {
        "id": "note_blazemod_01",
        "text": "“啊，看看漩涡石这如此扭曲的螺线！操控它那螺旋运动的方式！永远不停歇的优雅运动！它的美丽被玷污了……”"
      },
      {
        "id": "note_blazemod_02",
        "text": "“我的朋友死了，不过好歹我把她做成了变形怪炮塔。”"
      },
      {
        "id": "note_blazemod_03",
        "text": "“我的购物车上装了一门激光炮炮塔。我推着它到处跑，所有敌人都死了。我想我还是把它扔进湖里好了——这太不公平了。”"
      },
      {
        "id": "note_blazemod_04",
        "text": "“第40日。控制器坏了——但车里神奇的反应堆让其不为所动依旧一直前行。正前方巨大的压路机正摧毁着森林。缅因州，我来了。”"
      },
      {
        "id": "note_blazemod_05",
        "text": "“我的车是未经琢磨的钻石……就是字面上的意思”"
      },
      {
        "id": "note_blazemod_06",
        "text": "“M249炮塔点头了。炮塔是活人吗？终于，终于有个能陪我说说话的了！”"
      },
      {
        "id": "note_blazemod_07",
        "text": "“往我的的士车上焊了太多东西，它直接着火烧了。啊哦。”"
      },
      {
        "id": "note_blazemod_08",
        "text": "“如果我把一个维度的物品放到另一个维度里去，宇宙就完蛋了吗？”"
      },
      {
        "id": "note_blazemod_09",
        "text": "“总有一天，我要也会变成车的一部分”"
      },
      {
        "id": "note_blazemod_10",
        "text": "“把一点炸药和一半地雷放进一个旧汽水罐里……砰！你就会飞到不知道什么地方了。”"
      }
    ]
  }
]