[
  {
    "type": "mutation",
    "id": "MILKABLE",
    "name": "Milkable",
    "points": 3,
    "description": "You've got a set of udders down below.  Activate for fresh milk.",
    "threshreq": [ "THRESH_CATTLE" ],
    "category": [ "CATTLE" ],
    "active": true,
    "cost": 20,
    "hunger": true,
    "thirst": true,
    "prereqs": [ "TAIL_CATTLE" ],
    "spawn_item": { "type": "milk_unpasturized", "message": "You milk yourself. Moo." }
  },
  {
    "type": "mutation",
    "id": "OVIPAROUS_LIZARD",
    "name": "Oviparous",
    "points": 3,
    "description": "Your reproductive and digestive organs became those of an egg-laying reptile, at certain times you just feel the urge to lay an egg.  Activate to lay an egg.",
    "threshreq": [ "THRESH_LIZARD" ],
    "category": [ "LIZARD" ],
    "active": true,
    "cost": 38,
    "hunger": true,
    "thirst": false,
    "prereqs": [ "TAIL_THICK" ],
    "spawn_item": { "type": "egg_reptile", "message": "You lay an egg. you release a pleased hiss." }
  },
  {
    "type": "mutation",
    "id": "OVIPAROUS_AVIAN",
    "name": "Oviparous",
    "points": 3,
    "description": "Your reproductive and digestive organs became those of an Avian, at certain times you just feel the urge to lay an egg.  Activate to lay an egg.",
    "threshreq": [ "THRESH_BIRD" ],
    "category": [ "BIRD" ],
    "active": true,
    "cost": 38,
    "hunger": true,
    "thirst": false,
    "prereqs": [ "FEATHERS" ],
    "spawn_item": { "type": "egg_bird", "message": "You lay an egg. you release a pleased chirp." }
  },
  {
    "type": "mutation",
    "id": "OVIPAROUS_Fish",
    "name": "Oviparous",
    "points": 3,
    "description": "Your reproductive and digestive organs became those of an fish, at certain times you just feel the urge to lay an roe.  Activate to lay an roe.",
    "threshreq": [ "THRESH_FISH" ],
    "category": [ "FISH" ],
    "active": true,
    "cost": 30,
    "hunger": true,
    "thirst": false,
    "prereqs": [ "GILLS" ],
    "spawn_item": { "type": "egg_fish", "message": "you lay a mass of roe. Blub Blub" }
  },
  {
    "type": "mutation",
    "id": "OVIPAROUS_Spider",
    "name": "Oviparous",
    "points": 3,
    "description": "Your reproductive and digestive organs became those of an spider, at certain times you just feel the urge to lay an egg.  Activate to lay an egg.",
    "threshreq": [ "THRESH_SPIDER" ],
    "category": [ "SPIDER" ],
    "active": true,
    "cost": 25,
    "hunger": true,
    "thirst": true,
    "prereqs": [ "WEB_WEAVER" ],
    "spawn_item": { "type": "spider_egg", "message": "You wiggle your rear in excitement! You lay an slimy egg." }
  },
  {
    "type": "mutation",
    "id": "OVIPAROUS_Raptor",
    "name": "Oviparous",
    "points": 3,
    "description": "Your reproductive and digestive organs became those of an Raptor, at certain times you just feel the urge to lay an egg.  Activate to lay an egg.",
    "threshreq": [ "THRESH_RAPTOR" ],
    "category": [ "RAPTOR" ],
    "active": true,
    "cost": 25,
    "hunger": true,
    "thirst": true,
    "prereqs": [ "TAIL_RAPTOR" ],
    "spawn_item": { "type": "egg_utahraptor", "message": "You lay an egg. you release a pleased hiss." }
  },
  {
    "type": "mutation",
    "id": "OVIPAROUS_Plant",
    "name": "Frutification",
    "points": 3,
    "description": "Your Flower became familiar to those of an fruit plant, at certain times you just feel the urge to drop a ripe Fruit.  Activate to drop a fruit.",
    "threshreq": [ "THRESH_PLANT" ],
    "category": [ "PLANT" ],
    "active": true,
    "cost": 25,
    "hunger": true,
    "thirst": true,
    "prereqs": [ "FLOWERS" ],
    "spawn_item": { "type": "Lootbox_fruit", "message": "You wiggle your head in excitement! You produced an shelled fruit." }
  }
]
