[
  {
    "id": "scrap_zetan",
    "type": "AMMO",
    "category": "spare_parts",
    "name": {
      "str": "异形合金废料"
    },
    "description": "一种奇怪的易弯曲的红色金属的碎片。",
    "weight": "5 g",
    "volume": "250 ml",
    "price": "50 USD",
    "count": 2,
    "stack_size": 10,
    "material": [
      "alloy_zetan"
    ],
    "symbol": ",",
    "color": "red",
    "ammo_type": "components_zetan"
  },
  {
    "type": "GENERIC",
    "id": "zetan_sheet",
    "name": {
      "str": "异形金属板"
    },
    "description": "一种柔性的外来金属薄片。",
    "weight": "600 g",
    "to_hit": -2,
    "color": "red",
    "symbol": "]",
    "material": [
      "alloy_zetan"
    ],
    "volume": "1 L",
    "bashing": 5,
    "category": "spare_parts",
    "price": "60 USD",
    "qualities": [
      [
        "COOK",
        1
      ]
    ]
  },
  {
    "id": "canister_zetan",
    "type": "MAGAZINE",
    "name": {
      "str": "外星人血浆罐"
    },
    "description": "一个小小的电池，充满了外星人的等离子。",
    "weight": "8 g",
    "volume": "25 ml",
    "price": "50 USD",
    "material": [
      "alloy_zetan"
    ],
    "symbol": "#",
    "color": "light_gray",
    "ammo_type": [
      "zetan_plasma"
    ],
    "capacity": 100,
    "pocket_data": [
      {
        "pocket_type": "MAGAZINE",
        "rigid": true,
        "watertight": true,
        "ammo_restriction": {
          "zetan_plasma": 100
        }
      }
    ],
    "reload_time": 3
  },
  {
    "id": "plasma_zetan",
    "type": "AMMO",
    "name": {
      "str": "外来等离子体",
      "str_pl": "外来等离子体"
    },
    "description": "一种用于外星激光武器的极其强大的等离子体。",
    "category": "fuel",
    "weight": "1 g",
    "volume": "200 ml",
    "price": "80 USD",
    "count": 100,
    "stack_size": 100,
    "phase": "liquid",
    "container": "canister_zetan",
    "material": [
      "hydrocarbons"
    ],
    "symbol": "=",
    "color": "light_blue",
    "ammo_type": "zetan_plasma",
    "damage": {
      "damage_type": "stab",
      "amount": 50,
      "armor_penetration": 35
    },
    "range": 10,
    "effects": [
      "NEVER_MISFIRES"
    ]
  },
  {
    "type": "WHEEL",
    "id": "thruster_zetan",
    "name": {
      "str": "飞碟推进器"
    },
    "description": "不明飞行物残骸上奇怪的悬停推进器。你也许可以把它绑在一辆车上让它盘旋。",
    "weight": "25 kg",
    "color": "light_cyan",
    "symbol": ",",
    "material": [
      "alloy_zetan"
    ],
    "volume": "5 L",
    "bashing": 4,
    "category": "veh_parts",
    "price": "120 USD",
    "diameter": 32,
    "width": 20
  }
]