[
  {
    "id": "mounted_alien_rifle",
    "copy-from": "turret",
    "type": "vehicle_part",
    "name": {
      "str": "车载 外星粉碎者"
    },
    "item": "zetan_rifle",
    "color": "light_gray",
    "broken_color": "dark_gray",
    "breaks_into": [
      {
        "item": "zetan_rifle",
        "prob": 100
      }
    ],
    "requirements": {
      "install": {
        "skills": [
          [
            "mechanics",
            4
          ],
          [
            "rifle",
            2
          ]
        ],
        "time": "25 m",
        "using": [
          [
            "vehicle_wrench_2",
            1
          ]
        ]
      },
      "removal": {
        "skills": [
          [
            "mechanics",
            3
          ]
        ],
        "time": "20 m",
        "using": [
          [
            "vehicle_wrench_2",
            1
          ]
        ]
      },
      "repair": {
        "skills": [
          [
            "mechanics",
            2
          ]
        ],
        "time": "15 m",
        "using": [
          [
            "welding_standard",
            5
          ]
        ]
      }
    }
  },
  {
    "id": "mounted_alien_cannon",
    "copy-from": "turret",
    "type": "vehicle_part",
    "name": {
      "str": "车载 外星无人机加农炮"
    },
    "item": "zetan_cannon",
    "color": "light_gray",
    "broken_color": "dark_gray",
    "breaks_into": [
      {
        "item": "zetan_cannon",
        "prob": 100
      }
    ],
    "requirements": {
      "install": {
        "skills": [
          [
            "mechanics",
            4
          ],
          [
            "launcher",
            2
          ]
        ],
        "time": "25 m",
        "using": [
          [
            "vehicle_wrench_2",
            1
          ]
        ]
      },
      "removal": {
        "skills": [
          [
            "mechanics",
            3
          ]
        ],
        "time": "20 m",
        "using": [
          [
            "vehicle_wrench_2",
            1
          ]
        ]
      },
      "repair": {
        "skills": [
          [
            "mechanics",
            2
          ]
        ],
        "time": "15 m",
        "using": [
          [
            "welding_standard",
            5
          ]
        ]
      }
    }
  },
  {
    "id": "wheel_ufo_thruster",
    "type": "vehicle_part",
    "name": {
      "str": "飞碟推进器"
    },
    "item": "thruster_zetan",
    "location": "under",
    "looks_like": "wheel",
    "symbol": "O",
    "broken_symbol": "x",
    "color": "dark_gray",
    "durability": 800,
    "description": "一个奇怪的外星推进器，可以进行两栖运输。可惜它不允许飞行。它看起来太破了。",
    "damage_modifier": 50,
    "breaks_into": [
      {
        "item": "scrap_zetan",
        "count": [
          2,
          3
        ]
      }
    ],
    "rolling_resistance": 0.005,
    "wheel_type": "standard",
    "contact_area": 0,
    "requirements": {
      "install": {
        "skills": [
          [
            "mechanics",
            8
          ]
        ],
        "time": "15 m",
        "using": [
          [
            "vehicle_wrench_2",
            1
          ]
        ]
      },
      "removal": {
        "skills": [
          [
            "mechanics",
            0
          ]
        ],
        "time": "15 m",
        "using": [
          [
            "vehicle_wrench_2",
            1
          ]
        ]
      },
      "repair": {
        "skills": [
          [
            "mechanics",
            4
          ]
        ],
        "time": "15 m",
        "using": [
          [
            "adhesive",
            1
          ],
          [
            "plastics",
            1
          ]
        ]
      }
    },
    "flags": [
      "WHEEL",
      "NEEDS_JACKING",
      "FLOATS",
      "STEERABLE"
    ],
    "damage_reduction": {
      "bash": 25
    }
  }
]