[
  {
    "id": "zetan_rifle",
    "type": "GUN",
    "reload_noise_volume": 1,
    "name": {
      "str": "外星粉碎者"
    },
    "description": "一支神秘的外星来复枪，能造成难以置信的伤害。",
    "weight": "2950 g",
    "volume": "3 L",
    "price": "16000 USD",
    "to_hit": -1,
    "bashing": 12,
    "material": [
      "alloy_zetan"
    ],
    "symbol": "(",
    "color": "light_gray",
    "skill": "rifle",
    "range": 30,
    "ranged_damage": {
      "damage_type": "stab",
      "amount": 20,
      "armor_penetration": 15
    },
    "dispersion": 10,
    "durability": 8,
    "modes": [
      [
        "DEFAULT",
        "semi-auto",
        1
      ]
    ],
    "loudness": 12,
    "ammo": [
      "zetan_plasma"
    ],
    "reload": 0,
    "valid_mod_locations": [
      [
        "grip",
        1
      ],
      [
        "sights",
        1
      ],
      [
        "sling",
        1
      ],
      [
        "underbarrel",
        1
      ]
    ],
    "ammo_effects": [
      "PLASMA",
      "INCENDIARY"
    ],
    "flags": [
      "NEVER_JAMS",
      "NON-FOULING",
      "NEEDS_NO_LUBE"
    ],
    "pocket_data": [
      {
        "pocket_type": "MAGAZINE_WELL",
        "holster": true,
        "max_contains_volume": "20 L",
        "magazine_well": "250 ml",
        "max_contains_weight": "20 kg",
        "item_restriction": [
          "canister_zetan"
        ]
      }
    ]
  },
  {
    "id": "zetan_smg",
    "type": "GUN",
    "reload_noise_volume": 10,
    "name": {
      "str": "异形雾化器"
    },
    "description": "一个外星小武器，看起来非常精确。",
    "weight": "680 g",
    "volume": "1 L",
    "price": "7200 USD",
    "to_hit": -2,
    "bashing": 5,
    "material": [
      "alloy_zetan"
    ],
    "symbol": "(",
    "color": "light_gray",
    "skill": "smg",
    "range": 20,
    "modes": [
      [
        "DEFAULT",
        "semi-auto",
        1
      ],
      [
        "AUTO",
        "auto",
        4
      ]
    ],
    "ranged_damage": {
      "damage_type": "stab",
      "amount": 30,
      "armor_penetration": 15
    },
    "dispersion": 10,
    "durability": 8,
    "loudness": 7,
    "ammo": [
      "zetan_plasma"
    ],
    "reload": 200,
    "valid_mod_locations": [
      [
        "grip",
        1
      ],
      [
        "sights",
        1
      ]
    ],
    "ammo_effects": [
      "PLASMA",
      "INCENDIARY"
    ],
    "flags": [
      "NEVER_JAMS",
      "NON-FOULING",
      "NEEDS_NO_LUBE"
    ],
    "pocket_data": [
      {
        "pocket_type": "MAGAZINE_WELL",
        "holster": true,
        "max_contains_volume": "20 L",
        "magazine_well": "250 ml",
        "max_contains_weight": "20 kg",
        "item_restriction": [
          "canister_zetan"
        ]
      }
    ]
  },
  {
    "id": "zetan_pistol",
    "type": "GUN",
    "reload_noise_volume": 10,
    "name": {
      "str": "外星冲击枪"
    },
    "description": "一个小，但笨重的外星武器，它似乎难以置信的强大。",
    "weight": "680 g",
    "volume": "1 L",
    "price": "7200 USD",
    "to_hit": -2,
    "bashing": 5,
    "material": [
      "alloy_zetan"
    ],
    "symbol": "(",
    "color": "light_gray",
    "skill": "pistol",
    "range": 20,
    "modes": [
      [
        "DEFAULT",
        "semi-auto",
        1
      ],
      [
        "AUTO",
        "auto",
        4
      ]
    ],
    "ranged_damage": {
      "damage_type": "stab",
      "amount": 300,
      "armor_penetration": 15
    },
    "dispersion": 180,
    "durability": 8,
    "loudness": 7,
    "ammo": [
      "zetan_plasma"
    ],
    "reload": 200,
    "valid_mod_locations": [
      [
        "grip",
        1
      ],
      [
        "sights",
        1
      ]
    ],
    "ammo_effects": [
      "PLASMA",
      "INCENDIARY"
    ],
    "flags": [
      "NEVER_JAMS",
      "NON-FOULING",
      "NEEDS_NO_LUBE"
    ],
    "ammo_to_fire": 20,
    "pocket_data": [
      {
        "pocket_type": "MAGAZINE_WELL",
        "holster": true,
        "max_contains_volume": "20 L",
        "magazine_well": "250 ml",
        "max_contains_weight": "20 kg",
        "item_restriction": [
          "canister_zetan"
        ]
      }
    ]
  },
  {
    "id": "zetan_pistol_fire",
    "type": "GUN",
    "reload_noise_volume": 10,
    "name": {
      "str": "外星火枪"
    },
    "description": "一个小，但笨重的外星武器，它似乎难以置信的强大。这一枪的威力似乎更大。",
    "weight": "680 g",
    "volume": "1 L",
    "price": "7200 USD",
    "to_hit": -2,
    "bashing": 5,
    "material": [
      "alloy_zetan"
    ],
    "symbol": "(",
    "color": "red",
    "skill": "pistol",
    "range": 20,
    "modes": [
      [
        "DEFAULT",
        "semi-auto",
        1
      ],
      [
        "AUTO",
        "auto",
        4
      ]
    ],
    "ranged_damage": {
      "damage_type": "stab",
      "amount": 300,
      "armor_penetration": 15
    },
    "dispersion": 180,
    "durability": 8,
    "loudness": 7,
    "ammo": [
      "zetan_plasma"
    ],
    "reload": 200,
    "valid_mod_locations": [
      [
        "grip",
        1
      ],
      [
        "sights",
        1
      ]
    ],
    "ammo_effects": [
      "PLASMA",
      "EXPLOSIVE_SMALL",
      "FLAME"
    ],
    "flags": [
      "NEVER_JAMS",
      "NON-FOULING",
      "NEEDS_NO_LUBE"
    ],
    "ammo_to_fire": 50,
    "pocket_data": [
      {
        "pocket_type": "MAGAZINE_WELL",
        "holster": true,
        "max_contains_volume": "20 L",
        "magazine_well": "250 ml",
        "max_contains_weight": "20 kg",
        "item_restriction": [
          "canister_zetan"
        ]
      }
    ]
  },
  {
    "id": "zetan_pistol_shot",
    "type": "GUN",
    "reload_noise_volume": 10,
    "name": {
      "str": "外星武器"
    },
    "description": "一个小，但笨重的外星武器，它似乎难以置信的强大。这一次的枪声似乎四分五裂。",
    "weight": "680 g",
    "volume": "1 L",
    "price": "7200 USD",
    "to_hit": -2,
    "bashing": 5,
    "material": [
      "alloy_zetan"
    ],
    "symbol": "(",
    "color": "red",
    "skill": "shotgun",
    "range": 5,
    "modes": [
      [
        "DEFAULT",
        "single shot",
        5
      ]
    ],
    "ranged_damage": {
      "damage_type": "stab",
      "amount": 60,
      "armor_penetration": 15
    },
    "dispersion": 180,
    "durability": 8,
    "loudness": 7,
    "ammo": [
      "zetan_plasma"
    ],
    "reload": 200,
    "valid_mod_locations": [
      [
        "grip",
        1
      ],
      [
        "sights",
        1
      ]
    ],
    "ammo_effects": [
      "PLASMA",
      "SHOT"
    ],
    "flags": [
      "NEVER_JAMS",
      "NON-FOULING",
      "NEEDS_NO_LUBE"
    ],
    "ammo_to_fire": 20,
    "pocket_data": [
      {
        "pocket_type": "MAGAZINE_WELL",
        "holster": true,
        "max_contains_volume": "20 L",
        "magazine_well": "250 ml",
        "max_contains_weight": "20 kg",
        "item_restriction": [
          "canister_zetan"
        ]
      }
    ]
  },
  {
    "id": "zetan_cannon",
    "type": "GUN",
    "reload_noise_volume": 1,
    "name": {
      "str": "外星无人机加农炮"
    },
    "description": "外星守护者无人机的大炮。它发射等离子爆炸球。",
    "weight": "2950 g",
    "volume": "3 L",
    "price": "16000 USD",
    "to_hit": -1,
    "bashing": 12,
    "material": [
      "alloy_zetan"
    ],
    "symbol": "(",
    "color": "light_gray",
    "skill": "launcher",
    "range": 30,
    "ranged_damage": {
      "damage_type": "stab",
      "amount": 500,
      "armor_penetration": 15
    },
    "dispersion": 10,
    "durability": 8,
    "modes": [
      [
        "DEFAULT",
        "semi-auto",
        1
      ]
    ],
    "loudness": 20,
    "ammo": [
      "zetan_plasma"
    ],
    "reload": 0,
    "valid_mod_locations": [
      [
        "grip",
        1
      ],
      [
        "sights",
        1
      ],
      [
        "sling",
        1
      ],
      [
        "underbarrel",
        1
      ]
    ],
    "ammo_effects": [
      "PLASMA",
      "FLAME",
      "EXPLOSIVE"
    ],
    "flags": [
      "NEVER_JAMS",
      "NON-FOULING",
      "NEEDS_NO_LUBE"
    ],
    "ammo_to_fire": 100,
    "pocket_data": [
      {
        "pocket_type": "MAGAZINE_WELL",
        "holster": true,
        "max_contains_volume": "20 L",
        "magazine_well": "250 ml",
        "max_contains_weight": "20 kg",
        "item_restriction": [
          "canister_zetan"
        ]
      }
    ]
  }
]