[
  {
    "id": "TALK_FRIEND_CONVERSATION",
    "type": "talk_topic",
    "responses": [
      {
        "text": "<BGSS_intro_question>",
        "topic": "BGSS_Rosalyn_Hartley_STORY1",
        "//": "This is a unique background story that should not be given out randomly.",
        "condition": {
          "npc_has_trait": "BGSS_Rosalyn_Hartley"
        },
        "switch": true
      }
    ]
  },
  {
    "id": "TALK_FRIEND_CONVERSATION",
    "type": "talk_topic",
    "responses": [
      {
        "text": "<BGSS_intro_question>",
        "topic": "BGSS_Barrett_Hartley_STORY1",
        "//": "This is a unique background story that should not be given out randomly.",
        "condition": {
          "npc_has_trait": "BGSS_Barrett_Hartley"
        },
        "switch": true
      }
    ]
  }
]