[
  {
    "id": "BGSS_Rosalyn_Hartley_STORY1",
    "type": "talk_topic",
    "dynamic_line": "我不想谈这个，拜托…",
    "responses": [
      {
        "text": "对不起你父亲…我辜负了你…",
        "topic": "BGSS_Rosalyn_Hartley_STORY2"
      },
      {
        "text": "<done_conversation_section>",
        "topic": "TALK_FRIEND"
      },
      {
        "text": "<end_talking>",
        "topic": "TALK_DONE"
      }
    ]
  },
  {
    "id": "BGSS_Rosalyn_Hartley_STORY2",
    "type": "talk_topic",
    "dynamic_line": "*哭声",
    "responses": [
      {
        "text": "<done_conversation_section>",
        "topic": "TALK_FRIEND"
      },
      {
        "text": "<end_talking>",
        "topic": "TALK_DONE"
      }
    ]
  }
]