[
  {
    "type": "mutation",
    "id": "BGSS_Rosalyn_Hartley",
    "name": {
      "str": "幸存者故事"
    },
    "points": 0,
    "description": "这名NPC可以告诉你他们是如何在大灾变中幸存下来的。",
    "player_display": false,
    "valid": false,
    "purifiable": false,
    "types": [
      "BACKGROUND_SURVIVAL_STORY"
    ],
    "flags": [
      "BG_SURVIVAL_STORY"
    ]
  },
  {
    "type": "mutation",
    "id": "BGSS_Barrett_Hartley",
    "name": {
      "str": "幸存者故事"
    },
    "points": 0,
    "description": "这名NPC可以告诉你他们是如何在大灾变中幸存下来的。",
    "player_display": false,
    "valid": false,
    "purifiable": false,
    "types": [
      "BACKGROUND_SURVIVAL_STORY"
    ],
    "flags": [
      "BG_SURVIVAL_STORY"
    ]
  }
]