[
  {
    "type": "snippet",
    "category": "epilogue_factions",
    "text": [
      {
        "id": "epilogue_hartley_family_0",
        "text": "哈特利家出了点事…"
      },
      {
        "id": "epilogue_hartley_family_2",
        "text": "哈特利家出了点事，但后来…"
      },
      {
        "id": "epilogue_jerry_squad_0",
        "text": "杰瑞的小队出了点事…"
      },
      {
        "id": "epilogue_jerry_squad_15",
        "text": "杰瑞的小队出了点事，但后来…"
      }
    ]
  }
]