[
  {
    "type": "faction",
    "id": "Hartley_family",
    "name": "哈特利家族",
    "likes_u": 0,
    "respects_u": 0,
    "known_by_u": false,
    "size": 2,
    "power": 2,
    "food_supply": 1000,
    "wealth": 20000,
    "relations": {
      "free_merchants": {
        "knows your voice": true
      },
      "old_guard": {
        "knows your voice": true
      },
      "your_followers": {
        "knows your voice": true
      },
      "no_faction": {
        "knows your voice": true
      }
    },
    "epilogues": [
      {
        "power_min": 0,
        "id": "epilogue_hartley_family_0"
      },
      {
        "power_max": 2,
        "id": "epilogue_hartley_family_2"
      }
    ],
    "description": "普通家庭只想在这个新世界生存。"
  },
  {
    "type": "faction",
    "id": "jerry_squad",
    "name": "杰瑞的小队",
    "likes_u": -5,
    "respects_u": -5,
    "known_by_u": false,
    "size": 10,
    "power": 10,
    "food_supply": 20000,
    "wealth": 75000,
    "relations": {
      "free_merchants": {
        "knows your voice": true
      },
      "old_guard": {
        "knows your voice": true
      },
      "your_followers": {
        "knows your voice": true
      },
      "no_faction": {
        "knows your voice": true
      }
    },
    "epilogues": [
      {
        "power_min": 0,
        "id": "epilogue_jerry_squad_0"
      },
      {
        "power_max": 15,
        "id": "epilogue_jerry_squad_15"
      }
    ],
    "description": "一小群人，由一个叫杰瑞·巴普金的人领导。"
  }
]