[
  {
    "id": "TALK_OLD_GUARD_REP",
    "type": "talk_topic",
    "responses": [
      {
        "text": "你认识一个叫巴雷特·哈特利的人吗？",
        "topic": "TALK_OLD_GUARD_REP_BH",
        "condition": {
          "u_has_var": "Barrett_Hartley_mission_end",
          "type": "flag",
          "context": "mission",
          "value": "yes"
        }
      }
    ]
  },
  {
    "id": "TALK_OLD_GUARD_REP_BH",
    "type": "talk_topic",
    "dynamic_line": "是的，我记得他。好人，带着他漂亮的女儿。出什么事了？",
    "responses": [
      {
        "text": "关于你给他的任务。恐怕我有个坏消息……*告诉我是怎么回事*",
        "topic": "TALK_OLD_GUARD_REP_BH1"
      },
      {
        "text": "算了……",
        "topic": "TALK_OLD_GUARD_REP"
      }
    ]
  },
  {
    "id": "TALK_OLD_GUARD_REP_BH1",
    "type": "talk_topic",
    "dynamic_line": "*仔细听着，然后说：“是啊，结果不太好。第二个会因为胆小而受到惩罚。如果他还活着…好吧，你完成了任务，这是有奖励的。你可以自己拿。”",
    "speaker_effect": {
      "effect": {
        "u_add_var": "Barrett_Hartley_mission_end",
        "type": "flag",
        "context": "mission",
        "value": "done"
      }
    },
    "responses": [
      {
        "text": "[拿钱]",
        "topic": "TALK_DONE",
        "effect": {
          "u_buy_item": "FMCNote",
          "count": 50
        }
      },
      {
        "text": "把钱留下。最好照顾好那个女孩，她一个人呆着。",
        "topic": "TALK_OLD_GUARD_REP_BH2"
      }
    ]
  },
  {
    "id": "TALK_OLD_GUARD_REP_BH2",
    "type": "talk_topic",
    "dynamic_line": "别担心，老警卫会照顾她的。我们不会抛弃自己的人民，即使是那些没有正式加入我们队伍的人。",
    "responses": [
      {
        "text": "很高兴听到。",
        "topic": "TALK_DONE"
      }
    ]
  }
]