[
  {
    "type": "mapgen",
    "method": "json",
    "nested_mapgen_id": "NPC_Barrett_Hartley_spawn",
    "object": {
      "mapgensize": [
        2,
        2
      ],
      "place_npcs": [
        {
          "class": "NPC_Barrett_Hartley",
          "x": 0,
          "y": 0
        }
      ]
    }
  },
  {
    "type": "mapgen",
    "method": "json",
    "nested_mapgen_id": "NPC_Jerry_Bumpkin_spawn",
    "object": {
      "mapgensize": [
        24,
        24
      ],
      "place_npcs": [
        {
          "class": "NPC_Jerry_Bumpkin",
          "x": 12,
          "y": 12
        },
        {
          "class": "NPC_Jerry_Bumpkin_goon",
          "x": [
            5,
            20
          ],
          "y": [
            5,
            20
          ],
          "repeat": [
            3,
            7
          ]
        }
      ]
    }
  }
]