[
  {
    "method": "json",
    "om_terrain": [
      [
        "urban_13_7",
        "urban_13_8"
      ]
    ],
    "type": "mapgen",
    "weight": 250,
    "object": {
      "fill_ter": "t_floor",
      "rows": [
        "________________________________________________",
        "________________________________________________",
        "______________________________^_________________",
        "________________####o######o####________________",
        "________________#F12HH  x|yE  I#________________",
        "________________#O--Hl  x|d  @@#________________",
        "________________#5--H    +   @@#````````````/``_",
        "`/``````````````#4--     |D   I#~~~~~~~~~~~~~~`_",
        "`~~~~~~~~~~~~~~~o--3  y|+||||||#~~~~~~~~~~~~~~`_",
        "`~~~~~~~~~~~~~~~#+||| R|--9|9-t#~~~~~~~~~~~~~~`_",
        "^~~~~~~~~)~~~~~~#6|=* L|tS8|8-S#~~~~~~~~~~~~~~`_",
        "##o#o##*####ooo##||=|||||||||+|#~~~~~~~~~~~~~~`_",
        "#IIIyD|  >|YNNNT#>==|yd@@IT|F-1#~~~~~~~~~~~~~~`_",
        "#Ih   | |||  h  #||=|  @@  |7-5o~~~~~~~~~~~~~~`_",
        "#     + |U      #U+=|D     |4-O#~~~~~~~~~~~~~~`_",
        "#@@  E| +   RRR #||=||||||+|3-2#~~~~~~~~~~~~~~`_",
        "#@@  b| ||||||||#<|=|Lxxx     yo~~~~~~~~~~~~~~`_",
        "#  y  |  A    ii#===*         R#~~~~~~~~~~~~~~`_",
        "#|+||+|   eee  i#===|Hll      R#~~~~~~~~~~~~~~`_",
        "#B-t|D|   eee  i#===|HHHHT  E R#~~~~~~~~~~~~~~`_",
        "#BS8|v| A     ii##o###o####o####~~~~~~~~~~~~~~`_",
        "##o####oo##o#o###______________^```````````````_",
        "________________________________________________",
        "________________________________________________"
      ],
      "palettes": [
        "standard_domestic_palette"
      ],
      "liquids": {
        ")": {
          "liquid": "water",
          "amount": [
            0,
            1000
          ]
        }
      },
      "terrain": {
        "1": "t_linoleum_gray",
        "2": "t_linoleum_gray",
        "3": "t_linoleum_gray",
        "4": "t_linoleum_gray",
        "5": "t_linoleum_gray",
        "6": "t_linoleum_gray",
        "7": "t_linoleum_gray",
        "8": "t_linoleum_gray",
        "9": "t_linoleum_gray",
        "=": "t_carpet_green",
        "_": "t_open_air",
        "`": "t_gutter_north",
        "/": "t_gutter_drop",
        "~": "t_flat_roof",
        "t": "t_linoleum_gray",
        "S": "t_linoleum_gray",
        "J": "t_linoleum_gray",
        "B": "t_linoleum_gray",
        "F": "t_linoleum_gray",
        "O": "t_linoleum_gray",
        "-": "t_linoleum_gray",
        "Q": "t_linoleum_gray",
        ")": "t_flat_roof"
      },
      "furniture": {
        ")": "f_standing_tank"
      },
      "place_item": [
        {
          "item": "television",
          "x": 24,
          "y": 4
        },
        {
          "item": "television",
          "x": 23,
          "y": 16
        }
      ],
      "place_nested": [
        {
          "chunks": [
            [
              "roof_2x2_utilities_b",
              15
            ],
            [
              "roof_2x2_utilities_c",
              5
            ],
            [
              "roof_2x2_utilities_d",
              10
            ],
            [
              "roof_2x2_utilities",
              10
            ],
            [
              "roof_2x2_golf",
              10
            ],
            [
              "roof_3x3_wine",
              10
            ],
            [
              "roof_4x4_party",
              5
            ]
          ],
          "x": [
            35,
            39
          ],
          "y": [
            8,
            13
          ]
        },
        {
          "chunks": [
            "NPC_Barrett_Hartley_spawn"
          ],
          "x": 13,
          "y": 14
        }
      ]
    }
  }
]