[
  {
    "type": "talk_topic",
    "id": "TALK_EVAC_MERCHANT",
    "responses": [
      {
        "text": "你能接受我那边的朋友吗？",
        "topic": "TALK_EVAC_MERCHANT_Hartley_family",
        "condition": {
          "and": [
            {
              "u_has_var": "merchant_center_Barrett_Hartley",
              "type": "ask",
              "context": "stay",
              "value": "0"
            },
            {
              "u_has_mission": "MISSION_Barrett_Hartley_3"
            }
          ]
        }
      },
      {
        "text": "你能接受那边那个女孩吗？",
        "topic": "TALK_EVAC_MERCHANT_Rosalyn_Hartley",
        "condition": {
          "u_has_var": "Rosalyn_Hartley_alone",
          "type": "flag",
          "context": "alone",
          "value": "yes"
        }
      }
    ]
  },
  {
    "//": "Maybe make more checks that will let them in?",
    "type": "talk_topic",
    "id": "TALK_EVAC_MERCHANT_Hartley_family",
    "dynamic_line": "很抱歉，我们仍然没有空间，也没有食物来接纳更多的难民。",
    "responses": [
      {
        "text": "也许你会重新考虑？",
        "trial": {
          "type": "PERSUADE",
          "difficulty": 15
        },
        "success": {
          "topic": "TALK_EVAC_MERCHANT_Hartley_family_nope"
        },
        "failure": {
          "topic": "TALK_EVAC_MERCHANT_Hartley_family_nope"
        }
      }
    ]
  },
  {
    "type": "talk_topic",
    "id": "TALK_EVAC_MERCHANT_Hartley_family_nope",
    "dynamic_line": "不可能。",
    "responses": [
      {
        "text": "…",
        "topic": "TALK_DONE",
        "effect": {
          "u_add_var": "merchant_center_Barrett_Hartley",
          "type": "ask",
          "context": "stay",
          "value": "no"
        }
      }
    ]
  },
  {
    "type": "talk_topic",
    "id": "TALK_EVAC_MERCHANT_Rosalyn_Hartley",
    "dynamic_line": "嗯，我们已经满了，但是…如果有人想分享他们的口粮，你可以四处打听。",
    "responses": [
      {
        "text": "…",
        "topic": "TALK_DONE"
      }
    ]
  }
]