[
  {
    "type": "item_group",
    "id": "guns_pistol_obscure",
    "//": "Imported or otherwise very obscure pistols.",
    "items": [
      [
        "pistol_duck",
        150
      ]
    ]
  },
  {
    "type": "item_group",
    "id": "guns_pistol_improvised",
    "//": "Makeshift or otherwise poor quality pistols.",
    "items": [
      [
        "pistol_duck_survivor",
        100
      ],
      [
        "pistol_flintlock_quad",
        100
      ],
      [
        "pistol_flintlock_handmade",
        100
      ]
    ]
  },
  {
    "type": "item_group",
    "id": "guns_launcher_improvised",
    "//": "Makeshift or otherwise poor quality grenade and rocket launchers",
    "items": [
      [
        "surv_firework_launcher",
        100
      ],
      [
        "firework_launcher_beggar",
        15
      ]
    ]
  },
  {
    "type": "item_group",
    "id": "ammo_launcher_firework",
    "//": "paper fireworks.",
    "items": [
      [
        "firework_rocket",
        100
      ],
      [
        "firework_incendiary",
        40
      ],
      [
        "firework_flash",
        120
      ]
    ]
  },
  {
    "type": "item_group",
    "id": "ammo_reloaded",
    "//": "Added firework launcher ammo to the pool here.",
    "items": [
      {
        "group": "ammo_launcher_firework",
        "prob": 10
      }
    ]
  },
  {
    "type": "item_group",
    "id": "book_gunref",
    "//": "Reference books about guns",
    "items": [
      [
        "recipe_guns",
        80
      ]
    ]
  }
]