[
  {
    "type": "npc_class",
    "id": "Merc_guard",
    "name": {
      "str": "Merchant guard"
    },
    "job_description": "Guard the shop",
    "common": false,
    "bonus_str": {
      "rng": [
        1,
        6
      ]
    },
    "bonus_per": {
      "one_in": 4
    },
    "skills": [
      {
        "skill": "ALL",
        "level": {
          "sum": [
            {
              "dice": [
                3,
                2
              ]
            },
            {
              "constant": -3
            }
          ]
        }
      },
      {
        "skill": "dodge",
        "bonus": {
          "rng": [
            1,
            2
          ]
        }
      },
      {
        "skill": "melee",
        "bonus": {
          "rng": [
            1,
            2
          ]
        }
      },
      {
        "skill": "unarmed",
        "bonus": {
          "rng": [
            1,
            2
          ]
        }
      },
      {
        "skill": "rifle",
        "bonus": {
          "rng": [
            3,
            5
          ]
        }
      },
      {
        "skill": "gun",
        "bonus": {
          "rng": [
            2,
            4
          ]
        }
      }
    ]
  },
  {
    "type": "npc_class",
    "id": "Merc_guardH",
    "name": {
      "str": "Merchant guard"
    },
    "job_description": "Guard the shop",
    "common": false,
    "bonus_str": {
      "rng": [
        1,
        6
      ]
    },
    "bonus_per": {
      "one_in": 4
    },
    "skills": [
      {
        "skill": "ALL",
        "level": {
          "sum": [
            {
              "dice": [
                3,
                2
              ]
            },
            {
              "constant": -3
            }
          ]
        }
      },
      {
        "skill": "dodge",
        "bonus": {
          "rng": [
            1,
            2
          ]
        }
      },
      {
        "skill": "melee",
        "bonus": {
          "rng": [
            1,
            2
          ]
        }
      },
      {
        "skill": "unarmed",
        "bonus": {
          "rng": [
            1,
            2
          ]
        }
      },
      {
        "skill": "rifle",
        "bonus": {
          "rng": [
            3,
            5
          ]
        }
      },
      {
        "skill": "gun",
        "bonus": {
          "rng": [
            2,
            4
          ]
        }
      }
    ]
  },
  {
    "type": "npc_class",
    "id": "Merc_Military",
    "name": {
      "str": "Military goods Merchant"
    },
    "job_description": "Sells Military goods",
    "common": false,
    "bonus_int": {
      "one_in": 4
    },
    "bonus_str": {
      "rng": [
        10,
        19
      ]
    },
    "shopkeeper_item_group": "Merc_Military_misc",
    "traits": [
      [
        "PACKMULE",
        100
      ]
    ],
    "skills": [
      {
        "skill": "ALL",
        "level": {
          "mul": [
            {
              "one_in": 3
            },
            {
              "sum": [
                {
                  "dice": [
                    2,
                    2
                  ]
                },
                {
                  "constant": -2
                },
                {
                  "one_in": 4
                }
              ]
            }
          ]
        }
      },
      {
        "skill": "mechanics",
        "bonus": {
          "one_in": 2
        }
      },
      {
        "skill": "electronics",
        "bonus": {
          "rng": [
            0,
            2
          ]
        }
      },
      {
        "skill": "speech",
        "bonus": {
          "rng": [
            4,
            8
          ]
        }
      },
      {
        "skill": "barter",
        "bonus": {
          "rng": [
            8,
            15
          ]
        }
      }
    ]
  },
  {
    "type": "npc_class",
    "id": "Merc_Food",
    "name": {
      "str": "Foods Merchant"
    },
    "job_description": "Sells Foods",
    "common": false,
    "bonus_int": {
      "one_in": 4
    },
    "bonus_str": {
      "rng": [
        10,
        19
      ]
    },
    "shopkeeper_item_group": "Merc_Food_misc",
    "traits": [
      [
        "PACKMULE",
        100
      ]
    ],
    "skills": [
      {
        "skill": "ALL",
        "level": {
          "mul": [
            {
              "one_in": 3
            },
            {
              "sum": [
                {
                  "dice": [
                    2,
                    2
                  ]
                },
                {
                  "constant": -2
                },
                {
                  "one_in": 4
                }
              ]
            }
          ]
        }
      },
      {
        "skill": "mechanics",
        "bonus": {
          "one_in": 2
        }
      },
      {
        "skill": "electronics",
        "bonus": {
          "rng": [
            0,
            2
          ]
        }
      },
      {
        "skill": "speech",
        "bonus": {
          "rng": [
            4,
            8
          ]
        }
      },
      {
        "skill": "barter",
        "bonus": {
          "rng": [
            8,
            15
          ]
        }
      }
    ]
  },
  {
    "type": "npc_class",
    "id": "Merc_Broker",
    "name": {
      "str": "Wasteland Broker"
    },
    "job_description": "Sells somethings",
    "common": false,
    "bonus_int": {
      "one_in": 4
    },
    "bonus_str": {
      "rng": [
        10,
        19
      ]
    },
    "shopkeeper_item_group": "Merc_Broker_misc",
    "traits": [
      [
        "PACKMULE",
        100
      ]
    ],
    "skills": [
      {
        "skill": "ALL",
        "level": {
          "mul": [
            {
              "one_in": 3
            },
            {
              "sum": [
                {
                  "dice": [
                    2,
                    2
                  ]
                },
                {
                  "constant": -2
                },
                {
                  "one_in": 4
                }
              ]
            }
          ]
        }
      },
      {
        "skill": "mechanics",
        "bonus": {
          "one_in": 2
        }
      },
      {
        "skill": "electronics",
        "bonus": {
          "rng": [
            0,
            2
          ]
        }
      },
      {
        "skill": "speech",
        "bonus": {
          "rng": [
            4,
            8
          ]
        }
      },
      {
        "skill": "barter",
        "bonus": {
          "rng": [
            8,
            15
          ]
        }
      }
    ]
  },
  {
    "type": "npc_class",
    "id": "Merc_Med",
    "name": {
      "str": "Medicine Trader"
    },
    "job_description": "Sells Medicines",
    "common": false,
    "bonus_int": {
      "one_in": 4
    },
    "bonus_str": {
      "rng": [
        10,
        19
      ]
    },
    "shopkeeper_item_group": "Merc_Med_misc",
    "traits": [
      [
        "PACKMULE",
        100
      ]
    ],
    "skills": [
      {
        "skill": "ALL",
        "level": {
          "mul": [
            {
              "one_in": 3
            },
            {
              "sum": [
                {
                  "dice": [
                    2,
                    2
                  ]
                },
                {
                  "constant": -2
                },
                {
                  "one_in": 4
                }
              ]
            }
          ]
        }
      },
      {
        "skill": "mechanics",
        "bonus": {
          "one_in": 2
        }
      },
      {
        "skill": "electronics",
        "bonus": {
          "rng": [
            0,
            2
          ]
        }
      },
      {
        "skill": "speech",
        "bonus": {
          "rng": [
            4,
            8
          ]
        }
      },
      {
        "skill": "barter",
        "bonus": {
          "rng": [
            8,
            15
          ]
        }
      }
    ]
  },
  {
    "type": "npc_class",
    "id": "Merc_Ammo",
    "name": {
      "str": "Ammo Trader"
    },
    "job_description": "Sells Ammo",
    "common": false,
    "bonus_int": {
      "one_in": 4
    },
    "bonus_str": {
      "rng": [
        10,
        19
      ]
    },
    "shopkeeper_item_group": "Merc_Ammo_misc",
    "traits": [
      [
        "PACKMULE",
        100
      ]
    ],
    "skills": [
      {
        "skill": "ALL",
        "level": {
          "mul": [
            {
              "one_in": 3
            },
            {
              "sum": [
                {
                  "dice": [
                    2,
                    2
                  ]
                },
                {
                  "constant": -2
                },
                {
                  "one_in": 4
                }
              ]
            }
          ]
        }
      },
      {
        "skill": "mechanics",
        "bonus": {
          "one_in": 2
        }
      },
      {
        "skill": "electronics",
        "bonus": {
          "rng": [
            0,
            2
          ]
        }
      },
      {
        "skill": "speech",
        "bonus": {
          "rng": [
            4,
            8
          ]
        }
      },
      {
        "skill": "barter",
        "bonus": {
          "rng": [
            8,
            15
          ]
        }
      }
    ]
  },
  {
    "type": "npc_class",
    "id": "Merc_Smith",
    "name": {
      "str": "Merchant Smith"
    },
    "job_description": "Sells Makeshift items",
    "common": false,
    "bonus_int": {
      "one_in": 4
    },
    "bonus_str": {
      "rng": [
        10,
        19
      ]
    },
    "shopkeeper_item_group": "Merc_Smith_misc",
    "traits": [
      [
        "PACKMULE",
        100
      ]
    ],
    "skills": [
      {
        "skill": "ALL",
        "level": {
          "mul": [
            {
              "one_in": 3
            },
            {
              "sum": [
                {
                  "dice": [
                    2,
                    2
                  ]
                },
                {
                  "constant": -2
                },
                {
                  "one_in": 4
                }
              ]
            }
          ]
        }
      },
      {
        "skill": "mechanics",
        "bonus": {
          "one_in": 2
        }
      },
      {
        "skill": "electronics",
        "bonus": {
          "rng": [
            0,
            2
          ]
        }
      },
      {
        "skill": "speech",
        "bonus": {
          "rng": [
            4,
            8
          ]
        }
      },
      {
        "skill": "barter",
        "bonus": {
          "rng": [
            8,
            15
          ]
        }
      }
    ]
  }
]