[
  {
    "id": "Merchantbag",
    "type": "ARMOR",
    "name": "商队旅行包",
    "//": "상인 전용",
    "description": "一个超级大包，通常供商队使用。巨型而又笨重，背上它难以移动。然而当你需要去另一个区域和幸存者们交易时，这是可能是最完美的储物袋之一。",
    "weight": "2560 g",
    "volume": "20 L",
    "price": 79,
    "to_hit": 1,
    "bashing": 1,
    "material": [
      "cotton",
      "plastic"
    ],
    "symbol": "[",
    "color": "green",
    "covers": [
      "leg_l",
      "leg_r",
      "torso",
      "arm_l",
      "arm_r"
    ],
    "coverage": 1,
    "encumbrance": 60,
    "pocket_data": [
      {
        "pocket_type": "CONTAINER",
        "max_contains_volume": "75 L",
        "max_contains_weight": "100 kg",
        "max_item_length": "180 cm",
        "moves": 600
      }
    ],
    "material_thickness": 1,
    "flags": [
      "VARSIZE",
      "TARDIS"
    ]
  }
]