[
  {
    "type": "item_group",
    "id": "Merc_Smith_shirt_male",
    "items": [
      [
        "tshirt",
        20
      ],
      [
        "tank_top",
        20
      ]
    ]
  },
  {
    "type": "item_group",
    "id": "Merc_Smith_shirt_female",
    "items": [
      [
        "tshirt",
        20
      ],
      [
        "tank_top",
        20
      ]
    ]
  },
  {
    "type": "item_group",
    "id": "Merc_Smith_gloves",
    "items": [
      [
        "null",
        60
      ],
      [
        "gloves_leather",
        20
      ],
      [
        "gloves_fingerless",
        20
      ]
    ]
  },
  {
    "type": "item_group",
    "id": "Merc_Smith_coat",
    "items": [
      [
        "null",
        20
      ],
      [
        "hoodie",
        20
      ],
      [
        "jacket_light",
        20
      ],
      [
        "jacket_leather",
        20
      ],
      [
        "trenchcoat",
        20
      ],
      [
        "jacket_jean",
        20
      ],
      [
        "jacket_flannel",
        20
      ],
      [
        "jacket_windbreaker",
        10
      ]
    ]
  },
  {
    "type": "item_group",
    "id": "Merc_Smith_hat",
    "items": [
      [
        "null",
        40
      ],
      [
        "hat_ball",
        40
      ],
      [
        "hat_hunting",
        40
      ],
      [
        "hat_boonie",
        20
      ]
    ]
  },
  {
    "type": "item_group",
    "id": "Merc_Smith_extra",
    "items": [
      [
        "Merchantbag",
        100
      ]
    ]
  },
  {
    "type": "item_group",
    "id": "Merc_Smith_archery",
    "items": [
      [
        "crossbow",
        100
      ]
    ]
  },
  {
    "type": "item_group",
    "id": "Merc_Smith_rifle",
    "items": [
      [
        "rifle_22",
        5
      ],
      [
        "rifle_9mm",
        5
      ],
      [
        "ruger_1022",
        10
      ],
      [
        "browning_blr",
        10
      ],
      [
        "remington_700",
        10
      ],
      [
        "savage_111f",
        5
      ],
      [
        "marlin_9a",
        25
      ],
      [
        "m1903",
        5
      ]
    ]
  },
  {
    "type": "item_group",
    "id": "Merc_Smith_misc",
    "items": [
      [
        "rifle_22",
        33
      ],
      [
        "rifle_3006",
        33
      ],
      [
        "rifle_9mm",
        33
      ],
      [
        "surv_carbine_223",
        40
      ],
      [
        "shotgun_d",
        11
      ],
      [
        "shotgun_s",
        11
      ],
      [
        "bigun",
        22
      ],
      [
        "pipe_double_shotgun",
        33
      ],
      [
        "pipe_shotgun",
        44
      ],
      [
        "revolver_shotgun",
        30
      ],
      [
        "launcher_simple",
        11
      ],
      [
        "triple_launcher_simple",
        22
      ],
      [
        "makarov",
        8
      ],
      [
        "ashot",
        33
      ],
      [
        "surv_hand_cannon",
        5
      ],
      [
        "crossbow",
        11
      ],
      [
        "bullet_crossbow",
        10
      ],
      [
        "hand_crossbow",
        10
      ],
      [
        "crowbar",
        11
      ],
      [
        "hoe",
        11
      ],
      [
        "pickaxe",
        11
      ],
      [
        "scythe",
        11
      ],
      [
        "shovel",
        11
      ],
      [
        "sickle",
        11
      ],
      [
        "hacksaw",
        3
      ],
      [
        "hammer",
        22
      ],
      [
        "canteen",
        5
      ],
      [
        "modularvest",
        5
      ],
      [
        "hat_hard_hooded",
        15
      ],
      [
        "helmet_bone",
        1
      ],
      [
        "helmet_skid",
        3
      ],
      [
        "jacket_flannel",
        15
      ],
      [
        "jacket_leather_mod",
        1
      ],
      [
        "cloak",
        13
      ],
      [
        "cowboy_hat",
        11
      ],
      [
        "mask_gas",
        11
      ],
      [
        "runner_bag",
        3
      ],
      [
        "pipebomb",
        10
      ],
      [
        "molotov",
        10
      ],
      [
        "pipebomb",
        10
      ],
      [
        "trenchcoat",
        11
      ],
      [
        "picklocks",
        2
      ],
      [
        "grenade",
        11
      ],
      [
        "spear_knife",
        11
      ],
      [
        "hatchet",
        11
      ],
      [
        "sword_crude",
        11
      ],
      [
        "knuckle_steel",
        11
      ],
      [
        "makeshift_halberd",
        6
      ],
      [
        "makeshift_machete",
        6
      ],
      [
        "tihar",
        1
      ],
      [
        "helsing",
        1
      ]
    ]
  }
]