[
  {
    "type": "mapgen",
    "method": "json",
    "om_terrain": [
      "Merchant_Bunker_B1"
    ],
    "object": {
      "fill_ter": "t_rock",
      "rows": [
        "                        ",
        "                        ",
        "  jjbbii                ",
        "  hbbbbi                ",
        "  ihbbbb                ",
        "     c                  ",
        "  gb2bhh                ",
        "  gfbbbb                ",
        "  ddddde                ",
        "  bbbbbb                ",
        "  bbbbbi   aa           ",
        "  bbbbhi   bb           ",
        "    cc     bb           ",
        "    bb     bb           ",
        "    bb     bb           ",
        "    bbbbbbbbb           ",
        "    bbbbbbbbb           ",
        "                        ",
        "                        ",
        "                        ",
        "                        ",
        "                        ",
        "                        ",
        "                        "
      ],
      "terrain": {
        "2": "t_floor",
        "a": "t_stairs_up",
        "b": "t_floor",
        "c": "t_door_metal_c",
        "d": "t_bars",
        "e": "t_door_bar_locked",
        "f": "t_floor",
        "g": "t_floor",
        "h": "t_floor",
        "i": "t_floor",
        "j": "t_floor",
        "k": "t_floor"
      },
      "furniture": {
        "f": "f_chair",
        "g": "f_table",
        "h": "f_crate_o",
        "i": "f_crate_c",
        "j": "f_bed"
      },
      "place_npcs": [
        {
          "class": "merchant_mil",
          "x": 5,
          "y": 7
        },
        {
          "class": "merchant_guard",
          "x": 8,
          "y": 7
        }
      ],
      "add": [
        {
          "item": "atomic_light",
          "x": 5,
          "y": 7
        }
      ]
    }
  }
]