[
  {
    "type": "overmap_special",
    "id": "shop_mil",
    "overmaps": [
      {
        "point": [
          0,
          0,
          0
        ],
        "overmap": "shop_mil_north"
      }
    ],
    "connections": [
      {
        "point": [
          0,
          1,
          0
        ],
        "terrain": "road"
      }
    ],
    "locations": [
      "field"
    ],
    "city_distance": [
      7,
      12
    ],
    "city_sizes": [
      4,
      12
    ],
    "occurrences": [
      1,
      1
    ]
  },
  {
    "type": "overmap_special",
    "id": "Safezone",
    "overmaps": [
      {
        "point": [
          0,
          0,
          0
        ],
        "overmap": "ZoneNW_north"
      },
      {
        "point": [
          1,
          0,
          0
        ],
        "overmap": "ZoneNE_north"
      },
      {
        "point": [
          0,
          1,
          0
        ],
        "overmap": "ZoneSW_north"
      },
      {
        "point": [
          1,
          1,
          0
        ],
        "overmap": "ZoneSE_north"
      }
    ],
    "locations": [
      "wilderness"
    ],
    "city_distance": [
      12,
      -1
    ],
    "city_sizes": [
      4,
      12
    ],
    "occurrences": [
      1,
      2
    ],
    "flags": [
      "UNIQUE"
    ]
  },
  {
    "type": "overmap_special",
    "id": "shop_food",
    "overmaps": [
      {
        "point": [
          0,
          0,
          0
        ],
        "overmap": "shop_food_north"
      }
    ],
    "connections": [
      {
        "point": [
          0,
          1,
          0
        ],
        "terrain": "road"
      }
    ],
    "locations": [
      "field"
    ],
    "city_distance": [
      7,
      12
    ],
    "city_sizes": [
      4,
      12
    ],
    "occurrences": [
      1,
      1
    ]
  },
  {
    "type": "overmap_special",
    "id": "shop_bunker",
    "overmaps": [
      {
        "point": [
          0,
          0,
          0
        ],
        "overmap": "Merchant_Bunker_Sub_north"
      },
      {
        "point": [
          0,
          0,
          -1
        ],
        "overmap": "Merchant_Bunker_B1_north"
      }
    ],
    "connections": [
      {
        "point": [
          0,
          1,
          0
        ],
        "terrain": "road"
      }
    ],
    "locations": [
      "field"
    ],
    "city_distance": [
      6,
      -1
    ],
    "city_sizes": [
      4,
      12
    ],
    "occurrences": [
      1,
      1
    ]
  }
]