[
  {
    "type": "overmap_terrain",
    "id": "shop_mil",
    "name": "交易者藏身处",
    "sym": "H",
    "color": "light_gray",
    "see_cost": 5
  },
  {
    "type": "overmap_terrain",
    "id": "shop_food",
    "name": "交易者藏身处",
    "sym": "H",
    "color": "light_gray",
    "see_cost": 5
  },
  {
    "type": "overmap_terrain",
    "id": "Merchant_Bunker_B1",
    "name": "废弃地下室",
    "sym": "B",
    "color": "dark_gray",
    "see_cost": 5
  },
  {
    "type": "overmap_terrain",
    "id": "Merchant_Bunker_Sub",
    "name": "废弃避难所",
    "sym": "B",
    "color": "dark_gray",
    "see_cost": 5
  },
  {
    "type": "overmap_terrain",
    "id": "ZoneNW",
    "name": "幸存者聚集地",
    "sym": "S",
    "color": "red",
    "see_cost": 5
  },
  {
    "type": "overmap_terrain",
    "id": "ZoneNE",
    "name": "幸存者聚集地",
    "sym": "S",
    "color": "red",
    "see_cost": 5
  },
  {
    "type": "overmap_terrain",
    "id": "ZoneSW",
    "name": "幸存者聚集地",
    "sym": "S",
    "color": "red",
    "see_cost": 5
  },
  {
    "type": "overmap_terrain",
    "id": "ZoneSE",
    "name": "幸存者聚集地",
    "sym": "S",
    "color": "red",
    "see_cost": 5
  }
]