[
  {
    "type": "profession",
    "id": "Nscavan",
    "name": "新手清道夫",
    "description": "作为一分钟前刚出聚集地门口的“拾荒者”，“废土”外的一切仍旧十分棘手。看来我需要买一些像土制步枪之类的武器。",
    "points": 1,
    "skills": [
      {
        "level": 1,
        "name": "survival"
      },
      {
        "level": 1,
        "name": "cooking"
      }
    ],
    "items": {
      "both": {
        "items": [
          "socks",
          "longshirt",
          "cloak",
          "boots",
          "gloves_leather",
          "pants_cargo",
          "backpack",
          "water_clean",
          "matches"
        ],
        "entries": [
          {
            "item": "makeshift_knife",
            "container-item": "sheath"
          },
          {
            "item": "shotgun_s",
            "ammo-item": "shot_00",
            "charges": 1,
            "contents-item": "shoulder_strap"
          },
          {
            "item": "shot_00",
            "charges": 9
          }
        ]
      },
      "male": [
        "boxer_shorts"
      ],
      "female": [
        "bra",
        "boy_shorts"
      ]
    },
    "flags": [
      "SCEN_ONLY"
    ],
    "traits": [
      "PROF_Village"
    ]
  },
  {
    "type": "profession",
    "id": "waste_ranger",
    "name": "废土游骑女兵",
    "description": "如果人类想要生存下去，就必须消除对其生存的威胁，无论代价是什么。如果它是敌人，你就杀了它。",
    "points": 6,
    "skills": [
      {
        "level": 3,
        "name": "survival"
      },
      {
        "level": 3,
        "name": "gun"
      },
      {
        "level": 2,
        "name": "rifle"
      },
      {
        "level": 1,
        "name": "dodge"
      },
      {
        "level": 1,
        "name": "melee"
      },
      {
        "level": 1,
        "name": "pistol"
      },
      {
        "level": 1,
        "name": "stabbing"
      }
    ],
    "items": {
      "both": {
        "ammo": 100,
        "items": [
          "lsurvivor_suit",
          "boots_lsurvivor",
          "gloves_lsurvivor",
          "mask_lsurvivor",
          "hood_lsurvivor",
          "canteen",
          "wearable_light",
          "throwing_knife",
          "ref_lighter"
        ],
        "entries": [
          {
            "item": "knife_trench",
            "container-item": "sheath"
          },
          {
            "item": "ashot",
            "ammo-item": "reloaded_shot_00",
            "contents-item": "shoulder_strap"
          },
          {
            "item": "reloaded_shot_00",
            "charges": 12,
            "container-item": "bandolier_shotgun"
          },
          {
            "item": "reloaded_shot_00",
            "charges": 7
          },
          {
            "item": "glock_19",
            "ammo-item": "9mm",
            "container-item": "holster",
            "charges": 15
          },
          {
            "item": "glockmag",
            "ammo-item": "9mm",
            "charges": 15
          },
          {
            "item": "survivor_mess_kit",
            "charges": [
              20,
              30
            ]
          }
        ]
      },
      "male": [
        "boxer_shorts"
      ],
      "female": [
        "sports_bra",
        "boy_shorts"
      ]
    },
    "flags": [
      "SCEN_ONLY"
    ]
  }
]