[
  {
    "type": "scenario",
    "id": "market_start",
    "name": "聚集地一员",
    "points": 1,
    "description": "大灾变已经过去了几年，父母带着我在这片废土上艰难求生时，跟着他们学会了一些关于生存的技能，现在他们已经不在了。我必须得离开这个温馨舒适的小营地外出寻找一切可能的补给，就像父母曾经那样。",
    "allowed_locs": [
      "Market"
    ],
    "start_name": "幸存者聚集地",
    "flags": [
      "SUM_ADV_START"
    ],
    "professions": [
      "winter_scavenger",
      "waste_ranger",
      "Nscavan"
    ]
  }
]