[
  {
    "method": "json",
    "object": {
      "furniture": {
        " ": "f_null",
        "#": "f_null",
        "&": "f_trashcan",
        "+": "f_null",
        ".": "f_null",
        "B": "f_bench",
        "C": "f_crate_o",
        "D": "f_displaycase_b",
        "O": "f_crate_o",
        "X": "f_crate_c",
        "_": "f_null",
        "a": "f_null",
        "b": "f_bed",
        "c": "f_chair",
        "d": "f_null",
        "m": "f_makeshift_bed",
        "t": "f_table",
        "w": "f_woodstove",
        "{": "f_locker",
        "|": "f_null"
      },
      "place_items": [
        {
          "chance": 70,
          "item": "groce_meat",
          "x": 4,
          "y": 19
        },
        {
          "chance": 100,
          "item": "groce_ingredient",
          "x": 7,
          "y": 16
        },
        {
          "chance": 60,
          "item": "groce_bread",
          "x": 3,
          "y": [
            16,
            17
          ]
        },
        {
          "chance": 100,
          "item": "groce_bread",
          "x": 8,
          "y": [
            15,
            16
          ]
        },
        {
          "chance": 80,
          "item": "groce_cereal",
          "x": 7,
          "y": 11
        },
        {
          "chance": 80,
          "item": "groce_ingredient",
          "x": 8,
          "y": [
            10,
            11
          ]
        },
        {
          "chance": 50,
          "item": "groce_cereal",
          "x": 3,
          "y": 10
        },
        {
          "chance": 50,
          "item": "groce_meat",
          "x": [
            3,
            4
          ],
          "y": 9
        },
        {
          "chance": 80,
          "item": "book_military",
          "x": 8,
          "y": 14
        }
      ],
      "place_monster": [
        {
          "monster": "mon_turret",
          "x": 5,
          "y": 18
        },
        {
          "monster": "mon_turret",
          "x": 6,
          "y": 18
        }
      ],
      "rows": [
        "........................",
        "........................",
        "..||||||||||#|||||||||..",
        "..|bbw{{_____{mm__{mm|..",
        "..|bb________________|..",
        "..|__________________|..",
        "..#____________mm{___|..",
        "..|______||aa|||||___|..",
        "..|||dd|||______{|___|..",
        "..|XX__XX|______{|___#..",
        "..|XX__XX|_cc___{|___|..",
        "..|XX__XX|_tt&__{|___|..",
        "..|XC____|_cc___D|___|..",
        "..|X____O|_______||a||..",
        "..|_____X|_______|___|..",
        "..|____XX|______O|___|..",
        "..|XO__XX|______X|___|..",
        "..|XO___O|B____XX|___#..",
        "..|XO__XX|B___OXX|___|..",
        "..|XXOXXX|B___OXX|___|..",
        "..|||||||||aa|||||||||..",
        "........................",
        "........................",
        "........................"
      ],
      "terrain": {
        " ": "t_null",
        "#": "t_window_boarded",
        "&": "t_grass",
        "+": "t_door_locked_interior",
        ".": "t_grass",
        "B": "t_floor",
        "C": "t_grass",
        "D": "t_floor",
        "O": "t_floor",
        "X": "t_floor",
        "_": "t_floor",
        "a": "t_door_c",
        "b": "t_grass",
        "c": "t_grass",
        "d": "t_door_metal_locked",
        "m": "t_floor",
        "t": "t_grass",
        "w": "t_grass",
        "{": "t_floor",
        "|": "t_concrete_wall"
      },
      "place_npcs": [
        {
          "class": "merchant_food",
          "x": 12,
          "y": 10
        },
        {
          "class": "merchant_guard",
          "x": 15,
          "y": 9
        },
        {
          "class": "merchant_guard",
          "x": 10,
          "y": 16
        }
      ]
    },
    "om_terrain": "shop_food",
    "type": "mapgen",
    "weight": 150
  }
]