[
  {
    "id": "TALK_Merc_Ammo",
    "type": "talk_topic",
    "dynamic_line": {
      "u_is_wearing": "badge_marshal",
      "yes": "嘿，你需要一些弹药才能在这里生存下来。你喜欢什么类型的家伙？手工复装还是军用标准弹？",
      "no": "嘿，你需要一些弹药才能在这里生存下来。你喜欢什么类型的家伙？手工复装还是军用标准弹？"
    },
    "responses": [
      {
        "text": "有什么我能帮忙的吗？",
        "topic": "TALK_Merc_Ammo_Help"
      },
      {
        "text": "我是来做生意的。",
        "effect": "start_trade",
        "topic": "TALK_Merc_Ammo"
      },
      {
        "text": "再见。",
        "topic": "TALK_DONE"
      }
    ]
  },
  {
    "id": "TALK_Merc_Ammo_Help",
    "type": "talk_topic",
    "dynamic_line": "不，谢了。",
    "responses": [
      {
        "text": "知道了。",
        "topic": "TALK_Merc_Ammo"
      }
    ]
  }
]