[
  {
    "id": "TALK_Merc_Mil",
    "type": "talk_topic",
    "dynamic_line": {
      "u_is_wearing": "badge_marshal",
      "yes": "又一个幸存者来了。我在交易一些从营地附近走私来的军用物资和弹药。你想来点吗？",
      "no": "又一个幸存者来了。我在交易一些从营地附近走私来的军用物资和弹药。你想来点吗？"
    },
    "responses": [
      {
        "text": "有什么我能帮忙的吗？",
        "topic": "TALK_Merc_Mil_Help"
      },
      {
        "text": "让我看看你有什么东西……",
        "effect": "start_trade",
        "topic": "TALK_Merc_Mil"
      },
      {
        "text": "再见。",
        "topic": "TALK_DONE"
      }
    ]
  },
  {
    "id": "TALK_Merc_Mil_Help",
    "type": "talk_topic",
    "dynamic_line": "没有。",
    "responses": [
      {
        "text": "知道了。",
        "topic": "TALK_Merc_Mil"
      }
    ]
  }
]