[
  {
    "id": "TALK_Merc_Bro",
    "type": "talk_topic",
    "dynamic_line": {
      "u_is_wearing": "badge_marshal",
      "yes": "<greet> ，你从哪里来的？来这里是做生意的吗？",
      "no": "<greet> ，你从哪里来的？来这里是做生意的吗？"
    },
    "responses": [
      {
        "text": "有什么我能帮忙的吗？",
        "topic": "TALK_Merc_Bro_Help"
      },
      {
        "text": "我是来做生意的。",
        "effect": "start_trade",
        "topic": "TALK_Merc_Bro"
      },
      {
        "text": "再见。",
        "topic": "TALK_DONE"
      }
    ]
  },
  {
    "id": "TALK_Merc_Bro_Help",
    "type": "talk_topic",
    "dynamic_line": "不，谢了。",
    "responses": [
      {
        "text": "知道了。",
        "topic": "TALK_Merc_Bro"
      }
    ]
  }
]