[
  {
    "id": "TALK_Merc_Smith",
    "type": "talk_topic",
    "dynamic_line": {
      "u_is_wearing": "badge_marshal",
      "yes": "手工制作的的土枪、工具和盔甲，你需要点什么吗？",
      "no": "手工制作的的土枪、工具和盔甲，你需要点什么吗？"
    },
    "responses": [
      {
        "text": "你需要帮忙吗？",
        "topic": "TALK_Merc_Smith_Help"
      },
      {
        "text": "我想交易。",
        "effect": "start_trade",
        "topic": "TALK_Merc_Smith"
      },
      {
        "text": "再见。",
        "topic": "TALK_DONE"
      }
    ]
  },
  {
    "id": "TALK_Merc_Smith_Help",
    "type": "talk_topic",
    "dynamic_line": "没有。",
    "responses": [
      {
        "text": "知道了。",
        "topic": "TALK_Merc_Smith"
      }
    ]
  }
]