[
  {
    "id": "TALK_Merc_Med",
    "type": "talk_topic",
    "dynamic_line": {
      "u_is_wearing": "badge_marshal",
      "yes": "<greet>，我在处理一些用于治病的东西。你需要什么药品吗？",
      "no": "<greet>，我在处理一些用于治病的东西。你需要什么药品吗？"
    },
    "responses": [
      {
        "text": "请问你是医生吗？你能治疗我吗？",
        "topic": "TALK_Merc_Med_Help"
      },
      {
        "text": "让我看看你有什么东西……",
        "effect": "start_trade",
        "topic": "TALK_Merc_Med"
      },
      {
        "text": "再见。",
        "topic": "TALK_DONE"
      }
    ]
  },
  {
    "id": "TALK_Merc_Med_Help",
    "type": "talk_topic",
    "dynamic_line": "不幸的是，我不是一个真正的医生。他前阵子去世了…我只是在兜售他的一些遗产，仅此而已。",
    "responses": [
      {
        "text": "知道了。",
        "topic": "TALK_Merc_Med"
      }
    ]
  }
]