[
  {
    "type": "mapgen",
    "method": "json",
    "om_terrain": [
      "ZoneNW"
    ],
    "object": {
      "fill_ter": "t_grass",
      "rows": [
        "                        ",
        " aa   aa       aaa      ",
        "a a   a     aaa         ",
        "a    a                  ",
        "a   abbbbbbbbbbbbbbbbbbb",
        "aa abb a    ak     a fa ",
        "   bbf  dddddd  ddda a  ",
        "  bbff  djjjjd  djd aii ",
        " bba   adjjjjd  dedaa   ",
        " b a  aadjjjjd aa       ",
        " b a  a ddeedd a        ",
        " b a      a a a         ",
        " b aa       f           ",
        " baddddd  a dddd  aa    ",
        " b djjjd    ejjd aa     ",
        " b djjjd    ejjdaa    a ",
        " b djjjda   dddd      a ",
        " b djjjd         a   a  ",
        " baddedd   aaaa a       ",
        "abaaa        aa     a   ",
        " b            aa        ",
        " bf      aa        a   a",
        " bgf  aa   a     aa     ",
        " bgfa                  X"
      ],
      "mapping": {
        "X": {
          "furniture": "f_brazier",
          "item": {
            "item": "2x4",
            "amount": [
              5,
              6
            ]
          },
          "fields": {
            "field": "fd_fire"
          }
        }
      },
      "place_npcs": [
        {
          "class": "merchant_broker",
          "x": 23,
          "y": 22
        },
        {
          "class": "merchant_guard",
          "x": 23,
          "y": 22
        },
        {
          "class": "merchant_guard",
          "x": 7,
          "y": 12
        }
      ],
      "terrain": {
        "a": "t_dirt",
        "b": "t_palisade",
        "c": "t_grass",
        "d": "t_grass",
        "e": "t_grass",
        "f": "t_grass",
        "g": "t_grass",
        "h": "t_grass",
        "i": "t_grass",
        "j": "t_grass",
        "k": "t_grass"
      },
      "furniture": {
        "d": "f_canvas_wall",
        "e": "f_canvas_door",
        "f": "f_crate_o",
        "g": "f_crate_c",
        "h": "f_fireplace",
        "i": "f_smoking_rack",
        "j": "f_canvas_floor",
        "k": "f_locker"
      },
      "place_loot": [
        {
          "group": "cannedfood",
          "chance": 100,
          "repeat": [
            1
          ],
          "x": [
            2,
            2
          ],
          "y": [
            22,
            23
          ]
        },
        {
          "group": "cannedfood",
          "chance": 100,
          "repeat": [
            1
          ],
          "x": [
            10,
            9
          ],
          "y": [
            7,
            7
          ]
        },
        {
          "group": "cannedfood",
          "chance": 100,
          "repeat": [
            1
          ],
          "x": [
            17,
            17
          ],
          "y": [
            7,
            7
          ]
        }
      ]
    }
  }
]