[
  {
    "type": "mapgen",
    "method": "json",
    "om_terrain": [
      "ZoneSW"
    ],
    "object": {
      "fill_ter": "t_grass",
      "rows": [
        " b          aaaaaka aa a",
        " b  cddeeddca aaaaa aa  ",
        " b aca a   ca aaaaakaaaa",
        " b ac  aa acaaaaaaaaaaaa",
        " b  c      c a aaaaaaka ",
        " b  cddddddcaa  a      a",
        " b  c      ca  g a aa   ",
        " b  c a    ca  aa  aaaaa",
        " b  cddddddd a   aa a   ",
        " b     a       aaa      ",
        " ba    a   ijji a   a   ",
        " b      a aihhiaa    a  ",
        " b  a g  aaihhi a a     ",
        " bb     af iiii a a     ",
        "  bb   a    aaaaa a a  a",
        "   bb                   ",
        "    bb            ag aa ",
        "     bb   aa     a     a",
        "    a bbbbbbbbbbbbbbbbbb",
        "    a           a   a   ",
        "   a               a    ",
        "              aa  a     ",
        "             aa   a a   ",
        "             a          "
      ],
      "terrain": {
        "a": "t_dirt",
        "b": "t_palisade",
        "c": "t_chainfence_v",
        "d": "t_chainfence_h",
        "e": "t_chaingate_l",
        "f": "t_generator_broken",
        "g": "t_tree",
        "h": "t_dirt",
        "i": "t_dirt",
        "j": "t_dirt",
        "k": "t_dirt"
      },
      "place_npcs": [
        {
          "class": "merchant_guard",
          "x": 7,
          "y": 16
        }
      ],
      "fields": {
        "#": {
          "field": "fd_fire"
        }
      },
      "furniture": {
        "h": "f_canvas_floor",
        "i": "f_canvas_wall",
        "j": "f_canvas_door",
        "k": "f_chair"
      },
      "place_monsters": [
        {
          "monster": "GROUP_CHURCH_ZOMBIE",
          "chance": 55,
          "repeat": [
            1
          ],
          "x": [
            9,
            6
          ],
          "y": [
            3,
            3
          ]
        },
        {
          "monster": "GROUP_CHURCH_ZOMBIE",
          "chance": 55,
          "repeat": [
            1
          ],
          "x": [
            9,
            7
          ],
          "y": [
            7,
            7
          ]
        }
      ]
    }
  }
]