[
  {
    "type": "mod_tileset",
    "compatibility": [
      "Chibi_Ultica",
      "UltimateCataclysm",
      "MshockXottoplus",
      "UNDEAD_PEOPLE",
      "UNDEAD_PEOPLE_BASE",
      "UNDEAD_PEOPLE_LEGACY",
      "UlticaShell",
      "MshockXottoplus12",
      "MSX++DEAD_PEOPLE",
      "MXplus12_for_cosmetics"
    ],
    "tiles-new": [
      {
        "file": "mod_tileset/BL9_normal.png",
        "tiles": [
          {
            "id": "bg_sand_underground",
            "fg": 1
          },
          {
            "id": "bg_shadow_normal",
            "fg": 2
          },
          {
            "id": "f_BL9underbrush",
            "fg": 3,
            "rotates": false
          },
          {
            "id": "f_BL9underbrush_season_winter",
            "fg": 4,
            "rotates": false
          },
          {
            "id": "f_BL9_acid",
            "animated": true,
            "fg": [
              {
                "weight": 20,
                "sprite": 5
              },
              {
                "weight": 20,
                "sprite": 6
              },
              {
                "weight": 20,
                "sprite": 7
              },
              {
                "weight": 20,
                "sprite": 8
              }
            ],
            "rotates": false
          },
          {
            "id": "f_BL9_alienprinter_small1",
            "fg": 9,
            "rotates": false
          },
          {
            "id": "f_BL9_alienprinter_small2",
            "fg": 10,
            "rotates": false
          },
          {
            "id": "f_BL9_alienprinter_small3",
            "fg": 11,
            "rotates": false
          },
          {
            "id": "f_BL9_alienprinter_small4",
            "fg": 12,
            "rotates": false
          },
          {
            "id": "f_BL9_alien_anemone",
            "animated": true,
            "fg": [
              {
                "weight": 30,
                "sprite": 13
              },
              {
                "weight": 30,
                "sprite": 14
              },
              {
                "weight": 30,
                "sprite": 15
              },
              {
                "weight": 30,
                "sprite": 16
              }
            ],
            "rotates": false
          },
          {
            "id": "f_BL9_alien_antenna1",
            "fg": 17,
            "rotates": false
          },
          {
            "id": "f_BL9_alien_antenna2",
            "fg": 18,
            "rotates": false
          },
          {
            "id": "f_BL9_alien_antenna3",
            "fg": 19,
            "rotates": false
          },
          {
            "id": "f_BL9_alien_antenna4",
            "fg": 20,
            "rotates": false
          },
          {
            "id": "f_BL9_alien_charger1",
            "fg": 21,
            "rotates": false
          },
          {
            "id": "f_BL9_alien_charger2",
            "fg": 22,
            "rotates": false
          },
          {
            "id": "f_BL9_alien_charger3",
            "fg": 23,
            "rotates": false
          },
          {
            "id": "f_BL9_alien_charger4",
            "fg": 24,
            "rotates": false
          },
          {
            "id": "f_BL9_alien_console1",
            "fg": 25,
            "rotates": false
          },
          {
            "id": "f_BL9_alien_console2",
            "fg": 26,
            "rotates": false
          },
          {
            "id": "f_BL9_alien_console3",
            "fg": 27,
            "rotates": false
          },
          {
            "id": "f_BL9_alien_console4",
            "fg": 28,
            "rotates": false
          },
          {
            "id": "f_BL9_alien_converter1",
            "fg": 29,
            "rotates": false
          },
          {
            "id": "f_BL9_alien_converter2",
            "fg": 30,
            "rotates": false
          },
          {
            "id": "f_BL9_alien_converter3",
            "fg": 31,
            "rotates": false
          },
          {
            "id": "f_BL9_alien_converter4",
            "fg": 32,
            "rotates": false
          },
          {
            "id": "f_BL9_alien_generator1",
            "fg": 33,
            "rotates": false
          },
          {
            "id": "f_BL9_alien_generator2",
            "fg": 34,
            "rotates": false
          },
          {
            "id": "f_BL9_alien_generator3",
            "fg": 35,
            "rotates": false
          },
          {
            "id": "f_BL9_alien_generator4",
            "fg": 36,
            "rotates": false
          },
          {
            "id": "f_BL9_alien_light1",
            "fg": 37,
            "rotates": false
          },
          {
            "id": "f_BL9_alien_light2",
            "fg": 38,
            "rotates": false
          },
          {
            "id": "f_BL9_alien_light3",
            "fg": 39,
            "rotates": false
          },
          {
            "id": "f_BL9_alien_light4",
            "fg": 40,
            "rotates": false
          },
          {
            "id": "f_BL9_alien_machinery1",
            "fg": 41,
            "rotates": false
          },
          {
            "id": "f_BL9_alien_machinery2",
            "fg": 42,
            "rotates": false
          },
          {
            "id": "f_BL9_alien_machinery3",
            "fg": 43,
            "rotates": false
          },
          {
            "id": "f_BL9_alien_machinery4",
            "fg": 44,
            "rotates": false
          },
          {
            "id": "f_BL9_alien_scanner1",
            "fg": 45,
            "rotates": false
          },
          {
            "id": "f_BL9_alien_scanner2",
            "fg": 46,
            "rotates": false
          },
          {
            "id": "f_BL9_alien_scanner3",
            "fg": 47,
            "rotates": false
          },
          {
            "id": "f_BL9_alien_scanner4",
            "fg": 48,
            "rotates": false
          },
          {
            "id": "f_BL9_floor_olight",
            "animated": true,
            "fg": [
              {
                "weight": 9999,
                "sprite": 49
              },
              {
                "weight": 1,
                "sprite": 50
              },
              {
                "weight": 1,
                "sprite": 51
              },
              {
                "weight": 1,
                "sprite": 52
              },
              {
                "weight": 1,
                "sprite": 50
              },
              {
                "weight": 1,
                "sprite": 51
              },
              {
                "weight": 1,
                "sprite": 52
              }
            ],
            "rotates": false
          },
          {
            "id": "f_BL9_lava",
            "fg": 53,
            "multitile": true,
            "additional_tiles": [
              {
                "id": "center",
                "fg": 53
              },
              {
                "id": "corner",
                "fg": [
                  54,
                  55,
                  56,
                  57
                ]
              },
              {
                "id": "t_connection",
                "fg": [
                  58,
                  59,
                  60,
                  61
                ]
              },
              {
                "id": "edge",
                "fg": [
                  62,
                  63
                ]
              },
              {
                "id": "end_piece",
                "fg": [
                  64,
                  65,
                  66,
                  67
                ]
              },
              {
                "id": "unconnected",
                "fg": 68
              }
            ],
            "rotates": true
          },
          {
            "id": "f_BL9_teleport",
            "fg": 69,
            "rotates": false
          },
          {
            "id": "goldcoin",
            "fg": 70,
            "rotates": false
          },
          {
            "id": "platcoin",
            "fg": 71,
            "rotates": false
          },
          {
            "id": "BL9_teleport_item",
            "fg": 72,
            "rotates": false
          },
          {
            "id": "mon_BL9_cultist_bash",
            "fg": 73,
            "bg": 2,
            "rotates": false
          },
          {
            "id": "mon_BL9_cultist_crossbow",
            "fg": 74,
            "bg": 2,
            "rotates": false
          },
          {
            "id": "mon_BL9_cultist_cut",
            "fg": 75,
            "bg": 2,
            "rotates": false
          },
          {
            "id": "mon_BL9_cultist_patrolleader",
            "fg": 76,
            "bg": 2,
            "rotates": false
          },
          {
            "id": "mon_BL9_cultist_stab",
            "fg": 77,
            "bg": 2,
            "rotates": false
          },
          {
            "id": "mon_BL9_cultist_unarmed",
            "fg": 78,
            "bg": 2,
            "rotates": false
          },
          {
            "id": "mon_BL9_military_bash",
            "fg": 79,
            "bg": 2,
            "rotates": false
          },
          {
            "id": "mon_BL9_military_crossbow",
            "fg": 80,
            "bg": 2,
            "rotates": false
          },
          {
            "id": "mon_BL9_military_cut",
            "fg": 81,
            "bg": 2,
            "rotates": false
          },
          {
            "id": "mon_BL9_military_shockrod",
            "fg": [
              {
                "weight": 3,
                "sprite": 82
              },
              {
                "weight": 3,
                "sprite": 83
              },
              {
                "weight": 3,
                "sprite": 84
              },
              {
                "weight": 3,
                "sprite": 85
              }
            ],
            "bg": 2,
            "animated": true,
            "rotates": false
          },
          {
            "id": "mon_BL9_military_stab",
            "fg": 86,
            "bg": 2,
            "rotates": false
          },
          {
            "id": "mon_BL9_patrolcultist_crossbow",
            "fg": 87,
            "bg": 2,
            "rotates": false
          },
          {
            "id": "mon_BL9_patrolcultist_cut",
            "fg": 88,
            "bg": 2,
            "rotates": false
          },
          {
            "id": "mon_BL9_patrolcultist_stab",
            "fg": 89,
            "bg": 2,
            "rotates": false
          },
          {
            "id": "mon_BL9_patrolmilitary_crossbow",
            "fg": 90,
            "bg": 2,
            "rotates": false
          },
          {
            "id": "mon_BL9_patrolmilitary_cut",
            "fg": 91,
            "bg": 2,
            "rotates": false
          },
          {
            "id": "mon_BL9_patrolmilitary_shockrod",
            "fg": [
              {
                "weight": 3,
                "sprite": 92
              },
              {
                "weight": 3,
                "sprite": 93
              },
              {
                "weight": 3,
                "sprite": 94
              },
              {
                "weight": 3,
                "sprite": 95
              }
            ],
            "bg": 2,
            "animated": true,
            "rotates": false
          },
          {
            "id": "mon_BL9_patrolmilitary_stab",
            "fg": 96,
            "bg": 2,
            "rotates": false
          },
          {
            "id": "mon_dr_gonzalez",
            "animated": true,
            "fg": [
              {
                "weight": 10,
                "sprite": 97
              },
              {
                "weight": 10,
                "sprite": 98
              }
            ],
            "bg": 2,
            "rotates": false
          },
          {
            "id": "t_BL9uniqmazing_fl_azureblue",
            "fg": 99
          },
          {
            "id": "t_BL9uniqmazing_fl_black",
            "fg": 100
          },
          {
            "id": "t_BL9uniqmazing_fl_corral",
            "fg": 101
          },
          {
            "id": "t_BL9uniqmazing_fl_cyan",
            "fg": 102
          },
          {
            "id": "t_BL9uniqmazing_fl_limegreen",
            "fg": 103
          },
          {
            "id": "t_BL9uniqmazing_fl_orange",
            "fg": 104
          },
          {
            "id": "t_BL9uniqmazing_fl_purple",
            "fg": 105
          },
          {
            "id": "t_BL9uniqmazing_fl_red",
            "fg": 106
          },
          {
            "id": "t_BL9uniqmazing_fl_sandbrown",
            "fg": 107
          },
          {
            "id": "t_BL9uniqmazing_fl_yellow",
            "fg": 108
          },
          {
            "id": "t_BL9uniqmazing_liq_azureblue",
            "fg": 109
          },
          {
            "id": "t_BL9uniqmazing_liq_black",
            "fg": 110
          },
          {
            "id": "t_BL9uniqmazing_liq_corral",
            "fg": 111
          },
          {
            "id": "t_BL9uniqmazing_liq_cyan",
            "fg": 112
          },
          {
            "id": "t_BL9uniqmazing_liq_limegreen",
            "fg": 113
          },
          {
            "id": "t_BL9uniqmazing_liq_orange",
            "fg": 114
          },
          {
            "id": "t_BL9uniqmazing_liq_purple",
            "fg": 115
          },
          {
            "id": "t_BL9uniqmazing_liq_red",
            "fg": 116
          },
          {
            "id": "t_BL9uniqmazing_liq_sandbrown",
            "fg": 117,
            "multitile": true,
            "additional_tiles": [
              {
                "id": "center",
                "fg": 117
              },
              {
                "id": "corner",
                "fg": [
                  118,
                  119,
                  120,
                  121
                ]
              },
              {
                "id": "t_connection",
                "fg": [
                  122,
                  123,
                  124,
                  125
                ]
              },
              {
                "id": "edge",
                "fg": [
                  126,
                  127
                ]
              },
              {
                "id": "end_piece",
                "fg": [
                  128,
                  129,
                  130,
                  131
                ]
              },
              {
                "id": "unconnected",
                "fg": 132
              }
            ],
            "rotates": true
          },
          {
            "id": "t_BL9uniqmazing_liq_sandruins",
            "fg": 133,
            "multitile": true,
            "additional_tiles": [
              {
                "id": "center",
                "fg": 133
              },
              {
                "id": "corner",
                "fg": [
                  134,
                  135,
                  136,
                  137
                ]
              },
              {
                "id": "t_connection",
                "fg": [
                  138,
                  139,
                  140,
                  141
                ]
              },
              {
                "id": "edge",
                "fg": [
                  142,
                  143
                ]
              },
              {
                "id": "end_piece",
                "fg": [
                  144,
                  145,
                  146,
                  147
                ]
              },
              {
                "id": "unconnected",
                "fg": 148
              }
            ],
            "rotates": true
          },
          {
            "id": "t_BL9uniqmazing_liq_yellow",
            "fg": 149,
            "multitile": true,
            "additional_tiles": [
              {
                "id": "center",
                "fg": 149
              },
              {
                "id": "corner",
                "fg": [
                  150,
                  151,
                  152,
                  153
                ]
              },
              {
                "id": "t_connection",
                "fg": [
                  154,
                  155,
                  156,
                  157
                ]
              },
              {
                "id": "edge",
                "fg": [
                  158,
                  159
                ]
              },
              {
                "id": "end_piece",
                "fg": [
                  160,
                  161,
                  162,
                  163
                ]
              },
              {
                "id": "unconnected",
                "fg": 164
              }
            ],
            "rotates": true
          },
          {
            "id": "t_BL9uniqmazing_wl_azureblue",
            "fg": 165,
            "multitile": true,
            "additional_tiles": [
              {
                "id": "center",
                "fg": 165
              },
              {
                "id": "corner",
                "fg": [
                  166,
                  167,
                  168,
                  169
                ]
              },
              {
                "id": "t_connection",
                "fg": [
                  170,
                  171,
                  172,
                  173
                ]
              },
              {
                "id": "edge",
                "fg": [
                  174,
                  175
                ]
              },
              {
                "id": "end_piece",
                "fg": [
                  176,
                  177,
                  177,
                  178
                ]
              },
              {
                "id": "unconnected",
                "fg": 179
              }
            ],
            "rotates": true
          },
          {
            "id": "t_BL9uniqmazing_wl_black",
            "fg": 180,
            "multitile": true,
            "additional_tiles": [
              {
                "id": "center",
                "fg": 180
              },
              {
                "id": "corner",
                "fg": [
                  181,
                  182,
                  183,
                  184
                ]
              },
              {
                "id": "t_connection",
                "fg": [
                  185,
                  186,
                  187,
                  188
                ]
              },
              {
                "id": "edge",
                "fg": [
                  189,
                  190
                ]
              },
              {
                "id": "end_piece",
                "fg": [
                  191,
                  192,
                  193,
                  194
                ]
              },
              {
                "id": "unconnected",
                "fg": 195
              }
            ],
            "rotates": true
          },
          {
            "id": "t_BL9uniqmazing_wl_corral",
            "fg": 196,
            "multitile": true,
            "additional_tiles": [
              {
                "id": "center",
                "fg": 196
              },
              {
                "id": "corner",
                "fg": [
                  197,
                  198,
                  199,
                  200
                ]
              },
              {
                "id": "t_connection",
                "fg": [
                  201,
                  202,
                  203,
                  204
                ]
              },
              {
                "id": "edge",
                "fg": [
                  205,
                  206
                ]
              },
              {
                "id": "end_piece",
                "fg": [
                  207,
                  208,
                  209,
                  210
                ]
              },
              {
                "id": "unconnected",
                "fg": 211
              }
            ],
            "rotates": true
          },
          {
            "id": "t_BL9uniqmazing_wl_cyan",
            "fg": 212,
            "multitile": true,
            "additional_tiles": [
              {
                "id": "center",
                "fg": 212
              },
              {
                "id": "corner",
                "fg": [
                  213,
                  214,
                  215,
                  216
                ]
              },
              {
                "id": "t_connection",
                "fg": [
                  217,
                  218,
                  219,
                  220
                ]
              },
              {
                "id": "edge",
                "fg": [
                  221,
                  222
                ]
              },
              {
                "id": "end_piece",
                "fg": [
                  223,
                  224,
                  225,
                  226
                ]
              },
              {
                "id": "unconnected",
                "fg": 227
              }
            ],
            "rotates": true
          },
          {
            "id": "t_BL9uniqmazing_wl_lava",
            "fg": 228,
            "multitile": true,
            "additional_tiles": [
              {
                "id": "center",
                "fg": 228
              },
              {
                "id": "corner",
                "fg": [
                  229,
                  230,
                  231,
                  232
                ]
              },
              {
                "id": "t_connection",
                "fg": [
                  233,
                  234,
                  235,
                  236
                ]
              },
              {
                "id": "edge",
                "fg": [
                  237,
                  238
                ]
              },
              {
                "id": "end_piece",
                "fg": [
                  239,
                  240,
                  241,
                  242
                ]
              },
              {
                "id": "unconnected",
                "fg": 243
              }
            ],
            "rotates": true
          },
          {
            "id": "t_BL9uniqmazing_wl_limegreen",
            "fg": 244,
            "multitile": true,
            "additional_tiles": [
              {
                "id": "center",
                "fg": 244
              },
              {
                "id": "corner",
                "fg": [
                  245,
                  246,
                  247,
                  248
                ]
              },
              {
                "id": "t_connection",
                "fg": [
                  249,
                  250,
                  251,
                  252
                ]
              },
              {
                "id": "edge",
                "fg": [
                  253,
                  254
                ]
              },
              {
                "id": "end_piece",
                "fg": [
                  255,
                  256,
                  257,
                  258
                ]
              },
              {
                "id": "unconnected",
                "fg": 259
              }
            ],
            "rotates": true
          },
          {
            "id": "t_BL9uniqmazing_wl_orange",
            "fg": 260,
            "multitile": true,
            "additional_tiles": [
              {
                "id": "center",
                "fg": 260
              },
              {
                "id": "corner",
                "fg": [
                  261,
                  262,
                  263,
                  264
                ]
              },
              {
                "id": "t_connection",
                "fg": [
                  265,
                  266,
                  267,
                  268
                ]
              },
              {
                "id": "edge",
                "fg": [
                  269,
                  270
                ]
              },
              {
                "id": "end_piece",
                "fg": [
                  271,
                  272,
                  273,
                  274
                ]
              },
              {
                "id": "unconnected",
                "fg": 275
              }
            ],
            "rotates": true
          },
          {
            "id": "t_BL9uniqmazing_wl_purple",
            "fg": 276,
            "multitile": true,
            "additional_tiles": [
              {
                "id": "center",
                "fg": 276
              },
              {
                "id": "corner",
                "fg": [
                  277,
                  278,
                  279,
                  280
                ]
              },
              {
                "id": "t_connection",
                "fg": [
                  281,
                  282,
                  283,
                  284
                ]
              },
              {
                "id": "edge",
                "fg": [
                  285,
                  286
                ]
              },
              {
                "id": "end_piece",
                "fg": [
                  287,
                  288,
                  289,
                  290
                ]
              },
              {
                "id": "unconnected",
                "fg": 291
              }
            ],
            "rotates": true
          },
          {
            "id": "t_BL9uniqmazing_wl_red",
            "fg": 292,
            "multitile": true,
            "additional_tiles": [
              {
                "id": "center",
                "fg": 292
              },
              {
                "id": "corner",
                "fg": [
                  293,
                  294,
                  295,
                  296
                ]
              },
              {
                "id": "t_connection",
                "fg": [
                  297,
                  298,
                  299,
                  300
                ]
              },
              {
                "id": "edge",
                "fg": [
                  301,
                  302
                ]
              },
              {
                "id": "end_piece",
                "fg": [
                  303,
                  304,
                  305,
                  306
                ]
              },
              {
                "id": "unconnected",
                "fg": 307
              }
            ],
            "rotates": true
          },
          {
            "id": "t_BL9uniqmazing_wl_sandbrown",
            "fg": 308,
            "multitile": true,
            "additional_tiles": [
              {
                "id": "center",
                "fg": 308
              },
              {
                "id": "corner",
                "fg": [
                  309,
                  310,
                  311,
                  312
                ]
              },
              {
                "id": "t_connection",
                "fg": [
                  313,
                  314,
                  315,
                  316
                ]
              },
              {
                "id": "edge",
                "fg": [
                  317,
                  318
                ]
              },
              {
                "id": "end_piece",
                "fg": [
                  319,
                  320,
                  321,
                  322
                ]
              },
              {
                "id": "unconnected",
                "fg": 323
              }
            ],
            "rotates": true
          },
          {
            "id": "t_BL9uniqmazing_wl_yellow",
            "fg": 324,
            "multitile": true,
            "additional_tiles": [
              {
                "id": "center",
                "fg": 324
              },
              {
                "id": "corner",
                "fg": [
                  325,
                  326,
                  327,
                  328
                ]
              },
              {
                "id": "t_connection",
                "fg": [
                  329,
                  330,
                  331,
                  332
                ]
              },
              {
                "id": "edge",
                "fg": [
                  333,
                  334
                ]
              },
              {
                "id": "end_piece",
                "fg": [
                  335,
                  336,
                  337,
                  338
                ]
              },
              {
                "id": "unconnected",
                "fg": 196
              }
            ],
            "rotates": true
          },
          {
            "id": "t_BL9_hole",
            "fg": 339,
            "multitile": true,
            "additional_tiles": [
              {
                "id": "center",
                "fg": 339
              },
              {
                "id": "corner",
                "fg": [
                  340,
                  341,
                  342,
                  343
                ]
              },
              {
                "id": "t_connection",
                "fg": [
                  344,
                  345,
                  346,
                  347
                ]
              },
              {
                "id": "edge",
                "fg": [
                  348,
                  349
                ]
              },
              {
                "id": "end_piece",
                "fg": [
                  350,
                  351,
                  352,
                  353
                ]
              },
              {
                "id": "unconnected",
                "fg": 354
              }
            ],
            "rotates": true
          }
        ],
        "//": "range 1 to 368",
        "sprite_width": 32,
        "sprite_height": 32,
        "sprite_offset_x": 0,
        "sprite_offset_y": 0
      },
      {
        "file": "mod_tileset/BL9_big.png",
        "tiles": [
          {
            "id": "f_big_bell",
            "fg": 369,
            "rotates": false
          },
          {
            "id": "f_BL9_alien_gasper",
            "animated": true,
            "fg": [
              {
                "weight": 30,
                "sprite": 370
              },
              {
                "weight": 30,
                "sprite": 371
              },
              {
                "weight": 30,
                "sprite": 372
              },
              {
                "weight": 30,
                "sprite": 373
              }
            ],
            "rotates": false
          },
          {
            "id": "f_BL9_glowing_tendril",
            "animated": true,
            "fg": [
              {
                "weight": 30,
                "sprite": 374
              },
              {
                "weight": 30,
                "sprite": 375
              },
              {
                "weight": 30,
                "sprite": 376
              },
              {
                "weight": 30,
                "sprite": 377
              },
              {
                "weight": 30,
                "sprite": 378
              },
              {
                "weight": 30,
                "sprite": 379
              },
              {
                "weight": 30,
                "sprite": 380
              },
              {
                "weight": 30,
                "sprite": 381
              }
            ],
            "rotates": false
          },
          {
            "id": "f_BL9_long_torch",
            "animated": true,
            "fg": [
              {
                "weight": 12,
                "sprite": 382
              },
              {
                "weight": 12,
                "sprite": 383
              },
              {
                "weight": 12,
                "sprite": 384
              },
              {
                "weight": 12,
                "sprite": 385
              }
            ],
            "rotates": false
          }
        ],
        "//": "range 369 to 400",
        "sprite_width": 64,
        "sprite_height": 64,
        "sprite_offset_x": -16,
        "sprite_offset_y": -32
      },
      {
        "file": "mod_tileset/BL9_large.png",
        "tiles": [
          {
            "id": "bg_big_normal_shadow",
            "fg": 401
          },
          {
            "id": "f_BL9tree",
            "fg": 402,
            "rotates": false
          },
          {
            "id": "f_BL9tree_season_winter",
            "fg": 403,
            "rotates": false
          },
          {
            "id": "f_BL9tree_almond",
            "fg": 404,
            "rotates": false
          },
          {
            "id": "f_BL9tree_almond_season_winter",
            "fg": 405,
            "rotates": false
          },
          {
            "id": "f_BL9tree_apple",
            "fg": 406,
            "rotates": false
          },
          {
            "id": "f_BL9tree_apple_season_winter",
            "fg": 407,
            "rotates": false
          },
          {
            "id": "f_BL9tree_apricot",
            "fg": 408,
            "rotates": false
          },
          {
            "id": "f_BL9tree_apricot_season_winter",
            "fg": 409,
            "rotates": false
          },
          {
            "id": "f_BL9tree_beech",
            "fg": 410,
            "rotates": false
          },
          {
            "id": "f_BL9tree_beech_season_winter",
            "fg": 411,
            "rotates": false
          },
          {
            "id": "f_BL9tree_birch",
            "fg": 412,
            "rotates": false
          },
          {
            "id": "f_BL9tree_birch_season_winter",
            "fg": 413,
            "rotates": false
          },
          {
            "id": "f_BL9tree_blackjack",
            "fg": 414,
            "rotates": false
          },
          {
            "id": "f_BL9tree_blackjack_season_winter",
            "fg": 415,
            "rotates": false
          },
          {
            "id": "f_BL9tree_cherry",
            "fg": 416,
            "rotates": false
          },
          {
            "id": "f_BL9tree_cherry_season_winter",
            "fg": 417,
            "rotates": false
          },
          {
            "id": "f_BL9tree_chestnut",
            "fg": 418,
            "rotates": false
          },
          {
            "id": "f_BL9tree_chestnut_season_winter",
            "fg": 419,
            "rotates": false
          },
          {
            "id": "f_BL9tree_cottonwood",
            "fg": 420,
            "rotates": false
          },
          {
            "id": "f_BL9tree_cottonwood_season_winter",
            "fg": 421,
            "rotates": false
          },
          {
            "id": "f_BL9tree_elm",
            "fg": 422,
            "rotates": false
          },
          {
            "id": "f_BL9tree_elm_season_winter",
            "fg": 423,
            "rotates": false
          },
          {
            "id": "f_BL9tree_walnut",
            "fg": 424,
            "rotates": false
          },
          {
            "id": "f_BL9tree_walnut_season_winter",
            "fg": 425,
            "rotates": false
          },
          {
            "id": "mon_BL9_mutant_1",
            "fg": [
              {
                "weight": 3,
                "sprite": 426
              },
              {
                "weight": 3,
                "sprite": 427
              },
              {
                "weight": 3,
                "sprite": 428
              }
            ],
            "bg": 401,
            "animated": true,
            "rotates": false
          },
          {
            "id": "corpse_mon_BL9_mutant_1",
            "fg": 429,
            "rotates": false
          },
          {
            "id": "mon_BL9_mutant_2",
            "fg": [
              {
                "weight": 3,
                "sprite": 430
              },
              {
                "weight": 3,
                "sprite": 431
              },
              {
                "weight": 3,
                "sprite": 432
              },
              {
                "weight": 3,
                "sprite": 433
              }
            ],
            "bg": 401,
            "animated": true,
            "rotates": false
          },
          {
            "id": "corpse_mon_BL9_mutant_2",
            "fg": 434,
            "rotates": false
          },
          {
            "id": "mon_BL9_mutant_3",
            "fg": [
              {
                "weight": 3,
                "sprite": 435
              },
              {
                "weight": 3,
                "sprite": 436
              },
              {
                "weight": 3,
                "sprite": 437
              },
              {
                "weight": 3,
                "sprite": 438
              }
            ],
            "bg": 401,
            "animated": true,
            "rotates": false
          },
          {
            "id": "corpse_mon_BL9_mutant_3",
            "fg": 439,
            "rotates": false
          }
        ],
        "//": "range 401 to 448",
        "sprite_width": 64,
        "sprite_height": 80,
        "sprite_offset_x": -16,
        "sprite_offset_y": -48
      }
    ]
  }
]