[
  {
    "type": "profession",
    "id": "antvillain",
    "name": "对抗狂",
    "description": "当你还是个孩子的时候你就是《Grognak the Barbarian》的粉丝了，尤其是其中的恶棍——狂蚁。如今，在大灾变的混乱中，你设法保住了你的蚂蚁农场、COS服，和最喜欢的漫画。",
    "points": 10,
    "skills": [
      {
        "level": 8,
        "name": "tailor"
      },
      {
        "level": 8,
        "name": "fabrication"
      }
    ],
    "items": {
      "both": [
        "jeans",
        "longshirt",
        "socks",
        "boots_rubber",
        "knit_scarf",
        "pockknife",
        "water_clean",
        "matches",
        "mon_ant_egg",
        "helmet_acidchitin",
        "armguard_acidchitin",
        "armor_acidchitin",
        "gauntlets_acidchitin",
        "mag_comic"
      ],
      "male": [
        "boxer_shorts"
      ],
      "female": [
        "bra",
        "panties"
      ]
    }
  },
  {
    "type": "profession",
    "id": "antnerd",
    "name": "蚁迷",
    "description": "你的蚂蚁是你一生中最好的朋友。现在他们是你唯一的朋友了。至少现在没有人会欺负你…而且，你的殖民地在末日之前给了你一个奇怪的蛋。",
    "points": 4,
    "items": {
      "both": [
        "jeans",
        "longshirt",
        "socks",
        "coat_winter",
        "boots_winter",
        "knit_scarf",
        "pockknife",
        "water_clean",
        "matches",
        "mon_ant_egg"
      ],
      "male": [
        "boxer_shorts"
      ],
      "female": [
        "bra",
        "panties"
      ]
    }
  },
  {
    "type": "profession",
    "id": "antmaniac",
    "name": "蚁狂",
    "description": "在大灾难之前，你是一个狂热的蚂蚁守护者，并且养了一个非常危险的品种。以至于你必须在蚂蚁房穿上防护装备。在灾难发生前不久，你在那里发现了一个神秘的巨型蚁卵。希望它现在能救你。",
    "points": 8,
    "items": {
      "both": [
        "cleansuit",
        "socks",
        "boots_rubber",
        "gloves_rubber",
        "glasses_safety",
        "knit_scarf",
        "pockknife",
        "water_clean",
        "matches",
        "mon_acid_egg"
      ],
      "male": [
        "boxer_shorts"
      ],
      "female": [
        "bra",
        "panties"
      ]
    }
  },
  {
    "type": "profession",
    "id": "antscientist",
    "name": "蚂蚁研究员",
    "description": "在灾难发生之前，你试图培育出一种能够抵抗虫草真菌的蚂蚁。然而你刚成功，你的不死族同事就把一些东西洒在你的蚂蚁托盘上。",
    "points": 6,
    "skills": [
      {
        "level": 6,
        "name": "cooking"
      }
    ],
    "items": {
      "both": [
        "cleansuit",
        "socks",
        "boots_rubber",
        "coat_lab",
        "glasses_safety",
        "knit_scarf",
        "pockknife",
        "water_clean",
        "matches",
        "mon_antifungal_egg",
        "mask_filter",
        "gloves_rubber"
      ],
      "male": [
        "boxer_shorts"
      ],
      "female": [
        "bra",
        "panties"
      ]
    }
  }
]