[
  {
    "id": "mon_fish_lobster",
    "type": "MONSTER",
    "name": {
      "str": "龙虾"
    },
    "copy-from": "mon_fish_lobster",
    "extend": {
      "flags": [
        "CATFOOD"
      ]
    }
  },
  {
    "id": "mon_fish_crayfish",
    "type": "MONSTER",
    "name": {
      "str": "螯虾"
    },
    "copy-from": "mon_fish_crayfish",
    "extend": {
      "flags": [
        "CATFOOD"
      ]
    }
  },
  {
    "id": "mon_giant_cockroach",
    "type": "MONSTER",
    "name": {
      "str": "巨型蟑螂"
    },
    "copy-from": "mon_giant_cockroach",
    "extend": {
      "flags": [
        "CATFOOD",
        "DOGFOOD",
        "BIRDFOOD",
        "CATTLEFODDER"
      ]
    }
  },
  {
    "id": "mon_giant_cockroach_nymph",
    "type": "MONSTER",
    "name": {
      "str": "巨型蟑螂幼虫"
    },
    "copy-from": "mon_giant_cockroach_nymph",
    "extend": {
      "flags": [
        "CATFOOD",
        "DOGFOOD",
        "BIRDFOOD",
        "CATTLEFODDER"
      ]
    }
  },
  {
    "id": "mon_pregnant_giant_cockroach",
    "type": "MONSTER",
    "name": {
      "str": "怀孕的巨型蟑螂"
    },
    "copy-from": "mon_pregnant_giant_cockroach",
    "extend": {
      "flags": [
        "CATFOOD",
        "DOGFOOD",
        "BIRDFOOD",
        "CATTLEFODDER"
      ]
    }
  },
  {
    "id": "mon_bee",
    "type": "MONSTER",
    "name": {
      "str": "巨型蜜蜂"
    },
    "copy-from": "mon_bee",
    "extend": {
      "flags": [
        "BIRDFOOD"
      ]
    }
  },
  {
    "id": "mon_centipede_giant",
    "type": "MONSTER",
    "name": {
      "str": "巨型蜈蚣"
    },
    "copy-from": "mon_centipede_giant",
    "extend": {
      "flags": [
        "CATTLEFODDER"
      ]
    }
  },
  {
    "id": "mon_dragonfly_giant",
    "type": "MONSTER",
    "name": {
      "str": "巨型蜻蜓",
      "str_pl": "巨型蜻蜓"
    },
    "copy-from": "mon_dragonfly_giant",
    "extend": {
      "flags": [
        "CATTLEFODDER"
      ]
    }
  },
  {
    "id": "mon_fly",
    "type": "MONSTER",
    "name": {
      "str": "巨型苍蝇",
      "str_pl": "巨型苍蝇"
    },
    "copy-from": "mon_fly",
    "extend": {
      "flags": [
        "CATTLEFODDER"
      ]
    }
  },
  {
    "id": "mon_mosquito_giant",
    "type": "MONSTER",
    "name": {
      "str": "巨型蚊怪"
    },
    "copy-from": "mon_mosquito_giant",
    "extend": {
      "flags": [
        "DOGFOOD"
      ]
    }
  },
  {
    "id": "mon_spider_cellar_giant",
    "type": "MONSTER",
    "name": {
      "str": "巨型地窖蛛"
    },
    "copy-from": "mon_spider_cellar_giant",
    "extend": {
      "flags": [
        "DOGFOOD"
      ]
    }
  },
  {
    "id": "mon_spider_cellar_giant_s",
    "type": "MONSTER",
    "name": {
      "str": "巨型地窖蛛幼体"
    },
    "copy-from": "mon_spider_cellar_giant_s",
    "extend": {
      "flags": [
        "DOGFOOD"
      ]
    }
  },
  {
    "id": "mon_spider_jumping_giant",
    "type": "MONSTER",
    "name": {
      "str": "巨型跳蛛"
    },
    "copy-from": "mon_spider_jumping_giant",
    "extend": {
      "flags": [
        "DOGFOOD"
      ]
    }
  },
  {
    "id": "mon_spider_trapdoor_giant",
    "type": "MONSTER",
    "name": {
      "str": "巨型螲蟷蛛"
    },
    "copy-from": "mon_spider_trapdoor_giant",
    "extend": {
      "flags": [
        "DOGFOOD"
      ]
    }
  },
  {
    "id": "mon_spider_web",
    "type": "MONSTER",
    "name": {
      "str": "巨型网蛛"
    },
    "copy-from": "mon_spider_web",
    "extend": {
      "flags": [
        "DOGFOOD"
      ]
    }
  },
  {
    "id": "mon_spider_web_s",
    "type": "MONSTER",
    "name": {
      "str": "巨型网蛛幼体"
    },
    "copy-from": "mon_spider_web_s",
    "extend": {
      "flags": [
        "DOGFOOD"
      ]
    }
  },
  {
    "id": "mon_spider_widow_giant",
    "type": "MONSTER",
    "name": {
      "str": "巨型黑寡妇蜘蛛"
    },
    "copy-from": "mon_spider_widow_giant",
    "extend": {
      "flags": [
        "DOGFOOD"
      ]
    }
  },
  {
    "id": "mon_spider_widow_giant_s",
    "type": "MONSTER",
    "name": {
      "str": "巨型黑寡妇蜘蛛幼体"
    },
    "copy-from": "mon_spider_widow_giant_s",
    "extend": {
      "flags": [
        "DOGFOOD"
      ]
    }
  },
  {
    "id": "mon_spider_wolf_giant",
    "type": "MONSTER",
    "name": {
      "str": "巨型狼蛛"
    },
    "copy-from": "mon_spider_wolf_giant",
    "extend": {
      "flags": [
        "DOGFOOD"
      ]
    }
  },
  {
    "id": "mon_wasp",
    "type": "MONSTER",
    "name": {
      "str": "巨型黄蜂"
    },
    "copy-from": "mon_wasp",
    "extend": {
      "flags": [
        "BIRDFOOD"
      ]
    }
  },
  {
    "id": "mon_dermatik",
    "type": "MONSTER",
    "name": {
      "str": "寄生蜂"
    },
    "copy-from": "mon_dermatik",
    "extend": {
      "flags": [
        "BIRDFOOD"
      ]
    }
  },
  {
    "id": "mon_dermatik_larva",
    "type": "MONSTER",
    "name": {
      "str": "寄生蜂幼体"
    },
    "copy-from": "mon_dermatik_larva",
    "extend": {
      "flags": [
        "BIRDFOOD"
      ]
    }
  },
  {
    "id": "mon_ant",
    "type": "MONSTER",
    "name": {
      "str": "巨型蚂蚁"
    },
    "copy-from": "mon_ant",
    "extend": {
      "flags": [
        "CATFOOD",
        "DOGFOOD",
        "BIRDFOOD",
        "CATTLEFODDER"
      ]
    }
  },
  {
    "id": "mon_ant_acid",
    "type": "MONSTER",
    "name": {
      "str": "巨型酸蚁"
    },
    "copy-from": "mon_ant_acid",
    "extend": {
      "flags": [
        "CATFOOD",
        "DOGFOOD",
        "BIRDFOOD",
        "CATTLEFODDER"
      ]
    }
  },
  {
    "id": "mon_ant_acid_larva",
    "type": "MONSTER",
    "name": {
      "str": "酸蚁幼虫"
    },
    "copy-from": "mon_ant_acid_larva",
    "extend": {
      "flags": [
        "CATFOOD",
        "DOGFOOD",
        "BIRDFOOD",
        "CATTLEFODDER"
      ]
    }
  },
  {
    "id": "mon_ant_acid_queen",
    "type": "MONSTER",
    "name": {
      "str": "酸蚁蚁后"
    },
    "copy-from": "mon_ant_acid_queen",
    "extend": {
      "flags": [
        "CATFOOD",
        "DOGFOOD",
        "BIRDFOOD",
        "CATTLEFODDER"
      ]
    }
  },
  {
    "id": "mon_ant_acid_soldier",
    "type": "MONSTER",
    "name": {
      "str": "酸蚁士兵"
    },
    "copy-from": "mon_ant_acid_soldier",
    "extend": {
      "flags": [
        "CATFOOD",
        "DOGFOOD",
        "BIRDFOOD",
        "CATTLEFODDER"
      ]
    }
  },
  {
    "id": "mon_ant_larva",
    "type": "MONSTER",
    "name": {
      "str": "蚂蚁幼虫"
    },
    "copy-from": "mon_ant_larva",
    "extend": {
      "flags": [
        "CATFOOD",
        "DOGFOOD",
        "BIRDFOOD",
        "CATTLEFODDER"
      ]
    }
  },
  {
    "id": "mon_ant_queen",
    "type": "MONSTER",
    "name": {
      "str": "蚁后"
    },
    "copy-from": "mon_ant_queen",
    "extend": {
      "flags": [
        "CATFOOD",
        "DOGFOOD",
        "BIRDFOOD",
        "CATTLEFODDER"
      ]
    }
  },
  {
    "id": "mon_ant_soldier",
    "type": "MONSTER",
    "name": {
      "str": "兵蚁"
    },
    "copy-from": "mon_ant_soldier",
    "extend": {
      "flags": [
        "CATFOOD",
        "DOGFOOD",
        "BIRDFOOD",
        "CATTLEFODDER"
      ]
    }
  },
  {
    "id": "mon_locust",
    "type": "MONSTER",
    "name": {
      "str": "巨型蝗虫"
    },
    "copy-from": "mon_locust",
    "extend": {
      "flags": [
        "CATTLEFODDER"
      ]
    }
  },
  {
    "id": "mon_locust_nymph",
    "type": "MONSTER",
    "name": {
      "str": "巨型蝗虫幼体"
    },
    "copy-from": "mon_locust_nymph",
    "extend": {
      "flags": [
        "CATTLEFODDER"
      ]
    }
  },
  {
    "id": "mon_slug_giant",
    "type": "MONSTER",
    "name": {
      "str": "巨型蛞蝓"
    },
    "copy-from": "mon_slug_giant",
    "extend": {
      "flags": [
        "CATTLEFODDER"
      ]
    }
  },
  {
    "id": "mon_alpha_razorclaw",
    "type": "MONSTER",
    "name": {
      "str": "利爪怪首领"
    },
    "copy-from": "mon_alpha_razorclaw",
    "extend": {
      "flags": [
        "CATFOOD"
      ]
    }
  },
  {
    "id": "mon_giant_crayfish",
    "type": "MONSTER",
    "name": {
      "str": "巨型螯虾"
    },
    "copy-from": "mon_giant_crayfish",
    "extend": {
      "flags": [
        "CATFOOD"
      ]
    }
  },
  {
    "id": "mon_graboid",
    "type": "MONSTER",
    "name": {
      "str": "地魔虫"
    },
    "copy-from": "mon_graboid",
    "extend": {
      "flags": [
        "DOGFOOD"
      ]
    }
  },
  {
    "id": "mon_halfworm",
    "type": "MONSTER",
    "name": {
      "str": "半截巨蠕虫"
    },
    "copy-from": "mon_halfworm",
    "extend": {
      "flags": [
        "DOGFOOD"
      ]
    }
  },
  {
    "id": "mon_razorclaw",
    "type": "MONSTER",
    "name": {
      "str": "利爪怪"
    },
    "copy-from": "mon_razorclaw",
    "extend": {
      "flags": [
        "CATFOOD"
      ]
    }
  },
  {
    "id": "mon_worm",
    "type": "MONSTER",
    "name": {
      "str": "巨型蠕虫"
    },
    "copy-from": "mon_worm",
    "extend": {
      "flags": [
        "DOGFOOD"
      ]
    }
  }
]