[
  {
    "type": "mapgen",
    "method": "json",
    "om_terrain": "22ch_bunker_z0",
    "weight": 100,
    "object": {
      "predecessor_mapgen": "forest",
      "rows": [
        "                        ",
        "                        ",
        "                        ",
        "                        ",
        "                        ",
        "            ###         ",
        "            #>#         ",
        "            #+#         ",
        "                        ",
        "                        ",
        "                        ",
        "                        ",
        "                        ",
        "                        ",
        "                        ",
        "                        ",
        "                        ",
        "                        ",
        "                        ",
        "                        ",
        "                        ",
        "                        ",
        "                        ",
        "                        "
      ],
      "terrain": {
        ">": "t_stairs_down",
        "+": "t_door_metal_c",
        "#": "t_concrete_wall"
      }
    }
  },
  {
    "type": "mapgen",
    "method": "json",
    "om_terrain": "22ch_bunker_z-1",
    "weight": 100,
    "object": {
      "fill_ter": "t_thconc_floor",
      "rows": [
        "************************",
        "************************",
        "************************",
        "**|-------------------|*",
        "**|                   |*",
        "**|                   |*",
        "**|                   |*",
        "**|              <    |*",
        "**|                   |*",
        "**|                   |*",
        "**|                   |*",
        "**|                   |*",
        "**|                   |*",
        "**|                   |*",
        "**|                   |*",
        "**|                   |*",
        "**|                   |*",
        "**|                   |*",
        "**|                   |*",
        "**|                   |*",
        "**|-------------------|*",
        "************************",
        "************************",
        "************************"
      ],
      "terrain": {
        "*": "t_rock",
        "|": "t_wall",
        "-": "t_wall",
        "<": "t_stairs_up"
      },
      "place_npcs": [
        {
          "class": "NPC_lead_scientist_22ch",
          "x": 12,
          "y": 11
        },
        {
          "class": "TEMP_AI",
          "x": 6,
          "y": 6
        }
      ]
    }
  }
]