[
  {
    "//": "TODO maybe edit?",
    "type": "mapgen",
    "update_mapgen_id": "22ch_transmitter",
    "method": "json",
    "object": {
      "place_furniture": [
        {
          "furn": "f_scrap_antenna",
          "x": 14,
          "y": 4
        }
      ]
    }
  },
  {
    "//": "TODO maybe edit or remove?",
    "type": "mapgen",
    "update_mapgen_id": "22ch_transmitter_done",
    "method": "json",
    "object": {
      "place_monster": [
        {
          "monster": "mon_secubot",
          "x": [
            5,
            20
          ],
          "y": [
            5,
            20
          ]
        }
      ]
    }
  }
]