[
  {
    "type": "overmap_special",
    "id": "22ch_bunker",
    "overmaps": [
      {
        "point": [
          0,
          0,
          0
        ],
        "overmap": "22ch_bunker_z0_north"
      },
      {
        "point": [
          0,
          0,
          -1
        ],
        "overmap": "22ch_bunker_z-1_north"
      }
    ],
    "locations": [
      "forest"
    ],
    "city_distance": [
      20,
      25
    ],
    "city_sizes": [
      1,
      12
    ],
    "occurrences": [
      0,
      3
    ],
    "flags": [
      "CLASSIC"
    ]
  }
]