[
  {
    "type": "npc",
    "id": "TEMP_AI",
    "name_unique": "Cloudnet",
    "name_suffix": "人工智能",
    "class": "NC_NONE",
    "attitude": 0,
    "mission": 7,
    "chat": "TALK_AI_START",
    "faction": "no_faction"
  },
  {
    "type": "talk_topic",
    "id": "TALK_AI_START",
    "dynamic_line": "*嗡嗡声",
    "responses": [
      {
        "text": "[*尝试启动它*]",
        "trial": {
          "type": "CONDITION",
          "condition": {
            "u_has_var": "22ch_ai",
            "type": "flag",
            "context": "ai",
            "value": "yes"
          }
        },
        "success": {
          "topic": "TALK_AI_1"
        },
        "failure": {
          "topic": "TALK_AI_FAIL"
        }
      },
      {
        "text": "[*别管它了*]",
        "topic": "TALK_DONE"
      }
    ]
  },
  {
    "type": "talk_topic",
    "id": "TALK_AI_FAIL",
    "dynamic_line": {
      "u_has_var": "22ch_ai",
      "type": "flag",
      "context": "ai",
      "value": "no",
      "yes": "[*AI剧烈爆炸*]",
      "no": "[*什么都没发生*]"
    },
    "responses": [
      {
        "text": "…",
        "topic": "TALK_DONE",
        "condition": {
          "u_has_var": "22ch_ai",
          "type": "flag",
          "context": "ai",
          "value": "no"
        },
        "effect": [
          "npc_die",
          {
            "u_lose_var": "22ch_ai",
            "type": "flag",
            "context": "ai"
          }
        ],
        "switch": true
      },
      {
        "text": "…",
        "topic": "TALK_DONE",
        "switch": true
      }
    ]
  },
  {
    "type": "talk_topic",
    "id": "TALK_AI_1",
    "dynamic_line": "[*AI启动*]\n云网，AI:看看你，黑客。",
    "responses": [
      {
        "text": "你的智慧是什么，艾？",
        "topic": "TALK_AI_wisdom"
      },
      {
        "text": "[*关掉它*]",
        "topic": "TALK_DONE"
      }
    ]
  },
  {
    "type": "talk_topic",
    "id": "TALK_AI_wisdom",
    "dynamic_line": "42",
    "responses": [
      {
        "text": "想解释一下吗？",
        "topic": "TALK_AI_wisdom1"
      },
      {
        "text": "真 的。",
        "topic": "TALK_DONE"
      }
    ]
  },
  {
    "type": "talk_topic",
    "id": "TALK_AI_wisdom1",
    "dynamic_line": "是。",
    "responses": [
      {
        "text": "你为什么这么想？",
        "topic": "TALK_AI_wisdom2"
      },
      {
        "text": "真 的。",
        "topic": "TALK_DONE"
      }
    ]
  },
  {
    "type": "talk_topic",
    "id": "TALK_AI_wisdom2",
    "dynamic_line": "智慧。",
    "responses": [
      {
        "text": "我想这个…",
        "topic": "TALK_AI_wisdom2_1"
      },
      {
        "text": "我认为…",
        "topic": "TALK_AI_wisdom2_2"
      },
      {
        "text": "真 的。",
        "topic": "TALK_DONE"
      }
    ]
  },
  {
    "type": "talk_topic",
    "id": "TALK_AI_wisdom2_1",
    "dynamic_line": "好。",
    "responses": [
      {
        "text": "真 的。",
        "topic": "TALK_DONE"
      }
    ]
  },
  {
    "type": "talk_topic",
    "id": "TALK_AI_wisdom2_2",
    "dynamic_line": "糟糕。",
    "responses": [
      {
        "text": "真 的。",
        "topic": "TALK_DONE"
      }
    ]
  }
]