[
  {
    "result": "vgen",
    "activity_level": "LIGHT_EXERCISE",
    "type": "recipe",
    "category": "CC_OTHER",
    "subcategory": "CSC_OTHER_MATERIALS",
    "skill_used": "fabrication",
    "difficulty": 6,
    "skills_required": [
      [
        "mechanics",
        6
      ]
    ],
    "time": "30 h",
    "reversible": false,
    "autolearn": true,
    "using": [
      [
        "forging_standard",
        3
      ],
      [
        "steel_standard",
        3
      ],
      [
        "welding_standard",
        6
      ]
    ],
    "qualities": [
      {
        "id": "HAMMER",
        "level": 2
      },
      {
        "id": "SAW_M",
        "level": 1
      },
      {
        "id": "CHISEL",
        "level": 3
      }
    ],
    "tools": [
      [
        [
          "tongs",
          -1
        ]
      ],
      [
        [
          "anvil",
          -1
        ]
      ],
      [
        [
          "swage",
          -1
        ]
      ]
    ],
    "components": [
      [
        [
          "vortex_stone",
          1
        ]
      ],
      [
        [
          "chain",
          6
        ]
      ],
      [
        [
          "foot_crank",
          6
        ]
      ],
      [
        [
          "metal_tank",
          1
        ]
      ],
      [
        [
          "plastic_chunk",
          30
        ]
      ]
    ]
  },
  {
    "result": "vgen2",
    "activity_level": "LIGHT_EXERCISE",
    "type": "recipe",
    "category": "CC_OTHER",
    "subcategory": "CSC_OTHER_MATERIALS",
    "skill_used": "fabrication",
    "difficulty": 5,
    "skills_required": [
      [
        "mechanics",
        5
      ],
      [
        "electronics",
        3
      ]
    ],
    "time": "30 h",
    "autolearn": true,
    "using": [
      [
        "forging_standard",
        3
      ],
      [
        "steel_standard",
        3
      ],
      [
        "welding_standard",
        6
      ]
    ],
    "qualities": [
      {
        "id": "HAMMER",
        "level": 2
      },
      {
        "id": "SAW_M",
        "level": 1
      },
      {
        "id": "CHISEL",
        "level": 3
      }
    ],
    "tools": [
      [
        [
          "tongs",
          -1
        ]
      ],
      [
        [
          "anvil",
          -1
        ]
      ],
      [
        [
          "swage",
          -1
        ]
      ]
    ],
    "components": [
      [
        [
          "vortex_stone",
          1
        ]
      ],
      [
        [
          "chain",
          6
        ]
      ],
      [
        [
          "foot_crank",
          3
        ]
      ],
      [
        [
          "metal_tank",
          1
        ]
      ],
      [
        [
          "plastic_chunk",
          30
        ]
      ],
      [
        [
          "alternator_truck",
          6
        ],
        [
          "alternator_car",
          6
        ],
        [
          "alternator_motorbike",
          6
        ]
      ]
    ]
  },
  {
    "result": "vortexbolter",
    "activity_level": "LIGHT_EXERCISE",
    "type": "recipe",
    "category": "CC_OTHER",
    "subcategory": "CSC_OTHER_PARTS",
    "skill_used": "fabrication",
    "difficulty": 7,
    "skills_required": [
      "mechanics",
      7
    ],
    "time": "8 h 20 m",
    "autolearn": true,
    "using": [
      [
        "soldering_standard",
        30
      ]
    ],
    "qualities": [
      {
        "id": "HAMMER",
        "level": 1
      },
      {
        "id": "SAW_M",
        "level": 1
      }
    ],
    "components": [
      [
        [
          "metal_tank_little",
          1
        ]
      ],
      [
        [
          "pipe",
          2
        ]
      ],
      [
        [
          "helsing",
          1
        ]
      ],
      [
        [
          "steel_chunk",
          9
        ],
        [
          "steel_lump",
          3
        ]
      ],
      [
        [
          "plastic_chunk",
          6
        ]
      ],
      [
        [
          "vortex_stone",
          1
        ]
      ]
    ]
  },
  {
    "result": "vortexrifle",
    "activity_level": "LIGHT_EXERCISE",
    "type": "recipe",
    "category": "CC_OTHER",
    "subcategory": "CSC_OTHER_PARTS",
    "skill_used": "fabrication",
    "difficulty": 7,
    "skills_required": [
      "mechanics",
      7
    ],
    "time": "8 h 20 m",
    "autolearn": true,
    "using": [
      [
        "soldering_standard",
        30
      ]
    ],
    "qualities": [
      {
        "id": "HAMMER",
        "level": 1
      },
      {
        "id": "SAW_M",
        "level": 1
      }
    ],
    "components": [
      [
        [
          "metal_tank_little",
          1
        ]
      ],
      [
        [
          "pipe",
          2
        ]
      ],
      [
        [
          "tihar",
          1
        ]
      ],
      [
        [
          "steel_chunk",
          9
        ],
        [
          "steel_lump",
          3
        ]
      ],
      [
        [
          "plastic_chunk",
          6
        ]
      ],
      [
        [
          "vortex_stone",
          1
        ]
      ]
    ]
  },
  {
    "result": "vortexaccelerator",
    "activity_level": "LIGHT_EXERCISE",
    "type": "recipe",
    "category": "CC_OTHER",
    "subcategory": "CSC_OTHER_PARTS",
    "skill_used": "fabrication",
    "difficulty": 7,
    "skills_required": [
      "mechanics",
      7
    ],
    "time": "16 h 40 m",
    "autolearn": true,
    "using": [
      [
        "soldering_standard",
        50
      ]
    ],
    "qualities": [
      {
        "id": "HAMMER",
        "level": 1
      },
      {
        "id": "SAW_M",
        "level": 1
      }
    ],
    "components": [
      [
        [
          "metal_tank_little",
          1
        ]
      ],
      [
        [
          "pipe",
          4
        ]
      ],
      [
        [
          "steel_chunk",
          18
        ],
        [
          "steel_lump",
          6
        ]
      ],
      [
        [
          "plastic_chunk",
          6
        ]
      ],
      [
        [
          "vortex_stone",
          1
        ]
      ]
    ]
  },
  {
    "result": "spiral_matrix",
    "activity_level": "LIGHT_EXERCISE",
    "type": "recipe",
    "category": "CC_OTHER",
    "subcategory": "CSC_OTHER_MATERIALS",
    "skill_used": "fabrication",
    "difficulty": 10,
    "time": "8 h 20 m",
    "autolearn": true,
    "using": [
      [
        "welding_standard",
        1
      ]
    ],
    "qualities": [
      {
        "id": "HAMMER",
        "level": 3
      },
      {
        "id": "CHISEL",
        "level": 3
      }
    ],
    "components": [
      [
        [
          "charcoal",
          50
        ]
      ],
      [
        [
          "plasma",
          10
        ]
      ],
      [
        [
          "spiral_stone",
          1
        ]
      ]
    ]
  },
  {
    "result": "vortexcannon",
    "activity_level": "LIGHT_EXERCISE",
    "type": "recipe",
    "category": "CC_OTHER",
    "subcategory": "CSC_OTHER_PARTS",
    "skill_used": "fabrication",
    "difficulty": 8,
    "skills_required": [
      "mechanics",
      8
    ],
    "time": "25 h",
    "autolearn": true,
    "using": [
      [
        "welding_standard",
        10
      ]
    ],
    "qualities": [
      {
        "id": "HAMMER",
        "level": 1
      },
      {
        "id": "SAW_M",
        "level": 1
      }
    ],
    "components": [
      [
        [
          "metal_tank",
          1
        ]
      ],
      [
        [
          "pipe",
          10
        ]
      ],
      [
        [
          "steel_chunk",
          24
        ],
        [
          "steel_lump",
          6
        ]
      ],
      [
        [
          "spring",
          2
        ]
      ],
      [
        [
          "plastic_chunk",
          12
        ]
      ],
      [
        [
          "vortex_stone",
          1
        ]
      ]
    ]
  }
]