[
  {
    "id": "ks-tools_general",
    "type": "item_group",
    "//": "semi-drop-in replacement for experimental tools_general group, w/ small tweak.",
    "items": [
      {
        "group": "tools_common",
        "prob": 100
      },
      {
        "group": "tools_construction",
        "prob": 50
      },
      {
        "group": "tools_carpentry",
        "prob": 100
      },
      {
        "group": "tools_earthworking",
        "prob": 100
      },
      {
        "group": "tools_electronics",
        "prob": 20
      },
      {
        "group": "tools_lighting_industrial",
        "prob": 100
      },
      {
        "group": "tools_mechanic",
        "prob": 80
      }
    ]
  }
]