[
  {
    "id": "lumber_tools_elec",
    "type": "item_group",
    "//": "Electric tools used to work w/ lumber in the field.",
    "items": [
      [
        "hammer",
        80
      ],
      [
        "misc_repairkit",
        75
      ],
      [
        "saw",
        80
      ],
      [
        "ax",
        80
      ],
      [
        "screwdriver",
        25
      ],
      [
        "screwdriver_set",
        100
      ],
      [
        "wrench",
        40
      ],
      [
        "knife_hunting",
        40
      ],
      [
        "bucket",
        5
      ],
      [
        "jumper_cable",
        10
      ],
      [
        "crowbar",
        50
      ],
      [
        "recharge_station",
        10
      ],
      [
        "elec_chainsaw_off",
        80
      ],
      [
        "cordless_drill",
        100
      ],
      {
        "item": "chisel",
        "prob": 25,
        "count": [
          1,
          2
        ]
      },
      [
        "toolbox",
        25
      ]
    ]
  }
]