[
  {
    "id": "ichaival_replica",
    "copy-from": "reflexrecurvebow",
    "type": "GUN",
    "name": {
      "str": "神弓伊奇巴尔"
    },
    "description": "北欧众神之父奥丁所使用的神弓伊奇巴尔的复制品。传说每次拉弦能够射出 10 只箭。这件上面覆盖满了金银饰品。",
    "price": "1600 USD",
    "material": [
      "wood",
      "gold"
    ],
    "weight": "740 g",
    "volume": "1750 ml",
    "bashing": 14,
    "ranged_damage": {
      "damage_type": "stab",
      "amount": 18
    },
    "range": 19,
    "dispersion": 110
  }
]