[
  {
    "type": "BOOK",
    "id": "book_asgard",
    "name": {
      "str": "阿斯加德之武",
      "str_pl": "阿斯加德之武"
    },
    "max_level": 10,
    "description": "一本关于如何制造北欧神话中神祗武器的复制品的书，例如广为人知的雷神之锤Mjölnir。书中配了大量的插图说明。",
    "weight": "654 g",
    "color": "blue",
    "intelligence": 9,
    "symbol": "?",
    "material": [
      "paper"
    ],
    "volume": "1250 ml",
    "time": 60,
    "fun": 0,
    "skill": "fabrication",
    "price": "300 USD",
    "required_level": 8
  }
]