[
  {
    "id": "mjolnir_replica",
    "copy-from": "warhammer",
    "type": "GENERIC",
    "name": {
      "str": "Mjölnir，雷神之锤"
    },
    "description": "北欧战争农业之神索尔所使用的Mjölnir，雷神之锤的复制品。据说这玩意能一击打平一座山。但这件上面点缀了许多金银饰品。",
    "weight": "1731 g",
    "color": "light_gray",
    "material": [
      "iron",
      "wood",
      "gold"
    ],
    "bashing": 27,
    "price": 160000
  },
  {
    "id": "gungnir_replica",
    "copy-from": "spear_steel",
    "type": "GENERIC",
    "name": {
      "str": "Gungnir，永恒之枪"
    },
    "description": "冈格尼尔的复制品，传说中北欧众神之父奥丁使用的长矛。据传它是完美的长矛，无论持用者的力量或技能如何，它都能完美地击中任何目标。长矛上镶嵌满了金银饰品。",
    "weight": "1854 g",
    "material": [
      "steel",
      "wood",
      "gold"
    ],
    "techniques": [
      "WBLOCK_1",
      "IMPALE"
    ],
    "volume": "3250 ml",
    "bashing": 10,
    "price": 120000
  },
  {
    "id": "laevateinn_replica",
    "copy-from": "arming_sword",
    "type": "TOOL",
    "name": {
      "str": "Laevateinn，灾厄之剑"
    },
    "description": "一柄北欧神话丰饶之神弗雷与巨人苏尔特所使用的魔剑，又名烈焰之剑、胜利之剑、炎之魔剑。传说中欺骗之神（亦是火神）洛基使用的魔杖，所以又名灾厄之杖，在《洛基的吵骂》中，洛基责骂弗雷因美色丢失了此武器，据说是由洛基从冥界海拉城门上拔出来的。传说中这把剑永远燃烧着火痛名它的光芒如同太阳程耀眼，于请神的黄昏战结束时苏尔特持此剑焚毁了整个世界，后下落不明。这把复制品上被金银点缀。",
    "price": "1600 USD",
    "material": [
      "steel",
      "gold"
    ],
    "techniques": "WBLOCK_2",
    "weight": "1860 g",
    "bashing": 17,
    "cutting": 33
  }
]