[
  {
    "id": "style_swordsmanship",
    "copy-from": "style_swordsmanship",
    "type": "martial_art",
    "name": {
      "str": "中世纪剑术"
    },
    "extend": {
      "weapons": [
        "laevateinn_replica"
      ]
    }
  },
  {
    "id": "style_ninjutsu",
    "copy-from": "style_ninjutsu",
    "type": "martial_art",
    "name": {
      "str": "忍术"
    },
    "extend": {
      "weapons": [
        "laevateinn_replica"
      ]
    }
  },
  {
    "id": "style_silat",
    "copy-from": "style_silat",
    "type": "martial_art",
    "name": {
      "str": "班卡苏拉刀术"
    },
    "extend": {
      "weapons": [
        "gungnir_replica"
      ]
    }
  },
  {
    "id": "style_sojutsu",
    "copy-from": "style_sojutsu",
    "type": "martial_art",
    "name": {
      "str": "日式枪术"
    },
    "extend": {
      "weapons": [
        "gungnir_replica"
      ]
    }
  }
]