[
  {
    "id": "bolter",
    "type": "GUN",
    "reload_noise_volume": 10,
    "name": {
      "str": "暴雨箭发射器"
    },
    "description": "这把气动弩箭发射器已经被各种改造强化，可以装填并连射发射多条弩箭。它需要一个特制的底盘来运作。",
    "weight": "7110 g",
    "volume": "3750 ml",
    "price": "3500 USD",
    "to_hit": -3,
    "bashing": 6,
    "material": [
      "steel"
    ],
    "symbol": "(",
    "color": "dark_gray",
    "ammo": [
      "bolt"
    ],
    "skill": "rifle",
    "range": 30,
    "ranged_damage": {
      "damage_type": "stab",
      "amount": 35,
      "armor_penetration": 20
    },
    "sight_dispersion": 150,
    "durability": 9,
    "modes": [
      [
        "DEFAULT",
        "semi-auto",
        1
      ],
      [
        "AUTO",
        "auto",
        3
      ]
    ],
    "reload": 150,
    "pocket_data": [
      {
        "pocket_type": "MAGAZINE_WELL",
        "holster": true,
        "max_contains_volume": "20 L",
        "magazine_well": "250 ml",
        "max_contains_weight": "20 kg",
        "item_restriction": [
          "bolt_hopper"
        ]
      }
    ],
    "flags": [
      "NEVER_JAMS",
      "MOUNTED_GUN"
    ]
  },
  {
    "id": "cangun",
    "type": "GUN",
    "reload_noise_volume": 10,
    "name": {
      "str": "弹弓炮"
    },
    "description": "用机械结构控制的由两条强化长轨道和几条长弦组合的巨型弹弓。有一个曲臂帮助拉弦和发射。别看它结构简单，它有着超乎想像的威力和不俗的准确度。它的结构庞大，需要安装到一个稳定的平台上使用。",
    "weight": "12359 g",
    "volume": "5500 ml",
    "price": "600 USD",
    "to_hit": -1,
    "bashing": 12,
    "material": [
      "steel",
      "plastic"
    ],
    "symbol": "(",
    "color": "light_gray",
    "ammo": [
      "h_projectile"
    ],
    "skill": "launcher",
    "range": 50,
    "ranged_damage": {
      "damage_type": "stab",
      "amount": 60
    },
    "sight_dispersion": 150,
    "durability": 8,
    "reload": 750,
    "valid_mod_locations": [],
    "pocket_data": [
      {
        "pocket_type": "MAGAZINE_WELL",
        "holster": true,
        "max_contains_volume": "30 L",
        "magazine_well": "250 ml",
        "max_contains_weight": "45 kg",
        "item_restriction": [
          "cannister_rack"
        ]
      }
    ],
    "ammo_effects": [
      "WIDE"
    ],
    "flags": [
      "NEVER_JAMS",
      "MOUNTED_GUN",
      "NON-FOULING"
    ]
  },
  {
    "id": "cutter",
    "type": "GUN",
    "reload_noise_volume": 10,
    "name": {
      "str": "圆盘加速器"
    },
    "description": "这件武器朝着附近的敌人发射锋利的金属大圆盘。该武器的动力源自载具引擎，因此需要一副特制的炮塔底盘来发挥其功能。",
    "weight": "4624 g",
    "volume": "2 L",
    "price": "100 USD",
    "to_hit": -1,
    "bashing": 10,
    "material": [
      "steel",
      "wood"
    ],
    "symbol": "(",
    "color": "white",
    "ammo": [
      "ripdisk"
    ],
    "skill": "pistol",
    "range": 20,
    "ranged_damage": {
      "damage_type": "stab",
      "amount": 60
    },
    "durability": 6,
    "loudness": 150,
    "clip_size": 5,
    "pocket_data": [
      {
        "pocket_type": "MAGAZINE",
        "holster": true,
        "rigid": true,
        "ammo_restriction": {
          "ripdisk": 5
        }
      }
    ],
    "reload": 1250,
    "valid_mod_locations": [],
    "flags": [
      "MOUNTED_GUN",
      "NEVER_JAMS",
      "NON-FOULING"
    ]
  },
  {
    "id": "gattler",
    "type": "GUN",
    "reload_noise_volume": 10,
    "name": {
      "str": "转轮式加农炮"
    },
    "description": "这把可怖的武器有3条绕轴旋转炮管。还有特制的供弹仓以装填各种意义上都很令人头大的弹药，整个装置提供了它快速射击的能力。但是，这让整个武器变得很难操作，所以需要安装到炮塔底盘上使用。",
    "weight": "11713 g",
    "volume": "3750 ml",
    "price": "800 USD",
    "to_hit": -1,
    "bashing": 12,
    "material": [
      "steel",
      "plastic"
    ],
    "symbol": "(",
    "color": "light_gray",
    "ammo": [
      "flintlock"
    ],
    "skill": "launcher",
    "range": 25,
    "ranged_damage": {
      "damage_type": "stab",
      "amount": 60
    },
    "sight_dispersion": 150,
    "durability": 8,
    "modes": [
      [
        "DEFAULT",
        "semi-auto",
        1
      ],
      [
        "AUTO",
        "auto",
        3
      ]
    ],
    "clip_size": 12,
    "pocket_data": [
      {
        "pocket_type": "MAGAZINE",
        "holster": true,
        "rigid": true,
        "ammo_restriction": {
          "flintlock": 12
        }
      }
    ],
    "reload": 750,
    "valid_mod_locations": [],
    "flags": [
      "NEVER_JAMS",
      "MOUNTED_GUN"
    ]
  },
  {
    "id": "lasgun",
    "type": "GUN",
    "reload_noise_volume": 10,
    "name": {
      "str": "激光炮"
    },
    "description": "这把增强型激光炮牺牲效率以换取毁灭性的威力。它需要超大功率电源以满足高功率需求，发射机构也需要安装到一个专用的底座来使用。",
    "weight": "6650 g",
    "volume": "3 L",
    "price": "2700 USD",
    "to_hit": -1,
    "bashing": 8,
    "material": [
      "steel",
      "plastic"
    ],
    "symbol": "(",
    "color": "blue",
    "skill": "rifle",
    "range": 30,
    "ranged_damage": {
      "damage_type": "heat",
      "amount": 150,
      "armor_penetration": 100
    },
    "sight_dispersion": 150,
    "durability": 8,
    "ups_charges": 249,
    "valid_mod_locations": [],
    "ammo_effects": [
      "LASER",
      "WIDE"
    ],
    "flags": [
      "NEVER_JAMS",
      "NO_UNLOAD",
      "MOUNTED_GUN"
    ]
  },
  {
    "id": "lasgunp",
    "type": "GUN",
    "reload_noise_volume": 10,
    "name": {
      "str": "脉冲激光炮"
    },
    "description": "增强的伤害和快速的连发能力使它成为一件威力强大的武器。它改进的高能耗发射机构需要匹配一个超大功率电源，发射机构也需要安装到一个专用的底座来使用。",
    "weight": "4825 g",
    "volume": "3 L",
    "price": "7500 USD",
    "to_hit": -1,
    "bashing": 8,
    "material": [
      "steel",
      "plastic"
    ],
    "symbol": "(",
    "color": "blue",
    "skill": "rifle",
    "range": 25,
    "ranged_damage": {
      "damage_type": "heat",
      "amount": 50,
      "armor_penetration": 20
    },
    "sight_dispersion": 150,
    "durability": 8,
    "modes": [
      [
        "DEFAULT",
        "semi-auto",
        1
      ],
      [
        "AUTO",
        "auto",
        5
      ]
    ],
    "ups_charges": 29,
    "valid_mod_locations": [],
    "ammo_effects": [
      "LASER",
      "WIDE"
    ],
    "flags": [
      "NEVER_JAMS",
      "NO_UNLOAD",
      "MOUNTED_GUN"
    ]
  },
  {
    "id": "lasgunx",
    "type": "GUN",
    "reload_noise_volume": 10,
    "name": {
      "str": "涡轮激光炮"
    },
    "description": "强化的发射器和电容器让这台车载激光武器能在瞬间过燃任何物体直到它的爆炸极限温度。它的发射机构需要装载到一个专用的底盘上，而且使用时必须注意它极为庞大的耗能。",
    "weight": "9500 g",
    "volume": "4500 ml",
    "price": "7500 USD",
    "to_hit": -1,
    "bashing": 8,
    "material": [
      "steel",
      "plastic"
    ],
    "symbol": "(",
    "color": "magenta",
    "skill": "rifle",
    "range": 30,
    "ranged_damage": {
      "damage_type": "heat",
      "amount": 200,
      "armor_penetration": 100
    },
    "sight_dispersion": 150,
    "durability": 8,
    "ups_charges": 499,
    "valid_mod_locations": [],
    "ammo_effects": [
      "EXPLOSIVE",
      "LASER",
      "WIDE"
    ],
    "flags": [
      "NEVER_JAMS",
      "NO_UNLOAD",
      "MOUNTED_GUN",
      "NON-FOULING"
    ]
  },
  {
    "id": "nailer",
    "type": "GUN",
    "reload_noise_volume": 10,
    "name": {
      "str": "大型穿孔机"
    },
    "description": "一把电磁线路改良了的电磁线圈枪，可以装填一块金属弹丸并高速而精准地发射出去。穿甲能力优秀，但由于弹丸太小，伤害有限。需要安装到一个专用的底盘来发射。",
    "weight": "6152 g",
    "volume": "2500 ml",
    "price": "500 USD",
    "to_hit": -1,
    "bashing": 12,
    "material": [
      "steel",
      "plastic"
    ],
    "symbol": "(",
    "color": "light_blue",
    "ammo": [
      "nail"
    ],
    "skill": "rifle",
    "range": 35,
    "ranged_damage": {
      "damage_type": "stab",
      "amount": 25,
      "armor_penetration": 30
    },
    "sight_dispersion": 150,
    "durability": 5,
    "ups_charges": 9,
    "reload": 150,
    "valid_mod_locations": [],
    "pocket_data": [
      {
        "pocket_type": "MAGAZINE_WELL",
        "holster": true,
        "max_contains_volume": "20 L",
        "magazine_well": "250 ml",
        "max_contains_weight": "20 kg",
        "item_restriction": [
          "nailmag"
        ]
      }
    ],
    "flags": [
      "MOUNTED_GUN",
      "NEVER_JAMS",
      "NON-FOULING"
    ]
  },
  {
    "id": "needler",
    "reload_noise_volume": 10,
    "type": "GUN",
    "name": {
      "str": "刺针枪"
    },
    "description": "这把改进版射钉枪的主要特点为一个可以连发5颗小钉子的发射机构，可给予被击中的目标铁锤般的重击。但是，这种武器十分难以携带，所以它必须要装载到一个炮塔底盘上才能发射。",
    "weight": "7827 g",
    "volume": "3750 ml",
    "price": "1100 USD",
    "to_hit": -1,
    "bashing": 12,
    "material": [
      "steel",
      "plastic"
    ],
    "symbol": "(",
    "color": "dark_gray",
    "ammo": [
      "nail"
    ],
    "skill": "rifle",
    "range": 25,
    "ranged_damage": {
      "damage_type": "stab",
      "amount": 20,
      "armor_penetration": 15
    },
    "sight_dispersion": 150,
    "durability": 8,
    "modes": [
      [
        "DEFAULT",
        "semi-auto",
        1
      ],
      [
        "AUTO",
        "auto",
        5
      ]
    ],
    "reload": 150,
    "valid_mod_locations": [],
    "pocket_data": [
      {
        "pocket_type": "MAGAZINE_WELL",
        "holster": true,
        "max_contains_volume": "20 L",
        "magazine_well": "250 ml",
        "max_contains_weight": "20 kg",
        "item_restriction": [
          "nailmag"
        ]
      }
    ],
    "flags": [
      "MOUNTED_GUN",
      "NEVER_JAMS"
    ]
  },
  {
    "id": "railturret",
    "reload_noise_volume": 10,
    "type": "GUN",
    "name": {
      "str": "电磁轨道炮"
    },
    "description": "电力驱动的单发钢轨投射器。该武器经过强劲而……坦白说，很危险的改造，让动力系统能够一口气将巨大的电荷导入一道钢轨中；以至于其弹药常在命中瞬间碎裂成许多致命的破片。然而，该武器的性能受限于其惊人的功率需求，且庞大的体积让所以它必须要装载到一个炮塔底盘上才能发射。",
    "weight": "10135 g",
    "volume": "4 L",
    "price": "5500 USD",
    "to_hit": -3,
    "bashing": 10,
    "material": [
      "steel",
      "wood"
    ],
    "symbol": "(",
    "color": "magenta",
    "ammo": [
      "metal_rail"
    ],
    "skill": "rifle",
    "range": 40,
    "ranged_damage": {
      "damage_type": "stab",
      "amount": 250,
      "armor_penetration": 100
    },
    "sight_dispersion": 150,
    "durability": 6,
    "clip_size": 1,
    "pocket_data": [
      {
        "pocket_type": "MAGAZINE",
        "holster": true,
        "rigid": true,
        "ammo_restriction": {
          "metal_rail": 1
        }
      }
    ],
    "ups_charges": 249,
    "reload": 200,
    "valid_mod_locations": [],
    "ammo_effects": [
      "FRAG",
      "TRAIL",
      "WIDE"
    ]
  },
  {
    "id": "ripper",
    "type": "GUN",
    "reload_noise_volume": 10,
    "name": {
      "str": "撕裂者"
    },
    "description": "这件威势惊人的武器快速连续发射出来的锋利大圆盘，能在切过敌人时造成毁灭性的效果。该武器的动力源自载具引擎，因此需要装载到一个炮塔底盘上才能发射。",
    "weight": "12952 g",
    "volume": "3750 ml",
    "price": "950 USD",
    "to_hit": -1,
    "bashing": 12,
    "material": [
      "steel"
    ],
    "symbol": "(",
    "color": "dark_gray",
    "ammo": [
      "ripdisk"
    ],
    "skill": "launcher",
    "range": 20,
    "ranged_damage": {
      "damage_type": "stab",
      "amount": 60,
      "armor_penetration": 5
    },
    "sight_dispersion": 150,
    "durability": 8,
    "modes": [
      [
        "DEFAULT",
        "semi-auto",
        1
      ],
      [
        "AUTO",
        "auto",
        5
      ]
    ],
    "clip_size": 15,
    "pocket_data": [
      {
        "pocket_type": "MAGAZINE",
        "holster": true,
        "rigid": true,
        "ammo_restriction": {
          "ripdisk": 15
        }
      }
    ],
    "reload": 750,
    "valid_mod_locations": [],
    "ammo_effects": [
      "WIDE"
    ],
    "flags": [
      "NEVER_JAMS",
      "MOUNTED_GUN",
      "NON-FOULING"
    ]
  },
  {
    "id": "rslauncher",
    "type": "GUN",
    "reload_noise_volume": 10,
    "name": {
      "str": "转轮式矛枪"
    },
    "description": "这把气动矛枪发射装置的弹射轨旁边有一个左轮式旋转弹仓，让其弹药能快速装填并发射出去。然而，其重量让它需要装载到一个炮塔底盘上才能发射。",
    "weight": "17308 g",
    "volume": "4500 ml",
    "price": "2800 USD",
    "to_hit": -1,
    "bashing": 12,
    "material": [
      "steel",
      "plastic"
    ],
    "symbol": "(",
    "color": "light_gray",
    "ammo": [
      "harpoon"
    ],
    "skill": "launcher",
    "range": 30,
    "ranged_damage": {
      "damage_type": "stab",
      "amount": 40
    },
    "sight_dispersion": 150,
    "durability": 8,
    "modes": [
      [
        "DEFAULT",
        "semi-auto",
        1
      ],
      [
        "AUTO",
        "auto",
        3
      ]
    ],
    "clip_size": 12,
    "pocket_data": [
      {
        "pocket_type": "MAGAZINE",
        "holster": true,
        "rigid": true,
        "ammo_restriction": {
          "harpoon": 12
        }
      }
    ],
    "reload": 2500,
    "valid_mod_locations": [],
    "ammo_effects": [
      "WIDE"
    ],
    "flags": [
      "NEVER_JAMS",
      "MOUNTED_GUN",
      "NON-FOULING"
    ]
  },
  {
    "id": "scorpion",
    "type": "GUN",
    "reload_noise_volume": 10,
    "name": {
      "str": "毒蝎型弩炮",
      "str_pl": "毒蝎型弩炮"
    },
    "description": "这把大型弩机装载在一个可旋转结构上。弩机上有手摇曲柄让你能够不用太大的力来拉开弩弓。弩机体积太大，你手脚并用都不能正常地使用它，所以它需要装载到一个炮塔底盘上才能发射。",
    "weight": "18308 g",
    "volume": "5 L",
    "price": "1500 USD",
    "to_hit": -1,
    "bashing": 12,
    "material": [
      "wood",
      "steel"
    ],
    "symbol": "(",
    "color": "dark_gray",
    "ammo": [
      "hbolt"
    ],
    "skill": "rifle",
    "range": 50,
    "ranged_damage": {
      "damage_type": "stab",
      "amount": 150
    },
    "sight_dispersion": 150,
    "durability": 8,
    "clip_size": 12,
    "pocket_data": [
      {
        "pocket_type": "MAGAZINE",
        "holster": true,
        "rigid": true,
        "ammo_restriction": {
          "hbolt": 12
        }
      }
    ],
    "reload": 750,
    "valid_mod_locations": [],
    "ammo_effects": [
      "WIDE"
    ],
    "flags": [
      "NEVER_JAMS",
      "MOUNTED_GUN",
      "NON-FOULING"
    ]
  },
  {
    "id": "shardgun",
    "type": "GUN",
    "reload_noise_volume": 10,
    "name": {
      "str": "破片弹幕炮"
    },
    "description": "一个重型魔改电磁加速线圈炮，可以高速发射大量的小型金属破片。这些破片的弹幕式攻击非常不准，但能轻易将无装甲目标变成肉酱。这个武器需要安装到一个专用的底座来发射。",
    "weight": "5852 g",
    "volume": "3500 ml",
    "price": "500 USD",
    "to_hit": -1,
    "bashing": 12,
    "material": [
      "steel",
      "plastic"
    ],
    "symbol": "(",
    "color": "light_blue",
    "ammo": [
      "BB"
    ],
    "skill": "rifle",
    "range": 8,
    "ranged_damage": {
      "damage_type": "stab",
      "amount": 20
    },
    "dispersion": 1300,
    "sight_dispersion": 150,
    "durability": 5,
    "modes": [
      [
        "DEFAULT",
        "semi-auto",
        1
      ],
      [
        "AUTO",
        "auto",
        25
      ]
    ],
    "ups_charges": 1,
    "reload": 150,
    "valid_mod_locations": [],
    "pocket_data": [
      {
        "pocket_type": "MAGAZINE_WELL",
        "holster": true,
        "max_contains_volume": "20 L",
        "magazine_well": "250 ml",
        "max_contains_weight": "20 kg",
        "item_restriction": [
          "bb_hopper"
        ]
      }
    ],
    "flags": [
      "MOUNTED_GUN",
      "NEVER_JAMS",
      "NON-FOULING"
    ]
  },
  {
    "id": "slauncher",
    "type": "GUN",
    "reload_noise_volume": 10,
    "name": {
      "str": "鱼叉炮"
    },
    "description": "安装在可旋转支架上的奇想产物，一支簇状五连装发射管单发/连发式矛枪。有一个手摇曲柄来帮助拉弦装填。弩机体积太大，你手脚并用都不能正常地使用它，所以它需要装载到一个炮塔底盘上才能发射。",
    "weight": "18500 g",
    "volume": "4 L",
    "price": "1100 USD",
    "to_hit": -1,
    "bashing": 12,
    "material": [
      "steel",
      "plastic"
    ],
    "symbol": "(",
    "color": "light_gray",
    "ammo": [
      "harpoon"
    ],
    "skill": "rifle",
    "range": 30,
    "ranged_damage": {
      "damage_type": "stab",
      "amount": 50,
      "armor_penetration": 15
    },
    "sight_dispersion": 150,
    "durability": 8,
    "modes": [
      [
        "DEFAULT",
        "semi-auto",
        1
      ],
      [
        "AUTO",
        "auto",
        3
      ]
    ],
    "clip_size": 12,
    "pocket_data": [
      {
        "pocket_type": "MAGAZINE",
        "holster": true,
        "rigid": true,
        "ammo_restriction": {
          "harpoon": 12
        }
      }
    ],
    "reload": 750,
    "valid_mod_locations": [],
    "ammo_effects": [
      "WIDE"
    ],
    "flags": [
      "NEVER_JAMS",
      "MOUNTED_GUN",
      "NON-FOULING"
    ]
  },
  {
    "id": "teslagun",
    "type": "GUN",
    "reload_noise_volume": 10,
    "name": {
      "str": "特斯拉加农炮"
    },
    "description": "一个经过改造的连锁闪电生化插件，能够发射人造闪电球来触发电弧攻击附近的敌人。它必须由强大能源支撑，而更强的能源可以给它更大的威力。",
    "weight": "5141 g",
    "volume": "3750 ml",
    "price": "2800 USD",
    "to_hit": -1,
    "bashing": 8,
    "material": [
      "steel",
      "plastic"
    ],
    "symbol": "(",
    "color": "blue",
    "skill": "rifle",
    "range": 20,
    "ranged_damage": {
      "damage_type": "electric",
      "amount": 30,
      "armor_penetration": 10
    },
    "durability": 8,
    "ups_charges": 249,
    "valid_mod_locations": [],
    "ammo_effects": [
      "BOUNCE",
      "LIGHTNING"
    ],
    "flags": [
      "NEVER_JAMS",
      "NO_UNLOAD",
      "NON-FOULING",
      "MOUNTED_GUN"
    ]
  },
  {
    "id": "tiharturret",
    "type": "GUN",
    "reload_noise_volume": 10,
    "name": {
      "str": "雪崩步枪"
    },
    "description": "这把气动突击步枪已经经过大幅强化，使其能够更快速地连发和提供更高的发射初速。它装载在炮塔上，如果提供一些额外的输入的话，它就能够自动瞄准目标。这把武器需要安装到炮塔底盘上使用。",
    "weight": "7311 g",
    "volume": "3750 ml",
    "price": "1550 USD",
    "to_hit": -3,
    "bashing": 6,
    "material": [
      "steel"
    ],
    "symbol": "(",
    "color": "light_gray",
    "ammo": [
      "pebble"
    ],
    "skill": "rifle",
    "range": 20,
    "ranged_damage": {
      "damage_type": "stab",
      "amount": 25
    },
    "sight_dispersion": 150,
    "durability": 9,
    "modes": [
      [
        "DEFAULT",
        "semi-auto",
        1
      ],
      [
        "AUTO",
        "auto",
        5
      ]
    ],
    "pocket_data": [
      {
        "pocket_type": "MAGAZINE_WELL",
        "holster": true,
        "max_contains_volume": "20 L",
        "magazine_well": "250 ml",
        "max_contains_weight": "20 kg",
        "item_restriction": [
          "pebble_hopper"
        ]
      }
    ],
    "reload": 150,
    "flags": [
      "NEVER_JAMS",
      "MOUNTED_GUN",
      "NON-FOULING"
    ]
  },
  {
    "id": "rifle_308",
    "copy-from": "rifle_manual",
    "looks_like": "ar15",
    "type": "GUN",
    "name": {
      "str": "自制重型卡宾枪"
    },
    "//": "It's amongst the smallest of the .308 firearms, and a scrap weapon as well. This means a short handmade barrel, and considerable loss of energy.",
    "description": "一把自制的杠杆式滑膛步枪。尽管还是用的一条钢管和一条2x4制式木料，在细节方面已经是做了不少改进了，比如能够兼容 G3 步枪弹匣和能使用威力更大的.308子弹的弹仓。",
    "weight": "2311 g",
    "volume": "2 L",
    "price": "100 USD",
    "to_hit": -1,
    "bashing": 10,
    "material": [
      "steel",
      "wood"
    ],
    "symbol": "(",
    "color": "brown",
    "ammo": [
      "308"
    ],
    "ranged_damage": {
      "damage_type": "bullet",
      "amount": -5
    },
    "dispersion": 550,
    "durability": 6,
    "blackpowder_tolerance": 60,
    "reload": 200,
    "barrel_volume": "500 ml",
    "valid_mod_locations": [
      [
        "accessories",
        4
      ],
      [
        "barrel",
        1
      ],
      [
        "bore",
        1
      ],
      [
        "brass catcher",
        1
      ],
      [
        "muzzle",
        1
      ],
      [
        "stock",
        1
      ],
      [
        "mechanism",
        4
      ],
      [
        "sights",
        1
      ],
      [
        "sling",
        1
      ],
      [
        "grip mount",
        1
      ],
      [
        "rail mount",
        1
      ],
      [
        "underbarrel mount",
        1
      ]
    ],
    "pocket_data": [
      {
        "pocket_type": "MAGAZINE_WELL",
        "holster": true,
        "max_contains_volume": "20 L",
        "magazine_well": "250 ml",
        "max_contains_weight": "20 kg",
        "item_restriction": [
          "g3_makeshiftmag",
          "g3mag",
          "g3bigmag"
        ]
      }
    ]
  },
  {
    "id": "surv_carbine_223",
    "copy-from": "rifle_manual",
    "looks_like": "ar15",
    "type": "GUN",
    "name": {
      "str": "自制卡宾枪"
    },
    "//": "It's smaller than an M4A1, plus it's a homemade firearm.",
    "description": "一把设计精良的自制卡宾枪，已经锯短枪管。支持原始的可拆卸弹匣或STANAG北约制式弹匣，算是把比较好的自制武器。",
    "weight": "1950 g",
    "volume": "1500 ml",
    "price": "100 USD",
    "to_hit": -1,
    "bashing": 6,
    "material": [
      "steel",
      "wood"
    ],
    "symbol": "(",
    "color": "brown",
    "ammo": [
      "223"
    ],
    "ranged_damage": {
      "damage_type": "bullet",
      "amount": -4
    },
    "dispersion": 550,
    "durability": 6,
    "blackpowder_tolerance": 32,
    "loudness": 25,
    "reload": 200,
    "valid_mod_locations": [
      [
        "accessories",
        2
      ],
      [
        "barrel",
        1
      ],
      [
        "brass catcher",
        1
      ],
      [
        "muzzle",
        1
      ],
      [
        "sling",
        1
      ],
      [
        "stock",
        1
      ],
      [
        "underbarrel",
        1
      ],
      [
        "grip mount",
        1
      ],
      [
        "rail mount",
        1
      ],
      [
        "sights mount",
        1
      ]
    ],
    "pocket_data": [
      {
        "pocket_type": "MAGAZINE_WELL",
        "holster": true,
        "max_contains_volume": "20 L",
        "magazine_well": "250 ml",
        "max_contains_weight": "20 kg",
        "item_restriction": [
          "survivor223mag",
          "stanag30",
          "stanag5",
          "stanag10",
          "stanag20",
          "stanag40",
          "stanag50",
          "stanag60",
          "stanag60drum",
          "stanag90",
          "stanag100",
          "stanag100drum",
          "stanag150"
        ]
      }
    ]
  }
]