[
  {
    "id": "biter",
    "type": "GUN",
    "name": {
      "str": "变形怪咬人炮"
    },
    "description": "一只活的变形怪变成的自主武器；设计作为一种覆盖整块车架的防御屏障。它进化出不断产生钙化突刺的能力，然后被弯曲的弹性肌肉纤维所控制。这些“牙齿”，可以用来咬住并伤害任何在其附近的倒霉家伙。变形怪的外膜也明显变厚，以支持其更剧烈的运动；然而看起来柔韧得似乎可以被直接拉开……",
    "weight": "18331 g",
    "volume": "5500 ml",
    "to_hit": -5,
    "bashing": 10,
    "material": [
      "flesh"
    ],
    "symbol": "&",
    "color": "blue",
    "ammo": [
      "bfeed"
    ],
    "skill": "launcher",
    "range": 1,
    "ranged_damage": {
      "damage_type": "stab",
      "amount": 15,
      "armor_penetration": 15
    },
    "sight_dispersion": 150,
    "durability": 10,
    "modes": [
      [
        "DEFAULT",
        "semi-auto",
        1
      ],
      [
        "AUTO",
        "auto",
        5
      ]
    ],
    "clip_size": 50,
    "pocket_data": [
      {
        "pocket_type": "MAGAZINE",
        "watertight": true,
        "ammo_restriction": {
          "bfeed": 50
        }
      }
    ],
    "ammo_effects": [
      "WIDE"
    ],
    "flags": [
      "NEVER_JAMS",
      "MOUNTED_GUN"
    ]
  },
  {
    "id": "clutter",
    "type": "GUN",
    "name": {
      "str": "变形怪凝胶炮"
    },
    "description": "一只活的变形怪变成的自主武器。会从地面吸取材料，吸收养分。剩余的残渣朝着附近的威胁被高速发射出去。变形怪无定形的形体可以在你手中被重塑和连接，但武器本身由于没有控制而呈现惰性。看起来柔韧得似乎可以被直接拉开……",
    "weight": "7252 g",
    "volume": "3 L",
    "to_hit": -5,
    "bashing": 10,
    "material": [
      "flesh",
      "bone"
    ],
    "symbol": "&",
    "color": "magenta",
    "ammo": [
      "bfeed"
    ],
    "skill": "pistol",
    "range": 12,
    "ranged_damage": {
      "damage_type": "stab",
      "amount": 7
    },
    "dispersion": 450,
    "sight_dispersion": 150,
    "durability": 10,
    "clip_size": 10,
    "pocket_data": [
      {
        "pocket_type": "MAGAZINE",
        "watertight": true,
        "ammo_restriction": {
          "bfeed": 10
        }
      }
    ],
    "flags": [
      "NEVER_JAMS",
      "MOUNTED_GUN"
    ]
  },
  {
    "id": "freezie",
    "type": "GUN",
    "name": {
      "str": "变形怪冰矛炮"
    },
    "description": "一只活的变形怪变成的自主武器。一只体温低于零度的生化武器变形怪。在从水中吸取养分后，将剩余部分冰冻成非常尖锐的冰矛，然后朝附近的威胁发射。变形怪无定形的形体可以在你手中被重塑和连接，但武器本身由于没有控制而呈现惰性。",
    "weight": "21331 g",
    "volume": "4500 ml",
    "to_hit": -5,
    "bashing": 10,
    "material": [
      "flesh"
    ],
    "symbol": "&",
    "color": "light_blue",
    "ammo": [
      "water"
    ],
    "skill": "launcher",
    "range": 30,
    "ranged_damage": {
      "damage_type": "stab",
      "amount": 50,
      "armor_penetration": 10
    },
    "dispersion": 450,
    "sight_dispersion": 150,
    "durability": 10,
    "clip_size": 100,
    "pocket_data": [
      {
        "pocket_type": "MAGAZINE",
        "watertight": true,
        "ammo_restriction": {
          "water": 100
        }
      }
    ],
    "ammo_effects": [
      "WIDE"
    ],
    "flags": [
      "NEVER_JAMS",
      "MOUNTED_GUN",
      "NO_RELOAD"
    ],
    "ammo_to_fire": 20
  },
  {
    "id": "fuzzle",
    "type": "GUN",
    "name": {
      "str": "变形怪牙齿炮"
    },
    "description": "一只活的变形怪变成的自主武器。在已经莫名其妙的生物产生莫名其妙的突变，这只变形怪被一层厚厚的作为保护的毛包裹。此外，它能够发射出成排被钙化的锋利碎牙，这些牙齿就如同一些更知名生物的下颚里生长的一样。变形怪无定形的形体可以在你手中被重塑和连接，但武器本身由于没有控制而呈现惰性。",
    "weight": "22331 g",
    "volume": "6500 ml",
    "to_hit": -5,
    "bashing": 10,
    "material": [
      "flesh"
    ],
    "symbol": "&",
    "color": "brown",
    "ammo": [
      "bfeed"
    ],
    "skill": "launcher",
    "range": 2,
    "ranged_damage": {
      "damage_type": "stab",
      "amount": 30,
      "armor_penetration": 20
    },
    "sight_dispersion": 150,
    "durability": 10,
    "modes": [
      [
        "DEFAULT",
        "semi-auto",
        1
      ],
      [
        "AUTO",
        "auto",
        5
      ]
    ],
    "clip_size": 50,
    "pocket_data": [
      {
        "pocket_type": "MAGAZINE",
        "watertight": true,
        "ammo_restriction": {
          "bfeed": 50
        }
      }
    ],
    "ammo_effects": [
      "WIDE"
    ],
    "flags": [
      "NEVER_JAMS",
      "MOUNTED_GUN"
    ]
  },
  {
    "id": "horror",
    "type": "GUN",
    "name": {
      "str": "变形怪锯"
    },
    "description": "一只活的变形怪变成的自主武器，本意是摊开在车架上作为屏障使用。其体型更简单的表亲只长着数个可以被自身发射和控制的角质突起；这只变形怪可以利用成百上千的锋利的獠牙撕碎任何检测到的威胁，直到变成面目全非的碎带。变形怪无定形的形体可以在你手中被重塑和连接，但武器本身由于没有控制而呈现惰性。",
    "weight": "24331 g",
    "volume": "7500 ml",
    "to_hit": -5,
    "bashing": 10,
    "material": [
      "flesh"
    ],
    "symbol": "&",
    "color": "blue",
    "ammo": [
      "bfeed"
    ],
    "skill": "launcher",
    "range": 2,
    "ranged_damage": {
      "damage_type": "stab",
      "amount": 15,
      "armor_penetration": 15
    },
    "sight_dispersion": 150,
    "durability": 10,
    "modes": [
      [
        "DEFAULT",
        "semi-auto",
        1
      ],
      [
        "AUTO",
        "auto",
        20
      ]
    ],
    "clip_size": 240,
    "pocket_data": [
      {
        "pocket_type": "MAGAZINE",
        "watertight": true,
        "ammo_restriction": {
          "bfeed": 240
        }
      }
    ],
    "ammo_effects": [
      "WIDE"
    ],
    "flags": [
      "NEVER_JAMS",
      "MOUNTED_GUN"
    ]
  },
  {
    "id": "inkie",
    "type": "GUN",
    "name": {
      "str": "变形怪汽油炮"
    },
    "//": "God Dangit Blobby.",
    "description": "一只活的变形怪变成的自主武器。更加挑食的变形怪，它只会吃汽油内的化学成分。其消化产物有着令人难以置信的粘性，当威胁接近时会被发射出去，捕捉任何被粘到的东西。变形怪无定形的形体可以在你手中被重塑和连接，但武器本身由于没有控制而呈现惰性。",
    "weight": "15531 g",
    "volume": "4 L",
    "to_hit": -5,
    "bashing": 10,
    "material": [
      "flesh"
    ],
    "symbol": "&",
    "color": "brown",
    "ammo": [
      "gasoline"
    ],
    "skill": "launcher",
    "range": 12,
    "ranged_damage": {
      "damage_type": "stab",
      "amount": 5
    },
    "dispersion": 450,
    "sight_dispersion": 150,
    "durability": 10,
    "clip_size": 250,
    "pocket_data": [
      {
        "pocket_type": "MAGAZINE",
        "watertight": true,
        "ammo_restriction": {
          "gasoline": 250
        }
      }
    ],
    "ammo_effects": [
      "JET",
      "BEANBAG",
      "BLINDS_EYES",
      "RECOVER_100",
      "WIDE",
      "CUSTOM_EXPLOSION"
    ],
    "flags": [
      "NEVER_JAMS",
      "MOUNTED_GUN"
    ],
    "ammo_to_fire": 20
  },
  {
    "id": "meltie",
    "type": "GUN",
    "name": {
      "str": "变形怪酸液炮"
    },
    "description": "一只活的变形怪变成的自主武器。一种滤食动物，消化过程会产生酸性很高的副产品，然后朝着任何附近的敌人发射出去。变形怪无定形的形体可以在你手中被重塑和连接，但武器本身由于没有控制而呈现惰性。",
    "weight": "15553 g",
    "volume": "4500 ml",
    "to_hit": -5,
    "bashing": 10,
    "material": [
      "flesh"
    ],
    "symbol": "&",
    "color": "light_red",
    "ammo": [
      "water"
    ],
    "skill": "launcher",
    "range": 12,
    "ranged_damage": {
      "damage_type": "stab",
      "amount": 5
    },
    "dispersion": 900,
    "sight_dispersion": 150,
    "durability": 10,
    "clip_size": 250,
    "pocket_data": [
      {
        "pocket_type": "MAGAZINE",
        "watertight": true,
        "ammo_restriction": {
          "water": 250
        }
      }
    ],
    "ammo_effects": [
      "JET",
      "ACID_BOMB",
      "WIDE"
    ],
    "flags": [
      "NEVER_JAMS",
      "MOUNTED_GUN"
    ],
    "ammo_to_fire": 20
  },
  {
    "id": "razorqueen",
    "type": "GUN",
    "name": {
      "str": "变形怪尖刺炮"
    },
    "description": "一只活的变形怪变成的自主武器。能够在体内同时钙化生成大量牙齿状的碎片。它把这些碎片连同自身的一部分一起抛射出去。当炮弹到达目的地时，分离出的变形怪将这些碎片四处发射出去，并在此过程中断气。变形怪无定形的形体可以在你手中被重塑和连接，但武器本身由于没有控制而呈现惰性。",
    "weight": "24121 g",
    "volume": "6500 ml",
    "to_hit": -5,
    "bashing": 10,
    "material": [
      "flesh"
    ],
    "symbol": "&",
    "color": "cyan",
    "ammo": [
      "bfeed"
    ],
    "skill": "rifle",
    "range": 18,
    "ranged_damage": {
      "damage_type": "stab",
      "amount": 40,
      "armor_penetration": 30
    },
    "dispersion": 900,
    "sight_dispersion": 150,
    "durability": 10,
    "clip_size": 250,
    "pocket_data": [
      {
        "pocket_type": "MAGAZINE",
        "watertight": true,
        "ammo_restriction": {
          "bfeed": 250
        }
      }
    ],
    "ammo_effects": [
      "FRAG",
      "WIDE"
    ],
    "flags": [
      "NEVER_JAMS",
      "MOUNTED_GUN"
    ],
    "ammo_to_fire": 20
  },
  {
    "id": "spouterqueen",
    "type": "GUN",
    "name": {
      "str": "变形怪喷水炮"
    },
    "description": "一只活的变形怪变成的自主武器。它能够从车辆水箱内吸取水源，然后以一个大扇面强行喷出。变形怪无定形的形体可以在你手中被重塑和连接，但武器本身由于没有控制而呈现惰性。",
    "weight": "21331 g",
    "volume": "20 L",
    "to_hit": -5,
    "bashing": 10,
    "material": [
      "flesh"
    ],
    "looks_like": "razorqueen",
    "symbol": ")",
    "color": "red",
    "ammo": [
      "water"
    ],
    "skill": "launcher",
    "range": 60,
    "ranged_damage": {
      "damage_type": "stab",
      "amount": 10
    },
    "sight_dispersion": 150,
    "durability": 10,
    "clip_size": 1000,
    "pocket_data": [
      {
        "pocket_type": "MAGAZINE",
        "watertight": true,
        "ammo_restriction": {
          "water": 1000
        }
      }
    ],
    "ammo_effects": [
      "WIDE",
      "ACT_ON_RANGED_HIT",
      "RECOVER_100",
      "NO_EMBED",
      "CUSTOM_EXPLOSION"
    ],
    "qualities": [
      [
        "JACK",
        12
      ]
    ],
    "flags": [
      "NEVER_JAMS",
      "MOUNTED_GUN"
    ],
    "ammo_to_fire": 100
  },
  {
    "id": "sharp",
    "type": "GUN",
    "name": {
      "str": "变形怪长矛炮"
    },
    "description": "一只活的变形怪变成的自主武器。进化出令人难以置信的感知能力，这只变形怪能够在超大范围内的定位并识别出可能的威胁。当定位到潜在威胁后，它将以惊人的速度和命中率发射出一个小型钙化弹丸。变形怪无定形的形体可以在你手中被重塑和连接，但武器本身由于没有控制而呈现惰性。",
    "weight": "15103 g",
    "volume": "4 L",
    "to_hit": -5,
    "bashing": 10,
    "material": [
      "flesh"
    ],
    "symbol": "&",
    "color": "light_blue",
    "ammo": [
      "bfeed"
    ],
    "skill": "pistol",
    "range": 16,
    "ranged_damage": {
      "damage_type": "stab",
      "amount": 8,
      "armor_penetration": 5
    },
    "sight_dispersion": 150,
    "durability": 10,
    "modes": [
      [
        "DEFAULT",
        "semi-auto",
        1
      ],
      [
        "AUTO",
        "auto",
        3
      ]
    ],
    "clip_size": 36,
    "pocket_data": [
      {
        "pocket_type": "MAGAZINE",
        "watertight": true,
        "ammo_restriction": {
          "bfeed": 36
        }
      }
    ],
    "flags": [
      "NEVER_JAMS",
      "MOUNTED_GUN"
    ]
  },
  {
    "id": "gelrazor",
    "type": "GUN",
    "name": {
      "str": "变形怪刀片炮"
    },
    "description": "一只活的变形怪变成的自主武器。其增强的代谢使其能够钙化出一只巨大的长满牙齿的圆盘，然后朝附近的任何威胁发射出去。变形怪无定形的形体可以在你手中被重塑和连接，但武器本身由于没有控制而呈现惰性。",
    "weight": "17121 g",
    "volume": "5500 ml",
    "to_hit": -5,
    "bashing": 10,
    "material": [
      "flesh",
      "bone"
    ],
    "symbol": "&",
    "color": "blue",
    "ammo": [
      "bfeed"
    ],
    "skill": "rifle",
    "range": 12,
    "ranged_damage": {
      "damage_type": "stab",
      "amount": 20,
      "armor_penetration": 10
    },
    "sight_dispersion": 150,
    "durability": 10,
    "clip_size": 20,
    "pocket_data": [
      {
        "pocket_type": "MAGAZINE",
        "watertight": true,
        "ammo_restriction": {
          "bfeed": 20
        }
      }
    ],
    "ammo_effects": [
      "BOUNCE",
      "WIDE"
    ],
    "flags": [
      "NEVER_JAMS",
      "MOUNTED_GUN"
    ]
  },
  {
    "id": "sparkie",
    "type": "GUN",
    "name": {
      "str": "变形怪电击炮"
    },
    "description": "一只活的变形怪变成的自主武器。令人震惊（触电）的是，它不知怎的能产生出电弧，然后朝着附近的威胁放电。变形怪无定形的形体可以在你手中被重塑和连接，但武器本身由于没有控制而呈现惰性。",
    "weight": "14321 g",
    "volume": "3750 ml",
    "to_hit": -5,
    "bashing": 10,
    "material": [
      "flesh"
    ],
    "symbol": "&",
    "color": "cyan",
    "skill": "launcher",
    "range": 8,
    "ranged_damage": {
      "damage_type": "electric",
      "amount": 30
    },
    "sight_dispersion": 150,
    "durability": 10,
    "ups_charges": 19,
    "ammo_effects": [
      "LIGHTNING",
      "BEANBAG",
      "WIDE"
    ],
    "flags": [
      "NEVER_JAMS",
      "MOUNTED_GUN"
    ]
  },
  {
    "id": "stickie",
    "type": "GUN",
    "name": {
      "str": "变形怪胶质炮"
    },
    "description": "一只活的变形怪变成的自主武器。一种滤食动物，它从水中吸取营养并将残液朝着附近的威胁发射出去。滤食过程也增加了残液的粘性，但也会很快消散。变形怪无定形的形体可以在你手中被重塑和连接，但武器本身由于没有控制而呈现惰性。",
    "weight": "11331 g",
    "volume": "4500 ml",
    "to_hit": -5,
    "bashing": 10,
    "material": [
      "flesh"
    ],
    "symbol": "&",
    "color": "yellow",
    "ammo": [
      "water"
    ],
    "skill": "launcher",
    "range": 12,
    "ranged_damage": {
      "damage_type": "stab",
      "amount": 5
    },
    "dispersion": 900,
    "sight_dispersion": 150,
    "durability": 10,
    "clip_size": 500,
    "pocket_data": [
      {
        "pocket_type": "MAGAZINE",
        "watertight": true,
        "ammo_restriction": {
          "water": 500
        }
      }
    ],
    "ammo_effects": [
      "JET",
      "BEANBAG",
      "WIDE"
    ],
    "flags": [
      "NEVER_JAMS",
      "MOUNTED_GUN"
    ],
    "ammo_to_fire": 20
  },
  {
    "id": "torchie",
    "type": "GUN",
    "name": {
      "str": "变形怪火焰炮"
    },
    "//": "Need a light?",
    "description": "一只活的变形怪变成的自主武器。更加挑食的变形怪，它只会吃汽油内的化学成分。其消化产物仍然是高度易燃的，当被发射出去时，也会被位于外膜上的一个点火腺点燃。变形怪无定形的形体可以在你手中被重塑和连接，但武器本身由于没有控制而呈现惰性。",
    "weight": "16331 g",
    "volume": "4 L",
    "to_hit": -5,
    "bashing": 10,
    "material": [
      "flesh"
    ],
    "symbol": "&",
    "color": "light_red",
    "ammo": [
      "gasoline"
    ],
    "skill": "launcher",
    "range": 12,
    "ranged_damage": {
      "damage_type": "heat",
      "amount": 5
    },
    "dispersion": 450,
    "sight_dispersion": 150,
    "durability": 10,
    "modes": [
      [
        "DEFAULT",
        "semi-auto",
        1
      ],
      [
        "AUTO",
        "auto",
        3
      ]
    ],
    "clip_size": 180,
    "pocket_data": [
      {
        "pocket_type": "MAGAZINE",
        "watertight": true,
        "ammo_restriction": {
          "gasoline": 180
        }
      }
    ],
    "ammo_effects": [
      "INCENDIARY",
      "FLARE",
      "WIDE",
      "STREAM"
    ],
    "flags": [
      "NEVER_JAMS",
      "MOUNTED_GUN"
    ],
    "ammo_to_fire": 20
  },
  {
    "id": "voideater",
    "type": "GUN",
    "name": {
      "str": "变形怪电流炮"
    },
    "description": "一只活的变形怪变成的自主武器。这只变形怪能够在体内储存由太阳能转化而成的电能。然后用一种难以应对的方式，朝着任何可能的威胁喷射出一道高度集中的电流。变形怪无定形的形体可以在你手中被重塑和连接，但武器本身由于没有控制而呈现惰性。",
    "weight": "17331 g",
    "volume": "5250 ml",
    "to_hit": -5,
    "bashing": 10,
    "material": [
      "flesh"
    ],
    "symbol": "&",
    "color": "cyan",
    "skill": "launcher",
    "range": 12,
    "ranged_damage": {
      "damage_type": "electric",
      "amount": 80
    },
    "sight_dispersion": 150,
    "durability": 10,
    "ups_charges": 199,
    "ammo_effects": [
      "LIGHTNING",
      "EXPLOSIVE",
      "WIDE"
    ],
    "flags": [
      "NEVER_JAMS",
      "MOUNTED_GUN"
    ]
  }
]