[
  {
    "id": "diamondlance",
    "type": "GUN",
    "name": {
      "str": "钻石长枪"
    },
    "description": "一把和它令人眼花缭乱的闪光一样致命的武器。该武器中心的钻石晶阵作为催化剂，迅速将含碳丰富的物质转化为几乎等于钻石硬度的结晶形式。当物质与催化剂分离后会迅速衰减，因此一团预成型的碳被吸入与基体接触，立即结晶，并迅速发射出去。该发射器需要一个特制的炮塔底盘才能正常工作。",
    "weight": "16050 g",
    "volume": "5500 ml",
    "price": "600 USD",
    "to_hit": -1,
    "bashing": 12,
    "material": [
      "steel",
      "plastic"
    ],
    "symbol": "(",
    "color": "light_gray",
    "ammo": [
      "charcoal"
    ],
    "skill": "launcher",
    "range": 30,
    "ranged_damage": {
      "damage_type": "stab",
      "amount": 100,
      "armor_penetration": 100
    },
    "sight_dispersion": 150,
    "durability": 8,
    "clip_size": 50,
    "reload": 20,
    "valid_mod_locations": [],
    "ammo_effects": [
      "SHOT"
    ],
    "flags": [
      "NEVER_JAMS",
      "MOUNTED_GUN"
    ]
  },
  {
    "id": "diamondnova",
    "type": "GUN",
    "name": {
      "str": "钻石新星",
      "str_pl": "钻石新星"
    },
    "//": "Behold, the bringer of light.",
    "description": "一把和它令人眼花缭乱的闪光一样致命的武器。该武器中心的钻石晶阵作为催化剂，迅速将含碳丰富的物质转化为几乎等于钻石硬度的结晶形式。当物质与催化剂分离后会迅速衰减，而且由于弹药体积过大，在接触其他物质后也会迅速衰减。因此弹药经由漩涡石形成的高压空气储存并发射出去。当击中目标后，弹药会爆炸分解，粉碎成一个由钻石碎片构成的辉煌爆炸。",
    "weight": "25815 g",
    "volume": "5500 ml",
    "price": "600 USD",
    "to_hit": -1,
    "bashing": 12,
    "material": [
      "steel",
      "plastic"
    ],
    "symbol": "(",
    "color": "light_gray",
    "ammo": [
      "charcoal"
    ],
    "skill": "launcher",
    "range": 30,
    "ranged_damage": {
      "damage_type": "stab",
      "amount": 150,
      "armor_penetration": 20
    },
    "sight_dispersion": 150,
    "durability": 8,
    "clip_size": 50,
    "reload": 20,
    "valid_mod_locations": [],
    "ammo_effects": [
      "SHOT",
      "FRAG",
      "FLASHBANG"
    ],
    "flags": [
      "NEVER_JAMS",
      "MOUNTED_GUN"
    ]
  }
]