[
  {
    "id": "vortexaccelerator",
    "type": "GUN",
    "name": {
      "str": "涡漩加速器"
    },
    "description": "这把武器采用强劲的爆发气流朝着目标发射高速的尖锐碎片。你需要某种形式的平台来安装它。",
    "weight": "10700 g",
    "volume": "2500 ml",
    "price": "600 USD",
    "to_hit": -1,
    "bashing": 12,
    "material": [
      "steel",
      "plastic"
    ],
    "symbol": "(",
    "color": "light_gray",
    "ammo": [
      "BB"
    ],
    "skill": "rifle",
    "range": 10,
    "ranged_damage": {
      "damage_type": "stab",
      "amount": 15,
      "armor_penetration": 5
    },
    "dispersion": 300,
    "sight_dispersion": 150,
    "durability": 10,
    "clip_size": 250,
    "reload": 10,
    "valid_mod_locations": [],
    "ammo_effects": [
      "SHOT"
    ],
    "flags": [
      "NEVER_JAMS",
      "MOUNTED_GUN"
    ]
  },
  {
    "id": "vortexbolter",
    "type": "GUN",
    "name": {
      "str": "涡漩箭发射器"
    },
    "description": "这把武器采用强劲的爆发气流朝着目标发射高速的弩矢。你需要某种形式的平台来安装它。",
    "weight": "8310 g",
    "volume": "2500 ml",
    "price": "900 USD",
    "to_hit": -1,
    "bashing": 12,
    "material": [
      "steel",
      "plastic"
    ],
    "symbol": "(",
    "color": "light_gray",
    "ammo": [
      "bolt"
    ],
    "skill": "rifle",
    "range": 15,
    "ranged_damage": {
      "damage_type": "stab",
      "amount": 30,
      "armor_penetration": 15
    },
    "dispersion": 300,
    "sight_dispersion": 150,
    "durability": 8,
    "modes": [
      [
        "DEFAULT",
        "semi-auto",
        1
      ],
      [
        "AUTO",
        "auto",
        3
      ]
    ],
    "clip_size": 30,
    "reload": 40,
    "valid_mod_locations": [],
    "ammo_effects": [
      "SHOT"
    ],
    "flags": [
      "NEVER_JAMS",
      "MOUNTED_GUN"
    ]
  },
  {
    "id": "vortexcannon",
    "type": "GUN",
    "name": {
      "str": "涡漩空气炮"
    },
    "description": "实质上是一个投掷磨尖过的金属磁轨弹的大型气动枪。这把枪并不是由一套机械系统驱动，取而代之的是你设法控制的漩涡。虽然以它的大小来说威力很强大，但你需要某种形式的平台来安装它。",
    "weight": "21831 g",
    "volume": "5 L",
    "price": "600 USD",
    "to_hit": -1,
    "bashing": 12,
    "material": [
      "steel",
      "plastic"
    ],
    "symbol": "(",
    "color": "light_gray",
    "ammo": [
      "metal_rail"
    ],
    "skill": "launcher",
    "range": 50,
    "ranged_damage": {
      "damage_type": "stab",
      "amount": 120
    },
    "sight_dispersion": 150,
    "durability": 8,
    "clip_size": 12,
    "reload": 100,
    "valid_mod_locations": [],
    "ammo_effects": [
      "SHOT"
    ],
    "flags": [
      "NEVER_JAMS",
      "MOUNTED_GUN"
    ]
  },
  {
    "id": "vortexrifle",
    "type": "GUN",
    "name": {
      "str": "涡漩步枪"
    },
    "description": "这把武器采用强劲的爆发气流朝着目标发射高速的小型弹药。你需要某种形式的平台来安装它。",
    "weight": "11759 g",
    "volume": "2500 ml",
    "price": "900 USD",
    "to_hit": -1,
    "bashing": 12,
    "material": [
      "steel",
      "plastic"
    ],
    "symbol": "(",
    "color": "light_gray",
    "ammo": [
      "pebble"
    ],
    "skill": "rifle",
    "range": 15,
    "ranged_damage": {
      "damage_type": "stab",
      "amount": 30,
      "armor_penetration": 10
    },
    "dispersion": 300,
    "sight_dispersion": 150,
    "durability": 8,
    "modes": [
      [
        "DEFAULT",
        "semi-auto",
        1
      ],
      [
        "AUTO",
        "auto",
        3
      ]
    ],
    "clip_size": 250,
    "reload": 10,
    "valid_mod_locations": [],
    "ammo_effects": [
      "SHOT"
    ],
    "flags": [
      "NEVER_JAMS",
      "MOUNTED_GUN"
    ]
  }
]