[
  {
    "type": "item_group",
    "id": "vault",
    "items": [
      [
        "textbook_beamsword",
        5
      ]
    ]
  },
  {
    "id": "textbook_beamsword",
    "type": "BOOK",
    "name": {
      "str": "门户碎片战斗应用程序",
      "str_pl": "门户碎片战斗应用程序"
    },
    "description": "这本大型Rivtech手册已被标记为销毁，几乎所有的内容，但技术规范部分和蓝图涂黑，无法阅读。",
    "weight": "1409 g",
    "volume": "1500 ml",
    "price": "2000 USD",
    "material": [
      "paper"
    ],
    "symbol": "?",
    "color": "light_blue",
    "skill": "electronics",
    "required_level": 9,
    "max_level": 10,
    "intelligence": 12,
    "time": 50,
    "fun": -2
  }
]