[
  {
    "type": "item_group",
    "id": "teleport",
    "items": [
      [
        "rt_crystal_shard",
        5
      ]
    ]
  },
  {
    "type": "GENERIC",
    "id": "rt_crystal_shard",
    "symbol": "*",
    "color": "blue",
    "name": {
      "str": "水晶碎片"
    },
    "description": "一块晶莹剔透的碎片，像星星一样闪闪发光，当你抓住它时，它会在你的手中颤动。",
    "price": "50000 USD",
    "//": "$500, but unique",
    "material": [
      "diamond"
    ],
    "weight": "240 g",
    "volume": "250 ml",
    "to_hit": -5
  }
]