[
  {
    "type": "GENERIC",
    "id": "rt_beam_controls",
    "name": {
      "str": "光束剑控制"
    },
    "symbol": ",",
    "color": "light_gray",
    "category": "spare_parts",
    "description": "Rivtech光束剑的激活控制。",
    "price": "50 USD",
    "material": [
      "plastic"
    ],
    "weight": "20 g",
    "volume": "250 ml",
    "to_hit": -4
  },
  {
    "type": "GENERIC",
    "id": "rt_power_cell",
    "name": {
      "str": "光束剑能量电池"
    },
    "symbol": ",",
    "color": "green",
    "category": "spare_parts",
    "description": "一种用来点燃Rivtech光束剑的重型电池。",
    "price": "100 USD",
    "material": [
      "plastic"
    ],
    "weight": "35 g",
    "volume": "250 ml",
    "to_hit": 1,
    "flags": [
      "LEAK_DAM",
      "RADIOACTIVE"
    ]
  },
  {
    "type": "GENERIC",
    "id": "rt_field_conductor",
    "name": {
      "str": "横梁导线"
    },
    "symbol": ",",
    "color": "light_gray",
    "description": "里夫泰克光束剑中使用的入口场导体。",
    "price": "150 USD",
    "material": [
      "steel"
    ],
    "weight": "20 g",
    "volume": "250 ml",
    "to_hit": -4
  },
  {
    "type": "GENERIC",
    "id": "rt_vortex_ring",
    "name": {
      "str": "光束剑涡环"
    },
    "symbol": ",",
    "color": "light_blue",
    "description": "一组极为精致而复杂的联锁齿轮，用于驱动Rivtech光束剑。",
    "price": "150 USD",
    "material": [
      "steel"
    ],
    "weight": "20 g",
    "volume": "250 ml",
    "to_hit": -4
  },
  {
    "type": "GENERIC",
    "id": "rt_power_insulator",
    "name": {
      "str": "光束剑能量绝缘体"
    },
    "symbol": ",",
    "color": "yellow",
    "description": "Rivtech光束剑的陶瓷能量屏蔽装置。",
    "price": "100 USD",
    "material": [
      "ceramic"
    ],
    "weight": "15 g",
    "volume": "3 ml",
    "to_hit": -2,
    "flags": [
      "NONCONDUCTIVE"
    ]
  },
  {
    "type": "GENERIC",
    "id": "rt_energy_gate",
    "name": {
      "str": "束剑能量门"
    },
    "symbol": ",",
    "color": "light_gray",
    "description": "里夫泰克光束剑中用来引导能量的一种吸收光线的闪动缓慢的液体外壳。",
    "price": "500 USD",
    "material": [
      "steel"
    ],
    "weight": "10 g",
    "volume": "500 ml",
    "to_hit": -2
  },
  {
    "type": "GENERIC",
    "id": "rt_recharge_socket",
    "name": {
      "str": "光束剑充能接口"
    },
    "symbol": ",",
    "color": "yellow",
    "description": "电源连接端口安装在Rivtech beam剑中。",
    "price": "100 USD",
    "material": [
      "steel"
    ],
    "weight": "20 g",
    "volume": "250 ml",
    "to_hit": -4
  },
  {
    "type": "GENERIC",
    "id": "rt_focusing_chamber",
    "name": {
      "str": "光束聚焦室"
    },
    "symbol": ",",
    "color": "light_gray",
    "category": "spare_parts",
    "description": "里夫泰克光束剑上刀刃的聚焦室。",
    "price": "300 USD",
    "material": [
      "superalloy"
    ],
    "weight": "50 g",
    "volume": "250 ml",
    "to_hit": 2
  },
  {
    "type": "GENERIC",
    "id": "rt_blade_channel",
    "name": {
      "str": "光束剑刃能量通道"
    },
    "symbol": ",",
    "color": "light_gray",
    "category": "spare_parts",
    "description": "入口光束通过Rivtech光束剑的能量通道。",
    "price": "150 USD",
    "material": [
      "steel"
    ],
    "weight": "40 g",
    "volume": "250 ml",
    "to_hit": -2
  },
  {
    "type": "GENERIC",
    "id": "rt_cycling_field",
    "name": {
      "str": "束剑循环磁场激励器"
    },
    "symbol": ",",
    "color": "light_gray",
    "category": "spare_parts",
    "description": "在Rivtech光束剑上保持刀刃点燃的能量场。",
    "price": "50 USD",
    "material": [
      "steel",
      "plastic"
    ],
    "weight": "15 g",
    "volume": "250 ml",
    "to_hit": -4
  },
  {
    "type": "GENERIC",
    "id": "rt_modulation_circuit",
    "name": {
      "str": "光束能量调制电路"
    },
    "symbol": ",",
    "color": "light_gray",
    "category": "spare_parts",
    "description": "Rivtech光束剑上刀刃的能量调制电路。",
    "price": "40 USD",
    "material": [
      "plastic"
    ],
    "weight": "15 g",
    "volume": "250 ml",
    "to_hit": -4
  },
  {
    "type": "GENERIC",
    "id": "rt_focusing_lens",
    "name": {
      "str": "光束聚焦透镜"
    },
    "symbol": ",",
    "color": "light_blue",
    "category": "spare_parts",
    "description": "一个镜头，帮助点燃，然后集中从Rivtech光束剑发出的刀片。",
    "price": "250 USD",
    "material": [
      "diamond"
    ],
    "weight": "10 g",
    "volume": "3 ml",
    "to_hit": -4
  },
  {
    "type": "GENERIC",
    "id": "rt_emitter_matrix",
    "name": {
      "str": "光束发射器矩阵"
    },
    "symbol": ",",
    "color": "light_green",
    "category": "spare_parts",
    "description": "一种Rivtech光束剑的非常危险的部件，用来防止剑点燃大气层。",
    "price": "10 USD",
    "material": [
      "plastic"
    ],
    "weight": "20 g",
    "volume": "250 ml",
    "to_hit": -5
  },
  {
    "type": "GENERIC",
    "id": "rt_flux_aperture",
    "name": {
      "str": "高能束流光阑"
    },
    "symbol": ",",
    "color": "light_green",
    "category": "spare_parts",
    "description": "Rivtech光束剑的一系列循环，伤害你的眼睛，试图追踪。",
    "price": "10 USD",
    "material": [
      "plastic"
    ],
    "weight": "20 g",
    "volume": "250 ml",
    "to_hit": -5
  }
]