[
  {
    "id": "rivtech_beam_sword",
    "type": "TOOL",
    "category": "weapons",
    "name": {
      "str": "rivtech 光束剑"
    },
    "description": "不完全是光剑。",
    "weight": "1500 g",
    "volume": "1250 ml",
    "price": "350 USD",
    "to_hit": 2,
    "bashing": 9,
    "cutting": 80,
    "material": [
      "superalloy"
    ],
    "symbol": "/",
    "color": "green",
    "techniques": [
      "WIDE",
      "BRUTAL",
      "WBLOCK_1"
    ],
    "qualities": [
      [
        "CUT",
        10
      ],
      [
        "BUTCHER",
        -1
      ]
    ],
    "flags": [
      "UNBREAKABLE_MELEE",
      "TRADER_AVOID",
      "NO_SALVAGE"
    ]
  }
]