[
  {
    "type": "GENERIC",
    "id": "rt_beam_outer_casing",
    "name": {
      "str": "光束剑外壳"
    },
    "symbol": ",",
    "color": "light_gray",
    "category": "spare_parts",
    "description": "里夫泰克光束剑的外壳。",
    "price": "300 USD",
    "material": [
      "superalloy"
    ],
    "weight": "50 g",
    "volume": "250 ml",
    "to_hit": 2,
    "flags": [
      "LEAK_DAM",
      "RADIOACTIVE",
      "NONCONDUCTIVE"
    ]
  },
  {
    "type": "GENERIC",
    "id": "rt_beam_power_assembly",
    "name": {
      "str": "光束剑能源总成"
    },
    "symbol": ",",
    "color": "light_gray",
    "category": "spare_parts",
    "description": "Rivtech光束剑的完整动力装置。",
    "price": "300 USD",
    "material": [
      "superalloy"
    ],
    "weight": "50 g",
    "volume": "250 ml",
    "to_hit": 2,
    "flags": [
      "LEAK_DAM",
      "RADIOACTIVE",
      "NONCONDUCTIVE"
    ]
  },
  {
    "type": "GENERIC",
    "id": "rt_focusing_assembly",
    "name": {
      "str": "光束聚焦组件",
      "str_pl": "光束聚焦组件"
    },
    "symbol": ",",
    "color": "light_gray",
    "category": "spare_parts",
    "description": "Rivtech光束剑的完整聚焦组件。",
    "price": "300 USD",
    "material": [
      "superalloy"
    ],
    "weight": "50 g",
    "volume": "250 ml",
    "to_hit": 2
  },
  {
    "type": "GENERIC",
    "id": "rt_blade_emitter",
    "name": {
      "str": "光束剑刃发射器"
    },
    "symbol": ",",
    "color": "light_gray",
    "category": "spare_parts",
    "description": "Rivtech光束剑的刀片发射器。",
    "price": "300 USD",
    "material": [
      "superalloy"
    ],
    "weight": "50 g",
    "volume": "250 ml",
    "to_hit": 2,
    "flags": [
      "NONCONDUCTIVE"
    ]
  }
]