[
  {
    "type": "mod_tileset",
    "compatibility": [
      "Chibi_Ultica",
      "UltimateCataclysm",
      "MshockXottoplus",
      "UNDEAD_PEOPLE",
      "UNDEAD_PEOPLE_BASE",
      "UNDEAD_PEOPLE_LEGACY",
      "UlticaShell",
      "MshockXottoplus12",
      "MSX++DEAD_PEOPLE",
      "MXplus12_for_cosmetics"
    ],
    "tiles-new": [
      {
        "file": "CrazyCataclysm_normal.png",
        "tiles": [
          {
            "id": "bg_shadow_item",
            "fg": 1,
            "rotates": false
          },
          {
            "id": "bg_shadow_normal",
            "fg": 2,
            "rotates": false
          },
          {
            "id": "aperture_potato",
            "fg": 3,
            "rotates": false
          },
          {
            "id": "sporeos",
            "fg": 4,
            "rotates": false
          },
          {
            "id": "battletorch",
            "fg": 5,
            "bg": 1,
            "rotates": false
          },
          {
            "id": "overlay_wielded_battletorch",
            "fg": 6,
            "rotates": false
          },
          {
            "id": "battletorch_done",
            "fg": 7,
            "bg": 1,
            "rotates": false
          },
          {
            "id": "overlay_wielded_battletorch_done",
            "fg": 8,
            "rotates": false
          },
          {
            "id": "battletorch_lit",
            "fg": 9,
            "bg": 1,
            "rotates": false
          },
          {
            "id": "overlay_wielded_battletorch_lit",
            "fg": 10,
            "rotates": false
          },
          {
            "id": "bio_chest_gun",
            "fg": 11,
            "bg": 1,
            "rotates": false
          },
          {
            "id": "bio_ion_gun",
            "fg": 12,
            "rotates": false
          },
          {
            "id": "overlay_wielded_bio_ion_gun",
            "fg": 13,
            "rotates": false
          },
          {
            "id": "firekatana_off",
            "fg": 14,
            "bg": 1,
            "rotates": false
          },
          {
            "id": "overlay_wielded_firekatana_off",
            "fg": 15,
            "rotates": false
          },
          {
            "id": "firekatana_on",
            "fg": 16,
            "bg": 1,
            "rotates": false
          },
          {
            "id": "overlay_wielded_firekatana_on",
            "fg": 17,
            "rotates": false
          },
          {
            "id": "granade",
            "fg": 18,
            "bg": 1,
            "rotates": false
          },
          {
            "id": "granade_act",
            "fg": 19,
            "bg": 1,
            "rotates": false
          },
          {
            "id": "yeet_cannon",
            "fg": 20,
            "rotates": false
          },
          {
            "id": "overlay_wielded_yeet_cannon",
            "fg": 21,
            "rotates": false
          },
          {
            "id": "zweifire_off",
            "fg": 22,
            "bg": 1,
            "rotates": false
          },
          {
            "id": "zweifire_on",
            "fg": 23,
            "bg": 1,
            "rotates": false
          },
          {
            "id": "overlay_wielded_zweifire_on",
            "fg": 24,
            "rotates": false
          },
          {
            "id": "mon_bear_smoky",
            "fg": 25,
            "bg": 2,
            "rotates": false
          },
          {
            "id": "mon_fungaloid",
            "fg": 26,
            "bg": 2,
            "rotates": false
          },
          {
            "id": "corpse_mon_fungaloid",
            "fg": 27,
            "rotates": false
          },
          {
            "id": "mon_zombie_skeltal",
            "fg": 28,
            "bg": 2,
            "rotates": false
          },
          {
            "id": "mon_zombie_skeltal_minion",
            "fg": 29,
            "bg": 2,
            "rotates": false
          }
        ],
        "//": "range 1 to 32",
        "sprite_width": 32,
        "sprite_height": 32,
        "sprite_offset_x": 0,
        "sprite_offset_y": 0
      },
      {
        "file": "CrazyCataclysm_large.png",
        "tiles": [
          {
            "id": "overlay_wielded_zweifire_off",
            "fg": 33,
            "rotates": false
          },
          {
            "id": "overlay_wielded_zweifire_on",
            "fg": [
              {
                "weight": 1,
                "sprite": 34
              },
              {
                "weight": 1,
                "sprite": 35
              },
              {
                "weight": 1,
                "sprite": 36
              },
              {
                "weight": 1,
                "sprite": 37
              },
              {
                "weight": 1,
                "sprite": 38
              },
              {
                "weight": 1,
                "sprite": 39
              }
            ],
            "rotates": false,
            "animated": true
          }
        ],
        "//": "range 33 to 48",
        "sprite_width": 64,
        "sprite_height": 80,
        "sprite_offset_x": -16,
        "sprite_offset_y": -48
      }
    ]
  }
]