[
  {
    "id": "mongun_BL9_crossbow",
    "type": "GUN",
    "copy-from": "fake_item",
    "name": {
      "str": "弩"
    },
    "description": "BL9感染者的假枪",
    "flags": [
      "NEVER_JAMS"
    ],
    "ammo_effects": [
      "NEVER_MISFIRES"
    ],
    "skill": "rifle",
    "durability": 10,
    "range": 25,
    "dispersion": 1000,
    "ranged_damage": {
      "damage_type": "stab",
      "amount": 11,
      "armor_penetration": 8
    }
  },
  {
    "id": "mongun_BL9_minigun",
    "type": "GUN",
    "copy-from": "fake_item",
    "name": {
      "str": "转轮机枪"
    },
    "description": "BL9感染者的假枪",
    "flags": [
      "NEVER_JAMS"
    ],
    "ammo_effects": [
      "NEVER_MISFIRES"
    ],
    "skill": "rifle",
    "durability": 10,
    "range": 25,
    "modes": [
      [
        "DEFAULT",
        "auto",
        6
      ]
    ],
    "dispersion": 10000,
    "ranged_damage": {
      "damage_type": "stab",
      "amount": 9,
      "armor_penetration": 17
    }
  },
  {
    "id": "mongun_BL9_argan",
    "type": "GUN",
    "copy-from": "fake_item",
    "name": {
      "str": "冲锋枪"
    },
    "description": "BL9外星入侵者的假枪",
    "flags": [
      "NEVER_JAMS"
    ],
    "ammo_effects": [
      "NEVER_MISFIRES"
    ],
    "skill": "rifle",
    "durability": 10,
    "range": 25,
    "modes": [
      [
        "DEFAULT",
        "auto",
        6
      ]
    ],
    "dispersion": 6000,
    "ranged_damage": {
      "damage_type": "stab",
      "amount": 15,
      "armor_penetration": 24
    }
  },
  {
    "id": "mongun_BL9_wanzel",
    "type": "GUN",
    "copy-from": "fake_item",
    "name": {
      "str": "冲锋枪"
    },
    "description": "BL9外星入侵者的假枪",
    "flags": [
      "NEVER_JAMS"
    ],
    "ammo_effects": [
      "NEVER_MISFIRES"
    ],
    "skill": "rifle",
    "durability": 10,
    "range": 25,
    "modes": [
      [
        "DEFAULT",
        "auto",
        6
      ]
    ],
    "dispersion": 6000,
    "ranged_damage": {
      "damage_type": "stab",
      "amount": 17,
      "armor_penetration": 27
    }
  },
  {
    "id": "mongun_BL9_davran",
    "type": "GUN",
    "copy-from": "fake_item",
    "name": {
      "str": "机关枪"
    },
    "description": "BL9外星入侵者的假枪",
    "flags": [
      "NEVER_JAMS"
    ],
    "ammo_effects": [
      "NEVER_MISFIRES"
    ],
    "skill": "rifle",
    "durability": 10,
    "range": 25,
    "modes": [
      [
        "DEFAULT",
        "auto",
        6
      ]
    ],
    "dispersion": 7775,
    "ranged_damage": {
      "damage_type": "stab",
      "amount": 19,
      "armor_penetration": 29
    }
  },
  {
    "id": "mongun_BL9_salden",
    "type": "GUN",
    "copy-from": "fake_item",
    "name": {
      "str": "机关枪"
    },
    "description": "BL9外星入侵者的假枪",
    "flags": [
      "NEVER_JAMS"
    ],
    "ammo_effects": [
      "NEVER_MISFIRES"
    ],
    "skill": "rifle",
    "durability": 10,
    "range": 25,
    "modes": [
      [
        "DEFAULT",
        "auto",
        6
      ]
    ],
    "dispersion": 7775,
    "ranged_damage": {
      "damage_type": "stab",
      "amount": 22,
      "armor_penetration": 32
    }
  }
]