[
  {
    "type": "MONSTER_FACTION",
    "name": "BL9_cultists",
    "neutral": [
      "small_animal",
      "fish",
      "animal"
    ],
    "hate": [
      "fungus"
    ],
    "friendly": [
      "BL9_military",
      "cult",
      "zombie",
      "zombie_aquatic",
      "triffid",
      "nether"
    ]
  },
  {
    "type": "MONSTER_FACTION",
    "name": "BL9_military",
    "neutral": [
      "small_animal",
      "fish",
      "animal"
    ],
    "hate": [
      "fungus"
    ],
    "friendly": [
      "BL9_cultists",
      "zombie",
      "zombie_aquatic",
      "triffid",
      "nether"
    ]
  },
  {
    "type": "MONSTER_FACTION",
    "name": "zombie",
    "friendly": [
      "slime",
      "cult",
      "zombie_aquatic",
      "BL9_cultists",
      "BL9_military"
    ],
    "neutral": [
      "small_animal",
      "insect",
      "fish"
    ],
    "by_mood": "bee"
  },
  {
    "type": "MONSTER_FACTION",
    "name": "zombie_aquatic",
    "friendly": [
      "slime",
      "cult",
      "zombie",
      "BL9_cultists",
      "BL9_military"
    ],
    "neutral": [
      "small_animal",
      "insect"
    ],
    "by_mood": "bee"
  },
  {
    "type": "MONSTER_FACTION",
    "name": "slime",
    "friendly": [
      "zombie",
      "nether",
      "cult",
      "BL9_cultists",
      "BL9_military"
    ]
  },
  {
    "type": "MONSTER_FACTION",
    "name": "nether",
    "friendly": [
      "slime",
      "cult",
      "BL9_cultists",
      "BL9_military"
    ]
  }
]