[
  {
    "id": "tray",
    "type": "GENERIC",
    "category": "container",
    "name": {
      "str": "熟食托盘"
    },
    "description": "带透明塑料盖的塑料熟食盘。通常用于展示和运输个人膳食，如三明治和炒面。",
    "weight": "6 g",
    "volume": "250 ml",
    "price": "0 cent",
    "to_hit": -2,
    "material": [
      "plastic"
    ],
    "symbol": ",",
    "color": "black",
    "pocket_data": [
      {
        "pocket_type": "CONTAINER",
        "watertight": true,
        "rigid": false,
        "max_contains_volume": "1275 ml",
        "max_contains_weight": "1500 g"
      }
    ],
    "flags": [
      "TRADER_AVOID",
      "TARDIS"
    ]
  },
  {
    "id": "platter",
    "type": "GENERIC",
    "category": "container",
    "name": {
      "str": "熟食拼盘"
    },
    "description": "一个圆形的塑料熟食盘与一个高安装透明塑料盖。通常用于较大的显示器，如芝士蛋糕和采样器。",
    "weight": "6 g",
    "volume": "250 ml",
    "price": "0 cent",
    "to_hit": -2,
    "material": [
      "plastic"
    ],
    "symbol": ",",
    "color": "black",
    "pocket_data": [
      {
        "pocket_type": "CONTAINER",
        "watertight": true,
        "rigid": false,
        "max_contains_volume": "1775 ml",
        "max_contains_weight": "2 kg"
      }
    ],
    "flags": [
      "TRADER_AVOID",
      "TARDIS"
    ]
  },
  {
    "id": "case_plastic",
    "type": "GENERIC",
    "category": "container",
    "name": {
      "str": "硬质塑料外壳"
    },
    "description": "一种大的、坚硬的塑料箱，通常用来存放30天的紧急食物或猫窝。",
    "weight": "20 g",
    "volume": "1 L",
    "price": "20 USD",
    "to_hit": -2,
    "material": [
      "plastic"
    ],
    "symbol": ",",
    "color": "black",
    "pocket_data": [
      {
        "pocket_type": "CONTAINER",
        "watertight": true,
        "rigid": true,
        "max_contains_volume": "2475 ml",
        "max_contains_weight": "2500 g"
      }
    ],
    "flags": [
      "TARDIS"
    ]
  },
  {
    "id": "tub",
    "type": "GENERIC",
    "category": "container",
    "name": {
      "str": "塑料桶"
    },
    "description": "盖子上有螺丝的宽口塑料盆。通常用于储存干粉。",
    "weight": "20 g",
    "volume": "1 L",
    "price": "20 USD",
    "to_hit": -2,
    "material": [
      "plastic"
    ],
    "symbol": ",",
    "color": "black",
    "pocket_data": [
      {
        "pocket_type": "CONTAINER",
        "watertight": true,
        "rigid": false,
        "max_contains_volume": "1775 ml",
        "max_contains_weight": "2 kg"
      }
    ],
    "flags": [
      "TARDIS"
    ]
  },
  {
    "id": "dcup",
    "type": "GENERIC",
    "category": "container",
    "name": {
      "str": "大塑料杯"
    },
    "description": "一种透明的塑料杯，有宽口和合适的盖子。通常用于盛各种熟食汤和沙拉。",
    "weight": "20 g",
    "volume": "1 L",
    "price": "20 USD",
    "to_hit": -2,
    "material": [
      "plastic"
    ],
    "symbol": ",",
    "color": "black",
    "pocket_data": [
      {
        "pocket_type": "CONTAINER",
        "watertight": true,
        "rigid": false,
        "max_contains_volume": "1275 ml",
        "max_contains_weight": "1500 g"
      }
    ],
    "flags": [
      "TARDIS"
    ]
  }
]