[
  {
    "type": "mod_tileset",
    "compatibility": [
      "Chibi_Ultica",
      "UltimateCataclysm",
      "MshockXottoplus",
      "UNDEAD_PEOPLE",
      "UNDEAD_PEOPLE_BASE",
      "UNDEAD_PEOPLE_LEGACY",
      "UlticaShell",
      "MshockXottoplus12",
      "MSX++DEAD_PEOPLE",
      "MXplus12_for_cosmetics"
    ],
    "tiles-new": [
      {
        "file": "GourmandGraces_normal.png",
        "tiles": [
          {
            "id": "bg_shadow_item",
            "fg": 1,
            "rotates": false
          },
          {
            "id": "a&w",
            "fg": 2,
            "bg": 1,
            "rotates": false
          },
          {
            "id": "a&wP",
            "fg": 3,
            "bg": 1,
            "rotates": false
          },
          {
            "id": "cocoapowder",
            "fg": 4,
            "bg": 1,
            "rotates": false
          },
          {
            "id": "cocoapowderP",
            "fg": 5,
            "bg": 1,
            "rotates": false
          },
          {
            "id": "fanta",
            "fg": 6,
            "bg": 1,
            "rotates": false
          },
          {
            "id": "fantaP",
            "fg": 7,
            "bg": 1,
            "rotates": false
          },
          {
            "id": "ketchupC",
            "fg": 8,
            "bg": 1,
            "rotates": false
          },
          {
            "id": "koolaid",
            "fg": 9,
            "bg": 1,
            "rotates": false
          },
          {
            "id": "koolaidP",
            "fg": 10,
            "bg": 1,
            "rotates": false
          },
          {
            "id": "mayonnaiseC",
            "fg": 11,
            "bg": 1,
            "rotates": false
          },
          {
            "id": "nesquik",
            "fg": 4,
            "bg": 1,
            "rotates": false
          },
          {
            "id": "nesquikP",
            "fg": 5,
            "bg": 1,
            "rotates": false
          },
          {
            "id": "ranchdressingC",
            "fg": 11,
            "bg": 1,
            "rotates": false
          },
          {
            "id": "srirachasauce",
            "fg": 14,
            "bg": 1,
            "rotates": false
          },
          {
            "id": "tang",
            "fg": 12,
            "bg": 1,
            "rotates": false
          },
          {
            "id": "tangP",
            "fg": 13,
            "bg": 1,
            "rotates": false
          },
          {
            "id": "teriyakisauce",
            "fg": 14,
            "bg": 1,
            "rotates": false
          },
          {
            "id": "case_plastic",
            "fg": 15,
            "bg": 1,
            "rotates": false
          },
          {
            "id": "dcup",
            "fg": 16,
            "bg": 1,
            "rotates": false
          },
          {
            "id": "platter",
            "fg": 17,
            "bg": 1,
            "rotates": false
          },
          {
            "id": "tray",
            "fg": 18,
            "bg": 1,
            "rotates": false
          },
          {
            "id": "tub",
            "fg": 19,
            "bg": 1,
            "rotates": false
          }
        ],
        "//": "range 1 to 32",
        "sprite_width": 32,
        "sprite_height": 32,
        "sprite_offset_x": 0,
        "sprite_offset_y": 0
      }
    ]
  }
]