[
  {
    "type": "item_group",
    "subtype": "distribution",
    "//": "items that an average zombie carries around and drops on death",
    "id": "default_zombie_items",
    "ammo": 30,
    "magazine": 100,
    "groups": [
      [
        "livingroom",
        5
      ],
      [
        "kitchen",
        4
      ],
      [
        "littledebbie",
        5
      ],
      [
        "bedroom",
        16
      ],
      [
        "softdrugs",
        5
      ],
      [
        "harddrugs",
        1
      ],
      [
        "tools_home",
        20
      ],
      [
        "trash",
        7
      ],
      [
        "ammo_pistol_common",
        2
      ],
      [
        "ammo_shotgun_common",
        1
      ],
      [
        "guns_pistol_common",
        2
      ],
      [
        "guns_shotgun_common",
        1
      ],
      [
        "home_hw",
        5
      ],
      [
        "postman_gear",
        5
      ]
    ]
  }
]