[
  {
    "type": "mapgen",
    "method": "json",
    "om_terrain": [
      "s_pharm"
    ],
    "weight": 300,
    "object": {
      "rows": [
        "________________________",
        "________________________",
        "|--OOOO--|______________",
        "|l       +______________",
        "|l       +______________",
        "|        |--OOO---OOO--|",
        "|####                  |",
        "|   #    rr  rrrrrrr  f|",
        "|r  #    rr  rrrrrrr  f|",
        "|r  #    rr           f|",
        "|r  #    rr  rrrrrrr  f|",
        "|r  #    rr  rrrrrrr  f|",
        "|r  #                  |",
        "|   #                  |",
        "|            |     |   |",
        "|-+-----------&&&&&----|",
        "|      GG|         w   |",
        "|       c|             |",
        "|        L             |",
        "|        |rrrrrrrrrrrrr|",
        "|-----*----------------|",
        "________________________",
        "________________________",
        "________________________"
      ],
      "terrain": {
        " ": "t_floor",
        "#": "t_floor",
        "&": "t_door_metal_locked",
        "*": "t_door_locked",
        "+": "t_door_c",
        ",": "t_pavement_y",
        "-": "t_wall",
        ".": "t_grass",
        ":": "t_floor",
        "=": "t_floor",
        "@": "t_floor",
        "B": "t_palisade",
        "F": "t_floor",
        "G": "t_floor",
        "L": "t_door_locked_alarm",
        "M": "t_door_metal_locked",
        "O": "t_window",
        "T": "t_floor",
        "^": "t_floor",
        "_": "t_pavement",
        "c": "t_floor",
        "f": "t_floor",
        "l": "t_floor",
        "r": "t_floor",
        "t": "t_floor",
        "w": "t_gates_mech_control",
        "x": "t_console_broken",
        "|": "t_wall"
      },
      "furniture": {
        " ": "f_null",
        "#": "f_counter",
        "&": "f_counter",
        "+": "f_null",
        ",": "f_null",
        "-": "f_null",
        ".": "f_null",
        ":": "f_dresser",
        "@": "f_bed",
        "F": "f_fridge",
        "G": "f_desk",
        "L": "f_null",
        "M": "f_null",
        "O": "f_null",
        "S": "f_null",
        "^": "f_indoor_plant",
        "_": "f_null",
        "c": "f_chair",
        "f": "f_glass_fridge",
        "l": "f_vending_c",
        "r": "f_rack",
        "t": "f_table",
        "w": "f_null",
        "x": "f_null",
        "|": "f_null"
      },
      "toilets": {
        "T": {}
      },
      "place_loot": [
        {
          "group": "drugs_pharmacy",
          "x": [
            10,
            22
          ],
          "y": [
            19,
            19
          ],
          "chance": 100,
          "repeat": [
            2,
            6
          ]
        },
        {
          "group": "behindcounter",
          "x": [
            1,
            3
          ],
          "y": [
            7,
            12
          ],
          "chance": 50
        },
        {
          "group": "behindcounter",
          "x": [
            1,
            1
          ],
          "y": [
            8,
            11
          ],
          "chance": 70
        },
        {
          "group": "vending_drink",
          "x": [
            1,
            1
          ],
          "y": [
            3,
            4
          ],
          "chance": 80,
          "repeat": [
            1,
            1
          ]
        },
        {
          "group": "djuice",
          "x": [
            1,
            1
          ],
          "y": [
            3,
            4
          ],
          "chance": 20,
          "repeat": [
            1,
            1
          ]
        },
        {
          "group": "commercialdrinks",
          "x": [
            1,
            1
          ],
          "y": [
            3,
            4
          ],
          "chance": 20,
          "repeat": [
            1,
            1
          ]
        },
        {
          "group": "softdrugs",
          "x": [
            9,
            10
          ],
          "y": [
            7,
            11
          ],
          "chance": 40,
          "repeat": [
            1,
            3
          ]
        },
        {
          "group": "snacks",
          "x": [
            13,
            19
          ],
          "y": [
            7,
            8
          ],
          "chance": 70,
          "repeat": [
            1,
            2
          ]
        },
        {
          "group": "littledebbie",
          "x": [
            13,
            19
          ],
          "y": [
            7,
            8
          ],
          "chance": 20,
          "repeat": [
            1,
            2
          ]
        },
        {
          "group": "magazines",
          "x": [
            13,
            19
          ],
          "y": [
            10,
            11
          ],
          "chance": 70,
          "repeat": [
            1,
            2
          ]
        },
        {
          "group": "fridgesnacks",
          "x": [
            22,
            22
          ],
          "y": [
            7,
            11
          ],
          "chance": 70,
          "repeat": [
            1,
            3
          ]
        },
        {
          "group": "bakery",
          "x": [
            22,
            22
          ],
          "y": [
            7,
            11
          ],
          "chance": 20,
          "repeat": [
            1,
            3
          ]
        },
        {
          "group": "delibake",
          "x": [
            22,
            22
          ],
          "y": [
            7,
            11
          ],
          "chance": 20,
          "repeat": [
            1,
            3
          ]
        },
        {
          "group": "commercialdrinks",
          "x": [
            22,
            22
          ],
          "y": [
            7,
            11
          ],
          "chance": 20,
          "repeat": [
            1,
            3
          ]
        },
        {
          "group": "djuice",
          "x": [
            22,
            22
          ],
          "y": [
            7,
            11
          ],
          "chance": 20,
          "repeat": [
            1,
            3
          ]
        }
      ]
    }
  }
]