[
  {
    "id": "restaur_table",
    "type": "item_group",
    "items": [
      [
        "candlestick",
        50
      ],
      [
        "ceramic_plate",
        70
      ],
      [
        "ceramic_bowl",
        50
      ],
      [
        "glass",
        70
      ],
      [
        "spoon",
        50
      ],
      [
        "fork",
        50
      ],
      [
        "knife_butter",
        40
      ],
      [
        "knife_steak",
        35
      ],
      [
        "spork",
        10
      ],
      [
        "foon",
        10
      ],
      [
        "bottle_glass",
        15
      ],
      [
        "fruit_wine",
        10
      ],
      [
        "wine_riesling",
        7
      ],
      [
        "wine_chardonnay",
        8
      ],
      [
        "wine_cabernet",
        8
      ],
      [
        "wine_noir",
        6
      ],
      [
        "currywurst",
        5
      ],
      [
        "macaroni_cooked",
        5
      ],
      [
        "lasagne",
        5
      ],
      [
        "spaghetti_pesto",
        5
      ],
      [
        "glazed_tenderloin",
        5
      ]
    ]
  },
  {
    "id": "restaur_fridge",
    "type": "item_group",
    "items": [
      [
        "water_clean",
        10
      ],
      [
        "water_mineral",
        10
      ],
      [
        "milk",
        20
      ],
      [
        "yoghurt",
        10
      ],
      [
        "pudding",
        15
      ],
      [
        "apple",
        10
      ],
      [
        "sandwich_t",
        15
      ],
      [
        "mushroom",
        20
      ],
      [
        "tomato",
        20
      ],
      [
        "lettuce",
        15
      ],
      [
        "zucchini",
        15
      ],
      [
        "onion",
        15
      ],
      [
        "chili_pepper",
        15
      ],
      [
        "carrot",
        15
      ],
      [
        "potato",
        15
      ],
      [
        "irradiated_tomato",
        4
      ],
      [
        "irradiated_lettuce",
        4
      ],
      [
        "irradiated_zucchini",
        4
      ],
      [
        "irradiated_onion",
        4
      ],
      [
        "irradiated_carrot",
        4
      ],
      [
        "chili",
        10
      ],
      [
        "fruit_wine",
        10
      ],
      [
        "wine_riesling",
        7
      ],
      [
        "wine_chardonnay",
        8
      ],
      [
        "wine_cabernet",
        8
      ],
      [
        "wine_noir",
        6
      ],
      [
        "fish_fried",
        7
      ],
      [
        "cheese",
        10
      ],
      [
        "lemon",
        15
      ],
      [
        "pickle",
        10
      ],
      [
        "lutefisk",
        15
      ],
      [
        "fries",
        15
      ],
      [
        "cheese_fries",
        10
      ],
      [
        "onion_rings",
        10
      ],
      [
        "royal_beef",
        1
      ],
      [
        "sauce_red",
        8
      ],
      [
        "sausage",
        10
      ],
      [
        "syrup",
        10
      ],
      [
        "sweet_sausage",
        2
      ],
      [
        "soup_meat",
        10
      ]
    ]
  },
  {
    "id": "restaur_kitchen",
    "type": "item_group",
    "items": [
      [
        "vinegar",
        20
      ],
      [
        "jam_fruit",
        5
      ],
      [
        "jam_fruit",
        5
      ],
      [
        "jam_fruit",
        5
      ],
      [
        "bread",
        17
      ],
      [
        "meat",
        20
      ],
      [
        "cornbread",
        7
      ],
      [
        "biscuit",
        8
      ],
      [
        "seasoning_salt",
        15
      ],
      [
        "seasoning_italian",
        15
      ],
      [
        "garlic",
        10
      ],
      [
        "thyme",
        10
      ],
      [
        "can_chicken",
        10
      ],
      [
        "pepper",
        15
      ],
      [
        "salt",
        20
      ],
      [
        "sugar",
        5
      ],
      [
        "flour",
        17
      ],
      [
        "cooking_oil",
        20
      ],
      [
        "cookbook",
        8
      ],
      [
        "cookbook_italian",
        9
      ],
      [
        "cornmeal",
        3
      ],
      [
        "knife_steak",
        15
      ],
      [
        "chilly-p",
        15
      ],
      [
        "curry_powder",
        15
      ],
      [
        "spaghetti_raw",
        20
      ],
      [
        "lasagne_raw",
        20
      ],
      [
        "macaroni_raw",
        20
      ],
      [
        "knife_butcher",
        10
      ]
    ]
  },
  {
    "id": "restaur_bath",
    "type": "item_group",
    "items": [
      [
        "coke",
        5
      ],
      [
        "restaurantmap",
        2
      ],
      [
        "touristmap",
        2
      ],
      [
        "purse",
        10
      ],
      [
        "hairpin",
        10
      ],
      [
        "cig",
        10
      ],
      [
        "news_regional",
        10
      ],
      [
        "mag_news",
        10
      ]
    ]
  },
  {
    "id": "restaur_trash",
    "type": "item_group",
    "items": [
      [
        "wrapper",
        40
      ],
      [
        "bag_plastic",
        35
      ],
      [
        "bottle_glass",
        35
      ],
      [
        "rag",
        30
      ],
      [
        "flyer",
        15
      ],
      [
        "mag_news",
        15
      ],
      [
        "news_regional",
        15
      ],
      [
        "glass_shard",
        30
      ],
      [
        "jug_plastic",
        25
      ],
      [
        "fetus",
        1
      ]
    ]
  },
  {
    "id": "restaur_rack",
    "type": "item_group",
    "items": [
      [
        "ceramic_plate",
        50
      ],
      [
        "glass",
        50
      ],
      [
        "knife_butter",
        30
      ],
      [
        "knife_steak",
        15
      ],
      [
        "spoon",
        20
      ],
      [
        "fork",
        20
      ],
      [
        "spork",
        5
      ],
      [
        "foon",
        5
      ],
      [
        "fruit_wine",
        20
      ],
      [
        "wine_riesling",
        10
      ],
      [
        "wine_chardonnay",
        13
      ],
      [
        "wine_cabernet",
        13
      ],
      [
        "wine_noir",
        9
      ],
      [
        "hat_chef",
        30
      ],
      [
        "jacket_chef",
        30
      ],
      [
        "pants_checkered",
        28
      ]
    ]
  },
  {
    "id": "restaur_sink",
    "type": "item_group",
    "items": [
      [
        "ceramic_plate",
        50
      ],
      [
        "glass",
        50
      ],
      [
        "knife_butter",
        50
      ],
      [
        "knife_steak",
        25
      ],
      [
        "spoon",
        50
      ],
      [
        "fork",
        50
      ],
      [
        "spork",
        5
      ],
      [
        "foon",
        5
      ]
    ]
  },
  {
    "type": "mapgen",
    "method": "json",
    "om_terrain": [
      "s_restaurant"
    ],
    "weight": 1000,
    "object": {
      "fill_ter": "t_floor",
      "rows": [
        "____,____,____,____,____",
        "____,____,____,____,____",
        "____,____,____,____,____",
        "____,____,____,____,____",
        "|-GGGGGG---++---GGGGGG-|",
        "|......................|",
        "C..BB...BB....BB...BB..C",
        "W..TT...TT....TT...TT..W",
        "W..TT...TT....TT...TT..W",
        "C..BB...BB....BB...BB..C",
        "|^....................^|",
        "C..BB...BB....BB...BB..C",
        "W..TT...TT....TT...TT..W",
        "W..TT...TT....TT...TT..W",
        "C..BB...BB....BB...BB..C",
        "|---...................|",
        "|Sg|...................|",
        "|Pg+..|-------------|..|",
        "|--|..|FF#SS##OO##{{|..|",
        "|Pg+..|wgwgwgwgwgwgw|..|",
        "|Sg|..|&&###RR###gwg+..|",
        "|-----------------C-|..|",
        "_______dd___________D..|",
        "____________________|--|"
      ],
      "terrain": {
        "#": "t_linoleum_white",
        "&": "t_linoleum_gray",
        "+": "t_door_c",
        ",": "t_pavement_y",
        "-": "t_wall",
        "C": "t_curtains",
        "D": "t_door_locked",
        "F": "t_linoleum_gray",
        "G": "t_wall_glass",
        "O": "t_linoleum_white",
        "P": "t_linoleum_white",
        "R": "t_linoleum_white",
        "S": "t_linoleum_white",
        "W": "t_window",
        "_": "t_pavement",
        "d": "t_pavement",
        "g": "t_linoleum_gray",
        "w": "t_linoleum_white",
        "{": "t_linoleum_gray",
        "|": "t_wall"
      },
      "furniture": {
        "#": "f_counter",
        "&": "f_trashcan",
        "B": "f_bench",
        "F": "f_fridge",
        "O": "f_oven",
        "R": "f_woodstove",
        "S": "f_sink",
        "T": "f_table",
        "^": "f_indoor_plant",
        "d": "f_dumpster",
        "{": "f_rack"
      },
      "toilets": {
        "P": {}
      },
      "place_items": [
        {
          "item": "restaur_table",
          "x": [
            3,
            4
          ],
          "y": [
            7,
            8
          ],
          "chance": 25,
          "repeat": [
            1,
            2
          ]
        },
        {
          "item": "bakery",
          "x": [
            3,
            4
          ],
          "y": [
            7,
            8
          ],
          "chance": 10,
          "repeat": [
            1,
            2
          ]
        },
        {
          "item": "chinese",
          "x": [
            3,
            4
          ],
          "y": [
            7,
            8
          ],
          "chance": 10,
          "repeat": [
            1,
            2
          ]
        },
        {
          "item": "soups",
          "x": [
            3,
            4
          ],
          "y": [
            7,
            8
          ],
          "chance": 10,
          "repeat": [
            1,
            2
          ]
        },
        {
          "item": "delibake",
          "x": [
            3,
            4
          ],
          "y": [
            7,
            8
          ],
          "chance": 10,
          "repeat": [
            1,
            2
          ]
        },
        {
          "item": "restaur_table",
          "x": [
            8,
            9
          ],
          "y": [
            7,
            8
          ],
          "chance": 25,
          "repeat": [
            1,
            2
          ]
        },
        {
          "item": "bakery",
          "x": [
            8,
            9
          ],
          "y": [
            7,
            8
          ],
          "chance": 10,
          "repeat": [
            1,
            2
          ]
        },
        {
          "item": "chinese",
          "x": [
            8,
            9
          ],
          "y": [
            7,
            8
          ],
          "chance": 10,
          "repeat": [
            1,
            2
          ]
        },
        {
          "item": "soups",
          "x": [
            8,
            9
          ],
          "y": [
            7,
            8
          ],
          "chance": 10,
          "repeat": [
            1,
            2
          ]
        },
        {
          "item": "delibake",
          "x": [
            8,
            9
          ],
          "y": [
            7,
            8
          ],
          "chance": 10,
          "repeat": [
            1,
            2
          ]
        },
        {
          "item": "restaur_table",
          "x": [
            14,
            15
          ],
          "y": [
            7,
            8
          ],
          "chance": 25,
          "repeat": [
            1,
            2
          ]
        },
        {
          "item": "bakery",
          "x": [
            14,
            15
          ],
          "y": [
            7,
            8
          ],
          "chance": 10,
          "repeat": [
            1,
            2
          ]
        },
        {
          "item": "chinese",
          "x": [
            14,
            15
          ],
          "y": [
            7,
            8
          ],
          "chance": 10,
          "repeat": [
            1,
            2
          ]
        },
        {
          "item": "soups",
          "x": [
            14,
            15
          ],
          "y": [
            7,
            8
          ],
          "chance": 10,
          "repeat": [
            1,
            2
          ]
        },
        {
          "item": "delibake",
          "x": [
            14,
            15
          ],
          "y": [
            7,
            8
          ],
          "chance": 10,
          "repeat": [
            1,
            2
          ]
        },
        {
          "item": "restaur_table",
          "x": [
            19,
            20
          ],
          "y": [
            7,
            8
          ],
          "chance": 25,
          "repeat": [
            1,
            2
          ]
        },
        {
          "item": "bakery",
          "x": [
            19,
            20
          ],
          "y": [
            7,
            8
          ],
          "chance": 10,
          "repeat": [
            1,
            2
          ]
        },
        {
          "item": "chinese",
          "x": [
            19,
            20
          ],
          "y": [
            7,
            8
          ],
          "chance": 10,
          "repeat": [
            1,
            2
          ]
        },
        {
          "item": "soups",
          "x": [
            19,
            20
          ],
          "y": [
            7,
            8
          ],
          "chance": 10,
          "repeat": [
            1,
            2
          ]
        },
        {
          "item": "delibake",
          "x": [
            19,
            20
          ],
          "y": [
            7,
            8
          ],
          "chance": 10,
          "repeat": [
            1,
            2
          ]
        },
        {
          "item": "restaur_table",
          "x": [
            3,
            4
          ],
          "y": [
            12,
            13
          ],
          "chance": 25,
          "repeat": [
            1,
            2
          ]
        },
        {
          "item": "bakery",
          "x": [
            3,
            4
          ],
          "y": [
            12,
            13
          ],
          "chance": 10,
          "repeat": [
            1,
            2
          ]
        },
        {
          "item": "chinese",
          "x": [
            3,
            4
          ],
          "y": [
            12,
            13
          ],
          "chance": 10,
          "repeat": [
            1,
            2
          ]
        },
        {
          "item": "soups",
          "x": [
            3,
            4
          ],
          "y": [
            12,
            13
          ],
          "chance": 10,
          "repeat": [
            1,
            2
          ]
        },
        {
          "item": "delibake",
          "x": [
            3,
            4
          ],
          "y": [
            12,
            13
          ],
          "chance": 10,
          "repeat": [
            1,
            2
          ]
        },
        {
          "item": "restaur_table",
          "x": [
            8,
            9
          ],
          "y": [
            12,
            13
          ],
          "chance": 25,
          "repeat": [
            1,
            2
          ]
        },
        {
          "item": "bakery",
          "x": [
            8,
            9
          ],
          "y": [
            12,
            13
          ],
          "chance": 10,
          "repeat": [
            1,
            2
          ]
        },
        {
          "item": "chinese",
          "x": [
            8,
            9
          ],
          "y": [
            12,
            13
          ],
          "chance": 10,
          "repeat": [
            1,
            2
          ]
        },
        {
          "item": "soups",
          "x": [
            8,
            9
          ],
          "y": [
            12,
            13
          ],
          "chance": 10,
          "repeat": [
            1,
            2
          ]
        },
        {
          "item": "delibake",
          "x": [
            8,
            9
          ],
          "y": [
            12,
            13
          ],
          "chance": 10,
          "repeat": [
            1,
            2
          ]
        },
        {
          "item": "restaur_table",
          "x": [
            14,
            15
          ],
          "y": [
            12,
            13
          ],
          "chance": 25,
          "repeat": [
            1,
            2
          ]
        },
        {
          "item": "bakery",
          "x": [
            14,
            15
          ],
          "y": [
            12,
            13
          ],
          "chance": 10,
          "repeat": [
            1,
            2
          ]
        },
        {
          "item": "chinese",
          "x": [
            14,
            15
          ],
          "y": [
            12,
            13
          ],
          "chance": 10,
          "repeat": [
            1,
            2
          ]
        },
        {
          "item": "soups",
          "x": [
            14,
            15
          ],
          "y": [
            12,
            13
          ],
          "chance": 10,
          "repeat": [
            1,
            2
          ]
        },
        {
          "item": "delibake",
          "x": [
            14,
            15
          ],
          "y": [
            12,
            13
          ],
          "chance": 10,
          "repeat": [
            1,
            2
          ]
        },
        {
          "item": "restaur_table",
          "x": [
            19,
            20
          ],
          "y": [
            12,
            13
          ],
          "chance": 25,
          "repeat": [
            1,
            2
          ]
        },
        {
          "item": "bakery",
          "x": [
            19,
            20
          ],
          "y": [
            12,
            13
          ],
          "chance": 10,
          "repeat": [
            1,
            2
          ]
        },
        {
          "item": "chinese",
          "x": [
            19,
            20
          ],
          "y": [
            12,
            13
          ],
          "chance": 10,
          "repeat": [
            1,
            2
          ]
        },
        {
          "item": "soups",
          "x": [
            19,
            20
          ],
          "y": [
            12,
            13
          ],
          "chance": 10,
          "repeat": [
            1,
            2
          ]
        },
        {
          "item": "delibake",
          "x": [
            19,
            20
          ],
          "y": [
            12,
            13
          ],
          "chance": 10,
          "repeat": [
            1,
            2
          ]
        },
        {
          "item": "restaur_bath",
          "x": 2,
          "y": [
            17,
            18
          ],
          "chance": 25
        },
        {
          "item": "restaur_bath",
          "x": 2,
          "y": [
            20,
            21
          ],
          "chance": 25
        },
        {
          "item": "restaur_fridge",
          "x": [
            7,
            8
          ],
          "y": 18,
          "chance": 70,
          "repeat": [
            2,
            3
          ]
        },
        {
          "item": "delibake",
          "x": [
            7,
            8
          ],
          "y": 18,
          "chance": 20,
          "repeat": [
            2,
            3
          ]
        },
        {
          "item": "soups",
          "x": [
            7,
            8
          ],
          "y": 18,
          "chance": 20,
          "repeat": [
            2,
            3
          ]
        },
        {
          "item": "restaur_sink",
          "x": [
            10,
            11
          ],
          "y": 18,
          "chance": 75,
          "repeat": [
            2,
            3
          ]
        },
        {
          "item": "restaur_kitchen",
          "x": 9,
          "y": 18,
          "chance": 25,
          "repeat": [
            1,
            2
          ]
        },
        {
          "item": "delibake",
          "x": 9,
          "y": 18,
          "chance": 10,
          "repeat": [
            1,
            2
          ]
        },
        {
          "item": "bakery",
          "x": 9,
          "y": 18,
          "chance": 10,
          "repeat": [
            1,
            2
          ]
        },
        {
          "item": "soups",
          "x": 9,
          "y": 18,
          "chance": 10,
          "repeat": [
            1,
            2
          ]
        },
        {
          "item": "chinese",
          "x": 9,
          "y": 18,
          "chance": 10,
          "repeat": [
            1,
            2
          ]
        },
        {
          "item": "restaur_kitchen",
          "x": [
            12,
            13
          ],
          "y": 18,
          "chance": 25,
          "repeat": [
            1,
            2
          ]
        },
        {
          "item": "delibake",
          "x": [
            12,
            13
          ],
          "y": 18,
          "chance": 10,
          "repeat": [
            1,
            2
          ]
        },
        {
          "item": "bakery",
          "x": [
            12,
            13
          ],
          "y": 18,
          "chance": 10,
          "repeat": [
            1,
            2
          ]
        },
        {
          "item": "soups",
          "x": [
            12,
            13
          ],
          "y": 18,
          "chance": 10,
          "repeat": [
            1,
            2
          ]
        },
        {
          "item": "chinese",
          "x": [
            12,
            13
          ],
          "y": 18,
          "chance": 10,
          "repeat": [
            1,
            2
          ]
        },
        {
          "item": "restaur_kitchen",
          "x": [
            16,
            17
          ],
          "y": 18,
          "chance": 25,
          "repeat": [
            1,
            2
          ]
        },
        {
          "item": "delibake",
          "x": [
            16,
            17
          ],
          "y": 18,
          "chance": 10,
          "repeat": [
            1,
            2
          ]
        },
        {
          "item": "bakery",
          "x": [
            16,
            17
          ],
          "y": 18,
          "chance": 10,
          "repeat": [
            1,
            2
          ]
        },
        {
          "item": "soups",
          "x": [
            16,
            17
          ],
          "y": 18,
          "chance": 10,
          "repeat": [
            1,
            2
          ]
        },
        {
          "item": "chinese",
          "x": [
            16,
            17
          ],
          "y": 18,
          "chance": 10,
          "repeat": [
            1,
            2
          ]
        },
        {
          "item": "restaur_rack",
          "x": [
            18,
            19
          ],
          "y": 18,
          "chance": 75,
          "repeat": [
            1,
            2
          ]
        },
        {
          "item": "restaur_trash",
          "x": [
            7,
            8
          ],
          "y": 20,
          "chance": 75,
          "repeat": [
            1,
            3
          ]
        },
        {
          "item": "restaur_kitchen",
          "x": [
            9,
            11
          ],
          "y": 20,
          "chance": 25,
          "repeat": [
            1,
            2
          ]
        },
        {
          "item": "delibake",
          "x": [
            9,
            11
          ],
          "y": 20,
          "chance": 10,
          "repeat": [
            1,
            2
          ]
        },
        {
          "item": "bakery",
          "x": [
            9,
            11
          ],
          "y": 20,
          "chance": 10,
          "repeat": [
            1,
            2
          ]
        },
        {
          "item": "soups",
          "x": [
            9,
            11
          ],
          "y": 20,
          "chance": 10,
          "repeat": [
            1,
            2
          ]
        },
        {
          "item": "chinese",
          "x": [
            9,
            11
          ],
          "y": 20,
          "chance": 10,
          "repeat": [
            1,
            2
          ]
        },
        {
          "item": "restaur_kitchen",
          "x": [
            14,
            16
          ],
          "y": 20,
          "chance": 25,
          "repeat": [
            1,
            2
          ]
        },
        {
          "item": "delibake",
          "x": [
            14,
            16
          ],
          "y": 20,
          "chance": 10,
          "repeat": [
            1,
            2
          ]
        },
        {
          "item": "bakery",
          "x": [
            14,
            16
          ],
          "y": 20,
          "chance": 10,
          "repeat": [
            1,
            2
          ]
        },
        {
          "item": "soups",
          "x": [
            14,
            16
          ],
          "y": 20,
          "chance": 10,
          "repeat": [
            1,
            2
          ]
        },
        {
          "item": "chinese",
          "x": [
            14,
            16
          ],
          "y": 20,
          "chance": 10,
          "repeat": [
            1,
            2
          ]
        },
        {
          "item": "restaur_trash",
          "x": [
            7,
            8
          ],
          "y": 22,
          "chance": 50,
          "repeat": [
            1,
            2
          ]
        },
        {
          "item": "trash",
          "x": [
            7,
            8
          ],
          "y": 22,
          "chance": 50,
          "repeat": [
            1,
            2
          ]
        },
        {
          "item": "trash",
          "x": [
            0,
            17
          ],
          "y": [
            22,
            23
          ],
          "chance": 20,
          "repeat": [
            1,
            2
          ]
        }
      ],
      "place_monsters": [
        {
          "monster": "GROUP_GROCERY",
          "x": [
            7,
            19
          ],
          "y": 19,
          "chance": 10
        },
        {
          "monster": "GROUP_ROACH",
          "x": [
            7,
            19
          ],
          "y": 19,
          "chance": 60
        }
      ]
    }
  }
]