[
  {
    "id": "BGSS_METEOROLOGIST_1",
    "type": "talk_topic",
    "dynamic_line": "在<the_cataclysm>之前，我只是个普通的气象学家。我在当地气象站做数据分析之类的工作。一般来说，每天都是普通的无聊工作。在我的空闲时间，我会学习电子和无线电工程，算是为了工作吧，但主要只是作为一种爱好。当骚乱变得严重的时候，我家附近的情况还不是很清楚。我把随身携带的东西都收集起来，安顿在一个似乎被遗弃的电台里。我在那里住了一段时间，随便倒腾了一些没啥意义的东西，直到遇见你。我想剩下的你都知道了。",
    "responses": [
      {
        "text": "<done_conversation_section>",
        "topic": "TALK_FRIEND"
      },
      {
        "text": "<end_talking>",
        "topic": "TALK_DONE"
      }
    ]
  }
]