[
  {
    "type": "mapgen",
    "method": "json",
    "om_terrain": [
      "station_radio"
    ],
    "weight": 500,
    "//": "Eventually the northern shed will house the main breaker or generator that must be activated prior to transmitting.",
    "object": {
      "fill_ter": "t_floor",
      "rows": [
        "  sssssssssssssssssssss ",
        " sssssssFffffffffffffFss",
        " sssssssF____________Fss",
        " ss|----|______&&&&__Fss",
        " ss|....=______&&&&__Fss",
        " ss|x.ll|______&&&&__Fss",
        " ss|----|______&&&&__Fss",
        "  ssssssG____________Gss",
        " |--------|__________Fss",
        " |tS|eSc.r|__________Fss",
        " w..+.....=_____<____Fss",
        " |-----|..|----------|ss",
        " |7ddoo|..|..dW..h..y|ss",
        " w..h..|..D.hxW.c6c..|ss",
        " |a...y|..|...+......|ss",
        " |--+--|..|-----WWW--|4s",
        " |.+.................|ss",
        " |l|..............ch.|ss",
        " |--+--|--+--|y...c.7|ss",
        " |o....|....o|--==-w-|ss",
        " |o.h.7|7.h.o|ssssssssss",
        " |odd.y|7.ddy|ssssssssss",
        " |-www-|-www-|sssssssss ",
        "                        "
      ],
      "terrain": {
        "4": "t_gutter_downspout",
        " ": "t_region_groundcover_urban",
        "+": "t_door_c",
        "=": "t_door_locked_alarm",
        "D": "t_door_locked",
        "|": "t_wall_w",
        "-": "t_wall_w",
        "w": "t_window_alarm",
        "W": "t_window",
        ".": "t_floor",
        "_": "t_pavement",
        "&": "t_radio_tower",
        "s": "t_sidewalk",
        "F": "t_chainfence",
        "f": "t_chainfence",
        "G": "t_chaingate_l",
        "<": "t_ladder_up"
      },
      "furniture": {
        "7": "f_filing_cabinet",
        "x": "f_console_broken",
        "o": "f_bookcase",
        "d": "f_desk",
        "h": "f_chair",
        "a": "f_armchair",
        "l": "f_locker",
        "c": "f_counter",
        "S": "f_sink",
        "e": "f_fridge",
        "r": "f_trashcan",
        "y": [
          "f_indoor_plant_y",
          "f_indoor_plant"
        ]
      },
      "toilets": {
        "t": {}
      },
      "computers": {
        "6": {
          "name": "Broadcasting Control",
          "security": 2,
          "options": [
            {
              "name": "ERROR:  SIGNAL DISCONNECT",
              "action": "tower_unresponsive"
            },
            {
              "name": "Install Repeater Mod",
              "action": "repeater_mod"
            },
            {
              "name": "Browse Audio Archive",
              "action": "radio_archive"
            }
          ]
        }
      },
      "items": {
        "7": {
          "item": "office_paper",
          "chance": 30
        },
        "o": {
          "item": "novels",
          "chance": 70
        },
        "r": {
          "item": "trash",
          "chance": 70
        },
        "d": {
          "item": "office",
          "chance": 70
        },
        "e": {
          "item": "fridge",
          "chance": 70,
          "repeat": [
            2,
            3
          ]
        }
      },
      "place_loot": [
        {
          "group": "record_weather",
          "x": 18,
          "y": 13
        },
        {
          "group": "cleaning",
          "x": 2,
          "y": 17,
          "chance": 70
        },
        {
          "group": "electronics",
          "x": [
            6,
            7
          ],
          "y": 5,
          "chance": 80
        }
      ],
      "place_nested": [
        {
          "chunks": [
            [
              "NPC_meteorologist_spawn",
              40
            ],
            [
              "null",
              60
            ]
          ],
          "x": 4,
          "y": 13
        }
      ]
    }
  }
]