[
  {
    "type": "recipe",
    "activity_level": "LIGHT_EXERCISE",
    "result": "rivtech_beam_sword",
    "category": "CC_ELECTRONIC",
    "subcategory": "CSC_ELECTRONIC_COMPONENTS",
    "skill_used": "fabrication",
    "skills_required": [
      "electronics",
      10
    ],
    "difficulty": 10,
    "time": 100000,
    "book_learn": [
      [
        "textbook_beamsword",
        8
      ]
    ],
    "autolearn": false,
    "qualities": [
      {
        "id": "SCREW",
        "level": 1
      },
      {
        "id": "GLARE",
        "level": 2
      },
      {
        "id": "SAW_M_FINE",
        "level": 1
      },
      {
        "id": "WRENCH_FINE",
        "level": 1
      },
      {
        "id": "HAMMER",
        "level": 2
      }
    ],
    "tools": [
      [
        [
          "welder",
          200
        ],
        [
          "oxy_torch",
          40
        ],
        [
          "welder_crude",
          300
        ],
        [
          "toolset",
          300
        ]
      ],
      [
        [
          "soldering_iron",
          50
        ],
        [
          "toolset",
          50
        ]
      ]
    ],
    "components": [
      [
        [
          "alloy_sheet",
          1
        ]
      ],
      [
        [
          "e_scrap",
          1
        ]
      ],
      [
        [
          "copper",
          100
        ],
        [
          "scrap_copper",
          1
        ]
      ],
      [
        [
          "rt_beam_outer_casing",
          1
        ]
      ],
      [
        [
          "rt_beam_power_assembly",
          1
        ]
      ],
      [
        [
          "rt_focusing_assembly",
          1
        ]
      ],
      [
        [
          "rt_blade_emitter",
          1
        ]
      ]
    ]
  },
  {
    "type": "recipe",
    "activity_level": "LIGHT_EXERCISE",
    "result": "rt_beam_outer_casing",
    "category": "CC_ELECTRONIC",
    "subcategory": "CSC_ELECTRONIC_COMPONENTS",
    "skill_used": "fabrication",
    "skills_required": [
      "electronics",
      10
    ],
    "difficulty": 10,
    "time": 10000,
    "book_learn": [
      [
        "textbook_beamsword",
        4
      ]
    ],
    "autolearn": false,
    "qualities": [
      {
        "id": "SCREW",
        "level": 1
      },
      {
        "id": "GLARE",
        "level": 2
      },
      {
        "id": "SAW_M_FINE",
        "level": 1
      },
      {
        "id": "WRENCH_FINE",
        "level": 1
      },
      {
        "id": "HAMMER",
        "level": 2
      }
    ],
    "tools": [
      [
        [
          "welder",
          100
        ],
        [
          "oxy_torch",
          20
        ],
        [
          "welder_crude",
          150
        ],
        [
          "toolset",
          150
        ]
      ],
      [
        [
          "mold_plastic",
          -1
        ]
      ],
      [
        [
          "surface_heat",
          30,
          "LIST"
        ]
      ],
      [
        [
          "crucible",
          -1
        ],
        [
          "crucible_clay",
          -1
        ]
      ],
      [
        [
          "soldering_iron",
          20
        ],
        [
          "toolset",
          20
        ]
      ]
    ],
    "components": [
      [
        [
          "alloy_sheet",
          1
        ]
      ],
      [
        [
          "e_scrap",
          5
        ]
      ],
      [
        [
          "steel_lump",
          2
        ],
        [
          "steel_chunk",
          8
        ],
        [
          "scrap",
          24
        ]
      ],
      [
        [
          "plastic_chunk",
          4
        ]
      ],
      [
        [
          "copper",
          100
        ],
        [
          "scrap_copper",
          1
        ]
      ],
      [
        [
          "rt_beam_controls",
          1
        ]
      ]
    ]
  },
  {
    "type": "recipe",
    "activity_level": "LIGHT_EXERCISE",
    "result": "rt_beam_power_assembly",
    "category": "CC_ELECTRONIC",
    "subcategory": "CSC_ELECTRONIC_COMPONENTS",
    "skill_used": "fabrication",
    "skills_required": [
      "electronics",
      9
    ],
    "difficulty": 9,
    "time": 10000,
    "book_learn": [
      [
        "textbook_beamsword",
        5
      ]
    ],
    "autolearn": false,
    "qualities": [
      {
        "id": "GLARE",
        "level": 2
      },
      {
        "id": "SAW_M_FINE",
        "level": 1
      },
      {
        "id": "WRENCH_FINE",
        "level": 1
      }
    ],
    "tools": [
      [
        [
          "welder",
          50
        ],
        [
          "oxy_torch",
          10
        ],
        [
          "welder_crude",
          75
        ],
        [
          "toolset",
          75
        ]
      ],
      [
        [
          "soldering_iron",
          10
        ],
        [
          "toolset",
          10
        ]
      ]
    ],
    "components": [
      [
        [
          "e_scrap",
          1
        ]
      ],
      [
        [
          "rt_power_cell",
          1
        ]
      ],
      [
        [
          "rt_field_conductor",
          1
        ]
      ],
      [
        [
          "rt_vortex_ring",
          1
        ]
      ],
      [
        [
          "rt_power_insulator",
          1
        ]
      ],
      [
        [
          "rt_energy_gate",
          1
        ]
      ],
      [
        [
          "rt_recharge_socket",
          1
        ]
      ]
    ]
  },
  {
    "type": "recipe",
    "activity_level": "LIGHT_EXERCISE",
    "result": "rt_focusing_assembly",
    "category": "CC_ELECTRONIC",
    "subcategory": "CSC_ELECTRONIC_COMPONENTS",
    "skill_used": "fabrication",
    "skills_required": [
      "electronics",
      10
    ],
    "difficulty": 10,
    "time": 10000,
    "book_learn": [
      [
        "textbook_beamsword",
        4
      ]
    ],
    "autolearn": false,
    "qualities": [
      {
        "id": "SCREW_FINE",
        "level": 1
      },
      {
        "id": "GLARE",
        "level": 2
      },
      {
        "id": "WRENCH_FINE",
        "level": 1
      },
      {
        "id": "CHISEL",
        "level": 3
      }
    ],
    "tools": [
      [
        [
          "welder",
          75
        ],
        [
          "oxy_torch",
          15
        ],
        [
          "welder_crude",
          112
        ],
        [
          "toolset",
          112
        ]
      ]
    ],
    "components": [
      [
        [
          "lens",
          4
        ]
      ],
      [
        [
          "e_scrap",
          12
        ]
      ],
      [
        [
          "amplifier",
          2
        ],
        [
          "antenna",
          2
        ]
      ],
      [
        [
          "rt_focusing_chamber",
          1
        ]
      ],
      [
        [
          "rt_crystal_shard",
          1
        ]
      ]
    ]
  },
  {
    "type": "recipe",
    "activity_level": "LIGHT_EXERCISE",
    "result": "rt_blade_emitter",
    "category": "CC_ELECTRONIC",
    "subcategory": "CSC_ELECTRONIC_COMPONENTS",
    "skill_used": "fabrication",
    "skills_required": [
      "electronics",
      10
    ],
    "difficulty": 10,
    "time": 10000,
    "book_learn": [
      [
        "textbook_beamsword",
        4
      ]
    ],
    "autolearn": false,
    "qualities": [
      [
        {
          "id": "SCREW",
          "level": 1
        }
      ],
      [
        {
          "id": "SCREW_FINE",
          "level": 1
        }
      ]
    ],
    "components": [
      [
        [
          "rt_blade_channel",
          1
        ]
      ],
      [
        [
          "rt_cycling_field",
          1
        ]
      ],
      [
        [
          "rt_modulation_circuit",
          1
        ]
      ],
      [
        [
          "rt_focusing_lens",
          1
        ]
      ],
      [
        [
          "rt_emitter_matrix",
          1
        ]
      ],
      [
        [
          "rt_flux_aperture",
          1
        ]
      ]
    ]
  }
]