[
  {
    "type": "recipe",
    "activity_level": "LIGHT_EXERCISE",
    "result": "rt_blade_channel",
    "category": "CC_ELECTRONIC",
    "subcategory": "CSC_ELECTRONIC_COMPONENTS",
    "skill_used": "electronics",
    "skills_required": [
      "fabrication",
      8
    ],
    "difficulty": 8,
    "time": 10000,
    "book_learn": [
      [
        "textbook_beamsword",
        5
      ]
    ],
    "autolearn": false,
    "qualities": [
      {
        "id": "CHEM",
        "level": 1
      },
      {
        "id": "GLARE",
        "level": 2
      },
      {
        "id": "SAW_M_FINE",
        "level": 1
      }
    ],
    "tools": [
      [
        [
          "welder",
          200
        ],
        [
          "oxy_torch",
          40
        ],
        [
          "welder_crude",
          250
        ],
        [
          "toolset",
          250
        ]
      ],
      [
        [
          "tongs",
          -1
        ]
      ]
    ],
    "components": [
      [
        [
          "scrap",
          4
        ]
      ],
      [
        [
          "chem_acetic_acid",
          20
        ]
      ],
      [
        [
          "oxy_powder",
          20
        ]
      ],
      [
        [
          "chem_thermite",
          5
        ]
      ]
    ]
  },
  {
    "type": "recipe",
    "activity_level": "LIGHT_EXERCISE",
    "result": "rt_cycling_field",
    "category": "CC_ELECTRONIC",
    "subcategory": "CSC_ELECTRONIC_COMPONENTS",
    "skill_used": "electronics",
    "difficulty": 8,
    "time": 10000,
    "book_learn": [
      [
        "textbook_beamsword",
        4
      ]
    ],
    "autolearn": false,
    "qualities": [
      [
        {
          "id": "SCREW_FINE",
          "level": 1
        }
      ]
    ],
    "tools": [
      [
        [
          "soldering_iron",
          40
        ],
        [
          "toolset",
          40
        ]
      ]
    ],
    "components": [
      [
        [
          "e_scrap",
          1
        ]
      ],
      [
        [
          "solder_wire",
          2
        ]
      ],
      [
        [
          "amplifier",
          1
        ]
      ],
      [
        [
          "solar_cell",
          1
        ]
      ]
    ]
  },
  {
    "type": "recipe",
    "activity_level": "LIGHT_EXERCISE",
    "result": "rt_modulation_circuit",
    "category": "CC_ELECTRONIC",
    "subcategory": "CSC_ELECTRONIC_COMPONENTS",
    "skill_used": "electronics",
    "difficulty": 8,
    "time": 10000,
    "book_learn": [
      [
        "textbook_beamsword",
        4
      ]
    ],
    "autolearn": false,
    "qualities": [
      [
        {
          "id": "SCREW_FINE",
          "level": 1
        }
      ]
    ],
    "tools": [
      [
        [
          "soldering_iron",
          25
        ],
        [
          "toolset",
          25
        ]
      ]
    ],
    "components": [
      [
        [
          "e_scrap",
          5
        ]
      ],
      [
        [
          "solder_wire",
          10
        ]
      ],
      [
        [
          "cable",
          4
        ]
      ],
      [
        [
          "silver_small",
          4
        ]
      ],
      [
        [
          "amplifier",
          1
        ]
      ],
      [
        [
          "processor",
          1
        ]
      ]
    ]
  },
  {
    "type": "recipe",
    "activity_level": "LIGHT_EXERCISE",
    "result": "rt_focusing_lens",
    "category": "CC_ELECTRONIC",
    "subcategory": "CSC_ELECTRONIC_COMPONENTS",
    "skill_used": "fabrication",
    "skills_required": [
      "electronics",
      8
    ],
    "difficulty": 8,
    "time": 10000,
    "book_learn": [
      [
        "textbook_beamsword",
        4
      ]
    ],
    "autolearn": false,
    "qualities": [
      [
        {
          "id": "SCREW_FINE",
          "level": 1
        }
      ],
      [
        {
          "id": "SAW_M_FINE",
          "level": 1
        }
      ]
    ],
    "tools": [
      [
        [
          "soldering_iron",
          10
        ],
        [
          "toolset",
          10
        ]
      ]
    ],
    "components": [
      [
        [
          "e_scrap",
          1
        ]
      ],
      [
        [
          "scrap_copper",
          1
        ]
      ],
      [
        [
          "ceramic_shard",
          1
        ]
      ],
      [
        [
          "diamond",
          1
        ]
      ]
    ]
  },
  {
    "type": "recipe",
    "activity_level": "LIGHT_EXERCISE",
    "result": "rt_emitter_matrix",
    "category": "CC_ELECTRONIC",
    "subcategory": "CSC_ELECTRONIC_COMPONENTS",
    "skill_used": "electronics",
    "skills_required": [
      "cooking",
      10
    ],
    "difficulty": 8,
    "time": 10000,
    "book_learn": [
      [
        "textbook_beamsword",
        5
      ]
    ],
    "autolearn": false,
    "qualities": [
      {
        "id": "GLARE",
        "level": 1
      },
      {
        "id": "SAW_M_FINE",
        "level": 1
      },
      {
        "id": "CHEM",
        "level": 3
      }
    ],
    "tools": [
      [
        [
          "tongs",
          -1
        ]
      ],
      [
        [
          "mold_plastic",
          -1
        ]
      ],
      [
        [
          "surface_heat",
          30,
          "LIST"
        ]
      ]
    ],
    "components": [
      [
        [
          "silver_small",
          10
        ]
      ],
      [
        [
          "gold_small",
          10
        ]
      ],
      [
        [
          "plut_slurry_dense",
          10
        ]
      ],
      [
        [
          "oxy_powder",
          100
        ]
      ],
      [
        [
          "plastic_chunk",
          1
        ]
      ]
    ]
  },
  {
    "type": "recipe",
    "activity_level": "LIGHT_EXERCISE",
    "result": "rt_flux_aperture",
    "category": "CC_ELECTRONIC",
    "subcategory": "CSC_ELECTRONIC_COMPONENTS",
    "skill_used": "electronics",
    "skills_required": [
      "fabrication",
      9
    ],
    "difficulty": 9,
    "time": 10000,
    "book_learn": [
      [
        "textbook_beamsword",
        5
      ]
    ],
    "autolearn": false,
    "qualities": [
      [
        {
          "id": "HAMMER",
          "level": 1
        }
      ],
      [
        {
          "id": "SCREW",
          "level": 1
        }
      ]
    ],
    "tools": [
      [
        [
          "soldering_iron",
          5
        ],
        [
          "toolset",
          5
        ]
      ]
    ],
    "components": [
      [
        [
          "scrap",
          4
        ]
      ],
      [
        [
          "scrap_copper",
          4
        ]
      ],
      [
        [
          "cable",
          9
        ]
      ],
      [
        [
          "power_supply",
          1
        ]
      ]
    ]
  }
]