[
  {
    "type": "recipe",
    "activity_level": "LIGHT_EXERCISE",
    "result": "rt_focusing_chamber",
    "category": "CC_ELECTRONIC",
    "subcategory": "CSC_ELECTRONIC_COMPONENTS",
    "skill_used": "electronics",
    "difficulty": 8,
    "time": 10000,
    "book_learn": [
      [
        "textbook_beamsword",
        4
      ]
    ],
    "autolearn": false,
    "qualities": [
      [
        {
          "id": "SCREW_FINE",
          "level": 1
        }
      ],
      [
        {
          "id": "SAW_M_FINE",
          "level": 1
        }
      ]
    ],
    "tools": [
      [
        [
          "soldering_iron",
          50
        ],
        [
          "toolset",
          50
        ]
      ]
    ],
    "components": [
      [
        [
          "scrap",
          3
        ]
      ],
      [
        [
          "superglue",
          4
        ]
      ],
      [
        [
          "solder_wire",
          20
        ]
      ],
      [
        [
          "cable",
          20
        ]
      ],
      [
        [
          "lens",
          1
        ]
      ]
    ]
  }
]