[
  {
    "type": "recipe",
    "activity_level": "LIGHT_EXERCISE",
    "result": "rt_beam_controls",
    "category": "CC_ELECTRONIC",
    "subcategory": "CSC_ELECTRONIC_COMPONENTS",
    "skill_used": "electronics",
    "difficulty": 9,
    "time": 10000,
    "book_learn": [
      [
        "textbook_beamsword",
        5
      ]
    ],
    "autolearn": false,
    "qualities": [
      {
        "id": "SCREW_FINE",
        "level": 1
      }
    ],
    "tools": [
      [
        [
          "soldering_iron",
          15
        ],
        [
          "toolset",
          15
        ]
      ]
    ],
    "components": [
      [
        [
          "RAM",
          4
        ]
      ],
      [
        [
          "processor",
          1
        ]
      ],
      [
        [
          "plastic_chunk",
          2
        ]
      ],
      [
        [
          "small_storage_battery",
          1
        ]
      ],
      [
        [
          "small_lcd_screen",
          1
        ]
      ],
      [
        [
          "cable",
          2
        ]
      ],
      [
        [
          "superglue",
          1
        ]
      ]
    ]
  }
]