[
  {
    "type": "mod_tileset",
    "compatibility": [ "UltimateCataclysm", "UltimateCataclysmDemo" ],
    "tiles-new": [
      {
        "file": "mod_tileset.png",
        "sprite_width": 32,
        "sprite_height": 32,
        "tiles": [ { "id": [ "vp_tread1", "vp_tread2", "vp_tread3" ], "fg": 0, "rotates": true } ]
      },
      {
        "file": "mod_tileset.png",
        "sprite_width": 32,
        "sprite_height": 32,
        "tiles": [
          {
            "id": [
              "vp_mounted_tank_manual",
              "vp_mounted_tank_auto",
              "vp_mounted_tank_manual_105mm",
              "vp_mounted_howitzer",
              "vp_tow_turret",
              "vp_mounted_25mm_autocannon",
              "vp_mounted_25mm_autocannon_sawn"
            ],
            "fg": 1,
            "rotates": true
          }
        ]
      }
    ]
  }
]
