[
  {
    "type": "monstergroup",
    "name": "GROUP_LAB_EXTRA",
    "default": "mon_zombie_scientist",
    "monsters": [
      {
        "monster": "mon_zombie_necro",
        "freq": 15,
        "cost_multiplier": 15
      },
      {
        "monster": "mon_zombie_brute_shocker",
        "freq": 10,
        "cost_multiplier": 5
      },
      {
        "monster": "mon_zombie_smoker",
        "freq": 15,
        "cost_multiplier": 5
      },
      {
        "monster": "mon_zombie_acidic",
        "freq": 45,
        "cost_multiplier": 2
      },
      {
        "monster": "mon_zombie_master",
        "freq": 2,
        "cost_multiplier": 30
      },
      {
        "monster": "mon_zombie_thorny",
        "freq": 25,
        "cost_multiplier": 5
      },
      {
        "monster": "mon_triffid_young",
        "freq": 50,
        "cost_multiplier": 1,
        "pack_size": [
          2,
          4
        ]
      },
      {
        "monster": "mon_triffid",
        "freq": 100,
        "cost_multiplier": 2,
        "pack_size": [
          2,
          3
        ]
      },
      {
        "monster": "mon_vinebeast",
        "freq": 50,
        "cost_multiplier": 5
      },
      {
        "monster": "mon_mutant_experimental",
        "freq": 30,
        "cost_multiplier": 15
      },
      {
        "monster": "mon_charred_nightmare",
        "freq": 30,
        "cost_multiplier": 15
      },
      {
        "monster": "mon_flying_polyp",
        "freq": 50,
        "cost_multiplier": 10
      },
      {
        "monster": "mon_hunting_horror",
        "freq": 100,
        "cost_multiplier": 1
      },
      {
        "monster": "mon_yugg",
        "freq": 50,
        "cost_multiplier": 25
      },
      {
        "monster": "mon_gelatin",
        "freq": 75,
        "cost_multiplier": 1
      },
      {
        "monster": "mon_gozu",
        "freq": 25,
        "cost_multiplier": 5
      },
      {
        "monster": "mon_shoggoth",
        "freq": 50,
        "cost_multiplier": 15
      }
    ]
  }
]