[
  {
    "type": "MOD_INFO",
    "id": "crazy_labs",
    "name": "疯狂实验室",
    "authors": [
      "TK90"
    ],
    "description": "（润色完毕。欢迎反馈翻译问题）一个mod，增加了大量较强的实验室怪物的生成。现在实验室是游戏大后期挑战的地区了！适合那些觉得实验室太简单或无聊的玩家。灵感来自《生化危机2》、《半衰期2》里的实验室。",
    "category": "creatures",
    "dependencies": [
      "dda"
    ]
  }
]