[
  {
    "type": "monstergroup",
    "name": "GROUP_CENTRAL_LAB",
    "default": "mon_zombie_scientist",
    "monsters": [
      {
        "monster": "mon_zombie_soldier",
        "freq": 60,
        "cost_multiplier": 1,
        "pack_size": [
          1,
          4
        ]
      },
      {
        "monster": "mon_manhack",
        "freq": 50,
        "cost_multiplier": 0
      },
      {
        "monster": "mon_manhack",
        "freq": 45,
        "cost_multiplier": 0,
        "pack_size": [
          2,
          3
        ]
      },
      {
        "monster": "mon_skitterbot",
        "freq": 50,
        "cost_multiplier": 0,
        "pack_size": [
          2,
          3
        ]
      },
      {
        "monster": "mon_skitterbot",
        "freq": 1,
        "cost_multiplier": 0,
        "pack_size": [
          8,
          12
        ]
      },
      {
        "monster": "mon_secubot",
        "freq": 5,
        "cost_multiplier": 10
      },
      {
        "monster": "mon_talon_m202a1",
        "freq": 3,
        "cost_multiplier": 10
      },
      {
        "monster": "mon_zombie_hazmat",
        "freq": 50,
        "cost_multiplier": 0
      },
      {
        "monster": "mon_zombie_bio_op",
        "freq": 50,
        "cost_multiplier": 5
      },
      {
        "monster": "mon_zombie_armored",
        "freq": 5,
        "cost_multiplier": 5
      },
      {
        "monster": "mon_zombie_technician",
        "freq": 50,
        "cost_multiplier": 3
      },
      {
        "monster": "mon_zombie_static",
        "freq": 50,
        "cost_multiplier": 3
      },
      {
        "monster": "mon_zombie_brute_shocker",
        "freq": 10,
        "cost_multiplier": 5
      },
      {
        "monster": "mon_zombie_hulk",
        "freq": 1,
        "cost_multiplier": 50
      },
      {
        "monster": "mon_skeleton_hulk",
        "freq": 1,
        "cost_multiplier": 50
      },
      {
        "monster": "mon_blob_small",
        "freq": 25,
        "cost_multiplier": 0,
        "pack_size": [
          1,
          4
        ]
      },
      {
        "monster": "mon_zombie_tough",
        "freq": 50,
        "cost_multiplier": 2,
        "pack_size": [
          1,
          3
        ]
      },
      {
        "monster": "mon_zombie_crawler",
        "freq": 50,
        "cost_multiplier": 0
      },
      {
        "monster": "mon_zombie_labsecurity",
        "freq": 50,
        "cost_multiplier": 1,
        "pack_size": [
          1,
          3
        ]
      },
      {
        "monster": "mon_zombie_scientist",
        "freq": 50,
        "cost_multiplier": 1,
        "pack_size": [
          1,
          5
        ]
      },
      {
        "monster": "mon_zombie_thorny",
        "freq": 50,
        "cost_multiplier": 5
      },
      {
        "monster": "mon_zombie_electric",
        "freq": 50,
        "cost_multiplier": 3
      },
      {
        "monster": "mon_zombie_smoker",
        "freq": 15,
        "cost_multiplier": 5
      },
      {
        "monster": "mon_zombie_acidic",
        "freq": 45,
        "cost_multiplier": 2
      },
      {
        "monster": "mon_zombie_master",
        "freq": 2,
        "cost_multiplier": 30
      },
      {
        "monster": "mon_zombie_thorny",
        "freq": 13,
        "cost_multiplier": 5
      },
      {
        "monster": "mon_zombie_necro",
        "freq": 15,
        "cost_multiplier": 15
      },
      {
        "monster": "mon_science_bot",
        "freq": 50,
        "cost_multiplier": 15
      },
      {
        "monster": "mon_mutant_experimental",
        "freq": 50,
        "cost_multiplier": 2
      },
      {
        "monster": "mon_nakedmolerat_giant",
        "freq": 45,
        "cost_multiplier": 2
      },
      {
        "monster": "mon_triffid_young",
        "freq": 50,
        "cost_multiplier": 0,
        "pack_size": [
          2,
          4
        ]
      },
      {
        "monster": "mon_triffid",
        "freq": 50,
        "cost_multiplier": 1,
        "pack_size": [
          2,
          3
        ]
      },
      {
        "monster": "mon_vinebeast",
        "freq": 50,
        "cost_multiplier": 5
      },
      {
        "monster": "mon_triffid_queen",
        "freq": 5,
        "cost_multiplier": 50
      },
      {
        "monster": "mon_charred_nightmare",
        "freq": 15,
        "cost_multiplier": 15
      },
      {
        "monster": "mon_flying_polyp",
        "freq": 25,
        "cost_multiplier": 15
      },
      {
        "monster": "mon_hunting_horror",
        "freq": 100,
        "cost_multiplier": 1
      },
      {
        "monster": "mon_yugg",
        "freq": 75,
        "cost_multiplier": 25
      },
      {
        "monster": "mon_gelatin",
        "freq": 75,
        "cost_multiplier": 1
      },
      {
        "monster": "mon_flaming_eye",
        "freq": 50,
        "cost_multiplier": 25
      },
      {
        "monster": "mon_kreck",
        "freq": 50,
        "cost_multiplier": 1
      },
      {
        "monster": "mon_gozu",
        "freq": 25,
        "cost_multiplier": 5
      },
      {
        "monster": "mon_shoggoth",
        "freq": 50,
        "cost_multiplier": 5
      },
      {
        "monster": "mon_hound_tindalos",
        "freq": 5,
        "cost_multiplier": 30
      },
      {
        "monster": "mon_dog_thing",
        "freq": 1,
        "cost_multiplier": 30
      }
    ]
  }
]