[
  {
    "type": "mapgen",
    "om_terrain": [
      "BL9_anomaly_core1"
    ],
    "method": "json",
    "weight": 100,
    "object": {
      "fill_ter": "t_BL9uniqmazing_fl_purple",
      "rows": [
        "qqqqqqqqqqqqqqqqqqqqqqqq",
        "q111dsg111hgz111sdg1111q",
        "qz1111111b1111111111111q",
        "q111111111111111111111hq",
        "qqqqqq?qqqqq1111111111dq",
        "q1ds11111h1q111111b111sq",
        "q1111111111q11111111111q",
        "q111111b11sq11111111111q",
        "q11zg111111q11zgs11dh11q",
        "qqqqqqq?qqqqqqqqqqqqqqqq",
        "q11hd1111111q11gdh11111q",
        "qz1111111111q111111111hq",
        "qg1111111111?1111b1111zq",
        "qs11111b1111q111111111sq",
        "q11111111111q1111111111q",
        "q11dgh11sz11q1zs1111dh1q",
        "qqqqqqqqqqqqqqqqqq?qqqqq",
        "q11ghz111q11zgs11111111q",
        "qh1111111q111111111111gq",
        "qd111b111?111111b11111sq",
        "qz1111111q111111111111hq",
        "q11111111q1111111111111q",
        "q11sgh111q11hgd111zhg11q",
        "qqqqqqqqqqqqqqqqqqqqqqqq"
      ],
      "palettes": [
        "BL9_biomes_palette"
      ],
      "terrain": {
        "a": "t_vat"
      },
      "furniture": {
        "s": [
          [
            "f_filing_cabinet",
            10
          ],
          [
            "f_locker",
            10
          ],
          [
            "f_lab_bench",
            10
          ],
          [
            "f_alien_pod",
            10
          ],
          [
            "f_BL9_alien_anemone",
            10
          ]
        ],
        "d": [
          [
            "f_autoclave",
            10
          ],
          [
            "f_sample_freezer",
            10
          ],
          [
            "f_shaker",
            10
          ],
          [
            "f_BL9_alien_anemone",
            10
          ],
          [
            "f_BL9_glowing_tendril",
            10
          ]
        ],
        "g": [
          [
            "f_HPLC",
            10
          ],
          [
            "f_GC",
            10
          ],
          [
            "f_MS",
            10
          ],
          [
            "f_NMR",
            10
          ],
          [
            "f_BL9_glowing_tendril",
            10
          ],
          [
            "f_BL9_alien_gasper",
            10
          ]
        ],
        "h": [
          [
            "f_electron_microscope",
            10
          ],
          [
            "f_CTscan",
            10
          ],
          [
            "f_anesthetic",
            10
          ],
          [
            "f_BL9_alien_gasper",
            10
          ],
          [
            "f_alien_pod",
            10
          ]
        ],
        "j": "f_scan_bed",
        "l": [
          [
            "f_MRI",
            10
          ],
          [
            "f_CTscan",
            10
          ]
        ],
        "z": "f_console",
        "x": "f_chair",
        "b": "f_BL9_floor_olight"
      },
      "place_monster": [
        {
          "monster": "mon_BL9_military_cut",
          "x": 6,
          "y": 19
        },
        {
          "monster": "mon_BL9_military_stab",
          "x": 5,
          "y": 22
        },
        {
          "monster": "mon_BL9_military_behemoth_minigun",
          "x": 15,
          "y": 20
        },
        {
          "monster": "mon_BL9_military_crossbow",
          "x": 17,
          "y": 20
        },
        {
          "monster": "mon_BL9_mutant_evo_3",
          "x": 16,
          "y": 22
        },
        {
          "monster": "mon_BL9_military_shockrod",
          "x": 18,
          "y": 22
        },
        {
          "monster": "mon_BL9_mutant_evo_2",
          "x": 18,
          "y": 12
        },
        {
          "monster": "mon_BL9_military_crossbow",
          "x": 19,
          "y": 12
        },
        {
          "monster": "mon_BL9_military_bash",
          "x": 20,
          "y": 12
        },
        {
          "monster": "mon_BL9_military_cut",
          "x": 6,
          "y": 15
        },
        {
          "monster": "mon_BL9_military_stab",
          "x": 7,
          "y": 15
        },
        {
          "monster": "mon_BL9_military_behemoth_minigun",
          "x": 8,
          "y": 15
        },
        {
          "monster": "mon_BL9_military_crossbow",
          "x": 8,
          "y": 7
        },
        {
          "monster": "mon_BL9_mutant_evo_3",
          "x": 12,
          "y": 4
        },
        {
          "monster": "mon_BL9_military_shockrod",
          "x": 17,
          "y": 5
        },
        {
          "monster": "mon_BL9_mutant_evo_2",
          "x": 20,
          "y": 8
        },
        {
          "monster": "mon_BL9_military_crossbow",
          "x": 21,
          "y": 6
        },
        {
          "monster": "mon_BL9_military_bash",
          "x": 16,
          "y": 8
        }
      ]
    }
  },
  {
    "type": "mapgen",
    "om_terrain": [
      "BL9_anomaly_core2"
    ],
    "method": "json",
    "weight": 100,
    "object": {
      "fill_ter": "t_BL9uniqmazing_fl_purple",
      "rows": [
        "qqqqqqqqqqqqqqqqqqqqqqqq",
        "q11zsg11gdh1q11sgz11dszq",
        "q11111111111q1111111111q",
        "q11111111111q1111111111q",
        "qd111111111gqs11111111gq",
        "qh111111111zqh11111111zq",
        "qg1111b1111dqg1111b111hq",
        "q11111111111q1111111111q",
        "q1111111111sq1111111111q",
        "q1111111111sq111111111sq",
        "qs1111111111q111111111hq",
        "qd1111111111q111111111zq",
        "qg1111111111?1111111111q",
        "q11111b11111q11111b1111q",
        "q11111111111q111111111hq",
        "q11111111111qz11111111sq",
        "qh111111111zqd11111111dq",
        "qg111111111dqg111111111q",
        "qz111111111sq111111111sq",
        "q11111b11111q11111b111sq",
        "q11111111111qg11111111hq",
        "q11111111111qh111111111q",
        "q11gzh11dhs1q11zsg11hgdq",
        "qqqqqqqqqqqqqqqqqqqqqqqq"
      ],
      "palettes": [
        "BL9_biomes_palette"
      ],
      "terrain": {
        "a": "t_vat"
      },
      "furniture": {
        "s": [
          [
            "f_filing_cabinet",
            10
          ],
          [
            "f_locker",
            10
          ],
          [
            "f_lab_bench",
            10
          ],
          [
            "f_alien_pod",
            10
          ],
          [
            "f_BL9_alien_anemone",
            10
          ]
        ],
        "d": [
          [
            "f_autoclave",
            10
          ],
          [
            "f_sample_freezer",
            10
          ],
          [
            "f_shaker",
            10
          ],
          [
            "f_BL9_alien_anemone",
            10
          ],
          [
            "f_BL9_glowing_tendril",
            10
          ]
        ],
        "g": [
          [
            "f_HPLC",
            10
          ],
          [
            "f_GC",
            10
          ],
          [
            "f_MS",
            10
          ],
          [
            "f_NMR",
            10
          ],
          [
            "f_BL9_glowing_tendril",
            10
          ],
          [
            "f_BL9_alien_gasper",
            10
          ]
        ],
        "h": [
          [
            "f_electron_microscope",
            10
          ],
          [
            "f_CTscan",
            10
          ],
          [
            "f_anesthetic",
            10
          ],
          [
            "f_BL9_alien_gasper",
            10
          ],
          [
            "f_alien_pod",
            10
          ]
        ],
        "j": "f_scan_bed",
        "l": [
          [
            "f_MRI",
            10
          ],
          [
            "f_CTscan",
            10
          ]
        ],
        "z": "f_console",
        "x": "f_chair",
        "b": "f_BL9_floor_olight"
      },
      "place_monster": [
        {
          "monster": "mon_BL9_military_cut",
          "x": 7,
          "y": 5
        },
        {
          "monster": "mon_BL9_military_stab",
          "x": 7,
          "y": 7
        },
        {
          "monster": "mon_BL9_military_behemoth_minigun",
          "x": 7,
          "y": 9
        },
        {
          "monster": "mon_BL9_military_crossbow",
          "x": 7,
          "y": 11
        },
        {
          "monster": "mon_BL9_mutant_evo_3",
          "x": 7,
          "y": 13
        },
        {
          "monster": "mon_BL9_military_shockrod",
          "x": 7,
          "y": 15
        },
        {
          "monster": "mon_BL9_mutant_evo_2",
          "x": 7,
          "y": 17
        },
        {
          "monster": "mon_BL9_military_crossbow",
          "x": 7,
          "y": 19
        },
        {
          "monster": "mon_BL9_military_bash",
          "x": 7,
          "y": 21
        },
        {
          "monster": "mon_BL9_military_cut",
          "x": 19,
          "y": 5
        },
        {
          "monster": "mon_BL9_military_stab",
          "x": 19,
          "y": 7
        },
        {
          "monster": "mon_BL9_military_behemoth_minigun",
          "x": 19,
          "y": 9
        },
        {
          "monster": "mon_BL9_military_crossbow",
          "x": 19,
          "y": 11
        },
        {
          "monster": "mon_BL9_mutant_evo_3",
          "x": 19,
          "y": 13
        },
        {
          "monster": "mon_BL9_military_shockrod",
          "x": 19,
          "y": 15
        },
        {
          "monster": "mon_BL9_mutant_evo_2",
          "x": 19,
          "y": 17
        },
        {
          "monster": "mon_BL9_military_crossbow",
          "x": 19,
          "y": 19
        },
        {
          "monster": "mon_BL9_military_bash",
          "x": 19,
          "y": 21
        }
      ]
    }
  },
  {
    "type": "mapgen",
    "om_terrain": [
      "BL9_anomaly_core3"
    ],
    "method": "json",
    "weight": 100,
    "object": {
      "fill_ter": "t_BL9uniqmazing_fl_purple",
      "rows": [
        "qqqqqqqqqqqqqqqqqqqqqqqq",
        "q11zgd11shd1q1111111111q",
        "q11111111111qh11111111gq",
        "qg1111b1111gqs1111b111sq",
        "qh111111111dq111111111dq",
        "qs111111111zq1111111111q",
        "q11111111111qs11111111zq",
        "q1111111111hqd11111111sq",
        "qd1111b1111sqg1111b111hq",
        "qg111111111sq1111111111q",
        "qh1111111111q1111111111q",
        "qqqqqq?qqqqqqqqqqq?qqqqq",
        "q1gs11111sh1q1111111111q",
        "q11111111111qh11111111gq",
        "qh111111111zqs11111111zq",
        "qd111111111hqg11111111dq",
        "qz1111b11111q11111b1111q",
        "q11111111111?1111111111q",
        "q11111111111q111111111gq",
        "qz1111111111q111111111sq",
        "qs111111111sqz11111111zq",
        "qg1111b1111hqs1111b1111q",
        "q11ghz11szd1q11zgd11shgq",
        "qqqqqqqqqqqqqqqqqqqqqqqq"
      ],
      "palettes": [
        "BL9_biomes_palette"
      ],
      "terrain": {
        "a": "t_vat"
      },
      "furniture": {
        "s": [
          [
            "f_filing_cabinet",
            10
          ],
          [
            "f_locker",
            10
          ],
          [
            "f_lab_bench",
            10
          ],
          [
            "f_alien_pod",
            10
          ],
          [
            "f_BL9_alien_anemone",
            10
          ]
        ],
        "d": [
          [
            "f_autoclave",
            10
          ],
          [
            "f_sample_freezer",
            10
          ],
          [
            "f_shaker",
            10
          ],
          [
            "f_BL9_alien_anemone",
            10
          ],
          [
            "f_BL9_glowing_tendril",
            10
          ]
        ],
        "g": [
          [
            "f_HPLC",
            10
          ],
          [
            "f_GC",
            10
          ],
          [
            "f_MS",
            10
          ],
          [
            "f_NMR",
            10
          ],
          [
            "f_BL9_glowing_tendril",
            10
          ],
          [
            "f_BL9_alien_gasper",
            10
          ]
        ],
        "h": [
          [
            "f_electron_microscope",
            10
          ],
          [
            "f_CTscan",
            10
          ],
          [
            "f_anesthetic",
            10
          ],
          [
            "f_BL9_alien_gasper",
            10
          ],
          [
            "f_alien_pod",
            10
          ]
        ],
        "j": "f_scan_bed",
        "l": [
          [
            "f_MRI",
            10
          ],
          [
            "f_CTscan",
            10
          ]
        ],
        "z": "f_console",
        "x": "f_chair",
        "b": "f_BL9_floor_olight"
      },
      "place_monster": [
        {
          "monster": "mon_BL9_military_cut",
          "x": 7,
          "y": 5
        },
        {
          "monster": "mon_BL9_military_stab",
          "x": 7,
          "y": 7
        },
        {
          "monster": "mon_BL9_military_behemoth_minigun",
          "x": 7,
          "y": 9
        },
        {
          "monster": "mon_BL9_military_crossbow",
          "x": 7,
          "y": 11
        },
        {
          "monster": "mon_BL9_mutant_evo_3",
          "x": 7,
          "y": 13
        },
        {
          "monster": "mon_BL9_military_shockrod",
          "x": 7,
          "y": 15
        },
        {
          "monster": "mon_BL9_mutant_evo_2",
          "x": 7,
          "y": 17
        },
        {
          "monster": "mon_BL9_military_crossbow",
          "x": 7,
          "y": 19
        },
        {
          "monster": "mon_BL9_military_bash",
          "x": 7,
          "y": 21
        },
        {
          "monster": "mon_BL9_military_cut",
          "x": 19,
          "y": 5
        },
        {
          "monster": "mon_BL9_military_stab",
          "x": 19,
          "y": 7
        },
        {
          "monster": "mon_BL9_military_behemoth_minigun",
          "x": 19,
          "y": 9
        },
        {
          "monster": "mon_BL9_military_crossbow",
          "x": 19,
          "y": 11
        },
        {
          "monster": "mon_BL9_mutant_evo_3",
          "x": 19,
          "y": 13
        },
        {
          "monster": "mon_BL9_military_shockrod",
          "x": 19,
          "y": 15
        },
        {
          "monster": "mon_BL9_mutant_evo_2",
          "x": 19,
          "y": 17
        },
        {
          "monster": "mon_BL9_military_crossbow",
          "x": 19,
          "y": 19
        },
        {
          "monster": "mon_BL9_military_bash",
          "x": 19,
          "y": 21
        }
      ]
    }
  },
  {
    "type": "mapgen",
    "om_terrain": [
      "BL9_anomaly_core4"
    ],
    "method": "json",
    "weight": 100,
    "object": {
      "fill_ter": "t_BL9uniqmazing_fl_purple",
      "rows": [
        "qqqqqqqqqqqqqqqqqqqqqqqq",
        "q111gzd11shd111zsh11ghdq",
        "qs111111111111111111111q",
        "qd111b111111q111111b11sq",
        "q1111111111qqq11111111sq",
        "q111111111qqzq111111111q",
        "qg1111111qqh1qq1111qqqqq",
        "qz111111qqg11sqq11qq111q",
        "qh11111qq111111q1qq1111q",
        "q1111qqq111b111q?q1111hq",
        "q1b1qqz111111111111111gq",
        "q111qqs111111111111111zq",
        "q111hqqq1111111111b1111q",
        "q11111zqdq111111111111qq",
        "q1111gqqqqq11111111sqqzq",
        "q1111qqszgqq1g111hqqqg1q",
        "q111qq11111qqqqzqqqh111q",
        "qq?qq1111111qdqqq111111q",
        "q11111111111q111111111gq",
        "qs1111111111q11111b111sq",
        "q11111b11111?111111111hq",
        "qs1111111111q1111111111q",
        "q11hgd11dgz1q11gsz11dz1q",
        "qqqqqqqqqqqqqqqqqqqqqqqq"
      ],
      "palettes": [
        "BL9_biomes_palette"
      ],
      "terrain": {
        "a": "t_vat"
      },
      "furniture": {
        "s": [
          [
            "f_filing_cabinet",
            10
          ],
          [
            "f_locker",
            10
          ],
          [
            "f_lab_bench",
            10
          ],
          [
            "f_alien_pod",
            10
          ],
          [
            "f_BL9_alien_anemone",
            10
          ]
        ],
        "d": [
          [
            "f_autoclave",
            10
          ],
          [
            "f_sample_freezer",
            10
          ],
          [
            "f_shaker",
            10
          ],
          [
            "f_BL9_alien_anemone",
            10
          ],
          [
            "f_BL9_glowing_tendril",
            10
          ]
        ],
        "g": [
          [
            "f_HPLC",
            10
          ],
          [
            "f_GC",
            10
          ],
          [
            "f_MS",
            10
          ],
          [
            "f_NMR",
            10
          ],
          [
            "f_BL9_glowing_tendril",
            10
          ],
          [
            "f_BL9_alien_gasper",
            10
          ]
        ],
        "h": [
          [
            "f_electron_microscope",
            10
          ],
          [
            "f_CTscan",
            10
          ],
          [
            "f_anesthetic",
            10
          ],
          [
            "f_BL9_alien_gasper",
            10
          ],
          [
            "f_alien_pod",
            10
          ]
        ],
        "j": "f_scan_bed",
        "l": [
          [
            "f_MRI",
            10
          ],
          [
            "f_CTscan",
            10
          ]
        ],
        "z": "f_console",
        "x": "f_chair",
        "b": "f_BL9_floor_olight"
      },
      "place_monster": [
        {
          "monster": "mon_BL9_military_cut",
          "x": 9,
          "y": 23
        },
        {
          "monster": "mon_BL9_military_stab",
          "x": 9,
          "y": 21
        },
        {
          "monster": "mon_BL9_military_behemoth_minigun",
          "x": 9,
          "y": 19
        },
        {
          "monster": "mon_BL9_military_crossbow",
          "x": 20,
          "y": 19
        },
        {
          "monster": "mon_BL9_mutant_evo_3",
          "x": 20,
          "y": 21
        },
        {
          "monster": "mon_BL9_military_shockrod",
          "x": 20,
          "y": 23
        },
        {
          "monster": "mon_BL9_mutant_evo_2",
          "x": 3,
          "y": 13
        },
        {
          "monster": "mon_BL9_military_crossbow",
          "x": 4,
          "y": 7
        },
        {
          "monster": "mon_BL9_military_bash",
          "x": 9,
          "y": 6
        },
        {
          "monster": "mon_BL9_military_cut",
          "x": 11,
          "y": 3
        },
        {
          "monster": "mon_BL9_military_stab",
          "x": 18,
          "y": 4
        },
        {
          "monster": "mon_BL9_military_behemoth_minigun",
          "x": 22,
          "y": 6
        },
        {
          "monster": "mon_BL9_military_crossbow",
          "x": 17,
          "y": 12
        },
        {
          "monster": "mon_BL9_mutant_evo_3",
          "x": 12,
          "y": 9
        },
        {
          "monster": "mon_BL9_military_shockrod",
          "x": 20,
          "y": 14
        },
        {
          "monster": "mon_BL9_mutant_evo_2",
          "x": 15,
          "y": 15
        },
        {
          "monster": "mon_BL9_military_crossbow",
          "x": 10,
          "y": 12
        },
        {
          "monster": "mon_BL9_military_bash",
          "x": 23,
          "y": 10
        }
      ]
    }
  },
  {
    "type": "mapgen",
    "om_terrain": [
      "BL9_anomaly_core5"
    ],
    "method": "json",
    "weight": 100,
    "object": {
      "fill_ter": "t_BL9uniqmazing_fl_purple",
      "rows": [
        "qqqqqqqqqqqqqqqqqqqqqqqq",
        "q11shz11q111111q11gdh11q",
        "q1111111q111111q1111111q",
        "qh111111q111111q111111zq",
        "qd1b1111?11b111?1111b1sq",
        "qz111111q111111q111111gq",
        "q1111111q111111q1111111q",
        "q11gds11q111111q11dhz11q",
        "qqqqqqqqqq1111qqqqqqqqqq",
        "q11hzg111q1111q111dgh11q",
        "q11111111q1111q11111111q",
        "qg1111111q11b1q1111111zq",
        "qz11b1111?1111?1111b11hq",
        "qs1111111q1111q1111111dq",
        "q11111111q1111q11111111q",
        "q11sgd111q1111q111zgs11q",
        "qqqqqqqqqq1111qqqqqqqqqq",
        "q11gzs111q1111q111sdz11q",
        "qd1111111q1b11q1111111gq",
        "qh11b1111?1111?1111b11dq",
        "qz1111111q1111q1111111zq",
        "q11111111q1111q11111111q",
        "q11dgh111q1111q111hgd11q",
        "qqqqqqqqqqqqqqqqqqqqqqqq"
      ],
      "palettes": [
        "BL9_biomes_palette"
      ],
      "terrain": {
        "a": "t_vat"
      },
      "furniture": {
        "s": [
          [
            "f_filing_cabinet",
            10
          ],
          [
            "f_locker",
            10
          ],
          [
            "f_lab_bench",
            10
          ],
          [
            "f_alien_pod",
            10
          ],
          [
            "f_BL9_alien_anemone",
            10
          ]
        ],
        "d": [
          [
            "f_autoclave",
            10
          ],
          [
            "f_sample_freezer",
            10
          ],
          [
            "f_shaker",
            10
          ],
          [
            "f_BL9_alien_anemone",
            10
          ],
          [
            "f_BL9_glowing_tendril",
            10
          ]
        ],
        "g": [
          [
            "f_HPLC",
            10
          ],
          [
            "f_GC",
            10
          ],
          [
            "f_MS",
            10
          ],
          [
            "f_NMR",
            10
          ],
          [
            "f_BL9_glowing_tendril",
            10
          ],
          [
            "f_BL9_alien_gasper",
            10
          ]
        ],
        "h": [
          [
            "f_electron_microscope",
            10
          ],
          [
            "f_CTscan",
            10
          ],
          [
            "f_anesthetic",
            10
          ],
          [
            "f_BL9_alien_gasper",
            10
          ],
          [
            "f_alien_pod",
            10
          ]
        ],
        "j": "f_scan_bed",
        "l": [
          [
            "f_MRI",
            10
          ],
          [
            "f_CTscan",
            10
          ]
        ],
        "z": "f_console",
        "x": "f_chair",
        "b": "f_BL9_floor_olight"
      },
      "place_monster": [
        {
          "monster": "mon_BL9_military_cut",
          "x": 5,
          "y": 19
        },
        {
          "monster": "mon_BL9_military_stab",
          "x": 5,
          "y": 20
        },
        {
          "monster": "mon_BL9_military_behemoth_minigun",
          "x": 5,
          "y": 21
        },
        {
          "monster": "mon_BL9_military_crossbow",
          "x": 20,
          "y": 19
        },
        {
          "monster": "mon_BL9_mutant_evo_3",
          "x": 20,
          "y": 20
        },
        {
          "monster": "mon_BL9_military_shockrod",
          "x": 20,
          "y": 21
        },
        {
          "monster": "mon_BL9_mutant_evo_2",
          "x": 21,
          "y": 12
        },
        {
          "monster": "mon_BL9_military_crossbow",
          "x": 21,
          "y": 13
        },
        {
          "monster": "mon_BL9_military_bash",
          "x": 21,
          "y": 14
        },
        {
          "monster": "mon_BL9_military_cut",
          "x": 4,
          "y": 12
        },
        {
          "monster": "mon_BL9_military_stab",
          "x": 4,
          "y": 13
        },
        {
          "monster": "mon_BL9_military_behemoth_minigun",
          "x": 4,
          "y": 14
        },
        {
          "monster": "mon_BL9_military_crossbow",
          "x": 22,
          "y": 4
        },
        {
          "monster": "mon_BL9_mutant_evo_3",
          "x": 22,
          "y": 5
        },
        {
          "monster": "mon_BL9_military_shockrod",
          "x": 22,
          "y": 6
        },
        {
          "monster": "mon_BL9_mutant_evo_2",
          "x": 4,
          "y": 4
        },
        {
          "monster": "mon_BL9_military_crossbow",
          "x": 4,
          "y": 5
        },
        {
          "monster": "mon_BL9_military_bash",
          "x": 4,
          "y": 6
        },
        {
          "monster": "mon_BL9_mutant_evo_2",
          "x": 12,
          "y": 5
        },
        {
          "monster": "mon_BL9_military_crossbow",
          "x": 12,
          "y": 12
        },
        {
          "monster": "mon_BL9_military_bash",
          "x": 12,
          "y": 19
        }
      ]
    }
  },
  {
    "type": "mapgen",
    "om_terrain": [
      "BL9_anomaly_core61"
    ],
    "method": "json",
    "weight": 100,
    "object": {
      "fill_ter": "t_BL9uniqmazing_fl_purple",
      "rows": [
        "qqqqqqqqqqqqqqqqqqqqqqqq",
        "q11hzg11q111gzh111zds11q",
        "qd111111q11b1111111111dq",
        "qz111111q1111111111111zq",
        "qh11b111?1111111111111gq",
        "q1111111q11111111111b11q",
        "q11dgs11q111zhd11sd1111q",
        "qqqqqqqqqqqqqqqqqqqq?qqq",
        "q111zdh11hgd1q1hsd11111q",
        "q11111b111111?111111111q",
        "q1hs11111szd1q11111111gq",
        "qqqqqq?qqqqqqqh111b111hq",
        "q1hz11111gh11qz1111111dq",
        "q11111111111zqd11111111q",
        "q111111b1111dq111111111q",
        "q11gsd1111111q11sdh1zg1q",
        "qqqqqqqqq?qqqqqqqqqqqqqq",
        "q111dsg11111sh1q11zds11q",
        "q111111111111b1q111111sq",
        "qd1111111111111q1111b1gq",
        "qg1111111111111?111111hq",
        "qz1b11111111111q1111111q",
        "q11zgh111sgd111q11zdg11q",
        "qqqqqqqqqqqqqqqqqqqqqqqq"
      ],
      "palettes": [
        "BL9_biomes_palette"
      ],
      "terrain": {
        "a": "t_vat"
      },
      "furniture": {
        "s": [
          [
            "f_filing_cabinet",
            10
          ],
          [
            "f_locker",
            10
          ],
          [
            "f_lab_bench",
            10
          ],
          [
            "f_alien_pod",
            10
          ],
          [
            "f_BL9_alien_anemone",
            10
          ]
        ],
        "d": [
          [
            "f_autoclave",
            10
          ],
          [
            "f_sample_freezer",
            10
          ],
          [
            "f_shaker",
            10
          ],
          [
            "f_BL9_alien_anemone",
            10
          ],
          [
            "f_BL9_glowing_tendril",
            10
          ]
        ],
        "g": [
          [
            "f_HPLC",
            10
          ],
          [
            "f_GC",
            10
          ],
          [
            "f_MS",
            10
          ],
          [
            "f_NMR",
            10
          ],
          [
            "f_BL9_glowing_tendril",
            10
          ],
          [
            "f_BL9_alien_gasper",
            10
          ]
        ],
        "h": [
          [
            "f_electron_microscope",
            10
          ],
          [
            "f_CTscan",
            10
          ],
          [
            "f_anesthetic",
            10
          ],
          [
            "f_BL9_alien_gasper",
            10
          ],
          [
            "f_alien_pod",
            10
          ]
        ],
        "j": "f_scan_bed",
        "l": [
          [
            "f_MRI",
            10
          ],
          [
            "f_CTscan",
            10
          ]
        ],
        "z": "f_console",
        "x": "f_chair",
        "b": "f_BL9_floor_olight"
      },
      "place_monster": [
        {
          "monster": "mon_BL9_military_cut",
          "x": 7,
          "y": 21
        },
        {
          "monster": "mon_BL9_military_stab",
          "x": 8,
          "y": 21
        },
        {
          "monster": "mon_BL9_military_behemoth_minigun",
          "x": 9,
          "y": 21
        },
        {
          "monster": "mon_BL9_military_crossbow",
          "x": 10,
          "y": 21
        },
        {
          "monster": "mon_BL9_mutant_evo_3",
          "x": 19,
          "y": 21
        },
        {
          "monster": "mon_BL9_military_shockrod",
          "x": 20,
          "y": 21
        },
        {
          "monster": "mon_BL9_mutant_evo_2",
          "x": 8,
          "y": 14
        },
        {
          "monster": "mon_BL9_military_crossbow",
          "x": 9,
          "y": 14
        },
        {
          "monster": "mon_BL9_military_bash",
          "x": 9,
          "y": 10
        },
        {
          "monster": "mon_BL9_military_cut",
          "x": 10,
          "y": 10
        },
        {
          "monster": "mon_BL9_military_stab",
          "x": 18,
          "y": 12
        },
        {
          "monster": "mon_BL9_military_behemoth_minigun",
          "x": 18,
          "y": 13
        },
        {
          "monster": "mon_BL9_military_crossbow",
          "x": 18,
          "y": 14
        },
        {
          "monster": "mon_BL9_mutant_evo_3",
          "x": 18,
          "y": 15
        },
        {
          "monster": "mon_BL9_military_shockrod",
          "x": 16,
          "y": 4
        },
        {
          "monster": "mon_BL9_mutant_evo_2",
          "x": 17,
          "y": 4
        },
        {
          "monster": "mon_BL9_military_crossbow",
          "x": 16,
          "y": 5
        },
        {
          "monster": "mon_BL9_military_bash",
          "x": 17,
          "y": 5
        }
      ]
    }
  },
  {
    "type": "mapgen",
    "om_terrain": [
      "BL9_anomaly_core62"
    ],
    "method": "json",
    "weight": 100,
    "object": {
      "fill_ter": "t_BL9uniqmazing_fl_purple",
      "rows": [
        "qqqqqqqqqqqqqqqqqqqqqqqq",
        "q11ghs11q11zdh111ghz111q",
        "qd111111q1111b11111111sq",
        "qz11b111?11111111111111q",
        "q11gs111q11gdz111111111q",
        "qqqqqqqqqqqqqqqq111111hq",
        "q11zhd111hds111q111111dq",
        "q1111111b111111?111111sq",
        "q11111111111111q1111b11q",
        "q1sg11111dgs111q11zgd11q",
        "qqqqq?qqqqqqqqqqqqqqqqqq",
        "q1hg1111sq1hs1q11gzs111q",
        "q11111111q1111q1111111dq",
        "qs111b111?11b1?111b111zq",
        "qd1111111q1111q1111111hq",
        "q111dzh11q1gs1qs1111111q",
        "qqqqqqqqqqqqqqqqqq?qqqqq",
        "q111szg11sd1q1dhg1111ssq",
        "qd1111111111q1111111111q",
        "qz1111b11111?111111111zq",
        "qg1111111111q11111b111hq",
        "q11111111111q1111111111q",
        "q11hzg11sdg1q11zsd11gd1q",
        "qqqqqqqqqqqqqqqqqqqqqqqq"
      ],
      "palettes": [
        "BL9_biomes_palette"
      ],
      "terrain": {
        "a": "t_vat"
      },
      "furniture": {
        "s": [
          [
            "f_filing_cabinet",
            10
          ],
          [
            "f_locker",
            10
          ],
          [
            "f_lab_bench",
            10
          ],
          [
            "f_alien_pod",
            10
          ],
          [
            "f_BL9_alien_anemone",
            10
          ]
        ],
        "d": [
          [
            "f_autoclave",
            10
          ],
          [
            "f_sample_freezer",
            10
          ],
          [
            "f_shaker",
            10
          ],
          [
            "f_BL9_alien_anemone",
            10
          ],
          [
            "f_BL9_glowing_tendril",
            10
          ]
        ],
        "g": [
          [
            "f_HPLC",
            10
          ],
          [
            "f_GC",
            10
          ],
          [
            "f_MS",
            10
          ],
          [
            "f_NMR",
            10
          ],
          [
            "f_BL9_glowing_tendril",
            10
          ],
          [
            "f_BL9_alien_gasper",
            10
          ]
        ],
        "h": [
          [
            "f_electron_microscope",
            10
          ],
          [
            "f_CTscan",
            10
          ],
          [
            "f_anesthetic",
            10
          ],
          [
            "f_BL9_alien_gasper",
            10
          ],
          [
            "f_alien_pod",
            10
          ]
        ],
        "j": "f_scan_bed",
        "l": [
          [
            "f_MRI",
            10
          ],
          [
            "f_CTscan",
            10
          ]
        ],
        "z": "f_console",
        "x": "f_chair",
        "b": "f_BL9_floor_olight"
      },
      "place_monster": [
        {
          "monster": "mon_BL9_military_cut",
          "x": 6,
          "y": 4
        },
        {
          "monster": "mon_BL9_military_stab",
          "x": 17,
          "y": 4
        },
        {
          "monster": "mon_BL9_military_behemoth_minigun",
          "x": 18,
          "y": 4
        },
        {
          "monster": "mon_BL9_military_crossbow",
          "x": 20,
          "y": 8
        },
        {
          "monster": "mon_BL9_mutant_evo_3",
          "x": 21,
          "y": 8
        },
        {
          "monster": "mon_BL9_military_shockrod",
          "x": 8,
          "y": 8
        },
        {
          "monster": "mon_BL9_mutant_evo_2",
          "x": 9,
          "y": 8
        },
        {
          "monster": "mon_BL9_military_crossbow",
          "x": 10,
          "y": 8
        },
        {
          "monster": "mon_BL9_military_bash",
          "x": 6,
          "y": 14
        },
        {
          "monster": "mon_BL9_military_cut",
          "x": 6,
          "y": 15
        },
        {
          "monster": "mon_BL9_military_stab",
          "x": 19,
          "y": 14
        },
        {
          "monster": "mon_BL9_military_behemoth_minigun",
          "x": 20,
          "y": 14
        },
        {
          "monster": "mon_BL9_military_crossbow",
          "x": 17,
          "y": 21
        },
        {
          "monster": "mon_BL9_mutant_evo_3",
          "x": 18,
          "y": 21
        },
        {
          "monster": "mon_BL9_military_shockrod",
          "x": 19,
          "y": 21
        },
        {
          "monster": "mon_BL9_mutant_evo_2",
          "x": 5,
          "y": 21
        },
        {
          "monster": "mon_BL9_military_crossbow",
          "x": 6,
          "y": 21
        },
        {
          "monster": "mon_BL9_military_bash",
          "x": 7,
          "y": 21
        }
      ]
    }
  },
  {
    "type": "mapgen",
    "om_terrain": [
      "BL9_anomaly_core71"
    ],
    "method": "json",
    "weight": 100,
    "object": {
      "fill_ter": "t_BL9uniqmazing_fl_purple",
      "rows": [
        "qqqqqqqqqqqqqqqqqqqqqqqq",
        "q11dzg11qq1111ghd11dzs1q",
        "qd1111111qq111111b11111q",
        "qg1b111111q?q1111111111q",
        "qh1111111111q11sg11szh1q",
        "q11111qqqqqqqqqqqqqqqqqq",
        "qs111gqgzhq11hzg11zdh11q",
        "q11111q111qq111b111111sq",
        "q11111q1111qq111111111gq",
        "qqq?qqq11111?1111111111q",
        "q11111111b11q111111111hq",
        "qs11111zgd11qss11111b1zq",
        "qqqqqqqqqqqqqqqq111111dq",
        "q111gzh111dzs11q1111111q",
        "qd1b1111111111dq1g11111q",
        "qs1111111111b1zqqqq?qqqq",
        "q1111111111111sq111111sq",
        "qqqqq?qqqq11111qg111111q",
        "q1s111111qs1111qs11111hq",
        "q1111111hqqqq?qq111111zq",
        "qs11b111gq111111111111dq",
        "qh111111zq11111111b1111q",
        "q11szd111q11dgz11hzs111q",
        "qqqqqqqqqqqqqqqqqqqqqqqq"
      ],
      "palettes": [
        "BL9_biomes_palette"
      ],
      "terrain": {
        "a": "t_vat"
      },
      "furniture": {
        "s": [
          [
            "f_filing_cabinet",
            10
          ],
          [
            "f_locker",
            10
          ],
          [
            "f_lab_bench",
            10
          ],
          [
            "f_alien_pod",
            10
          ],
          [
            "f_BL9_alien_anemone",
            10
          ]
        ],
        "d": [
          [
            "f_autoclave",
            10
          ],
          [
            "f_sample_freezer",
            10
          ],
          [
            "f_shaker",
            10
          ],
          [
            "f_BL9_alien_anemone",
            10
          ],
          [
            "f_BL9_glowing_tendril",
            10
          ]
        ],
        "g": [
          [
            "f_HPLC",
            10
          ],
          [
            "f_GC",
            10
          ],
          [
            "f_MS",
            10
          ],
          [
            "f_NMR",
            10
          ],
          [
            "f_BL9_glowing_tendril",
            10
          ],
          [
            "f_BL9_alien_gasper",
            10
          ]
        ],
        "h": [
          [
            "f_electron_microscope",
            10
          ],
          [
            "f_CTscan",
            10
          ],
          [
            "f_anesthetic",
            10
          ],
          [
            "f_BL9_alien_gasper",
            10
          ],
          [
            "f_alien_pod",
            10
          ]
        ],
        "j": "f_scan_bed",
        "l": [
          [
            "f_MRI",
            10
          ],
          [
            "f_CTscan",
            10
          ]
        ],
        "z": "f_console",
        "x": "f_chair",
        "b": "f_BL9_floor_olight"
      },
      "place_monster": [
        {
          "monster": "mon_BL9_military_cut",
          "x": 18,
          "y": 4
        },
        {
          "monster": "mon_BL9_military_stab",
          "x": 19,
          "y": 4
        },
        {
          "monster": "mon_BL9_military_behemoth_minigun",
          "x": 20,
          "y": 4
        },
        {
          "monster": "mon_BL9_military_crossbow",
          "x": 5,
          "y": 6
        },
        {
          "monster": "mon_BL9_mutant_evo_3",
          "x": 5,
          "y": 5
        },
        {
          "monster": "mon_BL9_military_shockrod",
          "x": 5,
          "y": 4
        },
        {
          "monster": "mon_BL9_mutant_evo_2",
          "x": 9,
          "y": 10
        },
        {
          "monster": "mon_BL9_military_crossbow",
          "x": 10,
          "y": 10
        },
        {
          "monster": "mon_BL9_military_bash",
          "x": 18,
          "y": 9
        },
        {
          "monster": "mon_BL9_military_cut",
          "x": 19,
          "y": 9
        },
        {
          "monster": "mon_BL9_military_stab",
          "x": 20,
          "y": 9
        },
        {
          "monster": "mon_BL9_military_behemoth_minigun",
          "x": 21,
          "y": 9
        },
        {
          "monster": "mon_BL9_military_crossbow",
          "x": 20,
          "y": 20
        },
        {
          "monster": "mon_BL9_mutant_evo_3",
          "x": 20,
          "y": 21
        },
        {
          "monster": "mon_BL9_military_shockrod",
          "x": 20,
          "y": 22
        },
        {
          "monster": "mon_BL9_mutant_evo_2",
          "x": 9,
          "y": 15
        },
        {
          "monster": "mon_BL9_military_crossbow",
          "x": 10,
          "y": 15
        },
        {
          "monster": "mon_BL9_military_bash",
          "x": 9,
          "y": 16
        }
      ]
    }
  },
  {
    "type": "mapgen",
    "om_terrain": [
      "BL9_anomaly_core72"
    ],
    "method": "json",
    "weight": 100,
    "object": {
      "fill_ter": "t_BL9uniqmazing_fl_purple",
      "rows": [
        "qqqqqqqqqqqqqqqqqqqqqqqq",
        "q111zhg111ghz11qq11shz1q",
        "qh111111111111qqq111111q",
        "qs11111b111111?1111b11hq",
        "qg1111111111qqq1111111zq",
        "q111111sdz1qqq11111111dq",
        "qqqq?qqqqqqqqg111111111q",
        "q111111q1ssqs1111111111q",
        "q11111sq111qqh11111111gq",
        "qd1b11gqh111qq11111111zq",
        "qz1111hqd1111qqq1111b1hq",
        "qs11111qz11b11sqq111111q",
        "q111111q11111111qqq1111q",
        "qqqq?qqqqq11111111qq?qqq",
        "q11111111q1111111111111q",
        "qd111111gqz11111111111gq",
        "qs11b111sqd1111111b111zq",
        "q11111111q11zhd111gsh11q",
        "qh1111111qqqqqqqqqqqqqqq",
        "qz111111111111q111dhz1sq",
        "qd111111111111?11111111q",
        "q111111111b111q11111b11q",
        "q11sgd111hzg11q111dgs1sq",
        "qqqqqqqqqqqqqqqqqqqqqqqq"
      ],
      "palettes": [
        "BL9_biomes_palette"
      ],
      "terrain": {
        "a": "t_vat"
      },
      "furniture": {
        "s": [
          [
            "f_filing_cabinet",
            10
          ],
          [
            "f_locker",
            10
          ],
          [
            "f_lab_bench",
            10
          ],
          [
            "f_alien_pod",
            10
          ],
          [
            "f_BL9_alien_anemone",
            10
          ]
        ],
        "d": [
          [
            "f_autoclave",
            10
          ],
          [
            "f_sample_freezer",
            10
          ],
          [
            "f_shaker",
            10
          ],
          [
            "f_BL9_alien_anemone",
            10
          ],
          [
            "f_BL9_glowing_tendril",
            10
          ]
        ],
        "g": [
          [
            "f_HPLC",
            10
          ],
          [
            "f_GC",
            10
          ],
          [
            "f_MS",
            10
          ],
          [
            "f_NMR",
            10
          ],
          [
            "f_BL9_glowing_tendril",
            10
          ],
          [
            "f_BL9_alien_gasper",
            10
          ]
        ],
        "h": [
          [
            "f_electron_microscope",
            10
          ],
          [
            "f_CTscan",
            10
          ],
          [
            "f_anesthetic",
            10
          ],
          [
            "f_BL9_alien_gasper",
            10
          ],
          [
            "f_alien_pod",
            10
          ]
        ],
        "j": "f_scan_bed",
        "l": [
          [
            "f_MRI",
            10
          ],
          [
            "f_CTscan",
            10
          ]
        ],
        "z": "f_console",
        "x": "f_chair",
        "b": "f_BL9_floor_olight"
      },
      "place_monster": [
        {
          "monster": "mon_BL9_military_cut",
          "x": 17,
          "y": 22
        },
        {
          "monster": "mon_BL9_military_stab",
          "x": 21,
          "y": 21
        },
        {
          "monster": "mon_BL9_military_behemoth_minigun",
          "x": 9,
          "y": 21
        },
        {
          "monster": "mon_BL9_military_crossbow",
          "x": 5,
          "y": 20
        },
        {
          "monster": "mon_BL9_mutant_evo_3",
          "x": 5,
          "y": 17
        },
        {
          "monster": "mon_BL9_military_shockrod",
          "x": 7,
          "y": 21
        },
        {
          "monster": "mon_BL9_mutant_evo_2",
          "x": 5,
          "y": 10
        },
        {
          "monster": "mon_BL9_military_crossbow",
          "x": 5,
          "y": 11
        },
        {
          "monster": "mon_BL9_military_bash",
          "x": 9,
          "y": 4
        },
        {
          "monster": "mon_BL9_military_cut",
          "x": 9,
          "y": 3
        },
        {
          "monster": "mon_BL9_military_stab",
          "x": 9,
          "y": 5
        },
        {
          "monster": "mon_BL9_military_behemoth_minigun",
          "x": 19,
          "y": 7
        },
        {
          "monster": "mon_BL9_military_crossbow",
          "x": 20,
          "y": 8
        },
        {
          "monster": "mon_BL9_mutant_evo_3",
          "x": 20,
          "y": 9
        },
        {
          "monster": "mon_BL9_military_shockrod",
          "x": 15,
          "y": 16
        },
        {
          "monster": "mon_BL9_mutant_evo_2",
          "x": 16,
          "y": 16
        },
        {
          "monster": "mon_BL9_military_crossbow",
          "x": 15,
          "y": 17
        },
        {
          "monster": "mon_BL9_military_bash",
          "x": 16,
          "y": 17
        }
      ]
    }
  },
  {
    "type": "mapgen",
    "om_terrain": [
      "BL9_anomaly_core81"
    ],
    "method": "json",
    "weight": 100,
    "object": {
      "fill_ter": "t_BL9uniqmazing_fl_purple",
      "rows": [
        "qqqqqqqqqqqqqqqqqqqqqqqq",
        "q11sgz111qq111zds11hzg1q",
        "q111111111qq1111111111hq",
        "qz111111111qq11111b111dq",
        "qd1111b111111111111111gq",
        "qs11111111111qq11111111q",
        "q11qqq11111111qq1111111q",
        "qqqqsqqqq1sdh1qqqqq?qqqq",
        "q1g111d1qqqqqqq1zh1111sq",
        "q1111111zqdzg1qs1111111q",
        "qg11111qqq1111qd1111111q",
        "qdb111qq111111q1111111zq",
        "qz1111?1111111qqq111b1hq",
        "q1111qqq111b1111?11111gq",
        "q1111qzqq1111111qq11111q",
        "q111qq1hqq111111qqq1111q",
        "qq?qqs111q1111sqqzqqszdq",
        "q11111111qshqqqqd1gqqqqq",
        "qh1111111qqqq1gh1111ss1q",
        "qd111b1111qq11111111111q",
        "qs111111111?11111b11111q",
        "q1111111111q11111111111q",
        "q11gdz11ds1q11dsg11zgh1q",
        "qqqqqqqqqqqqqqqqqqqqqqqq"
      ],
      "palettes": [
        "BL9_biomes_palette"
      ],
      "terrain": {
        "a": "t_vat"
      },
      "furniture": {
        "s": [
          [
            "f_filing_cabinet",
            10
          ],
          [
            "f_locker",
            10
          ],
          [
            "f_lab_bench",
            10
          ],
          [
            "f_alien_pod",
            10
          ],
          [
            "f_BL9_alien_anemone",
            10
          ]
        ],
        "d": [
          [
            "f_autoclave",
            10
          ],
          [
            "f_sample_freezer",
            10
          ],
          [
            "f_shaker",
            10
          ],
          [
            "f_BL9_alien_anemone",
            10
          ],
          [
            "f_BL9_glowing_tendril",
            10
          ]
        ],
        "g": [
          [
            "f_HPLC",
            10
          ],
          [
            "f_GC",
            10
          ],
          [
            "f_MS",
            10
          ],
          [
            "f_NMR",
            10
          ],
          [
            "f_BL9_glowing_tendril",
            10
          ],
          [
            "f_BL9_alien_gasper",
            10
          ]
        ],
        "h": [
          [
            "f_electron_microscope",
            10
          ],
          [
            "f_CTscan",
            10
          ],
          [
            "f_anesthetic",
            10
          ],
          [
            "f_BL9_alien_gasper",
            10
          ],
          [
            "f_alien_pod",
            10
          ]
        ],
        "j": "f_scan_bed",
        "l": [
          [
            "f_MRI",
            10
          ],
          [
            "f_CTscan",
            10
          ]
        ],
        "z": "f_console",
        "x": "f_chair",
        "b": "f_BL9_floor_olight"
      },
      "place_monster": [
        {
          "monster": "mon_BL9_military_cut",
          "x": 8,
          "y": 5
        },
        {
          "monster": "mon_BL9_military_stab",
          "x": 10,
          "y": 5
        },
        {
          "monster": "mon_BL9_military_behemoth_minigun",
          "x": 12,
          "y": 6
        },
        {
          "monster": "mon_BL9_military_crossbow",
          "x": 17,
          "y": 4
        },
        {
          "monster": "mon_BL9_mutant_evo_3",
          "x": 18,
          "y": 4
        },
        {
          "monster": "mon_BL9_military_shockrod",
          "x": 19,
          "y": 4
        },
        {
          "monster": "mon_BL9_mutant_evo_2",
          "x": 19,
          "y": 11
        },
        {
          "monster": "mon_BL9_military_crossbow",
          "x": 19,
          "y": 12
        },
        {
          "monster": "mon_BL9_military_bash",
          "x": 11,
          "y": 13
        },
        {
          "monster": "mon_BL9_military_cut",
          "x": 12,
          "y": 13
        },
        {
          "monster": "mon_BL9_military_stab",
          "x": 4,
          "y": 11
        },
        {
          "monster": "mon_BL9_military_behemoth_minigun",
          "x": 4,
          "y": 12
        },
        {
          "monster": "mon_BL9_military_crossbow",
          "x": 5,
          "y": 21
        },
        {
          "monster": "mon_BL9_mutant_evo_3",
          "x": 6,
          "y": 21
        },
        {
          "monster": "mon_BL9_military_shockrod",
          "x": 7,
          "y": 21
        },
        {
          "monster": "mon_BL9_mutant_evo_2",
          "x": 17,
          "y": 20
        },
        {
          "monster": "mon_BL9_military_crossbow",
          "x": 18,
          "y": 20
        },
        {
          "monster": "mon_BL9_military_bash",
          "x": 19,
          "y": 20
        }
      ]
    }
  },
  {
    "type": "mapgen",
    "om_terrain": [
      "BL9_anomaly_core82"
    ],
    "method": "json",
    "weight": 100,
    "object": {
      "fill_ter": "t_BL9uniqmazing_fl_purple",
      "rows": [
        "qqqqqqqqqqqqqqqqqqqqqqqq",
        "q11zgd111ghd11ss1q1szd1q",
        "q1111111111111111q11111q",
        "qh11111qq1111111qq11111q",
        "qs1b11qqqq11b111111111gq",
        "q1111qqszqqd1sqq111b11zq",
        "q111qqh11gqqzqqd111111dq",
        "qq?qq111111qqqs11111111q",
        "q111111111111qqg1111111q",
        "q111111b111111qq11gzh11q",
        "qh1111111111111qqqqqqqqq",
        "qd1111111111111?11dsg11q",
        "q11111111111111q1111111q",
        "qh111111qqqqqqqq111111gq",
        "qz111111qs11q11qq11111zq",
        "qg1b111qq111?111qq1111hq",
        "q11111qq1111q111gqq1111q",
        "q11ssqq1111qq11b1zq11b1q",
        "qqqqqq11b1qq1111dqq1111q",
        "q11zd1111qq1111qqq1111dq",
        "qz111111qq1111qq111111sq",
        "qs1b1111qs1111?11111111q",
        "q11shd11q11111q111hzg11q",
        "qqqqqqqqqqqqqqqqqqqqqqqq"
      ],
      "palettes": [
        "BL9_biomes_palette"
      ],
      "terrain": {
        "a": "t_vat"
      },
      "furniture": {
        "s": [
          [
            "f_filing_cabinet",
            10
          ],
          [
            "f_locker",
            10
          ],
          [
            "f_lab_bench",
            10
          ],
          [
            "f_alien_pod",
            10
          ],
          [
            "f_BL9_alien_anemone",
            10
          ]
        ],
        "d": [
          [
            "f_autoclave",
            10
          ],
          [
            "f_sample_freezer",
            10
          ],
          [
            "f_shaker",
            10
          ],
          [
            "f_BL9_alien_anemone",
            10
          ],
          [
            "f_BL9_glowing_tendril",
            10
          ]
        ],
        "g": [
          [
            "f_HPLC",
            10
          ],
          [
            "f_GC",
            10
          ],
          [
            "f_MS",
            10
          ],
          [
            "f_NMR",
            10
          ],
          [
            "f_BL9_glowing_tendril",
            10
          ],
          [
            "f_BL9_alien_gasper",
            10
          ]
        ],
        "h": [
          [
            "f_electron_microscope",
            10
          ],
          [
            "f_CTscan",
            10
          ],
          [
            "f_anesthetic",
            10
          ],
          [
            "f_BL9_alien_gasper",
            10
          ],
          [
            "f_alien_pod",
            10
          ]
        ],
        "j": "f_scan_bed",
        "l": [
          [
            "f_MRI",
            10
          ],
          [
            "f_CTscan",
            10
          ]
        ],
        "z": "f_console",
        "x": "f_chair",
        "b": "f_BL9_floor_olight"
      },
      "place_monster": [
        {
          "monster": "mon_BL9_military_cut",
          "x": 6,
          "y": 21
        },
        {
          "monster": "mon_BL9_military_stab",
          "x": 10,
          "y": 17
        },
        {
          "monster": "mon_BL9_military_behemoth_minigun",
          "x": 16,
          "y": 18
        },
        {
          "monster": "mon_BL9_military_crossbow",
          "x": 13,
          "y": 21
        },
        {
          "monster": "mon_BL9_mutant_evo_3",
          "x": 18,
          "y": 22
        },
        {
          "monster": "mon_BL9_military_shockrod",
          "x": 21,
          "y": 17
        },
        {
          "monster": "mon_BL9_mutant_evo_2",
          "x": 18,
          "y": 14
        },
        {
          "monster": "mon_BL9_military_crossbow",
          "x": 6,
          "y": 22
        },
        {
          "monster": "mon_BL9_military_bash",
          "x": 22,
          "y": 14
        },
        {
          "monster": "mon_BL9_military_cut",
          "x": 5,
          "y": 15
        },
        {
          "monster": "mon_BL9_military_stab",
          "x": 6,
          "y": 11
        },
        {
          "monster": "mon_BL9_military_behemoth_minigun",
          "x": 10,
          "y": 12
        },
        {
          "monster": "mon_BL9_military_crossbow",
          "x": 9,
          "y": 8
        },
        {
          "monster": "mon_BL9_mutant_evo_3",
          "x": 4,
          "y": 5
        },
        {
          "monster": "mon_BL9_military_shockrod",
          "x": 8,
          "y": 3
        },
        {
          "monster": "mon_BL9_mutant_evo_2",
          "x": 17,
          "y": 5
        },
        {
          "monster": "mon_BL9_military_crossbow",
          "x": 20,
          "y": 8
        },
        {
          "monster": "mon_BL9_military_bash",
          "x": 21,
          "y": 4
        }
      ]
    }
  },
  {
    "type": "mapgen",
    "om_terrain": [
      "BL9_anomaly_core83"
    ],
    "method": "json",
    "weight": 100,
    "object": {
      "fill_ter": "t_BL9uniqmazing_fl_purple",
      "rows": [
        "qqqqqqqqqqqqqqqqqqqqqqqq",
        "q1sdzq111shd111gz11dqqsq",
        "q1111qq111111b1111qqq11q",
        "qs1111qqq11111111qq1111q",
        "q11b1111?11111111?111b1q",
        "q1111111qqq11111qq1111hq",
        "qg1111111zqq1111q11111dq",
        "qh1111111gqq1zdqqh1111sq",
        "qs111111zqqqqqqqgz11111q",
        "q1111111dq1hzg1qq111111q",
        "q1111111qq111111qq1111zq",
        "q111111qqs1111111qq111gq",
        "qs1111qq111111111zq111sq",
        "qz1111?111111b111hq1b11q",
        "qd1b11q11111111111qq111q",
        "q11111qqg111111111sq1zdq",
        "q1111qqqqs1111111dqqqqqq",
        "q1hgqq11qq1111111qq1zh1q",
        "qqqqq1111qq11111qq11111q",
        "q111111111qqq?qqq11111gq",
        "qg111b1111111111111111dq",
        "qz111111111111111111b11q",
        "q111sdz111gzs111dgh11ssq",
        "qqqqqqqqqqqqqqqqqqqqqqqq"
      ],
      "palettes": [
        "BL9_biomes_palette"
      ],
      "terrain": {
        "a": "t_vat"
      },
      "furniture": {
        "s": [
          [
            "f_filing_cabinet",
            10
          ],
          [
            "f_locker",
            10
          ],
          [
            "f_lab_bench",
            10
          ],
          [
            "f_alien_pod",
            10
          ],
          [
            "f_BL9_alien_anemone",
            10
          ]
        ],
        "d": [
          [
            "f_autoclave",
            10
          ],
          [
            "f_sample_freezer",
            10
          ],
          [
            "f_shaker",
            10
          ],
          [
            "f_BL9_alien_anemone",
            10
          ],
          [
            "f_BL9_glowing_tendril",
            10
          ]
        ],
        "g": [
          [
            "f_HPLC",
            10
          ],
          [
            "f_GC",
            10
          ],
          [
            "f_MS",
            10
          ],
          [
            "f_NMR",
            10
          ],
          [
            "f_BL9_glowing_tendril",
            10
          ],
          [
            "f_BL9_alien_gasper",
            10
          ]
        ],
        "h": [
          [
            "f_electron_microscope",
            10
          ],
          [
            "f_CTscan",
            10
          ],
          [
            "f_anesthetic",
            10
          ],
          [
            "f_BL9_alien_gasper",
            10
          ],
          [
            "f_alien_pod",
            10
          ]
        ],
        "j": "f_scan_bed",
        "l": [
          [
            "f_MRI",
            10
          ],
          [
            "f_CTscan",
            10
          ]
        ],
        "z": "f_console",
        "x": "f_chair",
        "b": "f_BL9_floor_olight"
      },
      "place_monster": [
        {
          "monster": "mon_BL9_military_cut",
          "x": 6,
          "y": 22
        },
        {
          "monster": "mon_BL9_military_stab",
          "x": 10,
          "y": 22
        },
        {
          "monster": "mon_BL9_military_behemoth_minigun",
          "x": 18,
          "y": 22
        },
        {
          "monster": "mon_BL9_military_crossbow",
          "x": 21,
          "y": 22
        },
        {
          "monster": "mon_BL9_mutant_evo_3",
          "x": 14,
          "y": 15
        },
        {
          "monster": "mon_BL9_military_shockrod",
          "x": 14,
          "y": 14
        },
        {
          "monster": "mon_BL9_mutant_evo_2",
          "x": 14,
          "y": 13
        },
        {
          "monster": "mon_BL9_military_crossbow",
          "x": 14,
          "y": 12
        },
        {
          "monster": "mon_BL9_military_bash",
          "x": 5,
          "y": 8
        },
        {
          "monster": "mon_BL9_military_cut",
          "x": 5,
          "y": 9
        },
        {
          "monster": "mon_BL9_military_stab",
          "x": 5,
          "y": 10
        },
        {
          "monster": "mon_BL9_military_behemoth_minigun",
          "x": 5,
          "y": 11
        },
        {
          "monster": "mon_BL9_military_crossbow",
          "x": 12,
          "y": 3
        },
        {
          "monster": "mon_BL9_mutant_evo_3",
          "x": 13,
          "y": 3
        },
        {
          "monster": "mon_BL9_military_shockrod",
          "x": 14,
          "y": 3
        },
        {
          "monster": "mon_BL9_mutant_evo_2",
          "x": 21,
          "y": 8
        },
        {
          "monster": "mon_BL9_military_crossbow",
          "x": 21,
          "y": 9
        },
        {
          "monster": "mon_BL9_military_bash",
          "x": 21,
          "y": 10
        }
      ]
    }
  },
  {
    "type": "mapgen",
    "om_terrain": [
      "BL9_anomaly_core91"
    ],
    "method": "json",
    "weight": 100,
    "object": {
      "fill_ter": "t_BL9uniqmazing_fl_purple",
      "rows": [
        "qqqqqqqqqqqqqqqqqqqqqqqq",
        "q11zds111111dgs111zdg11q",
        "qd1111111q1111111111111q",
        "qh11b1111qq1111111b111hq",
        "qg111111sqqqqq11111111sq",
        "q111qq?qqq1sdqqs111111zq",
        "qqqqq111111111qqqq1ds11q",
        "q1dz1111111111q1sqqqqqqq",
        "q1111111111111q1111gd11q",
        "qs11111b111111?1111111zq",
        "qg11111111111qq111b111dq",
        "q1zhd1111111qq11111111gq",
        "qqqqqqqq111qq1111111111q",
        "q111sh1qqzgq11ghs1qqq?qq",
        "qz111111qqqqqqqqqqq1111q",
        "qd1b11111qq1111dgh1111zq",
        "qs1111111sqq1111111111sq",
        "q1111111111q?q111111111q",
        "qg11111111111q1111b111sq",
        "qh11111111111qqs111111hq",
        "qz111111b11111qq111111dq",
        "q11111111111111qq111111q",
        "q11ghd111szg111sqq1zgd1q",
        "qqqqqqqqqqqqqqqqqqqqqqqq"
      ],
      "palettes": [
        "BL9_biomes_palette"
      ],
      "terrain": {
        "a": "t_vat"
      },
      "furniture": {
        "s": [
          [
            "f_filing_cabinet",
            10
          ],
          [
            "f_locker",
            10
          ],
          [
            "f_lab_bench",
            10
          ],
          [
            "f_alien_pod",
            10
          ],
          [
            "f_BL9_alien_anemone",
            10
          ]
        ],
        "d": [
          [
            "f_autoclave",
            10
          ],
          [
            "f_sample_freezer",
            10
          ],
          [
            "f_shaker",
            10
          ],
          [
            "f_BL9_alien_anemone",
            10
          ],
          [
            "f_BL9_glowing_tendril",
            10
          ]
        ],
        "g": [
          [
            "f_HPLC",
            10
          ],
          [
            "f_GC",
            10
          ],
          [
            "f_MS",
            10
          ],
          [
            "f_NMR",
            10
          ],
          [
            "f_BL9_glowing_tendril",
            10
          ],
          [
            "f_BL9_alien_gasper",
            10
          ]
        ],
        "h": [
          [
            "f_electron_microscope",
            10
          ],
          [
            "f_CTscan",
            10
          ],
          [
            "f_anesthetic",
            10
          ],
          [
            "f_BL9_alien_gasper",
            10
          ],
          [
            "f_alien_pod",
            10
          ]
        ],
        "j": "f_scan_bed",
        "l": [
          [
            "f_MRI",
            10
          ],
          [
            "f_CTscan",
            10
          ]
        ],
        "z": "f_console",
        "x": "f_chair",
        "b": "f_BL9_floor_olight"
      },
      "place_monster": [
        {
          "monster": "mon_BL9_military_cut",
          "x": 5,
          "y": 16
        },
        {
          "monster": "mon_BL9_military_stab",
          "x": 6,
          "y": 19
        },
        {
          "monster": "mon_BL9_military_behemoth_minigun",
          "x": 14,
          "y": 22
        },
        {
          "monster": "mon_BL9_military_crossbow",
          "x": 9,
          "y": 20
        },
        {
          "monster": "mon_BL9_mutant_evo_3",
          "x": 19,
          "y": 17
        },
        {
          "monster": "mon_BL9_military_shockrod",
          "x": 21,
          "y": 21
        },
        {
          "monster": "mon_BL9_mutant_evo_2",
          "x": 22,
          "y": 16
        },
        {
          "monster": "mon_BL9_military_crossbow",
          "x": 18,
          "y": 10
        },
        {
          "monster": "mon_BL9_military_bash",
          "x": 22,
          "y": 12
        },
        {
          "monster": "mon_BL9_military_cut",
          "x": 22,
          "y": 11
        },
        {
          "monster": "mon_BL9_military_stab",
          "x": 5,
          "y": 9
        },
        {
          "monster": "mon_BL9_military_behemoth_minigun",
          "x": 7,
          "y": 9
        },
        {
          "monster": "mon_BL9_military_crossbow",
          "x": 7,
          "y": 11
        },
        {
          "monster": "mon_BL9_mutant_evo_3",
          "x": 9,
          "y": 11
        },
        {
          "monster": "mon_BL9_military_shockrod",
          "x": 4,
          "y": 3
        },
        {
          "monster": "mon_BL9_mutant_evo_2",
          "x": 8,
          "y": 4
        },
        {
          "monster": "mon_BL9_military_crossbow",
          "x": 19,
          "y": 5
        },
        {
          "monster": "mon_BL9_military_bash",
          "x": 21,
          "y": 3
        }
      ]
    }
  },
  {
    "type": "mapgen",
    "om_terrain": [
      "BL9_anomaly_core92"
    ],
    "method": "json",
    "weight": 100,
    "object": {
      "fill_ter": "t_BL9uniqmazing_fl_purple",
      "rows": [
        "qqqqqqqqqqqqqqqqqqqqqqqq",
        "q111zgh11dsg1q11hdg11zdq",
        "q111111111111q111111111q",
        "qq?q111111111q11111b11sq",
        "q11q1111b1111?111111111q",
        "q11qq11111111q111sgs111q",
        "q111qqs11111gq11qqqqq11q",
        "q1111qq11111hq11q1zgqzsq",
        "qz1111q111111qsqq111qqqq",
        "qs1111qqq1sd1qqq111111qq",
        "qd111111qqqqqqq11111111q",
        "q11b1111111gdh111111111q",
        "q11hdz111111111111b111zq",
        "qqqqqqqqqqq11111111111gq",
        "q1shd11zg1qqqqs1111111hq",
        "q1111111111qsqq11111111q",
        "qs111111111q11qq111q?qqq",
        "q1111b1111qq111qqsqq111q",
        "qd1111111qq11111qqq111dq",
        "qg11111111111111111111hq",
        "qh11111qq1111111111111gq",
        "q11111qq11111111b111111q",
        "q1szh1q11hsg111zgd111ssq",
        "qqqqqqqqqqqqqqqqqqqqqqqq"
      ],
      "palettes": [
        "BL9_biomes_palette"
      ],
      "terrain": {
        "a": "t_vat"
      },
      "furniture": {
        "s": [
          [
            "f_filing_cabinet",
            10
          ],
          [
            "f_locker",
            10
          ],
          [
            "f_lab_bench",
            10
          ],
          [
            "f_alien_pod",
            10
          ],
          [
            "f_BL9_alien_anemone",
            10
          ]
        ],
        "d": [
          [
            "f_autoclave",
            10
          ],
          [
            "f_sample_freezer",
            10
          ],
          [
            "f_shaker",
            10
          ],
          [
            "f_BL9_alien_anemone",
            10
          ],
          [
            "f_BL9_glowing_tendril",
            10
          ]
        ],
        "g": [
          [
            "f_HPLC",
            10
          ],
          [
            "f_GC",
            10
          ],
          [
            "f_MS",
            10
          ],
          [
            "f_NMR",
            10
          ],
          [
            "f_BL9_glowing_tendril",
            10
          ],
          [
            "f_BL9_alien_gasper",
            10
          ]
        ],
        "h": [
          [
            "f_electron_microscope",
            10
          ],
          [
            "f_CTscan",
            10
          ],
          [
            "f_anesthetic",
            10
          ],
          [
            "f_BL9_alien_gasper",
            10
          ],
          [
            "f_alien_pod",
            10
          ]
        ],
        "j": "f_scan_bed",
        "l": [
          [
            "f_MRI",
            10
          ],
          [
            "f_CTscan",
            10
          ]
        ],
        "z": "f_console",
        "x": "f_chair",
        "b": "f_BL9_floor_olight"
      },
      "place_monster": [
        {
          "monster": "mon_BL9_military_cut",
          "x": 5,
          "y": 17
        },
        {
          "monster": "mon_BL9_military_stab",
          "x": 5,
          "y": 20
        },
        {
          "monster": "mon_BL9_military_behemoth_minigun",
          "x": 5,
          "y": 23
        },
        {
          "monster": "mon_BL9_military_crossbow",
          "x": 12,
          "y": 22
        },
        {
          "monster": "mon_BL9_mutant_evo_3",
          "x": 19,
          "y": 20
        },
        {
          "monster": "mon_BL9_military_shockrod",
          "x": 21,
          "y": 23
        },
        {
          "monster": "mon_BL9_mutant_evo_2",
          "x": 18,
          "y": 15
        },
        {
          "monster": "mon_BL9_military_crossbow",
          "x": 14,
          "y": 12
        },
        {
          "monster": "mon_BL9_military_bash",
          "x": 4,
          "y": 13
        },
        {
          "monster": "mon_BL9_military_cut",
          "x": 19,
          "y": 9
        },
        {
          "monster": "mon_BL9_military_stab",
          "x": 3,
          "y": 8
        },
        {
          "monster": "mon_BL9_military_behemoth_minigun",
          "x": 7,
          "y": 6
        },
        {
          "monster": "mon_BL9_military_crossbow",
          "x": 11,
          "y": 8
        },
        {
          "monster": "mon_BL9_mutant_evo_3",
          "x": 13,
          "y": 5
        },
        {
          "monster": "mon_BL9_military_shockrod",
          "x": 6,
          "y": 10
        },
        {
          "monster": "mon_BL9_mutant_evo_2",
          "x": 18,
          "y": 4
        },
        {
          "monster": "mon_BL9_military_crossbow",
          "x": 22,
          "y": 6
        },
        {
          "monster": "mon_BL9_military_bash",
          "x": 20,
          "y": 3
        }
      ]
    }
  },
  {
    "type": "mapgen",
    "om_terrain": [
      "BL9_anomaly_core93"
    ],
    "method": "json",
    "weight": 100,
    "object": {
      "fill_ter": "t_BL9uniqmazing_fl_purple",
      "rows": [
        "qqqqqqqqqqqqqqqqqqqqqqqq",
        "q11hsd1111q11sdh111gdz1q",
        "q11111b111qh11111111111q",
        "q11111gz11q1111111b111gq",
        "qqq?qqqqqqq11111111111sq",
        "q11111qqq1111111111111hq",
        "q11111qq111111111111111q",
        "qz11111qqh1111111111zs1q",
        "qs11b111qg111111111qqqqq",
        "q111111sqd111b1111qq1dzq",
        "q1111111qq1111111qq1111q",
        "qd1111111qq111111q11111q",
        "qg1111111sqqq??qqq11111q",
        "qs1111111111q11qz11111gq",
        "q1111111111qq11qs11b11dq",
        "q11111b11qqq111?111111hq",
        "q1gzh111qqs1b11?1111111q",
        "qqqqqq??qs11111qq111111q",
        "q1sh1q11qqqqqqqqqqq1111q",
        "q111111111dgh11zs1qq?qqq",
        "qd1b1111111111111111111q",
        "qz1111111111111111b111zq",
        "q111shg111gds111hgz1111q",
        "qqqqqqqqqqqqqqqqqqqqqqqq"
      ],
      "palettes": [
        "BL9_biomes_palette"
      ],
      "terrain": {
        "a": "t_vat"
      },
      "furniture": {
        "s": [
          [
            "f_filing_cabinet",
            10
          ],
          [
            "f_locker",
            10
          ],
          [
            "f_lab_bench",
            10
          ],
          [
            "f_alien_pod",
            10
          ],
          [
            "f_BL9_alien_anemone",
            10
          ]
        ],
        "d": [
          [
            "f_autoclave",
            10
          ],
          [
            "f_sample_freezer",
            10
          ],
          [
            "f_shaker",
            10
          ],
          [
            "f_BL9_alien_anemone",
            10
          ],
          [
            "f_BL9_glowing_tendril",
            10
          ]
        ],
        "g": [
          [
            "f_HPLC",
            10
          ],
          [
            "f_GC",
            10
          ],
          [
            "f_MS",
            10
          ],
          [
            "f_NMR",
            10
          ],
          [
            "f_BL9_glowing_tendril",
            10
          ],
          [
            "f_BL9_alien_gasper",
            10
          ]
        ],
        "h": [
          [
            "f_electron_microscope",
            10
          ],
          [
            "f_CTscan",
            10
          ],
          [
            "f_anesthetic",
            10
          ],
          [
            "f_BL9_alien_gasper",
            10
          ],
          [
            "f_alien_pod",
            10
          ]
        ],
        "j": "f_scan_bed",
        "l": [
          [
            "f_MRI",
            10
          ],
          [
            "f_CTscan",
            10
          ]
        ],
        "z": "f_console",
        "x": "f_chair",
        "b": "f_BL9_floor_olight"
      },
      "place_monster": [
        {
          "monster": "mon_BL9_military_cut",
          "x": 7,
          "y": 21
        },
        {
          "monster": "mon_BL9_military_stab",
          "x": 13,
          "y": 22
        },
        {
          "monster": "mon_BL9_military_behemoth_minigun",
          "x": 17,
          "y": 23
        },
        {
          "monster": "mon_BL9_military_crossbow",
          "x": 22,
          "y": 22
        },
        {
          "monster": "mon_BL9_mutant_evo_3",
          "x": 22,
          "y": 11
        },
        {
          "monster": "mon_BL9_military_shockrod",
          "x": 19,
          "y": 15
        },
        {
          "monster": "mon_BL9_mutant_evo_2",
          "x": 23,
          "y": 17
        },
        {
          "monster": "mon_BL9_military_crossbow",
          "x": 15,
          "y": 15
        },
        {
          "monster": "mon_BL9_military_bash",
          "x": 4,
          "y": 9
        },
        {
          "monster": "mon_BL9_military_cut",
          "x": 4,
          "y": 10
        },
        {
          "monster": "mon_BL9_military_stab",
          "x": 5,
          "y": 13
        },
        {
          "monster": "mon_BL9_military_behemoth_minigun",
          "x": 6,
          "y": 14
        },
        {
          "monster": "mon_BL9_military_crossbow",
          "x": 4,
          "y": 17
        },
        {
          "monster": "mon_BL9_mutant_evo_3",
          "x": 15,
          "y": 10
        },
        {
          "monster": "mon_BL9_military_shockrod",
          "x": 16,
          "y": 5
        },
        {
          "monster": "mon_BL9_mutant_evo_2",
          "x": 21,
          "y": 7
        },
        {
          "monster": "mon_BL9_military_crossbow",
          "x": 17,
          "y": 3
        },
        {
          "monster": "mon_BL9_military_bash",
          "x": 12,
          "y": 8
        }
      ]
    }
  }
]