[
  {
    "type": "mapgen",
    "om_terrain": [
      "castlelan_castle_prison"
    ],
    "method": "json",
    "weight": 100,
    "object": {
      "fill_ter": "t_rock_floor",
      "rows": [
        "%%%%%%%%=%%%=%%%%%%%%%%%",
        "%%%%%%twwwwwwwww%%%%%%%%",
        "%%%%%%%w%%o=%%%t1owwww%%",
        "%%%%%%%w=%w%%%%11owwww%%",
        "%%%%%%%w%%w%%%%t1owwww%%",
        "%%%%%%=w%=w%%%%%%%wwww%%",
        "%%%%%%%w%we%%%%=%%%w%%%%",
        "%%%%<111%%%%%%wwwwww%%%%",
        "%%%%t%11%%%%%%?%%%%%%%%%",
        "%%%%%%11%%%%11111e%%z1v%",
        "%%%%%%11%p1o1!1111o1pp1%",
        "%%%%%%%%%v1%11111e%%%%%%",
        "%%%%%%%%%pz%t11!11o1pz%%",
        "%%%%%%%%p11o111111%vp1%%",
        "%%%%%%%%zpv%%%?%%%%%%%%%",
        "%%mtq%%%%%%wwwwwwo1pv%%%",
        "%%11p%%%p1owwwwww%pz1%%%",
        "%%111%%p1v%wwwwww%%%%%%%",
        "%%%?%%%%p1owwwwwt%%%%%%%",
        "%%%1%=%%zv%%%?%%%%%%%%%%",
        "%%%wwww%%%%wwwww%%%%%%%%",
        "%%%%=%wwwwww%=%=%%%%%%%%",
        "%%%%%%%%=%%%%%%%%%%%%%%%",
        "%%%%%%%%%%%%%%%%%%%%%%%%"
      ],
      "palettes": [
        "BL9_castleunderground_palette"
      ],
      "items": {
        "z": {
          "item": "BL9_treasure_search1",
          "chance": 100,
          "repeat": [
            1,
            1
          ]
        }
      },
      "place_item": [
        {
          "item": "id_industrial",
          "x": 4,
          "y": 16
        }
      ],
      "place_npcs": [
        {
          "class": "BL9_trader",
          "x": 8,
          "y": 11,
          "add_trait": "BL9_TRADER"
        }
      ],
      "place_monster": [
        {
          "monster": "mon_BL9_scrawler",
          "x": 11,
          "y": 6
        },
        {
          "monster": "mon_BL9_scrawler",
          "x": 13,
          "y": 2
        },
        {
          "monster": "mon_BL9_mutant_1",
          "x": 21,
          "y": 4
        },
        {
          "monster": "mon_BL9_scrawler",
          "x": 21,
          "y": 6
        },
        {
          "monster": "mon_BL9_scrawler",
          "x": 15,
          "y": 8
        },
        {
          "monster": "mon_BL9_scrawler",
          "x": 14,
          "y": 13
        },
        {
          "monster": "mon_BL9_mutant_1",
          "x": 17,
          "y": 11
        },
        {
          "monster": "mon_BL9_scrawler",
          "x": 10,
          "y": 19
        },
        {
          "monster": "mon_BL9_scrawler",
          "x": 16,
          "y": 18
        },
        {
          "monster": "mon_BL9_scrawler",
          "x": 9,
          "y": 22
        },
        {
          "monster": "mon_BL9_scrawler",
          "x": 5,
          "y": 21
        },
        {
          "monster": "mon_BL9_mutant_1",
          "x": 3,
          "y": 18
        }
      ]
    }
  },
  {
    "type": "mapgen",
    "om_terrain": [
      "castlelan_castle_lava"
    ],
    "method": "json",
    "weight": 100,
    "object": {
      "fill_ter": "t_rock_floor",
      "rows": [
        "########################",
        "#RRRRRRRRR4d4RRRRRRRRRR#",
        "#RRRRRl4R4RRR4R4lRRRRRR#",
        "#RRRRRlR4R444R4RlRRRRRR#",
        "#RRRRRl4R4RRR4R4lRRRRRR#",
        "#RRRRR4RRRR4RRRR4RRRRRR#",
        "#RRRRR4RRRRRRRRR4RRRRRR#",
        "#RRRRR4RRRRRRRRR4RRRRRR#",
        "#RRRRRR4RRR4RRR4RRRRRRR#",
        "#RRRRR4RRRRRRRRR4RRRRRR#",
        "#RRRRRR4RRRRRRR4RRRRRRR#",
        "#RRRRR4RRRR4RRRR4RRRRRR#",
        "#RRRRRR4RRRRR4R4RRRRRRR#",
        "#RRRRR4R44444R4RRRRRRRR#",
        "#RRRRRR4Ra4a4RRRRRRRRRR#",
        "#RRRRRRRRa4aRRRRRRRRRRR#",
        "#RRRRRRRRa4aRRRRRRRRRRR#",
        "#RRRRR!4444aRRRRRRRRRRRR",
        "#RRRRRl4444aRRaaaaaa####",
        "#RRRRR!4444aRa44444<####",
        "#RRRRRRRRa4aRa4aaaaa####",
        "#RRRRRRRRa44444aRRRRRRR#",
        "#RRRRRRRRRRRRRRRRRRRRRR#",
        "########################"
      ],
      "palettes": [
        "BL9_castleunderground_palette"
      ],
      "place_item": [
        {
          "item": "id_science",
          "x": 11,
          "y": 2
        },
        {
          "item": "id_science",
          "x": 11,
          "y": 3
        }
      ],
      "place_monster": [
        {
          "monster": "mon_BL9_cultist_cut",
          "x": 8,
          "y": 18
        },
        {
          "monster": "mon_BL9_cultist_stab",
          "x": 9,
          "y": 18
        },
        {
          "monster": "mon_BL9_mutant_3",
          "x": 10,
          "y": 18
        },
        {
          "monster": "mon_BL9_cultist_crossbow",
          "x": 11,
          "y": 18
        },
        {
          "monster": "mon_BL9_cultist_bash",
          "x": 9,
          "y": 11
        },
        {
          "monster": "mon_BL9_cultist_cut",
          "x": 10,
          "y": 11
        },
        {
          "monster": "mon_BL9_mutant_3",
          "x": 12,
          "y": 11
        },
        {
          "monster": "mon_BL9_cultist_crossbow",
          "x": 10,
          "y": 9
        },
        {
          "monster": "mon_BL9_cultist_stab",
          "x": 11,
          "y": 9
        },
        {
          "monster": "mon_BL9_cultist_bash",
          "x": 12,
          "y": 9
        },
        {
          "monster": "mon_dr_gonzalez",
          "x": 10,
          "y": 6
        },
        {
          "monster": "mon_BL9_mutant_2",
          "x": 11,
          "y": 6
        },
        {
          "monster": "mon_BL9_cultist_bash",
          "x": 12,
          "y": 6
        },
        {
          "monster": "mon_BL9_cultist_crossbow",
          "x": 9,
          "y": 3
        },
        {
          "monster": "mon_blind_clawer",
          "x": 10,
          "y": 3
        },
        {
          "monster": "mon_BL9_cultist_crossbow",
          "x": 11,
          "y": 3
        }
      ]
    }
  },
  {
    "type": "mapgen",
    "om_terrain": [
      "castlelan_castle_falling"
    ],
    "method": "json",
    "weight": 100,
    "object": {
      "fill_ter": "t_rock_floor",
      "rows": [
        "%%%%%%%%%%%%%%%%%%%%%%%%",
        "%%%%%%%%%%%%%%%%%%%%%%%%",
        "%%%%%%%%%%%%%%%%%%%%%%%%",
        "%%%%%%%%%%%%%%%%%%%%%%%%",
        "%%%%%%%%%%%%%%%%%%%%%%%%",
        "%%%%%%%%%%%%%%%%%%%%%%%%",
        "%%%%%%%%%%%%%%%%%%%%%%%%",
        "%%%%%%%%%%%%%%%%%%%%%%%%",
        "%%%%%%%%%%%%%%%%%%%%%%%%",
        "%%%%%11<1>%%%%%%%%%%%%%%",
        "%%%%%%%%%%%%%%%%%%%%%%%%",
        "%%%%%%%%%%%%%%%%%%%%%%%%",
        "%%%%%%%%%%%%%%%%%%%%%%%%",
        "%%%%%%%%%%%%%%%%%%%%%%%%",
        "%%%%%%%%%%%%%%%%%%%%%%%%",
        "%%%%%%%%%%%%%%%%%%%%%%%%",
        "%%%%%%%%%%%%%%%%%%%%%%%%",
        "%%%%%%%%%%%%%%%%%%%%%%%%",
        "%%%%%%%%%%%%%%%%%%%%%%%%",
        "%%%%%%%%%%%%%%%%%%%%%%%%",
        "%%%%%%%%%%%%%%%%%%%%%%%%",
        "%%%%%%%%%%%%%%%%%%%%%%%%",
        "%%%%%%%%%%%%%%%%%%%%%%%%",
        "%%%%%%%%%%%%%%%%%%%%%%%%"
      ],
      "palettes": [
        "BL9_castleunderground_palette"
      ]
    }
  },
  {
    "type": "mapgen",
    "om_terrain": [
      "castlelan_castle_assassin"
    ],
    "method": "json",
    "weight": 100,
    "object": {
      "fill_ter": "t_rock_floor",
      "rows": [
        "%%%%%%%%=%%%=%%%%%%%%%%%",
        "%%%%%%wwwwwwwwwww%%%%%%%",
        "%%%%%=w%%=%%=%%t?o%qwe%%",
        "%%%%%%w%%%%%%w%%0o%eww%%",
        "%%%%%%?%%%%%%%mC0o%wtw%%",
        "%%%%%wwHJww%%%mC0%wwwm%%",
        "%%%%%wwJHwwmmmmC0%%w%%%%",
        "%%%%wwwJHJwmCCCC0www%%%%",
        "%%%%twwJHJw%%0000%%%%%%%",
        "%%%%%ww<www%%0%%%%%%z1v%",
        "%%%%%%%%%%%%%0%mCmCmCmC%",
        "%%%%q00m00m0i0%CCCCCCCC%",
        "%%%%>0000000L0%11G11G1m%",
        "%%%%00G0qG00%0?1111t11q%",
        "%%%%%%%%%%%%%0%1111G11m%",
        "%%qwwwtwwwww%0%CCCCCCCC%",
        "%=ewm=%%qwww%0%mCmCmCmC%",
        "%=ewe=%%%%%w%?%ww%%%%%%%",
        "%%%%%%%=m0G00000000G%%%%",
        "%%%%%%%%t00000000000t%%%",
        "%%%%%%%=q000CmC00CmC00t%",
        "%%%%%%%=q000CmC00CmC000%",
        "%%%%%%%=m0G0CmC00CmC0q0%",
        "%%%%%%%%%%%%%%%%%%%%%%%%"
      ],
      "palettes": [
        "BL9_castleunderground_palette"
      ],
      "place_item": [
        {
          "item": "id_industrial",
          "x": 23,
          "y": 22
        },
        {
          "item": "BL9_agent_note10",
          "x": 7,
          "y": 9
        },
        {
          "item": "BL9_castlelan_note6",
          "x": 7,
          "y": 8
        }
      ],
      "place_npcs": [
        {
          "class": "BL9_trader",
          "x": 5,
          "y": 8,
          "add_trait": "BL9_TRADER"
        }
      ],
      "place_monster": [
        {
          "monster": "mon_blind_clawer",
          "x": 15,
          "y": 9
        },
        {
          "monster": "mon_BL9_repto",
          "x": 14,
          "y": 14
        },
        {
          "monster": "mon_BL9_assassin",
          "x": 16,
          "y": 22
        },
        {
          "monster": "mon_BL9_repto",
          "x": 21,
          "y": 14
        },
        {
          "monster": "mon_blind_clawer",
          "x": 4,
          "y": 17
        }
      ]
    }
  },
  {
    "type": "mapgen",
    "om_terrain": [
      "castlelan_castle_mines1"
    ],
    "method": "json",
    "weight": 100,
    "object": {
      "fill_ter": "t_rock_floor",
      "rows": [
        "%%%%%%%%%%%%%%%%%%%%%%%%",
        "%ssssssmssms5smssssssss%",
        "%5555555ssss5ssssssssss%",
        "%%%%%%%5%sss5s%%%%%%%%%%",
        "%%%%tss5ssss55555555t%%%",
        "%%sssss5sssssssssssssss%",
        "%tsssss5sssssssssssssss%",
        "%%sssss5ss%ss%sssssssst%",
        "%%sssss5ss%ss%ssss555%%%",
        "%%sssss5ss%??%%%%%%%%%%%",
        "%%%%%%%%%%%ts%%mCmCmCmC%",
        "%%%%%%%%%%%ss%%55555555%",
        "%%%%<sssst%ss%sssssssss%",
        "%%%%%%%%%ssss?sssssssst%",
        "%%%%%%%%%%%st%%ssssqsqs%",
        "%tsssst%%%%??%%55555555%",
        "%ssssssssssss%%mCmCmCmC%",
        "%sssssssssss%%%%%%%%%%%%",
        "%tsssst%%%%%%ss5ssss%%%%",
        "%%sssss%%5555555ssssq%%%",
        "%%sssssLssssssssssssss0%",
        "%%sssssissssssssssssss0%",
        "%%%%%%%%smsssststsssms0%",
        "%%%%%%%%%%%%%%%s%%%%%%%%"
      ],
      "palettes": [
        "BL9_castleunderground_palette"
      ],
      "place_item": [
        {
          "item": "id_industrial",
          "x": 12,
          "y": 2
        }
      ],
      "place_monster": [
        {
          "monster": "mon_blind_clawer",
          "x": 14,
          "y": 21
        },
        {
          "monster": "mon_BL9_cultist_stab",
          "x": 15,
          "y": 21
        },
        {
          "monster": "mon_BL9_mutant_3",
          "x": 16,
          "y": 21
        },
        {
          "monster": "mon_BL9_cultist_crossbow",
          "x": 17,
          "y": 21
        },
        {
          "monster": "mon_BL9_cultist_bash",
          "x": 5,
          "y": 20
        },
        {
          "monster": "mon_dr_gonzalez",
          "x": 5,
          "y": 19
        },
        {
          "monster": "mon_BL9_mutant_3",
          "x": 5,
          "y": 18
        },
        {
          "monster": "mon_BL9_cultist_crossbow",
          "x": 17,
          "y": 13
        },
        {
          "monster": "mon_BL9_cultist_stab",
          "x": 18,
          "y": 13
        },
        {
          "monster": "mon_BL9_cultist_bash",
          "x": 19,
          "y": 13
        },
        {
          "monster": "mon_dr_gonzalez",
          "x": 9,
          "y": 3
        },
        {
          "monster": "mon_BL9_mutant_3",
          "x": 10,
          "y": 3
        },
        {
          "monster": "mon_BL9_cultist_bash",
          "x": 11,
          "y": 3
        },
        {
          "monster": "mon_BL9_cultist_cut",
          "x": 12,
          "y": 3
        },
        {
          "monster": "mon_blind_clawer",
          "x": 19,
          "y": 6
        },
        {
          "monster": "mon_BL9_cultist_cut",
          "x": 20,
          "y": 6
        },
        {
          "monster": "mon_BL9_mutant_2",
          "x": 21,
          "y": 6
        }
      ]
    }
  },
  {
    "type": "mapgen",
    "om_terrain": [
      "castlelan_castle_mines2"
    ],
    "method": "json",
    "weight": 100,
    "object": {
      "fill_ter": "t_rock_floor",
      "rows": [
        "%%%%%%%%%%%%%%%s%%%%%%%%",
        "%%%%%%%%tsssssssss%Gmem%",
        "%qssssssssssssssss%ssss%",
        "%555555555ssssssss%tsse%",
        "%msessess5ssssssss%ssss%",
        "%mssGsGss5sssssssssssss%",
        "%555555555sssssssssssst%",
        "%%%%GsssessssssssssG%%%%",
        "%%%%msssssssssssss5m%%%%",
        "%%%5555555555555555eesq%",
        "%%t5sssssssssssssssssGm%",
        "%%t5sssssssssssssssssGm%",
        "%%%55555555555555555555%",
        "%tsssssssssssssssssssGm%",
        "%%%%%%%%%%%%sssssssssse%",
        "%msessesqsm%sssssssssse%",
        "%tsssssssssssssssssssst%",
        "%%%%s%%%%%%%%%%%%%%%%%%%",
        "%tsssm5``5```5```5``mst%",
        "%sssss`5``5`5`5`5`5`sssL",
        "%%ssss5```55```5```5sssL",
        "%%tsss`5`5``5`5`5`5`sssi",
        "%%%%%m5`5````5```5``mst%",
        "%%%%%%%%%%%%%%%%%%%%%%%%"
      ],
      "palettes": [
        "BL9_castleunderground_palette"
      ],
      "items": {
        "e": {
          "item": "BL9_treasure_search1",
          "chance": 100,
          "repeat": [
            1,
            1
          ]
        }
      },
      "place_item": [
        {
          "item": "id_industrial",
          "x": 3,
          "y": 14
        },
        {
          "item": "BL9_agent_note11",
          "x": 5,
          "y": 20
        },
        {
          "item": "BL9_castlelan_note7",
          "x": 7,
          "y": 20
        }
      ],
      "place_monster": [
        {
          "monster": "mon_dr_gonzalez",
          "x": 11,
          "y": 21
        },
        {
          "monster": "mon_BL9_cultist_stab",
          "x": 12,
          "y": 21
        },
        {
          "monster": "mon_BL9_mutant_2",
          "x": 17,
          "y": 20
        },
        {
          "monster": "mon_BL9_cultist_crossbow",
          "x": 19,
          "y": 20
        },
        {
          "monster": "mon_BL9_cultist_bash",
          "x": 14,
          "y": 19
        },
        {
          "monster": "mon_BL9_cultist_cut",
          "x": 16,
          "y": 16
        },
        {
          "monster": "mon_dr_gonzalez",
          "x": 17,
          "y": 16
        },
        {
          "monster": "mon_BL9_cultist_crossbow",
          "x": 18,
          "y": 16
        },
        {
          "monster": "mon_BL9_cultist_stab",
          "x": 11,
          "y": 11
        },
        {
          "monster": "mon_BL9_cultist_bash",
          "x": 12,
          "y": 11
        },
        {
          "monster": "mon_dr_gonzalez",
          "x": 19,
          "y": 11
        },
        {
          "monster": "mon_BL9_mutant_2",
          "x": 20,
          "y": 11
        },
        {
          "monster": "mon_BL9_cultist_bash",
          "x": 5,
          "y": 6
        },
        {
          "monster": "mon_BL9_cultist_cut",
          "x": 6,
          "y": 6
        },
        {
          "monster": "mon_BL9_mutant_2",
          "x": 7,
          "y": 6
        },
        {
          "monster": "mon_BL9_cultist_cut",
          "x": 8,
          "y": 6
        }
      ]
    }
  },
  {
    "type": "mapgen",
    "om_terrain": [
      "castlelan_castle_furnace"
    ],
    "method": "json",
    "weight": 100,
    "object": {
      "fill_ter": "t_rock_floor",
      "rows": [
        "########################",
        "#RRRRRRRRR4#<4#RRRRRRRR#",
        "#RRRRRRR4RR#Li#4RRRRRRR#",
        "#CCCRRR4R4RR4R4R4RRRRRR#",
        "#qmCRR4RRR4RR4RRR4RRRRR#",
        "#CCCRRR4R4RR4R4R4RRRRRR#",
        "#RRRRR4RRR4RR4R4RRRRRRR#",
        "#RRRRRR4R4R4RR4R4R4RCCC#",
        "#RRRRR4R4R4RR4R4R4RRCqm#",
        "#CCCRRR4R4RR4R4R4RRRCCC#",
        "#qmCRRRR4RR4R4R4R4RRRRR#",
        "#CCCRRR4R4RR4R4R4R4RCCC#",
        "#RRRRR4R4RRRR4R4R4RRCqm#",
        "#RRRRRR4R4RR4RRR4RRRCCC#",
        "#RRRRR4R4RRRR4R4RRRRRRR#",
        "#RRRRRR4R4RRRR4RRRRRRRR#",
        "#RRRRRRRRR4RR4RRRRRRRRR#",
        "###########??###########",
        "##RRR44444444###########",
        "444444RRRRRRR###########",
        "44444CCCCCCRR###########",
        "##tRRCGmmGCRR###########",
        "##RRRCCCCCCRR###########",
        "########################"
      ],
      "palettes": [
        "BL9_castleunderground_palette"
      ],
      "place_item": [
        {
          "item": "id_industrial",
          "x": 11,
          "y": 2
        }
      ],
      "place_npcs": [
        {
          "class": "BL9_trader",
          "x": 5,
          "y": 21,
          "add_trait": "BL9_TRADER"
        }
      ],
      "place_monster": [
        {
          "monster": "mon_BL9_giant",
          "x": 11,
          "y": 7
        },
        {
          "monster": "mon_BL9_giant",
          "x": 14,
          "y": 7
        }
      ]
    }
  },
  {
    "type": "mapgen",
    "om_terrain": [
      "castlelan_castle_scrawler_south2"
    ],
    "method": "json",
    "weight": 100,
    "object": {
      "fill_ter": "t_rock_floor",
      "rows": [
        "jjjjjjjjjjjjjjjjjjjjjjjj",
        "jf..c.....```````jjj>.jj",
        "jb....````fbc.f.````j.jj",
        "j.....````......````b..j",
        "jc....````f....f````..cj",
        "j.....````......````..fj",
        "jb....````f....f````...j",
        "j.....................cj",
        "j.....````b....c````...j",
        "jfc.b.````......````b.fj",
        "jjjjjjjjjjjjj??jjjjjjjjj",
        "j.b.....b.cjj..jjf`..`fj",
        "jc.`.```..bj....j`....`j",
        "jb.`.```.jj.....jjc...bj",
        "jf.`.`..fj......fjf...fj",
        "jjjj?jjjjjjj?jjjjjjj?jjj",
        "jb.....fcj``.````j`....j",
        "j.......cj``.````j.....L",
        "jc.....................i",
        "jjjf.....j```.```j..fjjj",
        "j````...............```j",
        "j````.``````j.j````.```j",
        "jf.b..c..c.fj.jf.c..b.fj",
        "jjjjjjjjjjjjjjjjjjjjjjjj"
      ],
      "palettes": [
        "BL9_castleunderground_palette"
      ],
      "items": {
        "c": {
          "item": "BL9_treasure_search1",
          "chance": 100,
          "repeat": [
            1,
            1
          ]
        }
      },
      "place_item": [
        {
          "item": "id_industrial",
          "x": 7,
          "y": 12
        }
      ],
      "place_monster": [
        {
          "monster": "mon_BL9_scrawler_evo",
          "x": 9,
          "y": 8
        },
        {
          "monster": "mon_BL9_scrawler",
          "x": 11,
          "y": 8
        },
        {
          "monster": "mon_BL9_scrawler",
          "x": 12,
          "y": 8
        },
        {
          "monster": "mon_BL9_scrawler_evo",
          "x": 14,
          "y": 8
        },
        {
          "monster": "mon_BL9_scrawler",
          "x": 16,
          "y": 8
        },
        {
          "monster": "mon_BL9_scrawler",
          "x": 4,
          "y": 3
        },
        {
          "monster": "mon_BL9_scrawler",
          "x": 5,
          "y": 3
        },
        {
          "monster": "mon_BL9_scrawler_evo",
          "x": 14,
          "y": 14
        },
        {
          "monster": "mon_BL9_scrawler",
          "x": 15,
          "y": 14
        },
        {
          "monster": "mon_BL9_scrawler",
          "x": 20,
          "y": 12
        },
        {
          "monster": "mon_BL9_scrawler",
          "x": 21,
          "y": 12
        },
        {
          "monster": "mon_BL9_scrawler_evo",
          "x": 5,
          "y": 12
        },
        {
          "monster": "mon_BL9_scrawler",
          "x": 6,
          "y": 12
        },
        {
          "monster": "mon_BL9_scrawler",
          "x": 11,
          "y": 21
        },
        {
          "monster": "mon_BL9_scrawler",
          "x": 12,
          "y": 21
        },
        {
          "monster": "mon_BL9_scrawler",
          "x": 16,
          "y": 21
        },
        {
          "monster": "mon_BL9_scrawler_evo",
          "x": 17,
          "y": 21
        },
        {
          "monster": "mon_BL9_scrawler_evo",
          "x": 18,
          "y": 21
        }
      ]
    }
  },
  {
    "type": "mapgen",
    "om_terrain": [
      "castlelan_castle_scrawler_east2"
    ],
    "method": "json",
    "weight": 100,
    "object": {
      "fill_ter": "t_rock_floor",
      "rows": [
        "jjjjjjjjjjjjjjjjjjjjjjjj",
        "jf..c.....``j```````..jj",
        "jb....````bfjffc````j.jj",
        "j.....````..j...````b..j",
        "jc....````f.j..f````..cj",
        "j.....````..?...````..fj",
        "jb....````f.j..f````...j",
        "j...........j.........cj",
        "j.....````b.j..c```....j",
        "jfc.b.````..j...```...fj",
        "jjjjjjjjjjjjjjjjjjj?jjjj",
        "j.b.....b`cjjjjjjf`..`fj",
        "jc.`.```.`.......`....`j",
        "jb.`.```.j.......jc...bj",
        "jf.`.`..fj.......jf...fj",
        "j........?.............j",
        "jb.....fcj``.````j`....j",
        "........cj``.````j.....j",
        "jc.......?.............j",
        "jjjf.....j```.```j..fjjj",
        "j````....?..........```j",
        "j````.```````.`````.```j",
        "jf.b..c..c.f`.`f.c..b.fj",
        "jjjjjjjjjjjjiLjjjjjjjjjj"
      ],
      "palettes": [
        "BL9_castleunderground_palette"
      ],
      "items": {
        "c": {
          "item": "BL9_treasure_search1",
          "chance": 100,
          "repeat": [
            1,
            1
          ]
        }
      },
      "place_item": [
        {
          "item": "id_industrial",
          "x": 3,
          "y": 9
        }
      ],
      "place_monster": [
        {
          "monster": "mon_BL9_scrawler",
          "x": 3,
          "y": 3
        },
        {
          "monster": "mon_BL9_scrawler",
          "x": 4,
          "y": 3
        },
        {
          "monster": "mon_BL9_scrawler",
          "x": 5,
          "y": 3
        },
        {
          "monster": "mon_BL9_scrawler",
          "x": 6,
          "y": 3
        },
        {
          "monster": "mon_BL9_scrawler_evo",
          "x": 19,
          "y": 8
        },
        {
          "monster": "mon_BL9_scrawler",
          "x": 20,
          "y": 8
        },
        {
          "monster": "mon_BL9_scrawler",
          "x": 21,
          "y": 8
        },
        {
          "monster": "mon_BL9_scrawler",
          "x": 22,
          "y": 8
        },
        {
          "monster": "mon_BL9_scrawler",
          "x": 14,
          "y": 16
        },
        {
          "monster": "mon_BL9_scrawler_evo",
          "x": 15,
          "y": 16
        },
        {
          "monster": "mon_BL9_scrawler",
          "x": 16,
          "y": 16
        },
        {
          "monster": "mon_BL9_scrawler",
          "x": 17,
          "y": 16
        },
        {
          "monster": "mon_BL9_scrawler_evo",
          "x": 17,
          "y": 21
        },
        {
          "monster": "mon_BL9_scrawler",
          "x": 18,
          "y": 21
        },
        {
          "monster": "mon_BL9_scrawler",
          "x": 5,
          "y": 12
        },
        {
          "monster": "mon_BL9_scrawler",
          "x": 5,
          "y": 13
        },
        {
          "monster": "mon_BL9_scrawler_evo",
          "x": 5,
          "y": 14
        },
        {
          "monster": "mon_BL9_scrawler_evo",
          "x": 5,
          "y": 15
        }
      ]
    }
  },
  {
    "type": "mapgen",
    "om_terrain": [
      "castlelan_castle_scrawler_south3"
    ],
    "method": "json",
    "weight": 100,
    "object": {
      "fill_ter": "t_rock_floor",
      "rows": [
        "jjjjjjjjjjjjj.jjjjjjjjjj",
        "jf..c.```````.```jjjjjjj",
        "jb..............````j.jj",
        "j.....````.......```b..j",
        "jc....````f....f......cj",
        "j.....````......````..fj",
        "jjjjjjjjjjjjj?jjjjjjjjjj",
        "j.fbf..c..j.....bfb.c.cj",
        "jc....````b....c````...j",
        "jf....````f.....````b.fj",
        "j.........?............j",
        "j.....````b.....c```...j",
        "jc...`````j.....j```..fj",
        "jb..``````j.....j```...j",
        "jf..``````j.....j```..cj",
        "jjjjjjjjjjjjjjjjjjjj?jjj",
        "jcb..b.cfj``.j.``j.....j",
        "j........j``.`.``j.....j",
        "jc.......?.............j",
        "i.......j``j``j``j.....j",
        "L.......j``j``j``j.....j",
        "j.......j``j``j``j.....j",
        "jf.b..c..c.f.b.f.c..b.fj",
        "jjjjjjjjjjjjjjjjjjjjjjjj"
      ],
      "palettes": [
        "BL9_castleunderground_palette"
      ],
      "items": {
        "b": {
          "item": "BL9_treasure_search1",
          "chance": 100,
          "repeat": [
            1,
            1
          ]
        }
      },
      "place_item": [
        {
          "item": "id_industrial",
          "x": 5,
          "y": 17
        }
      ],
      "place_monster": [
        {
          "monster": "mon_BL9_scrawler",
          "x": 3,
          "y": 5
        },
        {
          "monster": "mon_BL9_scrawler",
          "x": 4,
          "y": 5
        },
        {
          "monster": "mon_BL9_scrawler",
          "x": 5,
          "y": 5
        },
        {
          "monster": "mon_BL9_scrawler",
          "x": 22,
          "y": 3
        },
        {
          "monster": "mon_BL9_scrawler_evo",
          "x": 22,
          "y": 4
        },
        {
          "monster": "mon_BL9_scrawler",
          "x": 23,
          "y": 4
        },
        {
          "monster": "mon_BL9_scrawler",
          "x": 21,
          "y": 14
        },
        {
          "monster": "mon_BL9_scrawler_evo",
          "x": 22,
          "y": 14
        },
        {
          "monster": "mon_BL9_scrawler",
          "x": 23,
          "y": 14
        },
        {
          "monster": "mon_BL9_scrawler",
          "x": 22,
          "y": 8
        },
        {
          "monster": "mon_BL9_scrawler",
          "x": 2,
          "y": 12
        },
        {
          "monster": "mon_BL9_scrawler_evo",
          "x": 3,
          "y": 12
        },
        {
          "monster": "mon_BL9_scrawler",
          "x": 4,
          "y": 12
        },
        {
          "monster": "mon_BL9_scrawler_evo",
          "x": 5,
          "y": 12
        },
        {
          "monster": "mon_BL9_scrawler",
          "x": 12,
          "y": 19
        },
        {
          "monster": "mon_BL9_scrawler_evo",
          "x": 14,
          "y": 19
        },
        {
          "monster": "mon_BL9_scrawler",
          "x": 15,
          "y": 19
        },
        {
          "monster": "mon_BL9_scrawler_evo",
          "x": 4,
          "y": 21
        },
        {
          "monster": "mon_BL9_scrawler",
          "x": 5,
          "y": 21
        },
        {
          "monster": "mon_BL9_scrawler",
          "x": 6,
          "y": 21
        }
      ]
    }
  },
  {
    "type": "mapgen",
    "om_terrain": [
      "castlelan_castle_scrawler_west1"
    ],
    "method": "json",
    "weight": 100,
    "object": {
      "fill_ter": "t_rock_floor",
      "rows": [
        "jjjjjjjjjjjjjjjjjjjjjjjj",
        "jj..c.....```<```.....jj",
        "jj....```........```..jj",
        "j.....````......````...j",
        "jf....````b....c````..cj",
        "jc....````......````..fj",
        "jjjjjjjjjjjjj?jjjjjjjjjj",
        "j.fbf..````.....```.c.cj",
        "jc......```.....``.....j",
        "jf......```.....``..b.fj",
        "j.........?............j",
        "j.......``b.....c``....j",
        "jc.....```j.....j```..fj",
        "jb.....```j.....j```...j",
        "jf.....```j.....j```..cj",
        "jjjj?jjjjjjjjjjjjjjjjjjj",
        "jcb...c.f.``.j```.f.f.bj",
        "j.........``.j```......j",
        "jc...........?.........j",
        "j.........```j```......j",
        "j.........```j```.......",
        "j.........```j```......j",
        "jf.b..c..c```j```c..b.fj",
        "jjjjjjjjjjjjjjjjjjjjjjjj"
      ],
      "palettes": [
        "BL9_castleunderground_palette"
      ],
      "items": {
        "b": {
          "item": "BL9_treasure_search1",
          "chance": 100,
          "repeat": [
            1,
            1
          ]
        }
      },
      "place_item": [
        {
          "item": "BL9_agent_note12",
          "x": 15,
          "y": 4
        },
        {
          "item": "BL9_castlelan_note8",
          "x": 15,
          "y": 5
        }
      ],
      "place_monster": [
        {
          "monster": "mon_BL9_scrawler",
          "x": 19,
          "y": 19
        },
        {
          "monster": "mon_BL9_scrawler",
          "x": 20,
          "y": 19
        },
        {
          "monster": "mon_BL9_scrawler_evo",
          "x": 21,
          "y": 19
        },
        {
          "monster": "mon_BL9_scrawler",
          "x": 3,
          "y": 22
        },
        {
          "monster": "mon_BL9_scrawler",
          "x": 4,
          "y": 22
        },
        {
          "monster": "mon_BL9_scrawler_evo",
          "x": 3,
          "y": 21
        },
        {
          "monster": "mon_BL9_scrawler",
          "x": 4,
          "y": 21
        },
        {
          "monster": "mon_BL9_scrawler_evo",
          "x": 5,
          "y": 20
        },
        {
          "monster": "mon_BL9_scrawler",
          "x": 4,
          "y": 11
        },
        {
          "monster": "mon_BL9_scrawler",
          "x": 5,
          "y": 11
        },
        {
          "monster": "mon_BL9_scrawler",
          "x": 6,
          "y": 11
        },
        {
          "monster": "mon_BL9_scrawler_evo",
          "x": 16,
          "y": 11
        },
        {
          "monster": "mon_BL9_scrawler",
          "x": 18,
          "y": 11
        },
        {
          "monster": "mon_BL9_scrawler_evo",
          "x": 20,
          "y": 11
        },
        {
          "monster": "mon_BL9_scrawler",
          "x": 21,
          "y": 11
        },
        {
          "monster": "mon_BL9_scrawler",
          "x": 22,
          "y": 11
        },
        {
          "monster": "mon_BL9_scrawler",
          "x": 12,
          "y": 3
        },
        {
          "monster": "mon_BL9_cultist_cut",
          "x": 15,
          "y": 3
        },
        {
          "monster": "mon_BL9_scrawler_evo",
          "x": 16,
          "y": 3
        },
        {
          "monster": "mon_BL9_scrawler",
          "x": 17,
          "y": 3
        }
      ]
    }
  },
  {
    "type": "mapgen",
    "om_terrain": [
      "castlelan_castle_ruins"
    ],
    "method": "json",
    "weight": 100,
    "object": {
      "fill_ter": "t_rock_floor",
      "rows": [
        "%%%%%%%%%%%%%%%Li%%%%%%%",
        "22222222222ssslsslssssl%",
        "2eshs!shes2ssssssssssss%",
        "2sssssssss?ssssssss!sse%",
        "2tsesseses!ssh!h!h!hsss%",
        "22222222222ss!sssss!ssl%",
        "%lsss!ssssssshssssshsss%",
        "%sssshsssssss!h!sss!s!s%",
        "%lsss!h!h!h!sssss!hhshl%",
        "%sssss!sssssssssshssshs%",
        "%ssss!htssssh!h!h!shhh!%",
        "%lssssh!sssssssss!shsss%",
        "%ssssshssssssssshss!sss%",
        "%sssssshssssssssshsshsl%",
        "%lssss!hhsssssssh!ss!ss%",
        "%ssssssh!ssssst!sssssse%",
        "%tsss!h!ss!h!h!hsssssst%",
        "%ssss!sssss!sssssssssss%",
        "%sssshssssshssstssseses%",
        "1sss!hssshhhs%%%?%%%%%%%",
        "%sss!hssssh!s%ssspsps%%%",
        "%ssss!ssss!ss%estssse%%%",
        "%slsssslssssl%lpselps%%%",
        "%%%%%%%%%%%%%%%%%%%%%%%%"
      ],
      "palettes": [
        "BL9_castleunderground_palette"
      ],
      "items": {
        "e": {
          "item": "BL9_treasure_search1",
          "chance": 100,
          "repeat": [
            1,
            1
          ]
        }
      },
      "place_item": [
        {
          "item": "id_industrial",
          "x": 2,
          "y": 4
        }
      ],
      "place_monster": [
        {
          "monster": "mon_BL9_cultist_cut",
          "x": 5,
          "y": 4
        },
        {
          "monster": "mon_BL9_cultist_stab",
          "x": 6,
          "y": 4
        },
        {
          "monster": "mon_BL9_mutant_2",
          "x": 7,
          "y": 4
        },
        {
          "monster": "mon_BL9_cultist_crossbow",
          "x": 15,
          "y": 3
        },
        {
          "monster": "mon_BL9_cultist_bash",
          "x": 18,
          "y": 3
        },
        {
          "monster": "mon_blind_clawer",
          "x": 16,
          "y": 7
        },
        {
          "monster": "mon_BL9_mutant_3",
          "x": 18,
          "y": 7
        },
        {
          "monster": "mon_BL9_cultist_crossbow",
          "x": 9,
          "y": 8
        },
        {
          "monster": "mon_BL9_cultist_stab",
          "x": 10,
          "y": 8
        },
        {
          "monster": "mon_BL9_cultist_bash",
          "x": 15,
          "y": 10
        },
        {
          "monster": "mon_dr_gonzalez",
          "x": 16,
          "y": 10
        },
        {
          "monster": "mon_BL9_mutant_2",
          "x": 11,
          "y": 13
        },
        {
          "monster": "mon_blind_clawer",
          "x": 12,
          "y": 13
        },
        {
          "monster": "mon_BL9_cultist_cut",
          "x": 19,
          "y": 14
        },
        {
          "monster": "mon_BL9_mutant_3",
          "x": 11,
          "y": 16
        },
        {
          "monster": "mon_BL9_cultist_cut",
          "x": 12,
          "y": 16
        },
        {
          "monster": "mon_BL9_mutant_1",
          "x": 19,
          "y": 17
        },
        {
          "monster": "mon_BL9_cultist_crossbow",
          "x": 8,
          "y": 21
        },
        {
          "monster": "mon_BL9_mutant_1",
          "x": 9,
          "y": 21
        },
        {
          "monster": "mon_dr_gonzalez",
          "x": 9,
          "y": 17
        },
        {
          "monster": "mon_BL9_mutant_3",
          "x": 10,
          "y": 17
        }
      ]
    }
  },
  {
    "type": "mapgen",
    "om_terrain": [
      "castlelan_castle_rail1"
    ],
    "method": "json",
    "weight": 100,
    "object": {
      "fill_ter": "t_rock_floor",
      "rows": [
        "%%%%%%%%%%%%%%%1%%%%%%%%",
        "%t31111111111111%%%%%%%%",
        "%33111%%%%%%%%%%%%%%%%%%",
        "%3311111111111111113333%",
        "%%%%%%%%%%%%%%%%1113333%",
        "%%%%%%%%%%%%%%%%1113t33%",
        "%%%%%111111111111113333%",
        "%%%%111%%%%%%%%%%%%%%%%%",
        "%%%%11111111111%%%%%%%%%",
        "%%%%%333%%%%%%1%%%%%%%%%",
        "%%%%%3t3%%%%%%1%%%%%%%%%",
        "%%%%%333%%%%%%1%%%%%%%%%",
        "%%%%%%%%%%%%%%1%%%%%%%%%",
        "%%%%%%%%%%%%%11%%%%%%%%%",
        "````````````11`````````%",
        "``111111111111`11``````%",
        "``111`````````111``````%",
        "``11`````````11`1``````%",
        "``11````````11``1``````%",
        "``11```````11```1``````%",
        "```11`````11```s1ss````%",
        "````1111111```%s1ss%```%",
        "``````````````%sssst%``%",
        "%%%%%%%%%%%%%%%s%%%%%%%%"
      ],
      "palettes": [
        "BL9_castleunderground_palette"
      ],
      "place_vehicles": [
        {
          "vehicle": "unicycle",
          "x": 17,
          "y": 22,
          "chance": 100,
          "status": 100
        }
      ],
      "place_monster": [
        {
          "monster": "mon_BL9_cultist_cut",
          "x": 6,
          "y": 12
        },
        {
          "monster": "mon_BL9_cultist_stab",
          "x": 7,
          "y": 12
        },
        {
          "monster": "mon_BL9_mutant_3",
          "x": 8,
          "y": 12
        },
        {
          "monster": "mon_BL9_cultist_crossbow",
          "x": 6,
          "y": 10
        },
        {
          "monster": "mon_BL9_cultist_bash",
          "x": 7,
          "y": 10
        },
        {
          "monster": "mon_dr_gonzalez",
          "x": 20,
          "y": 4
        },
        {
          "monster": "mon_BL9_mutant_3",
          "x": 21,
          "y": 4
        },
        {
          "monster": "mon_BL9_cultist_crossbow",
          "x": 22,
          "y": 4
        },
        {
          "monster": "mon_BL9_cultist_stab",
          "x": 23,
          "y": 4
        },
        {
          "monster": "mon_BL9_cultist_bash",
          "x": 20,
          "y": 5
        },
        {
          "monster": "mon_dr_gonzalez",
          "x": 21,
          "y": 5
        },
        {
          "monster": "mon_BL9_mutant_2",
          "x": 22,
          "y": 5
        },
        {
          "monster": "mon_BL9_cultist_bash",
          "x": 23,
          "y": 5
        },
        {
          "monster": "mon_BL9_cultist_cut",
          "x": 2,
          "y": 3
        },
        {
          "monster": "mon_BL9_mutant_3",
          "x": 3,
          "y": 3
        },
        {
          "monster": "mon_BL9_cultist_cut",
          "x": 2,
          "y": 4
        },
        {
          "monster": "mon_BL9_mutant_2",
          "x": 3,
          "y": 4
        }
      ]
    }
  },
  {
    "type": "mapgen",
    "om_terrain": [
      "castlelan_castle_rail2"
    ],
    "method": "json",
    "weight": 100,
    "object": {
      "fill_ter": "t_rock_floor",
      "rows": [
        "%%%%%%%%%%%%%%%%%%%%%%%%",
        "%%%%%%%111<1111111%%%%%%",
        "%%%%%%%1%%%%%%%%%1%%%%%%",
        "%%%%%%11t3331333t11%%%%%",
        "%%%%%%1113331333111%%%%%",
        "%%%%%%1113331333111%%%%%",
        "%%%%%%%%%%%%1%%%%%%%%%%%",
        "%%%%%%%%%%%%1%%%%%%%%%%%",
        "%%%%%%%%%%%%1%%%%%%%%%%%",
        "%%%%%%%%%%%%1%%%%%%%%%%%",
        "%```````````11111``````%",
        "%```````````````1`````%%",
        "%```````````````1`````%%",
        "%``````1111111111``````%",
        "%```3t311``````````````%",
        "%```33311``````1t33````%",
        "%```333111111111333````%",
        "%```33311`````11333````%",
        "%```````11111111```````%",
        "%``````````````1```````%",
        "%``````````````1```````%",
        "%%%%%%%%%%%%%%%1%%%%%%%%",
        "%%%%%%%%%%%%%%%1%%%%%%%%",
        "%%%%%%%%%%%%%%%1%%%%%%%%"
      ],
      "palettes": [
        "BL9_castleunderground_palette"
      ],
      "place_monster": [
        {
          "monster": "mon_BL9_cultist_cut",
          "x": 18,
          "y": 16
        },
        {
          "monster": "mon_dr_gonzalez",
          "x": 19,
          "y": 16
        },
        {
          "monster": "mon_BL9_mutant_2",
          "x": 18,
          "y": 17
        },
        {
          "monster": "mon_BL9_cultist_crossbow",
          "x": 19,
          "y": 17
        },
        {
          "monster": "mon_BL9_cultist_bash",
          "x": 5,
          "y": 18
        },
        {
          "monster": "mon_BL9_cultist_cut",
          "x": 6,
          "y": 18
        },
        {
          "monster": "mon_BL9_mutant_2",
          "x": 5,
          "y": 17
        },
        {
          "monster": "mon_BL9_cultist_crossbow",
          "x": 6,
          "y": 17
        },
        {
          "monster": "mon_BL9_cultist_stab",
          "x": 10,
          "y": 4
        },
        {
          "monster": "mon_BL9_cultist_bash",
          "x": 11,
          "y": 4
        },
        {
          "monster": "mon_dr_gonzalez",
          "x": 12,
          "y": 4
        },
        {
          "monster": "mon_BL9_mutant_3",
          "x": 14,
          "y": 4
        },
        {
          "monster": "mon_BL9_cultist_bash",
          "x": 15,
          "y": 4
        },
        {
          "monster": "mon_BL9_cultist_cut",
          "x": 16,
          "y": 4
        },
        {
          "monster": "mon_BL9_mutant_3",
          "x": 17,
          "y": 4
        },
        {
          "monster": "mon_BL9_cultist_cut",
          "x": 14,
          "y": 5
        },
        {
          "monster": "mon_BL9_mutant_3",
          "x": 15,
          "y": 5
        },
        {
          "monster": "mon_dr_gonzalez",
          "x": 16,
          "y": 5
        }
      ]
    }
  },
  {
    "type": "mapgen",
    "om_terrain": [
      "castlelan_castle_outside1"
    ],
    "method": "json",
    "weight": 100,
    "object": {
      "fill_ter": "t_rock_floor",
      "rows": [
        "%%%%%%%%%%%%%%%%%%%%%%%%",
        "%11!!11!!>11t1111111111%",
        "%1111111111111111111111%",
        "%11!!11!!11111112221222%",
        "%11111111111111121111t2%",
        "%1111111111111112e11112%",
        "%%%%%%%%%11%%%%%2t111e2%",
        "%%%%%%%%i11%%%%%2222222%",
        "11111111L11%%%%%%%%%%%%%",
        "%%%%%%%%%11%%%%%%%%%%%%%",
        "%%%%%%%%%11%%%%%%%%%%%%%",
        "%%%%%%%%%??%%%%%%%%%%%%%",
        "%%%%%%%%t11t%%%%%%%%%%%%",
        "%111h111111111111111h11%",
        "%11!!1111111!!!11111!!1%",
        "%111h!h11111t!h1111!h!1%",
        "%11h!t!t11111h!111!hh!1%",
        "%11h11hh1111t!111111!h!%",
        "%1111!!h1111!!1111111!%%",
        "%11111111111111111111h%%",
        "%12221221111221222211!%%",
        "%12111121111211111211h%%",
        "%12t1et211112t1e1e21111%",
        "%%222222%%%%2222222%%%%%"
      ],
      "palettes": [
        "BL9_castleunderground_palette"
      ],
      "items": {
        "e": {
          "item": "BL9_treasure_search1",
          "chance": 100,
          "repeat": [
            1,
            1
          ]
        }
      },
      "place_item": [
        {
          "item": "id_industrial",
          "x": 17,
          "y": 23
        }
      ],
      "place_npcs": [
        {
          "class": "BL9_trader",
          "x": 17,
          "y": 2,
          "add_trait": "BL9_TRADER"
        }
      ],
      "place_monster": [
        {
          "monster": "mon_BL9_cultist_crossbow",
          "x": 20,
          "y": 6
        },
        {
          "monster": "mon_BL9_cultist_stab",
          "x": 21,
          "y": 6
        },
        {
          "monster": "mon_BL9_mutant_3",
          "x": 3,
          "y": 5
        },
        {
          "monster": "mon_BL9_cultist_crossbow",
          "x": 3,
          "y": 3
        },
        {
          "monster": "mon_BL9_cultist_bash",
          "x": 4,
          "y": 3
        },
        {
          "monster": "mon_BL9_cultist_cut",
          "x": 12,
          "y": 17
        },
        {
          "monster": "mon_BL9_mutant_2",
          "x": 13,
          "y": 17
        },
        {
          "monster": "mon_BL9_cultist_crossbow",
          "x": 10,
          "y": 20
        },
        {
          "monster": "mon_BL9_cultist_crossbow",
          "x": 11,
          "y": 20
        },
        {
          "monster": "mon_BL9_cultist_bash",
          "x": 12,
          "y": 20
        },
        {
          "monster": "mon_dr_gonzalez",
          "x": 20,
          "y": 20
        },
        {
          "monster": "mon_BL9_mutant_2",
          "x": 21,
          "y": 20
        },
        {
          "monster": "mon_BL9_cultist_crossbow",
          "x": 22,
          "y": 20
        },
        {
          "monster": "mon_BL9_cultist_cut",
          "x": 5,
          "y": 22
        },
        {
          "monster": "mon_BL9_mutant_3",
          "x": 18,
          "y": 22
        }
      ]
    }
  }
]