[
  {
    "type": "mapgen",
    "om_terrain": [
      "BL9_Island_SandCamp1"
    ],
    "method": "json",
    "weight": 100,
    "object": {
      "fill_ter": "t_sand",
      "rows": [
        "%%%%%%%%%%%%%%%%%%%%%%%%",
        "%.eoo.%.l%a.%l.%eo%ae%.i",
        "%b.....................L",
        "%e%.%.%......t........o%",
        "%b....................o%",
        "%......................%",
        "%.%.%.%.%.%.....%.%.%.%%",
        "%..b.e.b.esssssss.e.bea%",
        "%.%.......%b...e%......%",
        "%a........sssssss.....$%",
        "%$%...t..l%b...e%e..t.Y%",
        "%Y........sssssss.....$%",
        "%$%e.....l%b...e%e....e%",
        "%o........sssssss.....o%",
        "%o%..t....%b...e%..t..%%",
        "%......................%",
        "%e....................l%",
        "%.....................e%",
        "%....oo......yyyyy....l%",
        "%%%?%%%%....yvvvvvy....%",
        "%e....e%.....yyyyy....t%",
        "%..>...%...............%",
        "%...t.e%.o.e.o.aeeo.o.e%",
        "%%%%%%%%%%%%%%%%%%%%%%%%"
      ],
      "terrain": {
        " ": "t_dirt",
        ".": "t_sand",
        "!": "t_column",
        "W": "t_fence_wire",
        "%": "t_BL9uniqmazing_wl_sandbrown",
        ">": "t_stairs_down",
        "<": "t_stairs_up",
        "`": "t_water_dp",
        "?": [
          "t_door_metal_c",
          "t_door_metal_c",
          "t_door_metal_c",
          "t_door_metal_c",
          "t_door_metal_o"
        ],
        "i": "t_card_industrial",
        "L": "t_door_metal_locked",
        "j": "t_concrete_wall",
        "q": "t_guardrail_bg_dp"
      },
      "furniture": {
        "e": "f_crate_c",
        "c": "f_filing_cabinet",
        "$": "f_server",
        "l": "f_locker",
        "v": "f_table",
        "y": "f_chair",
        "t": "f_BL9_long_torch",
        "o": "f_wreckage",
        "a": "f_air_conditioner",
        "s": "f_sandbag_half",
        "b": "f_30gal_firebarrel",
        "n": "f_machinery_electronic",
        "m": "f_machinery_heavy",
        "T": "f_console",
        "Y": "f_console_broken"
      },
      "items": {
        "e": {
          "item": "BL9_treasure_search2",
          "chance": 100,
          "repeat": [
            1,
            1
          ]
        },
        "l": {
          "item": "army_personal_locker",
          "chance": 80,
          "repeat": [
            1,
            1
          ]
        }
      },
      "place_item": [
        {
          "item": "id_industrial",
          "x": 14,
          "y": 3
        },
        {
          "item": "BL9_agent_note24",
          "x": 5,
          "y": 21
        }
      ],
      "place_monster": [
        {
          "monster": "mon_BL9_military_cut",
          "x": 11,
          "y": 21
        },
        {
          "monster": "mon_BL9_military_shockrod",
          "x": 21,
          "y": 20
        },
        {
          "monster": "mon_BL9_mutant_evo_2",
          "x": 16,
          "y": 22
        },
        {
          "monster": "mon_BL9_military_crossbow",
          "x": 16,
          "y": 17
        },
        {
          "monster": "mon_BL9_military_bash",
          "x": 9,
          "y": 15
        },
        {
          "monster": "mon_BL9_military_behemoth",
          "x": 6,
          "y": 12
        },
        {
          "monster": "mon_BL9_mutant_evo_3",
          "x": 21,
          "y": 14
        },
        {
          "monster": "mon_BL9_military_crossbow",
          "x": 19,
          "y": 11
        },
        {
          "monster": "mon_BL9_military_stab",
          "x": 14,
          "y": 13
        },
        {
          "monster": "mon_BL9_military_bash",
          "x": 14,
          "y": 11
        },
        {
          "monster": "mon_BL9_military_behemoth",
          "x": 14,
          "y": 9
        },
        {
          "monster": "mon_BL9_mutant_evo_2",
          "x": 13,
          "y": 7
        },
        {
          "monster": "mon_BL9_military_crossbow",
          "x": 15,
          "y": 7
        },
        {
          "monster": "mon_BL9_military_shockrod",
          "x": 5,
          "y": 5
        },
        {
          "monster": "mon_BL9_mutant_evo_3",
          "x": 20,
          "y": 5
        },
        {
          "monster": "mon_BL9_military_cut",
          "x": 17,
          "y": 4
        },
        {
          "monster": "mon_BL9_mutant_evo_3",
          "x": 9,
          "y": 4
        }
      ]
    }
  },
  {
    "type": "mapgen",
    "om_terrain": [
      "BL9_Island_SandCamp2"
    ],
    "method": "json",
    "weight": 100,
    "object": {
      "fill_ter": "t_sand",
      "rows": [
        "%%%%%%%%%%%%%%%%%%%%%%%%",
        "%..e.e.%.a..yy.la%.l.l.%",
        "...........yvvy........%",
        "%......%..tyvvyt.%....o%",
        "%......%...yvvy..%....e%",
        "%o.........yvvy.......o%",
        "%......%....yy...%....e%",
        "%o.....................%",
        "%......%s%.%.%.%s%....$%",
        "%e.....as......as...t.Y%",
        "%...t...s.......s.....$%",
        "%e......s...t...se...b.%",
        "%.%.%.%.%l.....l%%.%.%.%",
        "%.o.e.b.ssssssss.o.b.e.%",
        "%o......%e...eb%.......%",
        "%$......ssssssss......b%",
        "%Y..t..e%eb...b%...t..o%",
        "%$......ssssssss......e%",
        "%e......%be...e%.......%",
        "%...b.b.ssssssss.......%",
        "%.%.%.%.%b....e%.%.%.%.%",
        "%.......s...t..s.......%",
        "%.eo.a..s.a....s..eoa..%",
        "%%%%%%%%%%%%Li%%%%%%%%%%"
      ],
      "terrain": {
        " ": "t_dirt",
        ".": "t_sand",
        "!": "t_column",
        "W": "t_fence_wire",
        "%": "t_BL9uniqmazing_wl_sandbrown",
        ">": "t_stairs_down",
        "<": "t_stairs_up",
        "`": "t_water_dp",
        "?": [
          "t_door_metal_c",
          "t_door_metal_c",
          "t_door_metal_c",
          "t_door_metal_c",
          "t_door_metal_o"
        ],
        "i": "t_card_industrial",
        "L": "t_door_metal_locked",
        "j": "t_concrete_wall",
        "q": "t_guardrail_bg_dp"
      },
      "furniture": {
        "e": "f_crate_c",
        "c": "f_filing_cabinet",
        "$": "f_server",
        "l": "f_locker",
        "v": "f_table",
        "y": "f_chair",
        "t": "f_BL9_long_torch",
        "o": "f_wreckage",
        "a": "f_air_conditioner",
        "s": "f_sandbag_half",
        "b": "f_30gal_firebarrel",
        "n": "f_machinery_electronic",
        "m": "f_machinery_heavy",
        "T": "f_console",
        "Y": "f_console_broken"
      },
      "items": {
        "e": {
          "item": "BL9_treasure_search2",
          "chance": 100,
          "repeat": [
            1,
            1
          ]
        },
        "l": {
          "item": "army_personal_locker",
          "chance": 80,
          "repeat": [
            1,
            1
          ]
        }
      },
      "place_item": [
        {
          "item": "id_industrial",
          "x": 19,
          "y": 19
        },
        {
          "item": "BL9_master_note8",
          "x": 12,
          "y": 22
        }
      ],
      "place_monster": [
        {
          "monster": "mon_BL9_military_cut",
          "x": 5,
          "y": 22
        },
        {
          "monster": "mon_BL9_military_behemoth_minigun",
          "x": 21,
          "y": 22
        },
        {
          "monster": "mon_BL9_mutant_evo_1",
          "x": 13,
          "y": 19
        },
        {
          "monster": "mon_BL9_military_crossbow",
          "x": 13,
          "y": 17
        },
        {
          "monster": "mon_BL9_military_bash",
          "x": 13,
          "y": 15
        },
        {
          "monster": "mon_BL9_military_cut",
          "x": 21,
          "y": 17
        },
        {
          "monster": "mon_BL9_mutant_evo_2",
          "x": 4,
          "y": 17
        },
        {
          "monster": "mon_BL9_military_crossbow",
          "x": 6,
          "y": 14
        },
        {
          "monster": "mon_BL9_military_shockrod",
          "x": 21,
          "y": 14
        },
        {
          "monster": "mon_BL9_military_behemoth",
          "x": 11,
          "y": 11
        },
        {
          "monster": "mon_BL9_military_crossbow",
          "x": 15,
          "y": 11
        },
        {
          "monster": "mon_BL9_mutant_evo_3",
          "x": 14,
          "y": 12
        },
        {
          "monster": "mon_BL9_military_bash",
          "x": 19,
          "y": 10
        },
        {
          "monster": "mon_BL9_military_shockrod",
          "x": 5,
          "y": 9
        },
        {
          "monster": "mon_BL9_mutant_evo_3",
          "x": 16,
          "y": 5
        },
        {
          "monster": "mon_BL9_military_behemoth_minigun",
          "x": 10,
          "y": 3
        },
        {
          "monster": "mon_BL9_mutant_evo_3",
          "x": 11,
          "y": 2
        },
        {
          "monster": "mon_BL9_military_shockrod",
          "x": 21,
          "y": 5
        },
        {
          "monster": "mon_BL9_mutant_evo_3",
          "x": 21,
          "y": 2
        }
      ]
    }
  },
  {
    "type": "mapgen",
    "om_terrain": [
      "BL9_Island_Merc1"
    ],
    "method": "json",
    "weight": 100,
    "object": {
      "fill_ter": "t_sand",
      "rows": [
        "%%%%%%%%%%%%.%%%%%%%%%%%",
        "%aa``.a!.a!...!a.!a``aa%",
        "%..``.....t...t....``..%",
        "%..``.a!.a!...!a.!a``..%",
        "%.........t...t........%",
        "%..``.a!.a!...!a.!a``..%",
        "%.........t...t........%",
        "%..``.a!.a!...!a.!a``..%",
        "%..``.....t...t....``..%",
        "%aa``.a!.a!...!a.!a``aa%",
        "%%%%%%%%%%%???%%%%%%%%%%",
        "%aa```a!.a!...!a.!a..aa%",
        "%..```....t...t........%",
        "%..```a!.a!...!a.!a....%",
        "%.........t...t........%",
        "%..```a!.a!...!a.!a....%",
        "%.........t...t........%",
        "%..```a!.a!...!a.!a....%",
        "%..```....t...t........L",
        "%..```a!.a!...!a.!a....i",
        "%.........t...t........%",
        "%..```a!.a!...!a.!a....%",
        "%aa```....t...t......aa%",
        "%%%%%%%%%%%%%%%%%%%%%%%%"
      ],
      "terrain": {
        "?": [
          "t_door_metal_c",
          "t_door_metal_c",
          "t_door_metal_c",
          "t_door_metal_c",
          "t_door_metal_o"
        ],
        " ": "t_dirt",
        ".": "t_sand",
        "!": "t_column",
        "%": "t_BL9uniqmazing_wl_sandbrown",
        ">": "t_stairs_down",
        "<": "t_stairs_up",
        "`": "t_BL9_hole",
        "s": "t_fence_barbed",
        "i": "t_card_industrial",
        "L": "t_door_metal_locked"
      },
      "furniture": {
        "e": "f_crate_c",
        "c": "f_filing_cabinet",
        "$": "f_server",
        "t": "f_BL9_long_torch",
        "a": "f_statue",
        "b": "f_30gal_firebarrel"
      },
      "place_item": [
        {
          "item": "id_industrial",
          "x": 21,
          "y": 19
        },
        {
          "item": "BL9_general_note1",
          "x": 20,
          "y": 19
        }
      ],
      "place_monster": [
        {
          "monster": "mon_BL9_military_shockrod",
          "x": 19,
          "y": 3
        },
        {
          "monster": "mon_BL9_military_crossbow",
          "x": 19,
          "y": 5
        },
        {
          "monster": "mon_BL9_mutant_evo_1",
          "x": 19,
          "y": 7
        },
        {
          "monster": "mon_BL9_military_crossbow",
          "x": 19,
          "y": 9
        },
        {
          "monster": "mon_BL9_military_bash",
          "x": 3,
          "y": 5
        },
        {
          "monster": "mon_BL9_military_cut",
          "x": 3,
          "y": 7
        },
        {
          "monster": "mon_BL9_assassin",
          "x": 9,
          "y": 8
        },
        {
          "monster": "mon_BL9_military_crossbow",
          "x": 9,
          "y": 4
        },
        {
          "monster": "mon_BL9_military_stab",
          "x": 19,
          "y": 15
        },
        {
          "monster": "mon_BL9_military_bash",
          "x": 19,
          "y": 17
        },
        {
          "monster": "mon_BL9_military_behemoth",
          "x": 19,
          "y": 19
        },
        {
          "monster": "mon_BL9_assassin",
          "x": 19,
          "y": 21
        },
        {
          "monster": "mon_BL9_military_bash",
          "x": 5,
          "y": 21
        },
        {
          "monster": "mon_BL9_military_cut",
          "x": 5,
          "y": 17
        },
        {
          "monster": "mon_BL9_military_behemoth",
          "x": 5,
          "y": 15
        },
        {
          "monster": "mon_BL9_military_shockrod",
          "x": 9,
          "y": 18
        }
      ]
    }
  },
  {
    "type": "mapgen",
    "om_terrain": [
      "BL9_Island_Merc2"
    ],
    "method": "json",
    "weight": 100,
    "object": {
      "fill_ter": "t_sand",
      "rows": [
        "%%%%%%%%%%%%%%%%%%%%%%%%",
        "%.e.e..e.e..%.e.t...e.a%",
        "%a..........%....yy....%",
        "%!..........?....vv.t.a%",
        "%sssssssssss%....vv...e%",
        "%..e....b...%.e..yy...a%",
        "%!.b....e..a%%%%%%%%?%%%",
        "%a.e....b..!%a.e.e.....%",
        "%sssssssssss%!.t......e%",
        "%..........a%.......t.a%",
        "%a.........!%!a.......!%",
        "%!......%%%%%%%%%%....e%",
        "%.......?.......e%.....%",
        "%.......%...yy...%sssss%",
        "%a!...a!%...vv..e%b...e%",
        "%%%%%%%%%t..vv..t%e...b%",
        "%!a...a!%...vv..e%b...e%",
        "%.......%...yy...%sssss%",
        "........%.......e%.....%",
        "%...t...%%?%%%%%%%....!%",
        "%...........%..e...t..a%",
        "%...........%.........e%",
        "%a!..!a...a!%.!a!..!a!.%",
        "%%%%%%%%%%%%%%%%%Li%%%%%"
      ],
      "terrain": {
        "?": [
          "t_door_metal_c",
          "t_door_metal_c",
          "t_door_metal_c",
          "t_door_metal_c",
          "t_door_metal_o"
        ],
        " ": "t_dirt",
        ".": "t_sand",
        "!": "t_column",
        "W": "t_fence_wire",
        "%": "t_BL9uniqmazing_wl_sandbrown",
        "s": "t_fence_barbed",
        "i": "t_card_industrial",
        "L": "t_door_metal_locked"
      },
      "furniture": {
        "e": "f_crate_c",
        "l": "f_locker",
        "v": "f_table",
        "y": "f_chair",
        "t": "f_BL9_long_torch",
        "a": "f_statue",
        "b": "f_30gal_firebarrel"
      },
      "items": {
        "e": {
          "item": "BL9_treasure_search2",
          "chance": 100,
          "repeat": [
            1,
            1
          ]
        }
      },
      "place_item": [
        {
          "item": "id_industrial",
          "x": 16,
          "y": 22
        },
        {
          "item": "BL9_general_note2",
          "x": 17,
          "y": 21
        }
      ],
      "place_npcs": [
        {
          "class": "BL9_trader",
          "x": 14,
          "y": 23,
          "add_trait": "BL9_TRADER"
        }
      ],
      "place_monster": [
        {
          "monster": "mon_BL9_military_cut",
          "x": 15,
          "y": 22
        },
        {
          "monster": "mon_BL9_military_stab",
          "x": 21,
          "y": 22
        },
        {
          "monster": "mon_BL9_military_behemoth",
          "x": 21,
          "y": 19
        },
        {
          "monster": "mon_BL9_military_crossbow",
          "x": 21,
          "y": 16
        },
        {
          "monster": "mon_BL9_military_bash",
          "x": 20,
          "y": 15
        },
        {
          "monster": "mon_BL9_military_shockrod",
          "x": 21,
          "y": 11
        },
        {
          "monster": "mon_BL9_mutant_evo_1",
          "x": 18,
          "y": 9
        },
        {
          "monster": "mon_BL9_military_crossbow",
          "x": 21,
          "y": 5
        },
        {
          "monster": "mon_BL9_military_stab",
          "x": 21,
          "y": 3
        },
        {
          "monster": "mon_BL9_military_bash",
          "x": 15,
          "y": 4
        },
        {
          "monster": "mon_BL9_military_behemoth",
          "x": 7,
          "y": 3
        },
        {
          "monster": "mon_BL9_mutant_evo_2",
          "x": 3,
          "y": 7
        },
        {
          "monster": "mon_BL9_military_shockrod",
          "x": 7,
          "y": 7
        },
        {
          "monster": "mon_BL9_military_behemoth_minigun",
          "x": 11,
          "y": 7
        },
        {
          "monster": "mon_BL9_mutant_evo_2",
          "x": 7,
          "y": 8
        },
        {
          "monster": "mon_BL9_military_cut",
          "x": 7,
          "y": 11
        },
        {
          "monster": "mon_BL9_military_crossbow",
          "x": 5,
          "y": 14
        },
        {
          "monster": "mon_BL9_military_cut",
          "x": 11,
          "y": 15
        },
        {
          "monster": "mon_BL9_mutant_evo_2",
          "x": 16,
          "y": 15
        },
        {
          "monster": "mon_BL9_mutant_evo_3",
          "x": 11,
          "y": 17
        },
        {
          "monster": "mon_BL9_mutant_evo_3",
          "x": 16,
          "y": 18
        },
        {
          "monster": "mon_BL9_military_shockrod",
          "x": 5,
          "y": 22
        },
        {
          "monster": "mon_BL9_military_crossbow",
          "x": 9,
          "y": 18
        },
        {
          "monster": "mon_BL9_military_behemoth_minigun",
          "x": 5,
          "y": 23
        }
      ]
    }
  },
  {
    "type": "mapgen",
    "om_terrain": [
      "BL9_Island_Merc3"
    ],
    "method": "json",
    "weight": 100,
    "object": {
      "fill_ter": "t_sand",
      "rows": [
        "%%%%%%%%%%%%%%%%%.%%%%%%",
        "%.!aa!.%.a!a.%.!a.a!.e.%",
        "%......%.....%........a%",
        "%e.t..a%e...e%e.......!%",
        "%.....!%..t..%e...t...a%",
        "%a.....L.....%........!%",
        "%..t...i.....?........a%",
        "%e....!%.....%.e.a.e..!%",
        "%.....a%sssss%%%%%%%%%%%",
        "%ssssss%!.t...!%e..t..e%",
        "%b....b%a.....a%..yvy..%",
        "%e.t..e%!.....!%e.yvy..%",
        "%b....b%.!aa!..%e.....e%",
        "%ssssss%%%%%%%%%%%%?%%%%",
        "%b....bs...%a...t.....a%",
        "%e.....s.......yvvvy..!%",
        "%e.t...s...%...yvvvy..a%",
        "%b....bs...%a.........!%",
        "%%%%%%%%%%%%%%%%%%?%%%%%",
        "%.b.e.s.!.a%..se....s.a%",
        "L.....s.t..%..s...t.s.!%",
        "i.....s.......se....s.a%",
        "%.b.e.s.!.a%..sb.aa.s.!%",
        "%%%%%%%%%%%%%%%%%%%%%%%%"
      ],
      "terrain": {
        "?": [
          "t_door_metal_c",
          "t_door_metal_c",
          "t_door_metal_c",
          "t_door_metal_c",
          "t_door_metal_o"
        ],
        " ": "t_dirt",
        ".": "t_sand",
        "!": "t_column",
        "W": "t_fence_wire",
        "%": "t_BL9uniqmazing_wl_sandbrown",
        "s": "t_fence_barbed",
        "i": "t_card_industrial",
        "L": "t_door_metal_locked"
      },
      "furniture": {
        "e": "f_crate_c",
        "l": "f_locker",
        "v": "f_table",
        "y": "f_chair",
        "t": "f_BL9_long_torch",
        "a": "f_statue",
        "b": "f_30gal_firebarrel"
      },
      "items": {
        "e": {
          "item": "BL9_treasure_search2",
          "chance": 100,
          "repeat": [
            1,
            1
          ]
        }
      },
      "place_item": [
        {
          "item": "id_industrial",
          "x": 3,
          "y": 21
        },
        {
          "item": "id_industrial",
          "x": 14,
          "y": 12
        },
        {
          "item": "BL9_general_note3",
          "x": 5,
          "y": 22
        }
      ],
      "place_monster": [
        {
          "monster": "mon_BL9_military_cut",
          "x": 3,
          "y": 22
        },
        {
          "monster": "mon_BL9_military_stab",
          "x": 6,
          "y": 22
        },
        {
          "monster": "mon_BL9_military_behemoth",
          "x": 13,
          "y": 22
        },
        {
          "monster": "mon_BL9_military_crossbow",
          "x": 18,
          "y": 22
        },
        {
          "monster": "mon_BL9_military_shockrod",
          "x": 22,
          "y": 21
        },
        {
          "monster": "mon_BL9_military_cut",
          "x": 22,
          "y": 22
        },
        {
          "monster": "mon_BL9_military_behemoth",
          "x": 17,
          "y": 11
        },
        {
          "monster": "mon_BL9_military_crossbow",
          "x": 23,
          "y": 11
        },
        {
          "monster": "mon_BL9_military_stab",
          "x": 21,
          "y": 17
        },
        {
          "monster": "mon_BL9_military_shockrod",
          "x": 15,
          "y": 16
        },
        {
          "monster": "mon_BL9_military_behemoth_minigun",
          "x": 10,
          "y": 17
        },
        {
          "monster": "mon_BL9_mutant_evo_1",
          "x": 4,
          "y": 16
        },
        {
          "monster": "mon_BL9_military_bash",
          "x": 3,
          "y": 12
        },
        {
          "monster": "mon_BL9_military_bash",
          "x": 6,
          "y": 12
        },
        {
          "monster": "mon_BL9_mutant_evo_2",
          "x": 5,
          "y": 8
        },
        {
          "monster": "mon_BL9_military_shockrod",
          "x": 5,
          "y": 4
        },
        {
          "monster": "mon_BL9_mutant_evo_3",
          "x": 11,
          "y": 3
        },
        {
          "monster": "mon_BL9_military_cut",
          "x": 11,
          "y": 7
        },
        {
          "monster": "mon_BL9_military_behemoth",
          "x": 11,
          "y": 12
        },
        {
          "monster": "mon_BL9_military_crossbow",
          "x": 13,
          "y": 12
        },
        {
          "monster": "mon_BL9_mutant_evo_1",
          "x": 14,
          "y": 13
        },
        {
          "monster": "mon_BL9_mutant_evo_2",
          "x": 17,
          "y": 4
        },
        {
          "monster": "mon_BL9_military_shockrod",
          "x": 21,
          "y": 5
        },
        {
          "monster": "mon_BL9_military_shockrod",
          "x": 18,
          "y": 8
        },
        {
          "monster": "mon_BL9_military_behemoth_minigun",
          "x": 21,
          "y": 4
        }
      ]
    }
  },
  {
    "type": "mapgen",
    "om_terrain": [
      "BL9_Island_Merc4"
    ],
    "method": "json",
    "weight": 100,
    "object": {
      "fill_ter": "t_sand",
      "rows": [
        "%%%%%%%%%%%%%%%%%%%%%%%%",
        "%``````````````````````%",
        "%``````````````````````%",
        "%``````````````````````%",
        "L................``````%",
        "i.`````..........``````%",
        "%``````..........``````%",
        "%``````````..``````````%",
        "%``````````..``````````%",
        "%`````````ssss`````````%",
        "%````````......````````%",
        "%``````..........``````%",
        "%%%%%%%%%%%Li%%%%%%%%%%%",
        "%`````ssssssssssss`````%",
        "%`````se.b.t..e.bs`````%",
        "%`````sb........es`````%",
        "%`````se.e....b.bs`````%",
        "%`````sb........es`````%",
        "%`````ssssssssssss`````%",
        "%`````............`````%",
        "%`````..................",
        "%`````............`````%",
        "%`````.!.a.!ta.!.a`````%",
        "%%%%%%%%%%%%%%%%%%%%%%%%"
      ],
      "terrain": {
        " ": "t_dirt",
        ".": "t_sand",
        "!": "t_column",
        "`": "t_BL9_hole",
        "W": "t_fence_wire",
        "%": "t_BL9uniqmazing_wl_sandbrown",
        "s": "t_fence_barbed",
        "i": "t_card_industrial",
        "L": "t_door_metal_locked"
      },
      "furniture": {
        "e": "f_crate_c",
        "l": "f_locker",
        "v": "f_table",
        "y": "f_chair",
        "t": "f_BL9_long_torch",
        "a": "f_statue",
        "b": "f_30gal_firebarrel"
      },
      "items": {
        "e": {
          "item": "BL9_treasure_search2",
          "chance": 100,
          "repeat": [
            1,
            1
          ]
        }
      },
      "place_item": [
        {
          "item": "id_industrial",
          "x": 16,
          "y": 15
        },
        {
          "item": "id_industrial",
          "x": 3,
          "y": 5
        }
      ],
      "place_monster": [
        {
          "monster": "mon_BL9_military_stab",
          "x": 9,
          "y": 21
        },
        {
          "monster": "mon_BL9_military_cut",
          "x": 16,
          "y": 21
        },
        {
          "monster": "mon_BL9_military_behemoth",
          "x": 13,
          "y": 21
        },
        {
          "monster": "mon_BL9_military_behemoth_minigun",
          "x": 10,
          "y": 16
        },
        {
          "monster": "mon_BL9_military_behemoth",
          "x": 13,
          "y": 18
        },
        {
          "monster": "mon_BL9_military_crossbow",
          "x": 16,
          "y": 16
        },
        {
          "monster": "mon_BL9_military_behemoth_minigun",
          "x": 13,
          "y": 15
        },
        {
          "monster": "mon_BL9_military_crossbow",
          "x": 9,
          "y": 17
        },
        {
          "monster": "mon_BL9_military_shockrod",
          "x": 16,
          "y": 15
        },
        {
          "monster": "mon_BL9_general_mutated",
          "x": 13,
          "y": 6
        }
      ]
    }
  },
  {
    "type": "mapgen",
    "om_terrain": [
      "BL9_Island_Road_Fortress1"
    ],
    "method": "json",
    "weight": 100,
    "object": {
      "fill_ter": "t_sand",
      "rows": [
        "%%%%%%%%%%%%%%%%%%%%%%%%",
        "%eoo..j.obob.etoeoe.o..%",
        "%.....?...............o%",
        "%.e.e.j...............e%",
        "%jjjjjj.................",
        "%..............t.......%",
        "%.....................o%",
        "%jjjjjjjjjjjj.........o%",
        "%..ooe.e.e..jssssssssss%",
        "%e....t.....job.......b%",
        "%e..........?.....t...o%",
        "%..ebeb.be..job......bo%",
        "%jjjjjjjjjjjjssssssssss%",
        "%```````j..t......`````%",
        "%```````jo........`````%",
        "%```````je........`````%",
        "%```````job.......`````%",
        "%.......jjjjesssss`````%",
        "%.j......o.jb....ojjjjj%",
        "L.jjjjb...eje....bj````%",
        "i..bojjj...jjbo..jj````%",
        "%....ooj...ojjjj......e%",
        "%``````je.............o%",
        "%%%%%%%%%%%%%%%%%%%%%%%%"
      ],
      "terrain": {
        "0": "t_metal_floor",
        " ": "t_dirt",
        ".": "t_sand",
        "W": "t_fence_wire",
        "%": "t_BL9uniqmazing_wl_sandbrown",
        "`": "t_BL9_hole",
        "?": [
          "t_door_metal_c",
          "t_door_metal_c",
          "t_door_metal_c",
          "t_door_metal_c",
          "t_door_metal_o"
        ],
        "s": "t_fence_barbed",
        "i": "t_card_industrial",
        "L": "t_door_metal_locked",
        "j": "t_concrete_wall"
      },
      "furniture": {
        "e": "f_crate_c",
        "l": "f_locker",
        "o": "f_wreckage",
        "t": "f_BL9_long_torch",
        "b": "f_30gal_firebarrel"
      },
      "items": {
        "e": {
          "item": "BL9_treasure_search2",
          "chance": 100,
          "repeat": [
            1,
            1
          ]
        }
      },
      "place_item": [
        {
          "item": "id_industrial",
          "x": 3,
          "y": 21
        },
        {
          "item": "BL9_agent_note25",
          "x": 15,
          "y": 20
        }
      ],
      "place_monster": [
        {
          "monster": "mon_BL9_military_cut",
          "x": 2,
          "y": 19
        },
        {
          "monster": "mon_BL9_military_shockrod",
          "x": 6,
          "y": 19
        },
        {
          "monster": "mon_BL9_military_shockrod",
          "x": 9,
          "y": 20
        },
        {
          "monster": "mon_BL9_military_behemoth",
          "x": 10,
          "y": 22
        },
        {
          "monster": "mon_BL9_military_crossbow",
          "x": 15,
          "y": 23
        },
        {
          "monster": "mon_BL9_military_crossbow",
          "x": 18,
          "y": 22
        },
        {
          "monster": "mon_BL9_mutant_evo_1",
          "x": 15,
          "y": 19
        },
        {
          "monster": "mon_BL9_mutant_evo_2",
          "x": 16,
          "y": 20
        },
        {
          "monster": "mon_BL9_mutant_evo_3",
          "x": 13,
          "y": 16
        },
        {
          "monster": "mon_BL9_military_bash",
          "x": 17,
          "y": 15
        },
        {
          "monster": "mon_BL9_military_behemoth",
          "x": 17,
          "y": 20
        },
        {
          "monster": "mon_BL9_mutant_evo_1",
          "x": 16,
          "y": 14
        },
        {
          "monster": "mon_BL9_military_crossbow",
          "x": 16,
          "y": 11
        },
        {
          "monster": "mon_BL9_military_shockrod",
          "x": 21,
          "y": 11
        },
        {
          "monster": "mon_BL9_mutant_evo_3",
          "x": 19,
          "y": 10
        },
        {
          "monster": "mon_BL9_military_cut",
          "x": 4,
          "y": 11
        },
        {
          "monster": "mon_BL9_military_cut",
          "x": 10,
          "y": 11
        },
        {
          "monster": "mon_BL9_military_behemoth_minigun",
          "x": 7,
          "y": 9
        },
        {
          "monster": "mon_BL9_military_bash",
          "x": 12,
          "y": 4
        },
        {
          "monster": "mon_BL9_mutant_evo_1",
          "x": 19,
          "y": 4
        },
        {
          "monster": "mon_BL9_mutant_evo_2",
          "x": 10,
          "y": 6
        },
        {
          "monster": "mon_BL9_mutant_evo_3",
          "x": 19,
          "y": 7
        },
        {
          "monster": "mon_BL9_military_behemoth_minigun",
          "x": 21,
          "y": 8
        }
      ]
    }
  },
  {
    "type": "mapgen",
    "om_terrain": [
      "BL9_Island_Road_Fortress2"
    ],
    "method": "json",
    "weight": 100,
    "object": {
      "fill_ter": "t_sand",
      "rows": [
        "%%%%%%%%%%iL%%%%%%%%%%%%",
        "%`````````00``````jbeboj",
        "%`````````0```````j000oj",
        "%``.....s..s..s..s?00tej",
        "%``.....s..s..s..sj0000j",
        "%``...````````````jbo0e%",
        "%``...````````````jjjjj%",
        "%jjj?jjjjjj``.......```%",
        "%e0000oeboj``sssssss```%",
        "%o00t00000j``.......```%",
        "%b00000000?.........```%",
        "%obebeoe00j```````ss```%",
        "%jjjjjjjjjj```````ss```%",
        "%jo0e0eb00j.....s...```%",
        "%j000t0000?.....s...```%",
        "%je0000000j.....s...```%",
        "%j00000obej````````````%",
        "%jj??jjjjjj````````````%",
        "%``..``````````````````%",
        "%``..``......````.......",
        "%``..``..``..``........%",
        "%``......``......``````%",
        "%``````````````````````%",
        "%%%%%%%%%%%%%%%%%%%%%%%%"
      ],
      "terrain": {
        "0": "t_metal_floor",
        " ": "t_dirt",
        ".": "t_sand",
        "!": "t_column",
        "%": "t_BL9uniqmazing_wl_sandbrown",
        "`": "t_BL9_hole",
        "?": [
          "t_door_metal_c",
          "t_door_metal_c",
          "t_door_metal_c",
          "t_door_metal_c",
          "t_door_metal_o"
        ],
        "s": "t_fence_barbed",
        "i": "t_card_industrial",
        "L": "t_door_metal_locked",
        "j": "t_concrete_wall"
      },
      "furniture": {
        "e": "f_crate_c",
        "c": "f_filing_cabinet",
        "$": "f_server",
        "l": "f_locker",
        "v": "f_table",
        "y": "f_chair",
        "t": "f_BL9_long_torch",
        "o": "f_wreckage",
        "a": "f_air_conditioner",
        "b": "f_30gal_firebarrel"
      },
      "items": {
        "e": {
          "item": "BL9_treasure_search2",
          "chance": 100,
          "repeat": [
            1,
            1
          ]
        }
      },
      "place_item": [
        {
          "item": "id_industrial",
          "x": 21,
          "y": 3
        },
        {
          "item": "BL9_master_note9",
          "x": 9,
          "y": 10
        }
      ],
      "place_npcs": [
        {
          "class": "BL9_trader",
          "x": 3,
          "y": 9,
          "add_trait": "BL9_TRADER"
        }
      ],
      "place_monster": [
        {
          "monster": "mon_BL9_military_stab",
          "x": 16,
          "y": 21
        },
        {
          "monster": "mon_BL9_military_shockrod",
          "x": 14,
          "y": 22
        },
        {
          "monster": "mon_BL9_military_shockrod",
          "x": 9,
          "y": 20
        },
        {
          "monster": "mon_BL9_military_crossbow",
          "x": 5,
          "y": 22
        },
        {
          "monster": "mon_BL9_military_bash",
          "x": 5,
          "y": 16
        },
        {
          "monster": "mon_BL9_military_cut",
          "x": 9,
          "y": 14
        },
        {
          "monster": "mon_BL9_military_crossbow",
          "x": 14,
          "y": 15
        },
        {
          "monster": "mon_BL9_military_behemoth",
          "x": 18,
          "y": 15
        },
        {
          "monster": "mon_BL9_military_behemoth_minigun",
          "x": 20,
          "y": 11
        },
        {
          "monster": "mon_BL9_military_bash",
          "x": 15,
          "y": 8
        },
        {
          "monster": "mon_BL9_military_crossbow",
          "x": 17,
          "y": 8
        },
        {
          "monster": "mon_BL9_mutant_evo_1",
          "x": 20,
          "y": 8
        },
        {
          "monster": "mon_BL9_military_bash",
          "x": 16,
          "y": 10
        },
        {
          "monster": "mon_BL9_military_cut",
          "x": 3,
          "y": 11
        },
        {
          "monster": "mon_BL9_mutant_evo_3",
          "x": 6,
          "y": 9
        },
        {
          "monster": "mon_BL9_military_behemoth",
          "x": 5,
          "y": 4
        },
        {
          "monster": "mon_BL9_mutant_evo_3",
          "x": 11,
          "y": 4
        },
        {
          "monster": "mon_BL9_military_cut",
          "x": 16,
          "y": 5
        },
        {
          "monster": "mon_BL9_mutant_evo_3",
          "x": 22,
          "y": 6
        },
        {
          "monster": "mon_BL9_military_behemoth_minigun",
          "x": 21,
          "y": 3
        }
      ]
    }
  },
  {
    "type": "mapgen",
    "om_terrain": [
      "BL9_Island_Fortress1"
    ],
    "method": "json",
    "weight": 100,
    "object": {
      "fill_ter": "t_sand",
      "rows": [
        "jjjjjjjjjjjLijjjjjjjjjjj",
        "jboobo.s........sobob.bj",
        "jo.....s........s.....oj",
        "jb.....s...t....s......?",
        "jsssssss........sssssssj",
        "j......................j",
        "jo...........t.........j",
        "jb..o.b.o.b.oo.bob.....j",
        "jjj?jjjjjjjjjjjjjjjjjjjj",
        "job0a0b0jt.s...s...s...j",
        "ja00000ej..s...s.t.s...j",
        "jt000000?..s...s...s...j",
        "ja000000jjjjjjjjjjjjj?jj",
        "je00000ej.o.o.o.jboeo0aj",
        "jb0000boj....t..j000000j",
        "jjjjjjjjj.......jssssssj",
        "j...............j000000j",
        "j...........jjj?ja0000aj",
        "jssssssssjjjja00000000bj",
        "j........je00000000000ej",
        "j........jjjjj0000t000aj",
        "j............j000000000j",
        "j.eooeeobe...jbababeoo0j",
        "jjjjjjjjjjj.jjjjjjjjjjjj"
      ],
      "terrain": {
        "0": "t_metal_floor",
        " ": "t_dirt",
        ".": "t_sand",
        "!": "t_column",
        "%": "t_BL9uniqmazing_wl_sandbrown",
        "`": "t_BL9_hole",
        "?": [
          "t_door_metal_c",
          "t_door_metal_c",
          "t_door_metal_c",
          "t_door_metal_c",
          "t_door_metal_o"
        ],
        "s": "t_fence_barbed",
        "i": "t_card_science",
        "L": "t_door_metal_locked",
        "j": "t_concrete_wall"
      },
      "furniture": {
        "e": "f_crate_c",
        "c": "f_filing_cabinet",
        "$": "f_server",
        "l": "f_locker",
        "v": "f_table",
        "y": "f_chair",
        "t": "f_BL9_long_torch",
        "o": "f_wreckage",
        "a": "f_air_conditioner",
        "b": "f_30gal_firebarrel"
      },
      "items": {
        "e": {
          "item": "BL9_treasure_search2",
          "chance": 100,
          "repeat": [
            1,
            1
          ]
        }
      },
      "place_monster": [
        {
          "monster": "mon_BL9_military_cut",
          "x": 5,
          "y": 21
        },
        {
          "monster": "mon_BL9_military_shockrod",
          "x": 7,
          "y": 18
        },
        {
          "monster": "mon_BL9_military_behemoth",
          "x": 11,
          "y": 16
        },
        {
          "monster": "mon_BL9_military_crossbow",
          "x": 15,
          "y": 15
        },
        {
          "monster": "mon_BL9_military_bash",
          "x": 16,
          "y": 21
        },
        {
          "monster": "mon_BL9_military_cut",
          "x": 20,
          "y": 19
        },
        {
          "monster": "mon_BL9_military_bash",
          "x": 19,
          "y": 15
        },
        {
          "monster": "mon_BL9_military_shockrod",
          "x": 22,
          "y": 15
        },
        {
          "monster": "mon_BL9_military_stab",
          "x": 23,
          "y": 23
        },
        {
          "monster": "mon_BL9_military_bash",
          "x": 5,
          "y": 13
        },
        {
          "monster": "mon_BL9_military_behemoth_minigun",
          "x": 5,
          "y": 11
        },
        {
          "monster": "mon_BL9_mutant_evo_1",
          "x": 14,
          "y": 11
        },
        {
          "monster": "mon_BL9_military_crossbow",
          "x": 17,
          "y": 11
        },
        {
          "monster": "mon_BL9_military_stab",
          "x": 22,
          "y": 11
        },
        {
          "monster": "mon_BL9_mutant_evo_3",
          "x": 19,
          "y": 10
        },
        {
          "monster": "mon_BL9_military_bash",
          "x": 21,
          "y": 3
        },
        {
          "monster": "mon_BL9_military_behemoth_minigun",
          "x": 22,
          "y": 3
        },
        {
          "monster": "mon_BL9_military_cut",
          "x": 21,
          "y": 4
        },
        {
          "monster": "mon_BL9_mutant_evo_1",
          "x": 5,
          "y": 3
        },
        {
          "monster": "mon_BL9_mutant_evo_2",
          "x": 6,
          "y": 3
        },
        {
          "monster": "mon_BL9_mutant_evo_3",
          "x": 5,
          "y": 4
        },
        {
          "monster": "mon_BL9_military_behemoth",
          "x": 11,
          "y": 5
        },
        {
          "monster": "mon_BL9_military_crossbow",
          "x": 15,
          "y": 6
        }
      ]
    }
  },
  {
    "type": "mapgen",
    "om_terrain": [
      "BL9_Island_Fortress2"
    ],
    "method": "json",
    "weight": 100,
    "object": {
      "fill_ter": "t_sand",
      "rows": [
        "jjjjjjjjjjjjjjjjjjjjjjjj",
        "j.e.b.e.b.s.t.j0b0e0b0ej",
        "j.........s...j00000000j",
        ".....t....s...?0000t00aj",
        "j..b.e.b..s...j00000000j",
        "jssssssssss...je000000aj",
        "jb.......es...jaa000eooj",
        "je...t...bs...jjjj?jjjjj",
        "jb.......es....j000t0j.j",
        "jssssssssss.t..j00000j.j",
        "j.jjjjjjjjjjjjjjsssssj.j",
        "j.j0000s000s000000000j.j",
        "j.j0t00s000s000000t00j.j",
        "j.j0000s000s0e0b0e0b0j.j",
        "j.j000jjjjjjjjjjjjjjjj.j",
        "j.j000j.b.e.bs..sts...sj",
        "j.jsssjb.....s..s.sssssj",
        "j.j000j..t...s..s......j",
        "j.jsssje..b.es..sssssssj",
        "j.j0t0jsssssss.........j",
        "j.jj?jj......s.o.o.b.o.j",
        "j............ssssssssssj",
        "j.o.o.o.e.e.o..o..o.b.oj",
        "jjjjjjjjjjjjjjjjjjjjjjjj"
      ],
      "terrain": {
        "0": "t_metal_floor",
        " ": "t_dirt",
        ".": "t_sand",
        "!": "t_column",
        "%": "t_BL9uniqmazing_wl_sandbrown",
        "`": "t_BL9_hole",
        "?": [
          "t_door_metal_c",
          "t_door_metal_c",
          "t_door_metal_c",
          "t_door_metal_c",
          "t_door_metal_o"
        ],
        "s": "t_fence_barbed",
        "i": "t_card_science",
        "O": "t_card_industrial",
        "L": "t_door_metal_locked",
        "j": "t_concrete_wall"
      },
      "furniture": {
        "e": "f_crate_c",
        "c": "f_filing_cabinet",
        "$": "f_server",
        "l": "f_locker",
        "v": "f_table",
        "y": "f_chair",
        "t": "f_BL9_long_torch",
        "o": "f_wreckage",
        "a": "f_air_conditioner",
        "b": "f_30gal_firebarrel"
      },
      "items": {
        "e": {
          "item": "BL9_treasure_search2",
          "chance": 100,
          "repeat": [
            1,
            1
          ]
        }
      },
      "place_item": [
        {
          "item": "id_science",
          "x": 22,
          "y": 16
        }
      ],
      "place_monster": [
        {
          "monster": "mon_BL9_military_cut",
          "x": 9,
          "y": 17
        },
        {
          "monster": "mon_BL9_military_stab",
          "x": 12,
          "y": 18
        },
        {
          "monster": "mon_BL9_mutant_evo_1",
          "x": 10,
          "y": 19
        },
        {
          "monster": "mon_BL9_military_crossbow",
          "x": 15,
          "y": 16
        },
        {
          "monster": "mon_BL9_military_shockrod",
          "x": 16,
          "y": 18
        },
        {
          "monster": "mon_BL9_military_shockrod",
          "x": 17,
          "y": 20
        },
        {
          "monster": "mon_BL9_military_behemoth_minigun",
          "x": 23,
          "y": 20
        },
        {
          "monster": "mon_BL9_military_crossbow",
          "x": 19,
          "y": 21
        },
        {
          "monster": "mon_BL9_military_shockrod",
          "x": 19,
          "y": 18
        },
        {
          "monster": "mon_BL9_military_crossbow",
          "x": 22,
          "y": 18
        },
        {
          "monster": "mon_BL9_military_behemoth",
          "x": 21,
          "y": 16
        },
        {
          "monster": "mon_BL9_mutant_evo_1",
          "x": 5,
          "y": 18
        },
        {
          "monster": "mon_BL9_military_bash",
          "x": 4,
          "y": 14
        },
        {
          "monster": "mon_BL9_military_shockrod",
          "x": 10,
          "y": 13
        },
        {
          "monster": "mon_BL9_mutant_evo_3",
          "x": 14,
          "y": 13
        },
        {
          "monster": "mon_BL9_military_cut",
          "x": 17,
          "y": 13
        },
        {
          "monster": "mon_BL9_mutant_evo_3",
          "x": 19,
          "y": 12
        },
        {
          "monster": "mon_BL9_military_shockrod",
          "x": 21,
          "y": 6
        },
        {
          "monster": "mon_BL9_military_behemoth",
          "x": 19,
          "y": 3
        },
        {
          "monster": "mon_BL9_military_crossbow",
          "x": 22,
          "y": 2
        },
        {
          "monster": "mon_BL9_military_crossbow",
          "x": 7,
          "y": 8
        },
        {
          "monster": "mon_BL9_military_behemoth_minigun",
          "x": 5,
          "y": 8
        },
        {
          "monster": "mon_BL9_mutant_evo_1",
          "x": 6,
          "y": 3
        },
        {
          "monster": "mon_BL9_mutant_evo_2",
          "x": 10,
          "y": 5
        },
        {
          "monster": "mon_BL9_mutant_evo_3",
          "x": 14,
          "y": 7
        }
      ]
    }
  },
  {
    "type": "mapgen",
    "om_terrain": [
      "BL9_Island_Ruins"
    ],
    "method": "json",
    "weight": 100,
    "object": {
      "fill_ter": "t_sand",
      "rows": [
        "%%%``````````````````%%%",
        "%``..................``%",
        "%``....!?!?!?!?!?!...``%",
        ".......?...?.....?...``%",
        "%``........!.....!?.!``%",
        "%``...!?!?!?.........``%",
        "%``...?..............``%",
        "%``...!?!......?!?!..``%",
        "%``.....?......!..?..``%",
        "%``.....!....?!?..!..``%",
        "%``....!?....!.......``%",
        "%``..?!?.....?.?!?!..``%",
        "%``!!!.......!?!..?!!``%",
        "%``..?............!..``%",
        "%``..!?!..!.......?..``%",
        "%``..?.!?!?.?.!.!?!?.``%",
        "%``..!....!?!.?!?..!.``%",
        "%``..?......?.!....?.``%",
        "%``..!......?.!....!.``%",
        "%``..................``%",
        "%``..................``%",
        "%``..................``%",
        "%a.!.a.!.a...a.!.a.!..a%",
        "%%%%%%%%%%%.%%%%%%%%%%%%"
      ],
      "terrain": {
        " ": "t_dirt",
        ".": "t_sand",
        "!": "t_column",
        "?": "t_column_halfway",
        "`": "t_BL9_hole",
        "%": "t_BL9uniqmazing_wl_sandbrown",
        "s": "t_fence_barbed",
        "i": "t_card_industrial",
        "L": "t_door_metal_locked"
      },
      "furniture": {
        "e": "f_crate_c",
        "l": "f_locker",
        "v": "f_table",
        "y": "f_chair",
        "t": "f_BL9_long_torch",
        "a": "f_statue",
        "b": "f_30gal_firebarrel"
      },
      "place_npcs": [
        {
          "class": "BL9_trader",
          "x": 17,
          "y": 23,
          "add_trait": "BL9_TRADER"
        }
      ],
      "place_monster": [
        {
          "monster": "mon_BL9_military_cut",
          "x": 9,
          "y": 21
        },
        {
          "monster": "mon_BL9_military_stab",
          "x": 17,
          "y": 21
        },
        {
          "monster": "mon_BL9_mutant_evo_1",
          "x": 10,
          "y": 18
        },
        {
          "monster": "mon_BL9_military_crossbow",
          "x": 18,
          "y": 18
        },
        {
          "monster": "mon_BL9_military_bash",
          "x": 17,
          "y": 13
        },
        {
          "monster": "mon_BL9_mutant_evo_2",
          "x": 9,
          "y": 13
        },
        {
          "monster": "mon_BL9_mutant_evo_3",
          "x": 12,
          "y": 11
        },
        {
          "monster": "mon_BL9_military_crossbow",
          "x": 17,
          "y": 11
        },
        {
          "monster": "mon_BL9_military_stab",
          "x": 21,
          "y": 12
        },
        {
          "monster": "mon_BL9_military_bash",
          "x": 12,
          "y": 8
        },
        {
          "monster": "mon_BL9_mutant_evo_1",
          "x": 16,
          "y": 7
        },
        {
          "monster": "mon_BL9_mutant_evo_2",
          "x": 14,
          "y": 4
        },
        {
          "monster": "mon_BL9_mutant_evo_3",
          "x": 15,
          "y": 5
        },
        {
          "monster": "mon_BL9_military_behemoth",
          "x": 20,
          "y": 3
        },
        {
          "monster": "mon_BL9_military_behemoth",
          "x": 7,
          "y": 3
        },
        {
          "monster": "mon_BL9_military_behemoth_minigun",
          "x": 3,
          "y": 4
        }
      ]
    }
  },
  {
    "type": "mapgen",
    "om_terrain": [
      "BL9_Island_Fortress3"
    ],
    "method": "json",
    "weight": 100,
    "object": {
      "fill_ter": "t_metal_floor",
      "rows": [
        "%%%%%%%%%%%%%%%%%%%%%%%%",
        "%ltTc.a%..anm...%ecTt.a%",
        "%..y...?........?..y..l%",
        "%e.....%........%.......",
        "%%%%%%%%........%%%%%%%%",
        "%....sssssssssssssss...%",
        "%l...sb..b.....e..es..m%",
        "%m...se..e..t..b..bs..l%",
        "%n...sb..b.....e..es..n%",
        "%l...sssssssssssssss..l%",
        "%......................%",
        "%%%%%%%%%%..t..%%%%%%%%%",
        "%c.a.ll..%.....%.a.ll.$%",
        "%$.......%sssss%.....yT%",
        "%Ty.t....?.....?....t.$%",
        "%$.......%.....%......c%",
        "%e.mln...%sssss%..lnm.e%",
        "%%%%%%%%%%.....%%%%%%%%%",
        "%t..........t.........t%",
        "%..ssssssssssssssssss..%",
        "%..s.%%?%%.ss.%%?%%.s..%",
        "%....%...%....%...%....%",
        "%e.l.%mne%....%nme%e.l.%",
        "%%%%%%%%%%%Li%%%%%%%%%%%"
      ],
      "terrain": {
        " ": "t_dirt",
        ".": "t_metal_floor",
        "!": "t_column",
        "?": [
          "t_door_metal_c",
          "t_door_metal_c",
          "t_door_metal_c",
          "t_door_metal_c",
          "t_door_metal_o"
        ],
        "`": "t_BL9_hole",
        "%": "t_concrete_wall",
        "s": "t_fence_barbed",
        "i": "t_card_industrial",
        "L": "t_door_metal_locked"
      },
      "furniture": {
        "e": "f_crate_c",
        "c": "f_filing_cabinet",
        "$": "f_server",
        "l": "f_locker",
        "v": "f_table",
        "y": "f_chair",
        "t": "f_BL9_floor_olight",
        "o": "f_wreckage",
        "a": "f_air_conditioner",
        "b": "f_30gal_firebarrel",
        "n": "f_machinery_electronic",
        "m": "f_machinery_heavy",
        "T": "f_console"
      },
      "items": {
        "e": {
          "item": "BL9_treasure_search2",
          "chance": 100,
          "repeat": [
            1,
            1
          ]
        },
        "l": {
          "item": "army_personal_locker",
          "chance": 80,
          "repeat": [
            1,
            1
          ]
        }
      },
      "place_item": [
        {
          "item": "id_industrial",
          "x": 17,
          "y": 22
        }
      ],
      "place_monster": [
        {
          "monster": "mon_BL9_military_behemoth_minigun",
          "x": 8,
          "y": 22
        },
        {
          "monster": "mon_BL9_military_shockrod",
          "x": 17,
          "y": 22
        },
        {
          "monster": "mon_BL9_military_behemoth",
          "x": 11,
          "y": 21
        },
        {
          "monster": "mon_BL9_military_crossbow",
          "x": 14,
          "y": 21
        },
        {
          "monster": "mon_BL9_military_bash",
          "x": 7,
          "y": 19
        },
        {
          "monster": "mon_BL9_military_cut",
          "x": 21,
          "y": 19
        },
        {
          "monster": "mon_BL9_mutant_evo_1",
          "x": 4,
          "y": 14
        },
        {
          "monster": "mon_BL9_military_crossbow",
          "x": 4,
          "y": 16
        },
        {
          "monster": "mon_BL9_military_stab",
          "x": 13,
          "y": 15
        },
        {
          "monster": "mon_BL9_military_shockrod",
          "x": 15,
          "y": 16
        },
        {
          "monster": "mon_BL9_military_behemoth",
          "x": 21,
          "y": 16
        },
        {
          "monster": "mon_BL9_mutant_evo_1",
          "x": 22,
          "y": 13
        },
        {
          "monster": "mon_BL9_military_bash",
          "x": 9,
          "y": 8
        },
        {
          "monster": "mon_BL9_military_cut",
          "x": 15,
          "y": 8
        },
        {
          "monster": "mon_BL9_military_crossbow",
          "x": 18,
          "y": 8
        },
        {
          "monster": "mon_BL9_military_shockrod",
          "x": 12,
          "y": 8
        },
        {
          "monster": "mon_BL9_mutant_evo_3",
          "x": 13,
          "y": 3
        },
        {
          "monster": "mon_BL9_military_cut",
          "x": 19,
          "y": 3
        },
        {
          "monster": "mon_BL9_military_behemoth_minigun",
          "x": 5,
          "y": 3
        },
        {
          "monster": "mon_BL9_military_crossbow",
          "x": 5,
          "y": 9
        }
      ]
    }
  },
  {
    "type": "mapgen",
    "om_terrain": [
      "BL9_Island_Fortress4"
    ],
    "method": "json",
    "weight": 100,
    "object": {
      "fill_ter": "t_metal_floor",
      "rows": [
        "%%%%%%%%%%%%%%%%%%%%%%%%",
        "%eb%tlce%ssssssss%e.lct%",
        "%..%e...%se....es%.....%",
        "L..%...e%sb....bs%e...e%",
        "i..%%%?%%ssssssss%%%?%%%",
        "%............t........e%",
        "%%%%%%%%ssssssss%%%%%%%%",
        "%e.nm.e%be....eb%e.mn.l%",
        "%$.....%........%.....$%",
        "%Ty.t..?...t....?..t.yT%",
        "%$.....%........%.....$%",
        "%c.mn.e%be....eb%e.nm.c%",
        "%%%%%%%%sssssssss%%%%%%%",
        "%e....................e%",
        "%b............t.......n%",
        "%%%%%%%%%%.............%",
        "%..lmn.e.%..sssssssss..%",
        "%c.......%..sb.....bs..%",
        "%l.......%..se.....es..%",
        "%$...t...?..sb..t..bs...",
        "%Ty......%..se.....es..%",
        "%$.......%..sssssssss..%",
        "%c.nml.e.%.............%",
        "%%%%%%%%%%%%%%%%%%%%%%%%"
      ],
      "terrain": {
        " ": "t_dirt",
        ".": "t_metal_floor",
        "!": "t_column",
        "?": [
          "t_door_metal_c",
          "t_door_metal_c",
          "t_door_metal_c",
          "t_door_metal_c",
          "t_door_metal_o"
        ],
        "`": "t_BL9_hole",
        "%": "t_concrete_wall",
        "s": "t_fence_barbed",
        "i": "t_card_industrial",
        "L": "t_door_metal_locked"
      },
      "furniture": {
        "e": "f_crate_c",
        "c": "f_filing_cabinet",
        "$": "f_server",
        "l": "f_locker",
        "v": "f_table",
        "y": "f_chair",
        "t": "f_BL9_floor_olight",
        "o": "f_wreckage",
        "a": "f_air_conditioner",
        "b": "f_30gal_firebarrel",
        "n": "f_machinery_electronic",
        "m": "f_machinery_heavy",
        "T": "f_console",
        "Y": "f_console_broken"
      },
      "items": {
        "e": {
          "item": "BL9_treasure_search2",
          "chance": 100,
          "repeat": [
            1,
            1
          ]
        },
        "l": {
          "item": "army_personal_locker",
          "chance": 80,
          "repeat": [
            1,
            1
          ]
        }
      },
      "place_item": [
        {
          "item": "id_industrial",
          "x": 21,
          "y": 3
        }
      ],
      "place_monster": [
        {
          "monster": "mon_BL9_military_cut",
          "x": 7,
          "y": 3
        },
        {
          "monster": "mon_BL9_military_stab",
          "x": 8,
          "y": 3
        },
        {
          "monster": "mon_BL9_military_shockrod",
          "x": 12,
          "y": 3
        },
        {
          "monster": "mon_BL9_military_crossbow",
          "x": 15,
          "y": 3
        },
        {
          "monster": "mon_BL9_military_behemoth",
          "x": 14,
          "y": 4
        },
        {
          "monster": "mon_BL9_military_cut",
          "x": 20,
          "y": 3
        },
        {
          "monster": "mon_BL9_mutant_evo_1",
          "x": 22,
          "y": 3
        },
        {
          "monster": "mon_BL9_military_crossbow",
          "x": 10,
          "y": 9
        },
        {
          "monster": "mon_BL9_military_behemoth_minigun",
          "x": 15,
          "y": 9
        },
        {
          "monster": "mon_BL9_military_shockrod",
          "x": 10,
          "y": 11
        },
        {
          "monster": "mon_BL9_military_crossbow",
          "x": 14,
          "y": 11
        },
        {
          "monster": "mon_BL9_mutant_evo_1",
          "x": 20,
          "y": 9
        },
        {
          "monster": "mon_BL9_military_crossbow",
          "x": 22,
          "y": 11
        },
        {
          "monster": "mon_BL9_military_cut",
          "x": 5,
          "y": 11
        },
        {
          "monster": "mon_BL9_mutant_evo_3",
          "x": 3,
          "y": 9
        },
        {
          "monster": "mon_BL9_military_behemoth",
          "x": 12,
          "y": 15
        },
        {
          "monster": "mon_BL9_military_shockrod",
          "x": 20,
          "y": 15
        },
        {
          "monster": "mon_BL9_military_cut",
          "x": 15,
          "y": 21
        },
        {
          "monster": "mon_BL9_mutant_evo_3",
          "x": 17,
          "y": 19
        },
        {
          "monster": "mon_BL9_mutant_evo_3",
          "x": 18,
          "y": 18
        },
        {
          "monster": "mon_BL9_mutant_evo_3",
          "x": 3,
          "y": 18
        },
        {
          "monster": "mon_BL9_military_behemoth_minigun",
          "x": 9,
          "y": 18
        },
        {
          "monster": "mon_BL9_military_shockrod",
          "x": 6,
          "y": 22
        },
        {
          "monster": "mon_BL9_military_crossbow",
          "x": 14,
          "y": 23
        }
      ]
    }
  },
  {
    "type": "mapgen",
    "om_terrain": [
      "BL9_Island_Fortress5"
    ],
    "method": "json",
    "weight": 100,
    "object": {
      "fill_ter": "t_metal_floor",
      "rows": [
        "%%%%%%%%%%%Li%%%%%%%%%%%",
        "%aalcnl.....s...clml.aa%",
        "%m..........s..t.......%",
        "%n..........s...........",
        "%.....t.....s..........%",
        "%.y.y.y.y...s..........%",
        "%$T$T$T$T$..s.nmn.mnn..%",
        "%%%%%%%%%%%?%%%%%%%%%%%%",
        "%.e.$T$T$....%....%a...%",
        "%$...y.y.....%m...?...l%",
        "%Ty...t......%n.t.%.t.c%",
        "%$.......y.y.%a..e%e...%",
        "%e......$T$T$%%%?%%%?%%%",
        "%%%%%%?%%%%%%%l...%...a%",
        "%........cnm.%.t.m%m..l%",
        "%m.....t.....?...n%n.tn%",
        "%n...........%....%c..m%",
        "%l..lccl..mn.%.ce.%....%",
        "%%%%%%%%%%%%%%%%%%%%%?%%",
        "%.clc..lcl..s.cmnlce...%",
        "%.....t.....s....t.....%",
        "%.y.y.y.y...s..........%",
        "%$T$T$T$T$..s.lnmc..ecl%",
        "%%%%%%%%%%%%%%%%%%%%%%%%"
      ],
      "terrain": {
        " ": "t_dirt",
        ".": "t_metal_floor",
        "!": "t_column",
        "?": [
          "t_door_metal_c",
          "t_door_metal_c",
          "t_door_metal_c",
          "t_door_metal_c",
          "t_door_metal_o"
        ],
        "`": "t_BL9_hole",
        "%": "t_concrete_wall",
        "s": "t_fence_barbed",
        "i": "t_card_industrial",
        "L": "t_door_metal_locked"
      },
      "furniture": {
        "e": "f_crate_c",
        "c": "f_filing_cabinet",
        "$": "f_server",
        "l": "f_locker",
        "v": "f_table",
        "y": "f_chair",
        "t": "f_BL9_floor_olight",
        "o": "f_wreckage",
        "a": "f_air_conditioner",
        "b": "f_30gal_firebarrel",
        "n": "f_machinery_electronic",
        "m": "f_machinery_heavy",
        "T": "f_console",
        "Y": "f_console_broken"
      },
      "items": {
        "e": {
          "item": "BL9_treasure_search2",
          "chance": 100,
          "repeat": [
            1,
            1
          ]
        },
        "l": {
          "item": "army_personal_locker",
          "chance": 80,
          "repeat": [
            1,
            1
          ]
        }
      },
      "place_item": [
        {
          "item": "id_industrial",
          "x": 4,
          "y": 21
        }
      ],
      "place_monster": [
        {
          "monster": "mon_BL9_military_cut",
          "x": 6,
          "y": 21
        },
        {
          "monster": "mon_BL9_military_shockrod",
          "x": 10,
          "y": 21
        },
        {
          "monster": "mon_BL9_military_behemoth",
          "x": 11,
          "y": 21
        },
        {
          "monster": "mon_BL9_military_crossbow",
          "x": 11,
          "y": 23
        },
        {
          "monster": "mon_BL9_military_bash",
          "x": 17,
          "y": 22
        },
        {
          "monster": "mon_BL9_military_cut",
          "x": 23,
          "y": 22
        },
        {
          "monster": "mon_BL9_military_crossbow",
          "x": 21,
          "y": 16
        },
        {
          "monster": "mon_BL9_military_crossbow",
          "x": 21,
          "y": 10
        },
        {
          "monster": "mon_BL9_military_behemoth_minigun",
          "x": 16,
          "y": 11
        },
        {
          "monster": "mon_BL9_military_bash",
          "x": 17,
          "y": 16
        },
        {
          "monster": "mon_BL9_military_behemoth",
          "x": 4,
          "y": 16
        },
        {
          "monster": "mon_BL9_military_shockrod",
          "x": 10,
          "y": 18
        },
        {
          "monster": "mon_BL9_military_shockrod",
          "x": 9,
          "y": 18
        },
        {
          "monster": "mon_BL9_military_crossbow",
          "x": 5,
          "y": 10
        },
        {
          "monster": "mon_BL9_mutant_evo_3",
          "x": 11,
          "y": 10
        },
        {
          "monster": "mon_BL9_military_cut",
          "x": 13,
          "y": 12
        },
        {
          "monster": "mon_BL9_mutant_evo_3",
          "x": 4,
          "y": 4
        },
        {
          "monster": "mon_BL9_military_cut",
          "x": 10,
          "y": 4
        },
        {
          "monster": "mon_BL9_mutant_evo_3",
          "x": 6,
          "y": 6
        },
        {
          "monster": "mon_BL9_military_behemoth_minigun",
          "x": 12,
          "y": 2
        },
        {
          "monster": "mon_BL9_military_crossbow",
          "x": 16,
          "y": 5
        },
        {
          "monster": "mon_BL9_military_shockrod",
          "x": 21,
          "y": 3
        }
      ]
    }
  },
  {
    "type": "mapgen",
    "om_terrain": [
      "BL9_Island_Fortress6"
    ],
    "method": "json",
    "weight": 100,
    "object": {
      "fill_ter": "t_metal_floor",
      "rows": [
        "%%%%%%%%%%%%%%%%%%%%%%%%",
        "%.mncl.%..<..%.$T$T$T$.%",
        "%.sssss%.....%..y.y.y..%",
        "%.s....%.....%.........%",
        "%.s.sss%%%Li%%.sssssss.%",
        "%.s.s..s..s..%.s.....s.%",
        "%.s.st.s..s..?.sb.t.es.%",
        "%.s.s..s..s..%.se...bs.%",
        "%%%?%%%%%%%%%%.s.....s.%",
        "%e....$T$T$cl%.se...bs.%",
        "%......y.y...%.sb...es.%",
        "%..t........e%%%%%?%%%%%",
        "%sssss%%%%%%%%ee....ec.%",
        "%s...s%.lclc.%........$%",
        "%sb.es%a.....?....t..yT%",
        "%se.bs%...t..%........$%",
        "%sssss%ee....%.cnmnl...%",
        "%%%%%%%%%%%?%%%%%%%%%%%%",
        "%.nmc.sebb...ebeb.s.mn.%",
        "%a....s.....t.....s...a%",
        "%.....sssssssssssss....%",
        "%.y..y...........y..y..%",
        "%$T$$T$.........$T$$T$.%",
        "%%%%%%%%%%%.%%%%%%%%%%%%"
      ],
      "terrain": {
        " ": "t_dirt",
        ".": "t_metal_floor",
        ">": "t_stairs_down",
        "<": "t_stairs_up",
        "!": "t_column",
        "?": [
          "t_door_metal_c",
          "t_door_metal_c",
          "t_door_metal_c",
          "t_door_metal_c",
          "t_door_metal_o"
        ],
        "`": "t_BL9_hole",
        "%": "t_concrete_wall",
        "s": "t_fence_barbed",
        "i": "t_card_industrial",
        "L": "t_door_metal_locked"
      },
      "furniture": {
        "e": "f_crate_c",
        "c": "f_filing_cabinet",
        "$": "f_server",
        "l": "f_locker",
        "v": "f_table",
        "y": "f_chair",
        "t": "f_BL9_floor_olight",
        "o": "f_wreckage",
        "a": "f_air_conditioner",
        "b": "f_30gal_firebarrel",
        "n": "f_machinery_electronic",
        "m": "f_machinery_heavy",
        "T": "f_console",
        "Y": "f_console_broken"
      },
      "items": {
        "e": {
          "item": "BL9_treasure_search2",
          "chance": 100,
          "repeat": [
            1,
            1
          ]
        },
        "l": {
          "item": "army_personal_locker",
          "chance": 80,
          "repeat": [
            1,
            1
          ]
        }
      },
      "place_item": [
        {
          "item": "id_industrial",
          "x": 12,
          "y": 11
        },
        {
          "item": "BL9_master_note10",
          "x": 4,
          "y": 11
        },
        {
          "item": "BL9_agent_note26",
          "x": 10,
          "y": 7
        }
      ],
      "place_npcs": [
        {
          "class": "BL9_trader",
          "x": 9,
          "y": 2,
          "add_trait": "BL9_TRADER"
        }
      ],
      "place_monster": [
        {
          "monster": "mon_BL9_military_shockrod",
          "x": 9,
          "y": 20
        },
        {
          "monster": "mon_BL9_military_stab",
          "x": 12,
          "y": 20
        },
        {
          "monster": "mon_BL9_military_behemoth",
          "x": 15,
          "y": 20
        },
        {
          "monster": "mon_BL9_military_behemoth_minigun",
          "x": 18,
          "y": 20
        },
        {
          "monster": "mon_BL9_military_shockrod",
          "x": 9,
          "y": 15
        },
        {
          "monster": "mon_BL9_military_cut",
          "x": 13,
          "y": 15
        },
        {
          "monster": "mon_BL9_mutant_evo_1",
          "x": 17,
          "y": 14
        },
        {
          "monster": "mon_BL9_military_crossbow",
          "x": 22,
          "y": 17
        },
        {
          "monster": "mon_BL9_military_stab",
          "x": 20,
          "y": 13
        },
        {
          "monster": "mon_BL9_military_shockrod",
          "x": 19,
          "y": 9
        },
        {
          "monster": "mon_BL9_military_behemoth",
          "x": 21,
          "y": 6
        },
        {
          "monster": "mon_BL9_military_crossbow",
          "x": 19,
          "y": 6
        },
        {
          "monster": "mon_BL9_military_shockrod",
          "x": 17,
          "y": 6
        },
        {
          "monster": "mon_BL9_military_crossbow",
          "x": 10,
          "y": 7
        },
        {
          "monster": "mon_BL9_mutant_evo_3",
          "x": 7,
          "y": 7
        },
        {
          "monster": "mon_BL9_military_cut",
          "x": 4,
          "y": 7
        },
        {
          "monster": "mon_BL9_military_crossbow",
          "x": 6,
          "y": 4
        },
        {
          "monster": "mon_BL9_military_cut",
          "x": 4,
          "y": 16
        },
        {
          "monster": "mon_BL9_military_behemoth_minigun",
          "x": 4,
          "y": 15
        },
        {
          "monster": "mon_BL9_military_shockrod",
          "x": 4,
          "y": 14
        }
      ]
    }
  },
  {
    "type": "mapgen",
    "om_terrain": [
      "BL9_Island_Showtime1"
    ],
    "method": "json",
    "weight": 100,
    "object": {
      "fill_ter": "t_metal_floor",
      "rows": [
        "````````````````````````",
        "`b...........e``````````",
        "`t...........n``````````",
        "`b...........m``````````",
        "`e...........n``````````",
        "`e...........m``````````",
        "`o.....................?",
        "`......................?",
        "`.............``````````",
        "`o...........o``````````",
        "`............t``````````",
        "`............o``````````",
        "`o............``````````",
        "`............o``````````",
        "`o............``````````",
        "%t............mnm..nmn..%",
        "%................e..e.m%",
        "%a....................n%",
        "%t.............e.booo.e%",
        "%a...............ooob.n%",
        "%o.............e.beee.m%",
        "%o.....>..............e%",
        "%.eee....t..nmettemn...%",
        "%%%%%%%%%%%%%%%%%%%%%%%%"
      ],
      "terrain": {
        " ": "t_dirt",
        ".": "t_metal_floor",
        ">": "t_stairs_down",
        "<": "t_stairs_up",
        "?": [
          "t_door_metal_c",
          "t_door_metal_c",
          "t_door_metal_c",
          "t_door_metal_c",
          "t_door_metal_o"
        ],
        "`": "t_water_dp",
        "%": "t_concrete_wall",
        "i": "t_card_industrial",
        "L": "t_door_metal_locked"
      },
      "furniture": {
        "e": "f_crate_c",
        "c": "f_filing_cabinet",
        "$": "f_server",
        "l": "f_locker",
        "v": "f_table",
        "y": "f_chair",
        "t": "f_BL9_floor_olight",
        "o": "f_wreckage",
        "a": "f_air_conditioner",
        "b": "f_30gal_firebarrel",
        "n": "f_machinery_electronic",
        "m": "f_machinery_heavy"
      },
      "items": {
        "e": {
          "item": "BL9_treasure_search2",
          "chance": 100,
          "repeat": [
            1,
            1
          ]
        },
        "l": {
          "item": "army_personal_locker",
          "chance": 80,
          "repeat": [
            1,
            1
          ]
        }
      },
      "place_item": [
        {
          "item": "BL9_guide_note6",
          "x": 7,
          "y": 9
        }
      ],
      "place_monster": [
        {
          "monster": "mon_BL9_regen_spiky",
          "x": 17,
          "y": 17
        },
        {
          "monster": "mon_BL9_assassin",
          "x": 3,
          "y": 11
        },
        {
          "monster": "mon_BL9_repto_evo",
          "x": 12,
          "y": 6
        },
        {
          "monster": "mon_BL9_vile_one",
          "x": 9,
          "y": 3
        }
      ]
    }
  },
  {
    "type": "mapgen",
    "om_terrain": [
      "BL9_Island_Showtime2"
    ],
    "method": "json",
    "weight": 100,
    "object": {
      "fill_ter": "t_metal_floor",
      "rows": [
        "````````````````````````",
        "``........``..........``",
        "``........``..........``",
        "``..````..``..``````..``",
        "``....``......`.......``",
        "````..``......`.......``",
        "......`````````..```````",
        "......`````````..```````",
        "```````````````..```````",
        "```````````````.....````",
        "```````````````.....````",
        "``````````````````..````",
        "```......``.........````",
        "```......``.........````",
        "``...``......```````````",
        "``..```......```````````",
        "``..`````````.....``````",
        "``................``````",
        "``.............`.......`",
        "````````````````.......`",
        "``...........````````..`",
        "``.....................`",
        "```````````............`",
        "````````````````````````"
      ],
      "terrain": {
        " ": "t_dirt",
        ".": "t_metal_floor",
        "`": "t_water_dp",
        "%": "t_concrete_wall",
        "i": "t_card_industrial",
        "L": "t_door_metal_locked"
      },
      "furniture": {
        "e": "f_crate_c",
        "c": "f_filing_cabinet",
        "$": "f_server",
        "l": "f_locker",
        "v": "f_table",
        "y": "f_chair",
        "t": "f_BL9_floor_olight",
        "o": "f_wreckage",
        "a": "f_air_conditioner",
        "b": "f_30gal_firebarrel"
      },
      "place_item": [
        {
          "item": "BL9_biomesmap",
          "x": 3,
          "y": 22
        },
        {
          "item": "BL9_agent_note27",
          "x": 16,
          "y": 22
        },
        {
          "item": "BL9_teleport_item",
          "x": 3,
          "y": 21
        }
      ],
      "place_monster": [
        {
          "monster": "mon_BL9_mutant_evo_1",
          "x": 14,
          "y": 22
        },
        {
          "monster": "mon_BL9_military_behemoth",
          "x": 20,
          "y": 22
        },
        {
          "monster": "mon_BL9_assassin",
          "x": 20,
          "y": 20
        },
        {
          "monster": "mon_BL9_military_behemoth_minigun",
          "x": 14,
          "y": 17
        },
        {
          "monster": "mon_BL9_mutant_evo_2",
          "x": 7,
          "y": 18
        },
        {
          "monster": "mon_BL9_mutant_evo_3",
          "x": 3,
          "y": 15
        },
        {
          "monster": "mon_BL9_repto_evo",
          "x": 8,
          "y": 15
        },
        {
          "monster": "mon_BL9_mutant_evo_1",
          "x": 14,
          "y": 13
        },
        {
          "monster": "mon_BL9_mutant_evo_2",
          "x": 20,
          "y": 13
        },
        {
          "monster": "mon_BL9_mutant_evo_3",
          "x": 17,
          "y": 9
        },
        {
          "monster": "mon_BL9_military_behemoth",
          "x": 16,
          "y": 6
        },
        {
          "monster": "mon_BL9_regen_spiky",
          "x": 21,
          "y": 5
        },
        {
          "monster": "mon_BL9_mutant_evo_1",
          "x": 16,
          "y": 3
        },
        {
          "monster": "mon_BL9_mutant_evo_2",
          "x": 10,
          "y": 6
        },
        {
          "monster": "mon_BL9_mutant_evo_3",
          "x": 7,
          "y": 3
        },
        {
          "monster": "mon_BL9_military_behemoth_minigun",
          "x": 4,
          "y": 5
        },
        {
          "monster": "mon_BL9_assassin",
          "x": 3,
          "y": 7
        }
      ]
    }
  }
]