[
  {
    "id": "pickup_elec_basic",
    "type": "vehicle",
    "name": "电动拾音器",
    "parts": [
      {
        "x": -4,
        "y": 2,
        "parts": [
          "frame_horizontal",
          "halfboard_se"
        ]
      },
      {
        "x": -4,
        "y": 1,
        "parts": [
          "frame_horizontal",
          "trunk"
        ]
      },
      {
        "x": -4,
        "y": 0,
        "parts": [
          "frame_horizontal",
          "trunk"
        ]
      },
      {
        "x": -4,
        "y": -1,
        "parts": [
          "frame_horizontal",
          "halfboard_sw"
        ]
      },
      {
        "x": -3,
        "y": 2,
        "parts": [
          "frame_vertical",
          "halfboard_vertical",
          "wheel_mount_medium",
          "wheel"
        ]
      },
      {
        "x": -3,
        "y": -1,
        "parts": [
          "frame_vertical",
          "halfboard_vertical",
          "wheel_mount_medium",
          "wheel"
        ]
      },
      {
        "x": -3,
        "y": 1,
        "parts": [
          "frame_vertical",
          "trunk",
          "roof"
        ]
      },
      {
        "x": -3,
        "y": 0,
        "parts": [
          "frame_vertical",
          "trunk",
          "roof"
        ]
      },
      {
        "x": -2,
        "y": 2,
        "parts": [
          "frame_vertical",
          "halfboard_vertical",
          "storage_battery_mount",
          "storage_battery_removable"
        ]
      },
      {
        "x": -2,
        "y": -1,
        "parts": [
          "frame_vertical",
          "halfboard_vertical",
          "storage_battery_mount",
          "storage_battery_removable"
        ]
      },
      {
        "x": -2,
        "y": 1,
        "parts": [
          "frame_vertical",
          "cargo_space",
          "roof"
        ]
      },
      {
        "x": -2,
        "y": 0,
        "parts": [
          "frame_vertical",
          "cargo_space",
          "roof"
        ]
      },
      {
        "x": -1,
        "y": 2,
        "parts": [
          "frame_vertical",
          "halfboard_vertical"
        ]
      },
      {
        "x": -1,
        "y": -1,
        "parts": [
          "frame_vertical",
          "halfboard_vertical"
        ]
      },
      {
        "x": -1,
        "y": 1,
        "parts": [
          "frame_vertical_2",
          "windshield",
          "roof"
        ]
      },
      {
        "x": -1,
        "y": 0,
        "parts": [
          "frame_vertical_2",
          "windshield",
          "roof"
        ]
      },
      {
        "x": 0,
        "y": 2,
        "parts": [
          "frame_vertical",
          "door"
        ]
      },
      {
        "x": 0,
        "y": -1,
        "parts": [
          "frame_vertical",
          "door"
        ]
      },
      {
        "x": 0,
        "y": 1,
        "parts": [
          "frame_vertical_2",
          "seat",
          "seatbelt",
          "roof",
          "solar_panel"
        ]
      },
      {
        "x": 0,
        "y": 0,
        "parts": [
          "frame_vertical_2",
          "seat",
          "seatbelt",
          "controls",
          "dashboard",
          "vehicle_alarm",
          "stereo",
          "horn_car",
          "roof",
          "solar_panel"
        ]
      },
      {
        "x": 1,
        "y": 2,
        "parts": [
          "frame_vertical",
          "windshield"
        ]
      },
      {
        "x": 1,
        "y": -1,
        "parts": [
          "frame_vertical",
          "windshield"
        ]
      },
      {
        "x": 1,
        "y": 1,
        "parts": [
          "frame_horizontal",
          "windshield"
        ]
      },
      {
        "x": 1,
        "y": 0,
        "parts": [
          "frame_horizontal",
          "windshield"
        ]
      },
      {
        "x": 2,
        "y": 2,
        "parts": [
          "frame_ne",
          "halfboard_ne",
          "wheel_mount_medium_steerable",
          "wheel",
          "headlight"
        ]
      },
      {
        "x": 2,
        "y": -1,
        "parts": [
          "frame_nw",
          "halfboard_nw",
          "wheel_mount_medium_steerable",
          "wheel",
          "headlight"
        ]
      },
      {
        "x": 2,
        "y": 1,
        "parts": [
          "frame_horizontal",
          "halfboard_horizontal"
        ]
      },
      {
        "x": 2,
        "y": 0,
        "parts": [
          "frame_horizontal",
          "halfboard_horizontal",
          "engine_electric"
        ]
      }
    ],
    "items": [
      {
        "x": 0,
        "y": 0,
        "chance": 15,
        "item_groups": [
          "car_misc"
        ]
      },
      {
        "x": 0,
        "y": 0,
        "chance": 10,
        "item_groups": [
          "car_misc"
        ]
      },
      {
        "x": 0,
        "y": 1,
        "chance": 10,
        "item_groups": [
          "car_misc"
        ]
      },
      {
        "x": 0,
        "y": 1,
        "chance": 5,
        "item_groups": [
          "snacks"
        ]
      },
      {
        "x": 0,
        "y": 0,
        "chance": 5,
        "item_groups": [
          "fast_food"
        ]
      },
      {
        "x": -2,
        "y": 1,
        "chance": 12,
        "item_groups": [
          "car_kit"
        ]
      },
      {
        "x": -2,
        "y": 1,
        "chance": 12,
        "items": [
          "jack",
          "wheel"
        ]
      },
      {
        "x": -3,
        "y": 1,
        "chance": 10,
        "item_groups": [
          "car_kit"
        ]
      }
    ]
  }
]