[
  {
    "id": "pickup_ec",
    "type": "vehicle",
    "name": "加长驾驶室皮卡",
    "parts": [
      {
        "x": -5,
        "y": 1,
        "parts": [
          "frame_horizontal",
          "trunk"
        ]
      },
      {
        "x": -5,
        "y": 0,
        "parts": [
          "frame_horizontal",
          "trunk"
        ]
      },
      {
        "x": -5,
        "y": -1,
        "parts": [
          "frame_vertical",
          "halfboard_sw"
        ]
      },
      {
        "x": -5,
        "y": 2,
        "parts": [
          "frame_vertical",
          "halfboard_se"
        ]
      },
      {
        "x": -4,
        "y": 2,
        "parts": [
          "frame_vertical",
          "wheel_mount_medium",
          "wheel",
          "halfboard_vertical"
        ]
      },
      {
        "x": -4,
        "y": -1,
        "parts": [
          "frame_vertical",
          "wheel_mount_medium",
          "wheel",
          "halfboard_vertical"
        ]
      },
      {
        "x": -4,
        "y": 1,
        "parts": [
          "frame_horizontal",
          "trunk"
        ]
      },
      {
        "x": -4,
        "y": 0,
        "parts": [
          "frame_horizontal",
          "muffler",
          "trunk"
        ]
      },
      {
        "x": -3,
        "y": 2,
        "parts": [
          "frame_vertical",
          "halfboard_vertical"
        ]
      },
      {
        "x": -3,
        "y": -1,
        "parts": [
          "frame_vertical",
          "halfboard_vertical"
        ]
      },
      {
        "x": -3,
        "y": 1,
        "parts": [
          "frame_vertical",
          "cargo_space"
        ]
      },
      {
        "x": -3,
        "y": 0,
        "parts": [
          "frame_vertical",
          "muffler",
          "cargo_space"
        ]
      },
      {
        "x": -2,
        "y": 2,
        "parts": [
          "frame_vertical",
          "halfboard_vertical"
        ]
      },
      {
        "x": -2,
        "y": -1,
        "parts": [
          "frame_vertical",
          "tank",
          "halfboard_vertical"
        ]
      },
      {
        "x": -2,
        "y": 1,
        "parts": [
          "frame_vertical",
          "roof",
          "windshield"
        ]
      },
      {
        "x": -2,
        "y": 0,
        "parts": [
          "frame_vertical",
          "roof",
          "windshield"
        ]
      },
      {
        "x": -1,
        "y": 2,
        "parts": [
          "frame_vertical",
          "halfboard_vertical"
        ]
      },
      {
        "x": -1,
        "y": -1,
        "parts": [
          "frame_vertical",
          "halfboard_vertical"
        ]
      },
      {
        "x": -1,
        "y": 1,
        "parts": [
          "frame_vertical_2",
          "roof",
          "seat",
          "seatbelt"
        ]
      },
      {
        "x": -1,
        "y": 0,
        "parts": [
          "frame_vertical_2",
          "roof",
          "seat",
          "seatbelt"
        ]
      },
      {
        "x": 0,
        "y": 2,
        "parts": [
          "frame_vertical",
          "door"
        ]
      },
      {
        "x": 0,
        "y": -1,
        "parts": [
          "frame_vertical",
          "door"
        ]
      },
      {
        "x": 0,
        "y": 1,
        "parts": [
          "frame_vertical_2",
          "seat",
          "seatbelt",
          "roof"
        ]
      },
      {
        "x": 0,
        "y": 0,
        "parts": [
          "frame_vertical_2",
          "seat",
          "seatbelt",
          "controls",
          "dashboard",
          "vehicle_alarm",
          "stereo",
          "horn_car",
          "roof"
        ]
      },
      {
        "x": 1,
        "y": 2,
        "parts": [
          "frame_vertical",
          "windshield"
        ]
      },
      {
        "x": 1,
        "y": -1,
        "parts": [
          "frame_vertical",
          "windshield"
        ]
      },
      {
        "x": 1,
        "y": 1,
        "parts": [
          "frame_horizontal",
          "windshield"
        ]
      },
      {
        "x": 1,
        "y": 0,
        "parts": [
          "frame_horizontal",
          "windshield"
        ]
      },
      {
        "x": 2,
        "y": 2,
        "parts": [
          "frame_ne",
          "halfboard_ne",
          "wheel_mount_medium_steerable",
          "wheel",
          "headlight"
        ]
      },
      {
        "x": 2,
        "y": -1,
        "parts": [
          "frame_nw",
          "halfboard_nw",
          "wheel_mount_medium_steerable",
          "wheel",
          "headlight"
        ]
      },
      {
        "x": 2,
        "y": 1,
        "parts": [
          "frame_horizontal",
          "halfboard_horizontal"
        ]
      },
      {
        "x": 2,
        "y": 0,
        "parts": [
          "frame_horizontal",
          "halfboard_horizontal",
          "engine_v8",
          "alternator_truck",
          "battery_car"
        ]
      }
    ],
    "items": [
      {
        "x": 0,
        "y": 0,
        "chance": 15,
        "item_groups": [
          "car_misc"
        ]
      },
      {
        "x": 0,
        "y": 0,
        "chance": 10,
        "item_groups": [
          "car_misc"
        ]
      },
      {
        "x": 0,
        "y": 1,
        "chance": 10,
        "item_groups": [
          "car_misc"
        ]
      },
      {
        "x": 0,
        "y": 1,
        "chance": 5,
        "item_groups": [
          "snacks"
        ]
      },
      {
        "x": 0,
        "y": 0,
        "chance": 5,
        "item_groups": [
          "fast_food"
        ]
      },
      {
        "x": -3,
        "y": 0,
        "chance": 5,
        "item_groups": [
          "farming_tools"
        ]
      },
      {
        "x": -3,
        "y": 1,
        "chance": 12,
        "item_groups": [
          "car_kit"
        ]
      },
      {
        "x": -3,
        "y": 1,
        "chance": 12,
        "items": [
          "jack",
          "wheel"
        ]
      },
      {
        "x": -4,
        "y": 1,
        "chance": 10,
        "item_groups": [
          "car_kit"
        ]
      },
      {
        "x": -3,
        "y": 0,
        "chance": 8,
        "item_groups": [
          "fuel_gasoline"
        ]
      },
      {
        "x": -3,
        "y": 1,
        "chance": 3,
        "items": [
          "ax"
        ]
      }
    ]
  }
]